ARM GAS  /tmp/ccd76LHI.s 			page 1


   1              		.cpu cortex-m4
   2              		.arch armv7e-m
   3              		.fpu fpv4-sp-d16
   4              		.eabi_attribute 27, 1
   5              		.eabi_attribute 28, 1
   6              		.eabi_attribute 20, 1
   7              		.eabi_attribute 21, 1
   8              		.eabi_attribute 23, 3
   9              		.eabi_attribute 24, 1
  10              		.eabi_attribute 25, 1
  11              		.eabi_attribute 26, 1
  12              		.eabi_attribute 30, 1
  13              		.eabi_attribute 34, 1
  14              		.eabi_attribute 18, 4
  15              		.file	"display.c"
  16              		.text
  17              	.Ltext0:
  18              		.cfi_sections	.debug_frame
  19              		.file 1 "Core/Src/display.c"
  20              		.section	.text.command,"ax",%progbits
  21              		.align	1
  22              		.global	command
  23              		.syntax unified
  24              		.thumb
  25              		.thumb_func
  27              	command:
  28              	.LVL0:
  29              	.LFB291:
   1:Core/Src/display.c **** 
   2:Core/Src/display.c **** #include "display.h"
   3:Core/Src/display.c **** #include <stdio.h>
   4:Core/Src/display.c **** #include "motor.h"
   5:Core/Src/display.c **** 
   6:Core/Src/display.c **** #define ADC_RES 4095.0
   7:Core/Src/display.c **** #define VBAT_DIV 2.0
   8:Core/Src/display.c **** #define VREF 3.3
   9:Core/Src/display.c **** 
  10:Core/Src/display.c **** extern SPI_HandleTypeDef hspi1;
  11:Core/Src/display.c **** extern uint8_t speed;
  12:Core/Src/display.c **** extern uint16_t time;
  13:Core/Src/display.c **** extern volatile uint16_t ADC_Data[];
  14:Core/Src/display.c **** float vbat_value = 0.0;
  15:Core/Src/display.c **** 
  16:Core/Src/display.c **** /* SSD1306 data buffer */
  17:Core/Src/display.c **** static uint8_t SSD1306_Buffer[SSD1306_WIDTH * SSD1306_HEIGHT / 8] = {0};
  18:Core/Src/display.c **** static uint8_t pixelBuffer[SSD1306_BUFFER_SIZE] = {0};
  19:Core/Src/display.c **** 
  20:Core/Src/display.c **** /* Private SSD1306 structure */
  21:Core/Src/display.c **** typedef struct {
  22:Core/Src/display.c **** 	uint16_t CurrentX;
  23:Core/Src/display.c **** 	uint16_t CurrentY;
  24:Core/Src/display.c **** 	uint8_t Inverted;
  25:Core/Src/display.c **** 	uint8_t Initialized;
  26:Core/Src/display.c **** } SSD1306_t;
  27:Core/Src/display.c **** static SSD1306_t SSD1306;
  28:Core/Src/display.c **** 
  29:Core/Src/display.c **** void command (uint8_t command)
ARM GAS  /tmp/ccd76LHI.s 			page 2


  30:Core/Src/display.c **** {
  30              		.loc 1 30 1 view -0
  31              		.cfi_startproc
  32              		@ args = 0, pretend = 0, frame = 8
  33              		@ frame_needed = 0, uses_anonymous_args = 0
  34              		.loc 1 30 1 is_stmt 0 view .LVU1
  35 0000 00B5     		push	{lr}
  36              		.cfi_def_cfa_offset 4
  37              		.cfi_offset 14, -4
  38 0002 83B0     		sub	sp, sp, #12
  39              		.cfi_def_cfa_offset 16
  31:Core/Src/display.c ****     uint8_t tcommand = command;
  40              		.loc 1 31 5 is_stmt 1 view .LVU2
  41              		.loc 1 31 13 is_stmt 0 view .LVU3
  42 0004 8DF80700 		strb	r0, [sp, #7]
  32:Core/Src/display.c ****     cs_low();
  43              		.loc 1 32 5 is_stmt 1 view .LVU4
  44 0008 0022     		movs	r2, #0
  45 000a 4FF40071 		mov	r1, #512
  46 000e 4FF09040 		mov	r0, #1207959552
  47              	.LVL1:
  48              		.loc 1 32 5 is_stmt 0 view .LVU5
  49 0012 FFF7FEFF 		bl	HAL_GPIO_WritePin
  50              	.LVL2:
  33:Core/Src/display.c ****     display_command();
  51              		.loc 1 33 5 is_stmt 1 view .LVU6
  52 0016 0022     		movs	r2, #0
  53 0018 4FF48061 		mov	r1, #1024
  54 001c 4FF09040 		mov	r0, #1207959552
  55 0020 FFF7FEFF 		bl	HAL_GPIO_WritePin
  56              	.LVL3:
  34:Core/Src/display.c ****     HAL_SPI_Transmit(&hspi1, &tcommand, 1, 100);
  57              		.loc 1 34 5 view .LVU7
  58 0024 6423     		movs	r3, #100
  59 0026 0122     		movs	r2, #1
  60 0028 0DF10701 		add	r1, sp, #7
  61 002c 0648     		ldr	r0, .L3
  62 002e FFF7FEFF 		bl	HAL_SPI_Transmit
  63              	.LVL4:
  35:Core/Src/display.c ****     cs_high(); 
  64              		.loc 1 35 5 view .LVU8
  65 0032 0122     		movs	r2, #1
  66 0034 4FF40071 		mov	r1, #512
  67 0038 4FF09040 		mov	r0, #1207959552
  68 003c FFF7FEFF 		bl	HAL_GPIO_WritePin
  69              	.LVL5:
  36:Core/Src/display.c **** 
  37:Core/Src/display.c **** }
  70              		.loc 1 37 1 is_stmt 0 view .LVU9
  71 0040 03B0     		add	sp, sp, #12
  72              		.cfi_def_cfa_offset 4
  73              		@ sp needed
  74 0042 5DF804FB 		ldr	pc, [sp], #4
  75              	.L4:
  76 0046 00BF     		.align	2
  77              	.L3:
  78 0048 00000000 		.word	hspi1
ARM GAS  /tmp/ccd76LHI.s 			page 3


  79              		.cfi_endproc
  80              	.LFE291:
  82              		.section	.text.data,"ax",%progbits
  83              		.align	1
  84              		.global	data
  85              		.syntax unified
  86              		.thumb
  87              		.thumb_func
  89              	data:
  90              	.LVL6:
  91              	.LFB292:
  38:Core/Src/display.c **** void data (uint8_t data)
  39:Core/Src/display.c **** {
  92              		.loc 1 39 1 is_stmt 1 view -0
  93              		.cfi_startproc
  94              		@ args = 0, pretend = 0, frame = 8
  95              		@ frame_needed = 0, uses_anonymous_args = 0
  96              		.loc 1 39 1 is_stmt 0 view .LVU11
  97 0000 00B5     		push	{lr}
  98              		.cfi_def_cfa_offset 4
  99              		.cfi_offset 14, -4
 100 0002 83B0     		sub	sp, sp, #12
 101              		.cfi_def_cfa_offset 16
  40:Core/Src/display.c ****     uint8_t tdata = data;
 102              		.loc 1 40 5 is_stmt 1 view .LVU12
 103              		.loc 1 40 13 is_stmt 0 view .LVU13
 104 0004 8DF80700 		strb	r0, [sp, #7]
  41:Core/Src/display.c ****     cs_low();
 105              		.loc 1 41 5 is_stmt 1 view .LVU14
 106 0008 0022     		movs	r2, #0
 107 000a 4FF40071 		mov	r1, #512
 108 000e 4FF09040 		mov	r0, #1207959552
 109              	.LVL7:
 110              		.loc 1 41 5 is_stmt 0 view .LVU15
 111 0012 FFF7FEFF 		bl	HAL_GPIO_WritePin
 112              	.LVL8:
  42:Core/Src/display.c ****     display_data();
 113              		.loc 1 42 5 is_stmt 1 view .LVU16
 114 0016 0122     		movs	r2, #1
 115 0018 4FF48061 		mov	r1, #1024
 116 001c 4FF09040 		mov	r0, #1207959552
 117 0020 FFF7FEFF 		bl	HAL_GPIO_WritePin
 118              	.LVL9:
  43:Core/Src/display.c ****     HAL_SPI_Transmit(&hspi1, &tdata, 1, 100);
 119              		.loc 1 43 5 view .LVU17
 120 0024 6423     		movs	r3, #100
 121 0026 0122     		movs	r2, #1
 122 0028 0DF10701 		add	r1, sp, #7
 123 002c 0648     		ldr	r0, .L7
 124 002e FFF7FEFF 		bl	HAL_SPI_Transmit
 125              	.LVL10:
  44:Core/Src/display.c ****     cs_high(); 
 126              		.loc 1 44 5 view .LVU18
 127 0032 0122     		movs	r2, #1
 128 0034 4FF40071 		mov	r1, #512
 129 0038 4FF09040 		mov	r0, #1207959552
 130 003c FFF7FEFF 		bl	HAL_GPIO_WritePin
ARM GAS  /tmp/ccd76LHI.s 			page 4


 131              	.LVL11:
  45:Core/Src/display.c ****     
  46:Core/Src/display.c **** 
  47:Core/Src/display.c **** }
 132              		.loc 1 47 1 is_stmt 0 view .LVU19
 133 0040 03B0     		add	sp, sp, #12
 134              		.cfi_def_cfa_offset 4
 135              		@ sp needed
 136 0042 5DF804FB 		ldr	pc, [sp], #4
 137              	.L8:
 138 0046 00BF     		.align	2
 139              	.L7:
 140 0048 00000000 		.word	hspi1
 141              		.cfi_endproc
 142              	.LFE292:
 144              		.section	.text.SSD1306_ToggleInvert,"ax",%progbits
 145              		.align	1
 146              		.global	SSD1306_ToggleInvert
 147              		.syntax unified
 148              		.thumb
 149              		.thumb_func
 151              	SSD1306_ToggleInvert:
 152              	.LFB297:
  48:Core/Src/display.c **** void display_init (void)
  49:Core/Src/display.c **** {
  50:Core/Src/display.c ****     //display_power_low();
  51:Core/Src/display.c ****     cs_low();
  52:Core/Src/display.c ****     display_reset_high();
  53:Core/Src/display.c ****     HAL_Delay(20);
  54:Core/Src/display.c ****     display_reset_low();
  55:Core/Src/display.c ****     HAL_Delay(20);
  56:Core/Src/display.c ****     display_reset_high();
  57:Core/Src/display.c ****     HAL_Delay(20);
  58:Core/Src/display.c ****     display_power_high();
  59:Core/Src/display.c ****     HAL_Delay(100);
  60:Core/Src/display.c **** 
  61:Core/Src/display.c ****     command(DISPLAYOFF); 
  62:Core/Src/display.c **** 
  63:Core/Src/display.c ****     command(SETDISPLAYCLOCKDIV); // 0x80 - Clock divide ratio/osc. freq
  64:Core/Src/display.c ****     command(0xF0);     
  65:Core/Src/display.c **** 
  66:Core/Src/display.c ****     command(SETMULTIPLEX); // 0xA8 - Multiplex ratio
  67:Core/Src/display.c ****     command(0x1F);                     // 0x1F
  68:Core/Src/display.c **** 
  69:Core/Src/display.c ****     command(SETDISPLAYOFFSET); // 0xD3 - Display offset
  70:Core/Src/display.c ****     command(0x00);                          //No offset
  71:Core/Src/display.c **** 
  72:Core/Src/display.c ****     command(SETCHARGEPMP1); // 0x8D - Display offset
  73:Core/Src/display.c ****     command(0x14);          //set(0x10) disable
  74:Core/Src/display.c **** 
  75:Core/Src/display.c ****     command(SETSTARTLINE); // 0x40 - set start line address
  76:Core/Src/display.c **** 
  77:Core/Src/display.c ****     command(RESETINVERT); // 0xA6 - set normal display
  78:Core/Src/display.c **** 
  79:Core/Src/display.c ****     command(RESETALLON); // 0xA4 - Disable Entire Display On
  80:Core/Src/display.c **** 
  81:Core/Src/display.c ****     command(SETSEGREMAP); // 0xA1 - set segment re-map 128 to 0  
ARM GAS  /tmp/ccd76LHI.s 			page 5


  82:Core/Src/display.c **** 
  83:Core/Src/display.c ****     command(COMSCANDEC); // 0xC8 - Set COM Output Scan Direction 64 to 0
  84:Core/Src/display.c **** 
  85:Core/Src/display.c ****     command(SETCOMPINS); // 0xDA - seg pins hardware config
  86:Core/Src/display.c ****     command(0x42);                       // 0x12 -
  87:Core/Src/display.c **** 
  88:Core/Src/display.c ****     command(SETCONTRAST);    // 0x81 - set contrast control register
  89:Core/Src/display.c ****     command(0x80);           //
  90:Core/Src/display.c **** 
  91:Core/Src/display.c ****     command(SETPHASELENGTH); // 0xD9 - set pre-charge period
  92:Core/Src/display.c ****     command(0xF1);            
  93:Core/Src/display.c **** 
  94:Core/Src/display.c ****     command(SETVCOMDESELECT);   // 0xDB - set vcomh
  95:Core/Src/display.c ****     command(0x40);                       // 0x30
  96:Core/Src/display.c **** 
  97:Core/Src/display.c **** 
  98:Core/Src/display.c ****     command(DISPLAYON);         // 0xAF - Display on
  99:Core/Src/display.c **** 
 100:Core/Src/display.c ****       
 101:Core/Src/display.c **** 
 102:Core/Src/display.c ****     	/* Clear screen */
 103:Core/Src/display.c **** 	  SSD1306_Fill(SSD1306_COLOR_WHITE);
 104:Core/Src/display.c **** 	
 105:Core/Src/display.c **** 	/* Update screen */
 106:Core/Src/display.c **** 	  SSD1306_UpdateScreen();
 107:Core/Src/display.c **** 	
 108:Core/Src/display.c **** 	/* Set default values */
 109:Core/Src/display.c **** 	  SSD1306.CurrentX = 0;
 110:Core/Src/display.c **** 	  SSD1306.CurrentY = 0;
 111:Core/Src/display.c **** 
 112:Core/Src/display.c ****     SSD1306.Initialized = 1;
 113:Core/Src/display.c **** 
 114:Core/Src/display.c **** }
 115:Core/Src/display.c **** void SSD1306_UpdateScreen(void) {
 116:Core/Src/display.c ****   unsigned char i,j,num=0;
 117:Core/Src/display.c **** 	for(i=0;i<0x04;i++)
 118:Core/Src/display.c **** 	{
 119:Core/Src/display.c **** 		Set_Page_Address(i);
 120:Core/Src/display.c ****   		Set_Column_Address(0x00);
 121:Core/Src/display.c ****   		for(j=0;j<0x80;j++)
 122:Core/Src/display.c **** 		{
 123:Core/Src/display.c **** 		  data(pixelBuffer[i*0x80+j]);
 124:Core/Src/display.c **** 		}
 125:Core/Src/display.c **** 	}
 126:Core/Src/display.c **** }
 127:Core/Src/display.c **** void SSD1306_ClearScreen()
 128:Core/Src/display.c **** {
 129:Core/Src/display.c ****   for (uint16_t i = 0; i < SSD1306_Buffer; i++)
 130:Core/Src/display.c ****   {
 131:Core/Src/display.c ****     pixelBuffer[i] = 0x00;
 132:Core/Src/display.c ****   }
 133:Core/Src/display.c ****   SSD1306_UpdateScreen();
 134:Core/Src/display.c **** }
 135:Core/Src/display.c **** void SSD1306_Fill(SSD1306_COLOR_t color) {
 136:Core/Src/display.c **** 	/* Set memory */
 137:Core/Src/display.c ****   uint8_t i,j;
 138:Core/Src/display.c ****   uint8_t fill;
ARM GAS  /tmp/ccd76LHI.s 			page 6


 139:Core/Src/display.c ****   if (color == SSD1306_COLOR_BLACK)
 140:Core/Src/display.c ****   fill = 0x00;
 141:Core/Src/display.c ****   else
 142:Core/Src/display.c ****   fill = 0xFF;
 143:Core/Src/display.c ****     for (uint16_t k = 0; k < SSD1306_BUFFER_SIZE; k++)
 144:Core/Src/display.c ****   {
 145:Core/Src/display.c ****     pixelBuffer[k] = fill;
 146:Core/Src/display.c ****   }
 147:Core/Src/display.c **** 
 148:Core/Src/display.c **** 	for(i=0;i<0x04;i++)
 149:Core/Src/display.c **** 	{
 150:Core/Src/display.c **** 	Set_Page_Address(i);
 151:Core/Src/display.c ****   Set_Column_Address(0x00);
 152:Core/Src/display.c ****   for(j=0;j<0x80;j++)
 153:Core/Src/display.c **** 		{
 154:Core/Src/display.c **** 		  data(pixelBuffer[i*0x80+j]);
 155:Core/Src/display.c **** 		}
 156:Core/Src/display.c **** 	}
 157:Core/Src/display.c **** 
 158:Core/Src/display.c **** 
 159:Core/Src/display.c **** }
 160:Core/Src/display.c **** void SSD1306_ToggleInvert(void) {
 153              		.loc 1 160 33 is_stmt 1 view -0
 154              		.cfi_startproc
 155              		@ args = 0, pretend = 0, frame = 0
 156              		@ frame_needed = 0, uses_anonymous_args = 0
 157              		@ link register save eliminated.
 161:Core/Src/display.c **** 	uint16_t i;
 158              		.loc 1 161 2 view .LVU21
 162:Core/Src/display.c **** 	
 163:Core/Src/display.c **** 	/* Toggle invert */
 164:Core/Src/display.c **** 	SSD1306.Inverted = !SSD1306.Inverted;
 159              		.loc 1 164 2 view .LVU22
 160              		.loc 1 164 29 is_stmt 0 view .LVU23
 161 0000 084A     		ldr	r2, .L12
 162 0002 1379     		ldrb	r3, [r2, #4]	@ zero_extendqisi2
 163              		.loc 1 164 21 view .LVU24
 164 0004 B3FA83F3 		clz	r3, r3
 165 0008 5B09     		lsrs	r3, r3, #5
 166              		.loc 1 164 19 view .LVU25
 167 000a 1371     		strb	r3, [r2, #4]
 165:Core/Src/display.c **** 	
 166:Core/Src/display.c **** 	/* Do memory toggle */
 167:Core/Src/display.c **** 	for (i = 0; i < sizeof(pixelBuffer); i++) {
 168              		.loc 1 167 2 is_stmt 1 view .LVU26
 169              	.LVL12:
 170              		.loc 1 167 9 is_stmt 0 view .LVU27
 171 000c 0023     		movs	r3, #0
 172              		.loc 1 167 2 view .LVU28
 173 000e 05E0     		b	.L10
 174              	.LVL13:
 175              	.L11:
 168:Core/Src/display.c **** 		pixelBuffer[i] = ~pixelBuffer[i];
 176              		.loc 1 168 3 is_stmt 1 view .LVU29
 177              		.loc 1 168 32 is_stmt 0 view .LVU30
 178 0010 0549     		ldr	r1, .L12+4
 179 0012 CA5C     		ldrb	r2, [r1, r3]	@ zero_extendqisi2
ARM GAS  /tmp/ccd76LHI.s 			page 7


 180              		.loc 1 168 18 view .LVU31
 181 0014 D243     		mvns	r2, r2
 182 0016 CA54     		strb	r2, [r1, r3]
 167:Core/Src/display.c **** 		pixelBuffer[i] = ~pixelBuffer[i];
 183              		.loc 1 167 40 is_stmt 1 discriminator 3 view .LVU32
 184 0018 0133     		adds	r3, r3, #1
 185              	.LVL14:
 167:Core/Src/display.c **** 		pixelBuffer[i] = ~pixelBuffer[i];
 186              		.loc 1 167 40 is_stmt 0 discriminator 3 view .LVU33
 187 001a 9BB2     		uxth	r3, r3
 188              	.LVL15:
 189              	.L10:
 167:Core/Src/display.c **** 		pixelBuffer[i] = ~pixelBuffer[i];
 190              		.loc 1 167 16 is_stmt 1 discriminator 1 view .LVU34
 191 001c B3F5007F 		cmp	r3, #512
 192 0020 F6D3     		bcc	.L11
 169:Core/Src/display.c **** 	}
 170:Core/Src/display.c **** }
 193              		.loc 1 170 1 is_stmt 0 view .LVU35
 194 0022 7047     		bx	lr
 195              	.L13:
 196              		.align	2
 197              	.L12:
 198 0024 00000000 		.word	SSD1306
 199 0028 00000000 		.word	pixelBuffer
 200              		.cfi_endproc
 201              	.LFE297:
 203              		.section	.text.SSD1306_DrawPixel,"ax",%progbits
 204              		.align	1
 205              		.global	SSD1306_DrawPixel
 206              		.syntax unified
 207              		.thumb
 208              		.thumb_func
 210              	SSD1306_DrawPixel:
 211              	.LVL16:
 212              	.LFB298:
 171:Core/Src/display.c **** void SSD1306_DrawPixel(uint16_t x, uint16_t y, SSD1306_COLOR_t color) {
 213              		.loc 1 171 71 is_stmt 1 view -0
 214              		.cfi_startproc
 215              		@ args = 0, pretend = 0, frame = 0
 216              		@ frame_needed = 0, uses_anonymous_args = 0
 217              		@ link register save eliminated.
 172:Core/Src/display.c **** 	if (
 218              		.loc 1 172 2 view .LVU37
 219              		.loc 1 172 5 is_stmt 0 view .LVU38
 220 0000 7F28     		cmp	r0, #127
 221 0002 25D8     		bhi	.L19
 173:Core/Src/display.c **** 		x >= SSD1306_WIDTH ||
 222              		.loc 1 173 22 view .LVU39
 223 0004 1F29     		cmp	r1, #31
 224 0006 23D8     		bhi	.L19
 171:Core/Src/display.c **** void SSD1306_DrawPixel(uint16_t x, uint16_t y, SSD1306_COLOR_t color) {
 225              		.loc 1 171 71 view .LVU40
 226 0008 10B4     		push	{r4}
 227              		.cfi_def_cfa_offset 4
 228              		.cfi_offset 4, -4
 174:Core/Src/display.c **** 		y >= SSD1306_HEIGHT
ARM GAS  /tmp/ccd76LHI.s 			page 8


 175:Core/Src/display.c **** 	) {
 176:Core/Src/display.c **** 		/* Error */
 177:Core/Src/display.c **** 		return;
 178:Core/Src/display.c **** 	}
 179:Core/Src/display.c **** 	
 180:Core/Src/display.c **** 	/* Check if pixels are inverted */
 181:Core/Src/display.c **** 	if (SSD1306.Inverted) {
 229              		.loc 1 181 2 is_stmt 1 view .LVU41
 230              		.loc 1 181 13 is_stmt 0 view .LVU42
 231 000a 124B     		ldr	r3, .L23
 232 000c 1B79     		ldrb	r3, [r3, #4]	@ zero_extendqisi2
 233              		.loc 1 181 5 view .LVU43
 234 000e 13B1     		cbz	r3, .L16
 182:Core/Src/display.c **** 		color = (SSD1306_COLOR_t)!color;
 235              		.loc 1 182 3 is_stmt 1 view .LVU44
 236              		.loc 1 182 11 is_stmt 0 view .LVU45
 237 0010 B2FA82F2 		clz	r2, r2
 238              	.LVL17:
 239              		.loc 1 182 11 view .LVU46
 240 0014 5209     		lsrs	r2, r2, #5
 241              	.LVL18:
 242              	.L16:
 183:Core/Src/display.c **** 	}
 184:Core/Src/display.c **** 	
 185:Core/Src/display.c **** 	/* Set color */
 186:Core/Src/display.c **** 	if (color == SSD1306_COLOR_WHITE) {
 243              		.loc 1 186 2 is_stmt 1 view .LVU47
 244              		.loc 1 186 5 is_stmt 0 view .LVU48
 245 0016 012A     		cmp	r2, #1
 246 0018 0FD0     		beq	.L22
 187:Core/Src/display.c **** 		pixelBuffer[x + (y / 8) * SSD1306_WIDTH] |= 1 << (y % 8);
 188:Core/Src/display.c **** 	} else {
 189:Core/Src/display.c **** 		pixelBuffer[x + (y / 8) * SSD1306_WIDTH] &= ~(1 << (y % 8));
 247              		.loc 1 189 3 is_stmt 1 view .LVU49
 248              		.loc 1 189 14 is_stmt 0 view .LVU50
 249 001a CB08     		lsrs	r3, r1, #3
 250 001c 00EBC310 		add	r0, r0, r3, lsl #7
 251              	.LVL19:
 252              		.loc 1 189 14 view .LVU51
 253 0020 0D4C     		ldr	r4, .L23+4
 254 0022 225C     		ldrb	r2, [r4, r0]	@ zero_extendqisi2
 255              	.LVL20:
 256              		.loc 1 189 57 view .LVU52
 257 0024 01F00701 		and	r1, r1, #7
 258              	.LVL21:
 259              		.loc 1 189 51 view .LVU53
 260 0028 0123     		movs	r3, #1
 261 002a 8B40     		lsls	r3, r3, r1
 262              		.loc 1 189 44 view .LVU54
 263 002c DB43     		mvns	r3, r3
 264 002e 5BB2     		sxtb	r3, r3
 265 0030 1340     		ands	r3, r3, r2
 266 0032 2354     		strb	r3, [r4, r0]
 267              	.L14:
 190:Core/Src/display.c **** 	}
 191:Core/Src/display.c **** }
 268              		.loc 1 191 1 view .LVU55
ARM GAS  /tmp/ccd76LHI.s 			page 9


 269 0034 5DF8044B 		ldr	r4, [sp], #4
 270              		.cfi_remember_state
 271              		.cfi_restore 4
 272              		.cfi_def_cfa_offset 0
 273 0038 7047     		bx	lr
 274              	.LVL22:
 275              	.L22:
 276              		.cfi_restore_state
 187:Core/Src/display.c **** 		pixelBuffer[x + (y / 8) * SSD1306_WIDTH] |= 1 << (y % 8);
 277              		.loc 1 187 3 is_stmt 1 view .LVU56
 187:Core/Src/display.c **** 		pixelBuffer[x + (y / 8) * SSD1306_WIDTH] |= 1 << (y % 8);
 278              		.loc 1 187 14 is_stmt 0 view .LVU57
 279 003a CB08     		lsrs	r3, r1, #3
 280 003c 00EBC310 		add	r0, r0, r3, lsl #7
 281              	.LVL23:
 187:Core/Src/display.c **** 		pixelBuffer[x + (y / 8) * SSD1306_WIDTH] |= 1 << (y % 8);
 282              		.loc 1 187 14 view .LVU58
 283 0040 054C     		ldr	r4, .L23+4
 284 0042 235C     		ldrb	r3, [r4, r0]	@ zero_extendqisi2
 187:Core/Src/display.c **** 		pixelBuffer[x + (y / 8) * SSD1306_WIDTH] |= 1 << (y % 8);
 285              		.loc 1 187 55 view .LVU59
 286 0044 01F00701 		and	r1, r1, #7
 287              	.LVL24:
 187:Core/Src/display.c **** 		pixelBuffer[x + (y / 8) * SSD1306_WIDTH] |= 1 << (y % 8);
 288              		.loc 1 187 49 view .LVU60
 289 0048 8A40     		lsls	r2, r2, r1
 290              	.LVL25:
 187:Core/Src/display.c **** 		pixelBuffer[x + (y / 8) * SSD1306_WIDTH] |= 1 << (y % 8);
 291              		.loc 1 187 44 view .LVU61
 292 004a 1343     		orrs	r3, r3, r2
 293 004c 2354     		strb	r3, [r4, r0]
 294 004e F1E7     		b	.L14
 295              	.LVL26:
 296              	.L19:
 297              		.cfi_def_cfa_offset 0
 298              		.cfi_restore 4
 187:Core/Src/display.c **** 		pixelBuffer[x + (y / 8) * SSD1306_WIDTH] |= 1 << (y % 8);
 299              		.loc 1 187 44 view .LVU62
 300 0050 7047     		bx	lr
 301              	.L24:
 302 0052 00BF     		.align	2
 303              	.L23:
 304 0054 00000000 		.word	SSD1306
 305 0058 00000000 		.word	pixelBuffer
 306              		.cfi_endproc
 307              	.LFE298:
 309              		.section	.text.SSD1306_GotoXY,"ax",%progbits
 310              		.align	1
 311              		.global	SSD1306_GotoXY
 312              		.syntax unified
 313              		.thumb
 314              		.thumb_func
 316              	SSD1306_GotoXY:
 317              	.LVL27:
 318              	.LFB299:
 192:Core/Src/display.c **** void SSD1306_GotoXY(uint16_t x, uint16_t y) {
 319              		.loc 1 192 45 is_stmt 1 view -0
ARM GAS  /tmp/ccd76LHI.s 			page 10


 320              		.cfi_startproc
 321              		@ args = 0, pretend = 0, frame = 0
 322              		@ frame_needed = 0, uses_anonymous_args = 0
 323              		@ link register save eliminated.
 193:Core/Src/display.c **** 	/* Set write pointers */
 194:Core/Src/display.c **** 	SSD1306.CurrentX = x;
 324              		.loc 1 194 2 view .LVU64
 325              		.loc 1 194 19 is_stmt 0 view .LVU65
 326 0000 014B     		ldr	r3, .L26
 327 0002 1880     		strh	r0, [r3]	@ movhi
 195:Core/Src/display.c **** 	SSD1306.CurrentY = y;
 328              		.loc 1 195 2 is_stmt 1 view .LVU66
 329              		.loc 1 195 19 is_stmt 0 view .LVU67
 330 0004 5980     		strh	r1, [r3, #2]	@ movhi
 196:Core/Src/display.c **** }
 331              		.loc 1 196 1 view .LVU68
 332 0006 7047     		bx	lr
 333              	.L27:
 334              		.align	2
 335              	.L26:
 336 0008 00000000 		.word	SSD1306
 337              		.cfi_endproc
 338              	.LFE299:
 340              		.section	.text.SSD1306_Putc,"ax",%progbits
 341              		.align	1
 342              		.global	SSD1306_Putc
 343              		.syntax unified
 344              		.thumb
 345              		.thumb_func
 347              	SSD1306_Putc:
 348              	.LVL28:
 349              	.LFB300:
 197:Core/Src/display.c **** char SSD1306_Putc(char ch, FontDef_t* Font, SSD1306_COLOR_t color) {
 350              		.loc 1 197 68 is_stmt 1 view -0
 351              		.cfi_startproc
 352              		@ args = 0, pretend = 0, frame = 0
 353              		@ frame_needed = 0, uses_anonymous_args = 0
 354              		.loc 1 197 68 is_stmt 0 view .LVU70
 355 0000 2DE9F843 		push	{r3, r4, r5, r6, r7, r8, r9, lr}
 356              		.cfi_def_cfa_offset 32
 357              		.cfi_offset 3, -32
 358              		.cfi_offset 4, -28
 359              		.cfi_offset 5, -24
 360              		.cfi_offset 6, -20
 361              		.cfi_offset 7, -16
 362              		.cfi_offset 8, -12
 363              		.cfi_offset 9, -8
 364              		.cfi_offset 14, -4
 365 0004 9046     		mov	r8, r2
 198:Core/Src/display.c **** 	uint32_t i, b, j;
 366              		.loc 1 198 2 is_stmt 1 view .LVU71
 199:Core/Src/display.c **** 	
 200:Core/Src/display.c **** 	/* Check available space in LCD */
 201:Core/Src/display.c **** 	if (
 367              		.loc 1 201 2 view .LVU72
 202:Core/Src/display.c **** 		SSD1306_WIDTH <= (SSD1306.CurrentX + Font->FontWidth) ||
 368              		.loc 1 202 28 is_stmt 0 view .LVU73
ARM GAS  /tmp/ccd76LHI.s 			page 11


 369 0006 244B     		ldr	r3, .L41
 370 0008 1B88     		ldrh	r3, [r3]
 371              		.loc 1 202 44 view .LVU74
 372 000a 0A78     		ldrb	r2, [r1]	@ zero_extendqisi2
 373              	.LVL29:
 374              		.loc 1 202 38 view .LVU75
 375 000c 1344     		add	r3, r3, r2
 201:Core/Src/display.c **** 		SSD1306_WIDTH <= (SSD1306.CurrentX + Font->FontWidth) ||
 376              		.loc 1 201 5 view .LVU76
 377 000e 7F2B     		cmp	r3, #127
 378 0010 3EDC     		bgt	.L36
 379 0012 8146     		mov	r9, r0
 380 0014 0D46     		mov	r5, r1
 203:Core/Src/display.c **** 		SSD1306_HEIGHT <= (SSD1306.CurrentY + Font->FontHeight)
 381              		.loc 1 203 29 view .LVU77
 382 0016 204B     		ldr	r3, .L41
 383 0018 5B88     		ldrh	r3, [r3, #2]
 384              		.loc 1 203 45 view .LVU78
 385 001a 4A78     		ldrb	r2, [r1, #1]	@ zero_extendqisi2
 386              		.loc 1 203 39 view .LVU79
 387 001c 1344     		add	r3, r3, r2
 202:Core/Src/display.c **** 		SSD1306_WIDTH <= (SSD1306.CurrentX + Font->FontWidth) ||
 388              		.loc 1 202 57 view .LVU80
 389 001e 1F2B     		cmp	r3, #31
 390 0020 38DC     		bgt	.L37
 204:Core/Src/display.c **** 	) {
 205:Core/Src/display.c **** 		/* Error */
 206:Core/Src/display.c **** 		return 0;
 207:Core/Src/display.c **** 	}
 208:Core/Src/display.c **** 	
 209:Core/Src/display.c **** 	/* Go through font */
 210:Core/Src/display.c **** 	for (i = 0; i < Font->FontHeight; i++) {
 391              		.loc 1 210 9 view .LVU81
 392 0022 0026     		movs	r6, #0
 393 0024 20E0     		b	.L30
 394              	.LVL30:
 395              	.L32:
 211:Core/Src/display.c **** 		b = Font->data[(ch - 32) * Font->FontHeight + i];
 212:Core/Src/display.c **** 		for (j = 0; j < Font->FontWidth; j++) {
 213:Core/Src/display.c **** 			if ((b << j) & 0x8000) {
 214:Core/Src/display.c **** 				SSD1306_DrawPixel(SSD1306.CurrentX + j, (SSD1306.CurrentY + i), (SSD1306_COLOR_t) color);
 215:Core/Src/display.c **** 			} else {
 216:Core/Src/display.c **** 				SSD1306_DrawPixel(SSD1306.CurrentX + j, (SSD1306.CurrentY + i), (SSD1306_COLOR_t)!color);
 396              		.loc 1 216 5 is_stmt 1 view .LVU82
 397              		.loc 1 216 30 is_stmt 0 view .LVU83
 398 0026 1C4B     		ldr	r3, .L41
 399 0028 1888     		ldrh	r0, [r3]
 400              		.loc 1 216 53 view .LVU84
 401 002a 5988     		ldrh	r1, [r3, #2]
 402              		.loc 1 216 5 view .LVU85
 403 002c 3144     		add	r1, r1, r6
 404 002e 2044     		add	r0, r0, r4
 405 0030 B8FA88F2 		clz	r2, r8
 406 0034 5209     		lsrs	r2, r2, #5
 407 0036 89B2     		uxth	r1, r1
 408 0038 80B2     		uxth	r0, r0
 409 003a FFF7FEFF 		bl	SSD1306_DrawPixel
ARM GAS  /tmp/ccd76LHI.s 			page 12


 410              	.LVL31:
 411              	.L33:
 212:Core/Src/display.c **** 			if ((b << j) & 0x8000) {
 412              		.loc 1 212 37 is_stmt 1 discriminator 2 view .LVU86
 413 003e 0134     		adds	r4, r4, #1
 414              	.LVL32:
 415              	.L31:
 212:Core/Src/display.c **** 			if ((b << j) & 0x8000) {
 416              		.loc 1 212 17 discriminator 1 view .LVU87
 212:Core/Src/display.c **** 			if ((b << j) & 0x8000) {
 417              		.loc 1 212 23 is_stmt 0 discriminator 1 view .LVU88
 418 0040 2B78     		ldrb	r3, [r5]	@ zero_extendqisi2
 212:Core/Src/display.c **** 			if ((b << j) & 0x8000) {
 419              		.loc 1 212 17 discriminator 1 view .LVU89
 420 0042 A342     		cmp	r3, r4
 421 0044 0FD9     		bls	.L39
 213:Core/Src/display.c **** 				SSD1306_DrawPixel(SSD1306.CurrentX + j, (SSD1306.CurrentY + i), (SSD1306_COLOR_t) color);
 422              		.loc 1 213 4 is_stmt 1 view .LVU90
 213:Core/Src/display.c **** 				SSD1306_DrawPixel(SSD1306.CurrentX + j, (SSD1306.CurrentY + i), (SSD1306_COLOR_t) color);
 423              		.loc 1 213 11 is_stmt 0 view .LVU91
 424 0046 07FA04F3 		lsl	r3, r7, r4
 213:Core/Src/display.c **** 				SSD1306_DrawPixel(SSD1306.CurrentX + j, (SSD1306.CurrentY + i), (SSD1306_COLOR_t) color);
 425              		.loc 1 213 7 view .LVU92
 426 004a 13F4004F 		tst	r3, #32768
 427 004e EAD0     		beq	.L32
 214:Core/Src/display.c **** 			} else {
 428              		.loc 1 214 5 is_stmt 1 view .LVU93
 214:Core/Src/display.c **** 			} else {
 429              		.loc 1 214 30 is_stmt 0 view .LVU94
 430 0050 114B     		ldr	r3, .L41
 431 0052 1888     		ldrh	r0, [r3]
 214:Core/Src/display.c **** 			} else {
 432              		.loc 1 214 53 view .LVU95
 433 0054 5988     		ldrh	r1, [r3, #2]
 214:Core/Src/display.c **** 			} else {
 434              		.loc 1 214 5 view .LVU96
 435 0056 3144     		add	r1, r1, r6
 436 0058 2044     		add	r0, r0, r4
 437 005a 4246     		mov	r2, r8
 438 005c 89B2     		uxth	r1, r1
 439 005e 80B2     		uxth	r0, r0
 440 0060 FFF7FEFF 		bl	SSD1306_DrawPixel
 441              	.LVL33:
 442 0064 EBE7     		b	.L33
 443              	.L39:
 210:Core/Src/display.c **** 		b = Font->data[(ch - 32) * Font->FontHeight + i];
 444              		.loc 1 210 37 is_stmt 1 discriminator 2 view .LVU97
 445 0066 0136     		adds	r6, r6, #1
 446              	.LVL34:
 447              	.L30:
 210:Core/Src/display.c **** 		b = Font->data[(ch - 32) * Font->FontHeight + i];
 448              		.loc 1 210 16 discriminator 1 view .LVU98
 210:Core/Src/display.c **** 		b = Font->data[(ch - 32) * Font->FontHeight + i];
 449              		.loc 1 210 22 is_stmt 0 discriminator 1 view .LVU99
 450 0068 6A78     		ldrb	r2, [r5, #1]	@ zero_extendqisi2
 210:Core/Src/display.c **** 		b = Font->data[(ch - 32) * Font->FontHeight + i];
 451              		.loc 1 210 16 discriminator 1 view .LVU100
ARM GAS  /tmp/ccd76LHI.s 			page 13


 452 006a B242     		cmp	r2, r6
 453 006c 08D9     		bls	.L40
 211:Core/Src/display.c **** 		for (j = 0; j < Font->FontWidth; j++) {
 454              		.loc 1 211 3 is_stmt 1 view .LVU101
 211:Core/Src/display.c **** 		for (j = 0; j < Font->FontWidth; j++) {
 455              		.loc 1 211 11 is_stmt 0 view .LVU102
 456 006e 6968     		ldr	r1, [r5, #4]
 211:Core/Src/display.c **** 		for (j = 0; j < Font->FontWidth; j++) {
 457              		.loc 1 211 22 view .LVU103
 458 0070 A9F12003 		sub	r3, r9, #32
 211:Core/Src/display.c **** 		for (j = 0; j < Font->FontWidth; j++) {
 459              		.loc 1 211 47 view .LVU104
 460 0074 02FB0363 		mla	r3, r2, r3, r6
 211:Core/Src/display.c **** 		for (j = 0; j < Font->FontWidth; j++) {
 461              		.loc 1 211 17 view .LVU105
 462 0078 31F81370 		ldrh	r7, [r1, r3, lsl #1]
 463              	.LVL35:
 212:Core/Src/display.c **** 			if ((b << j) & 0x8000) {
 464              		.loc 1 212 3 is_stmt 1 view .LVU106
 212:Core/Src/display.c **** 			if ((b << j) & 0x8000) {
 465              		.loc 1 212 10 is_stmt 0 view .LVU107
 466 007c 0024     		movs	r4, #0
 212:Core/Src/display.c **** 			if ((b << j) & 0x8000) {
 467              		.loc 1 212 3 view .LVU108
 468 007e DFE7     		b	.L31
 469              	.LVL36:
 470              	.L40:
 217:Core/Src/display.c **** 			}
 218:Core/Src/display.c **** 		}
 219:Core/Src/display.c **** 	}
 220:Core/Src/display.c **** 	
 221:Core/Src/display.c **** 	/* Increase pointer */
 222:Core/Src/display.c **** 	SSD1306.CurrentX += Font->FontWidth;
 471              		.loc 1 222 2 is_stmt 1 view .LVU109
 472              		.loc 1 222 9 is_stmt 0 view .LVU110
 473 0080 054A     		ldr	r2, .L41
 474 0082 1388     		ldrh	r3, [r2]
 475              		.loc 1 222 26 view .LVU111
 476 0084 2978     		ldrb	r1, [r5]	@ zero_extendqisi2
 477              		.loc 1 222 19 view .LVU112
 478 0086 0B44     		add	r3, r3, r1
 479 0088 1380     		strh	r3, [r2]	@ movhi
 223:Core/Src/display.c **** 	
 224:Core/Src/display.c **** 	/* Return character written */
 225:Core/Src/display.c **** 	return ch;
 480              		.loc 1 225 2 is_stmt 1 view .LVU113
 481              		.loc 1 225 9 is_stmt 0 view .LVU114
 482 008a 4846     		mov	r0, r9
 483              	.LVL37:
 484              	.L29:
 226:Core/Src/display.c **** }
 485              		.loc 1 226 1 view .LVU115
 486 008c BDE8F883 		pop	{r3, r4, r5, r6, r7, r8, r9, pc}
 487              	.LVL38:
 488              	.L36:
 206:Core/Src/display.c **** 	}
 489              		.loc 1 206 10 view .LVU116
ARM GAS  /tmp/ccd76LHI.s 			page 14


 490 0090 0020     		movs	r0, #0
 491              	.LVL39:
 206:Core/Src/display.c **** 	}
 492              		.loc 1 206 10 view .LVU117
 493 0092 FBE7     		b	.L29
 494              	.LVL40:
 495              	.L37:
 206:Core/Src/display.c **** 	}
 496              		.loc 1 206 10 view .LVU118
 497 0094 0020     		movs	r0, #0
 498              	.LVL41:
 206:Core/Src/display.c **** 	}
 499              		.loc 1 206 10 view .LVU119
 500 0096 F9E7     		b	.L29
 501              	.L42:
 502              		.align	2
 503              	.L41:
 504 0098 00000000 		.word	SSD1306
 505              		.cfi_endproc
 506              	.LFE300:
 508              		.section	.text.SSD1306_Puts,"ax",%progbits
 509              		.align	1
 510              		.global	SSD1306_Puts
 511              		.syntax unified
 512              		.thumb
 513              		.thumb_func
 515              	SSD1306_Puts:
 516              	.LVL42:
 517              	.LFB301:
 227:Core/Src/display.c **** char SSD1306_Puts(char* str, FontDef_t* Font, SSD1306_COLOR_t color) {
 518              		.loc 1 227 70 is_stmt 1 view -0
 519              		.cfi_startproc
 520              		@ args = 0, pretend = 0, frame = 0
 521              		@ frame_needed = 0, uses_anonymous_args = 0
 522              		.loc 1 227 70 is_stmt 0 view .LVU121
 523 0000 70B5     		push	{r4, r5, r6, lr}
 524              		.cfi_def_cfa_offset 16
 525              		.cfi_offset 4, -16
 526              		.cfi_offset 5, -12
 527              		.cfi_offset 6, -8
 528              		.cfi_offset 14, -4
 529 0002 0446     		mov	r4, r0
 530 0004 0E46     		mov	r6, r1
 531 0006 1546     		mov	r5, r2
 228:Core/Src/display.c **** 	/* Write characters */
 229:Core/Src/display.c **** 	while (*str) {
 532              		.loc 1 229 2 is_stmt 1 view .LVU122
 533              		.loc 1 229 8 is_stmt 0 view .LVU123
 534 0008 00E0     		b	.L44
 535              	.LVL43:
 536              	.L48:
 230:Core/Src/display.c **** 		/* Write character by character */
 231:Core/Src/display.c **** 		if (SSD1306_Putc(*str, Font, color) != *str) {
 232:Core/Src/display.c **** 			/* Return error */
 233:Core/Src/display.c **** 			return *str;
 234:Core/Src/display.c **** 		}
 235:Core/Src/display.c **** 		
ARM GAS  /tmp/ccd76LHI.s 			page 15


 236:Core/Src/display.c **** 		/* Increase string pointer */
 237:Core/Src/display.c **** 		str++;
 537              		.loc 1 237 3 is_stmt 1 view .LVU124
 538              		.loc 1 237 6 is_stmt 0 view .LVU125
 539 000a 0134     		adds	r4, r4, #1
 540              	.LVL44:
 541              	.L44:
 229:Core/Src/display.c **** 		/* Write character by character */
 542              		.loc 1 229 9 is_stmt 1 view .LVU126
 543 000c 2078     		ldrb	r0, [r4]	@ zero_extendqisi2
 544 000e 38B1     		cbz	r0, .L45
 231:Core/Src/display.c **** 			/* Return error */
 545              		.loc 1 231 3 view .LVU127
 231:Core/Src/display.c **** 			/* Return error */
 546              		.loc 1 231 7 is_stmt 0 view .LVU128
 547 0010 2A46     		mov	r2, r5
 548 0012 3146     		mov	r1, r6
 549 0014 FFF7FEFF 		bl	SSD1306_Putc
 550              	.LVL45:
 551 0018 0346     		mov	r3, r0
 231:Core/Src/display.c **** 			/* Return error */
 552              		.loc 1 231 42 discriminator 1 view .LVU129
 553 001a 2078     		ldrb	r0, [r4]	@ zero_extendqisi2
 231:Core/Src/display.c **** 			/* Return error */
 554              		.loc 1 231 6 discriminator 1 view .LVU130
 555 001c 8342     		cmp	r3, r0
 556 001e F4D0     		beq	.L48
 557              	.L45:
 238:Core/Src/display.c **** 	}
 239:Core/Src/display.c **** 	
 240:Core/Src/display.c **** 	/* Everything OK, zero should be returned */
 241:Core/Src/display.c **** 	return *str;
 242:Core/Src/display.c **** }
 558              		.loc 1 242 1 view .LVU131
 559 0020 70BD     		pop	{r4, r5, r6, pc}
 560              		.loc 1 242 1 view .LVU132
 561              		.cfi_endproc
 562              	.LFE301:
 564              		.section	.text.SSD1306_DrawLine,"ax",%progbits
 565              		.align	1
 566              		.global	SSD1306_DrawLine
 567              		.syntax unified
 568              		.thumb
 569              		.thumb_func
 571              	SSD1306_DrawLine:
 572              	.LVL46:
 573              	.LFB302:
 243:Core/Src/display.c **** void SSD1306_DrawLine(uint16_t x0, uint16_t y0, uint16_t x1, uint16_t y1, SSD1306_COLOR_t c) {
 574              		.loc 1 243 94 is_stmt 1 view -0
 575              		.cfi_startproc
 576              		@ args = 4, pretend = 0, frame = 8
 577              		@ frame_needed = 0, uses_anonymous_args = 0
 578              		.loc 1 243 94 is_stmt 0 view .LVU134
 579 0000 2DE9F04F 		push	{r4, r5, r6, r7, r8, r9, r10, fp, lr}
 580              		.cfi_def_cfa_offset 36
 581              		.cfi_offset 4, -36
 582              		.cfi_offset 5, -32
ARM GAS  /tmp/ccd76LHI.s 			page 16


 583              		.cfi_offset 6, -28
 584              		.cfi_offset 7, -24
 585              		.cfi_offset 8, -20
 586              		.cfi_offset 9, -16
 587              		.cfi_offset 10, -12
 588              		.cfi_offset 11, -8
 589              		.cfi_offset 14, -4
 590 0004 83B0     		sub	sp, sp, #12
 591              		.cfi_def_cfa_offset 48
 592 0006 0446     		mov	r4, r0
 593 0008 0E46     		mov	r6, r1
 594 000a 1746     		mov	r7, r2
 595 000c 9946     		mov	r9, r3
 596 000e 9DF83080 		ldrb	r8, [sp, #48]	@ zero_extendqisi2
 244:Core/Src/display.c **** 	int16_t dx, dy, sx, sy, err, e2, i, tmp; 
 597              		.loc 1 244 2 is_stmt 1 view .LVU135
 245:Core/Src/display.c **** 	
 246:Core/Src/display.c **** 	/* Check for overflow */
 247:Core/Src/display.c **** 	if (x0 >= SSD1306_WIDTH) {
 598              		.loc 1 247 2 view .LVU136
 599              		.loc 1 247 5 is_stmt 0 view .LVU137
 600 0012 7F28     		cmp	r0, #127
 601 0014 00D9     		bls	.L50
 248:Core/Src/display.c **** 		x0 = SSD1306_WIDTH - 1;
 602              		.loc 1 248 6 view .LVU138
 603 0016 7F24     		movs	r4, #127
 604              	.L50:
 605              	.LVL47:
 249:Core/Src/display.c **** 	}
 250:Core/Src/display.c **** 	if (x1 >= SSD1306_WIDTH) {
 606              		.loc 1 250 2 is_stmt 1 view .LVU139
 607              		.loc 1 250 5 is_stmt 0 view .LVU140
 608 0018 7F2F     		cmp	r7, #127
 609 001a 00D9     		bls	.L51
 251:Core/Src/display.c **** 		x1 = SSD1306_WIDTH - 1;
 610              		.loc 1 251 6 view .LVU141
 611 001c 7F27     		movs	r7, #127
 612              	.L51:
 613              	.LVL48:
 252:Core/Src/display.c **** 	}
 253:Core/Src/display.c **** 	if (y0 >= SSD1306_HEIGHT) {
 614              		.loc 1 253 2 is_stmt 1 view .LVU142
 615              		.loc 1 253 5 is_stmt 0 view .LVU143
 616 001e 1F2E     		cmp	r6, #31
 617 0020 00D9     		bls	.L52
 254:Core/Src/display.c **** 		y0 = SSD1306_HEIGHT - 1;
 618              		.loc 1 254 6 view .LVU144
 619 0022 1F26     		movs	r6, #31
 620              	.L52:
 621              	.LVL49:
 255:Core/Src/display.c **** 	}
 256:Core/Src/display.c **** 	if (y1 >= SSD1306_HEIGHT) {
 622              		.loc 1 256 2 is_stmt 1 view .LVU145
 623              		.loc 1 256 5 is_stmt 0 view .LVU146
 624 0024 B9F11F0F 		cmp	r9, #31
 625 0028 01D9     		bls	.L53
 257:Core/Src/display.c **** 		y1 = SSD1306_HEIGHT - 1;
ARM GAS  /tmp/ccd76LHI.s 			page 17


 626              		.loc 1 257 6 view .LVU147
 627 002a 4FF01F09 		mov	r9, #31
 628              	.L53:
 629              	.LVL50:
 258:Core/Src/display.c **** 	}
 259:Core/Src/display.c **** 	
 260:Core/Src/display.c **** 	dx = (x0 < x1) ? (x1 - x0) : (x0 - x1); 
 630              		.loc 1 260 2 is_stmt 1 view .LVU148
 631              		.loc 1 260 5 is_stmt 0 view .LVU149
 632 002e BC42     		cmp	r4, r7
 633 0030 1FD2     		bcs	.L54
 634              		.loc 1 260 23 discriminator 1 view .LVU150
 635 0032 A7EB040A 		sub	r10, r7, r4
 636              		.loc 1 260 5 discriminator 1 view .LVU151
 637 0036 0FFA8AFA 		sxth	r10, r10
 638              	.L55:
 639              	.LVL51:
 261:Core/Src/display.c **** 	dy = (y0 < y1) ? (y1 - y0) : (y0 - y1); 
 640              		.loc 1 261 2 is_stmt 1 view .LVU152
 641              		.loc 1 261 5 is_stmt 0 view .LVU153
 642 003a 4E45     		cmp	r6, r9
 643 003c 1ED2     		bcs	.L56
 644              		.loc 1 261 23 discriminator 1 view .LVU154
 645 003e A9EB060B 		sub	fp, r9, r6
 646              		.loc 1 261 5 discriminator 1 view .LVU155
 647 0042 0FFA8BFB 		sxth	fp, fp
 648              	.L57:
 649              	.LVL52:
 262:Core/Src/display.c **** 	sx = (x0 < x1) ? 1 : -1; 
 650              		.loc 1 262 2 is_stmt 1 view .LVU156
 651              		.loc 1 262 5 is_stmt 0 view .LVU157
 652 0046 BC42     		cmp	r4, r7
 653 0048 1DD2     		bcs	.L80
 654              		.loc 1 262 5 discriminator 1 view .LVU158
 655 004a 0122     		movs	r2, #1
 656              	.L58:
 657              	.LVL53:
 263:Core/Src/display.c **** 	sy = (y0 < y1) ? 1 : -1; 
 658              		.loc 1 263 2 is_stmt 1 view .LVU159
 659              		.loc 1 263 5 is_stmt 0 view .LVU160
 660 004c 4E45     		cmp	r6, r9
 661 004e 1DD2     		bcs	.L81
 662              		.loc 1 263 5 discriminator 1 view .LVU161
 663 0050 0121     		movs	r1, #1
 664              	.L59:
 665              	.LVL54:
 264:Core/Src/display.c **** 	err = ((dx > dy) ? dx : -dy) / 2; 
 666              		.loc 1 264 2 is_stmt 1 view .LVU162
 667              		.loc 1 264 6 is_stmt 0 view .LVU163
 668 0052 DA45     		cmp	r10, fp
 669 0054 1DDD     		ble	.L60
 670              		.loc 1 264 6 discriminator 1 view .LVU164
 671 0056 0AEBDA75 		add	r5, r10, r10, lsr #31
 672 005a 6D10     		asrs	r5, r5, #1
 673              	.L61:
 674              	.LVL55:
 265:Core/Src/display.c **** 
ARM GAS  /tmp/ccd76LHI.s 			page 18


 266:Core/Src/display.c **** 	if (dx == 0) {
 675              		.loc 1 266 2 is_stmt 1 view .LVU165
 676              		.loc 1 266 5 is_stmt 0 view .LVU166
 677 005c BAF1000F 		cmp	r10, #0
 678 0060 1DD0     		beq	.L85
 267:Core/Src/display.c **** 		if (y1 < y0) {
 268:Core/Src/display.c **** 			tmp = y1;
 269:Core/Src/display.c **** 			y1 = y0;
 270:Core/Src/display.c **** 			y0 = tmp;
 271:Core/Src/display.c **** 		}
 272:Core/Src/display.c **** 		
 273:Core/Src/display.c **** 		if (x1 < x0) {
 274:Core/Src/display.c **** 			tmp = x1;
 275:Core/Src/display.c **** 			x1 = x0;
 276:Core/Src/display.c **** 			x0 = tmp;
 277:Core/Src/display.c **** 		}
 278:Core/Src/display.c **** 		
 279:Core/Src/display.c **** 		/* Vertical line */
 280:Core/Src/display.c **** 		for (i = y0; i <= y1; i++) {
 281:Core/Src/display.c **** 			SSD1306_DrawPixel(x0, i, c);
 282:Core/Src/display.c **** 		}
 283:Core/Src/display.c **** 		
 284:Core/Src/display.c **** 		/* Return from function */
 285:Core/Src/display.c **** 		return;
 286:Core/Src/display.c **** 	}
 287:Core/Src/display.c **** 	
 288:Core/Src/display.c **** 	if (dy == 0) {
 679              		.loc 1 288 2 is_stmt 1 view .LVU167
 680              		.loc 1 288 5 is_stmt 0 view .LVU168
 681 0062 BBF1000F 		cmp	fp, #0
 682 0066 33D0     		beq	.L86
 683 0068 0092     		str	r2, [sp]
 684 006a CDF80490 		str	r9, [sp, #4]
 685 006e 8946     		mov	r9, r1
 686              	.LVL56:
 687              		.loc 1 288 5 view .LVU169
 688 0070 51E0     		b	.L68
 689              	.LVL57:
 690              	.L54:
 260:Core/Src/display.c **** 	dy = (y0 < y1) ? (y1 - y0) : (y0 - y1); 
 691              		.loc 1 260 35 discriminator 2 view .LVU170
 692 0072 A4EB070A 		sub	r10, r4, r7
 260:Core/Src/display.c **** 	dy = (y0 < y1) ? (y1 - y0) : (y0 - y1); 
 693              		.loc 1 260 5 discriminator 2 view .LVU171
 694 0076 0FFA8AFA 		sxth	r10, r10
 695 007a DEE7     		b	.L55
 696              	.LVL58:
 697              	.L56:
 261:Core/Src/display.c **** 	sx = (x0 < x1) ? 1 : -1; 
 698              		.loc 1 261 35 discriminator 2 view .LVU172
 699 007c A6EB090B 		sub	fp, r6, r9
 261:Core/Src/display.c **** 	sx = (x0 < x1) ? 1 : -1; 
 700              		.loc 1 261 5 discriminator 2 view .LVU173
 701 0080 0FFA8BFB 		sxth	fp, fp
 702 0084 DFE7     		b	.L57
 703              	.LVL59:
 704              	.L80:
ARM GAS  /tmp/ccd76LHI.s 			page 19


 262:Core/Src/display.c **** 	sy = (y0 < y1) ? 1 : -1; 
 705              		.loc 1 262 5 discriminator 2 view .LVU174
 706 0086 4FF0FF32 		mov	r2, #-1
 707 008a DFE7     		b	.L58
 708              	.LVL60:
 709              	.L81:
 263:Core/Src/display.c **** 	err = ((dx > dy) ? dx : -dy) / 2; 
 710              		.loc 1 263 5 discriminator 2 view .LVU175
 711 008c 4FF0FF31 		mov	r1, #-1
 712 0090 DFE7     		b	.L59
 713              	.LVL61:
 714              	.L60:
 264:Core/Src/display.c **** 
 715              		.loc 1 264 6 discriminator 2 view .LVU176
 716 0092 0BEBDB75 		add	r5, fp, fp, lsr #31
 717 0096 6D10     		asrs	r5, r5, #1
 718 0098 6D42     		rsbs	r5, r5, #0
 719 009a 2DB2     		sxth	r5, r5
 720 009c DEE7     		b	.L61
 721              	.LVL62:
 722              	.L85:
 267:Core/Src/display.c **** 			tmp = y1;
 723              		.loc 1 267 3 is_stmt 1 view .LVU177
 267:Core/Src/display.c **** 			tmp = y1;
 724              		.loc 1 267 6 is_stmt 0 view .LVU178
 725 009e 4E45     		cmp	r6, r9
 726 00a0 02D8     		bhi	.L63
 727 00a2 4B46     		mov	r3, r9
 728 00a4 B146     		mov	r9, r6
 729              	.LVL63:
 267:Core/Src/display.c **** 			tmp = y1;
 730              		.loc 1 267 6 view .LVU179
 731 00a6 1E46     		mov	r6, r3
 732              	.LVL64:
 733              	.L63:
 273:Core/Src/display.c **** 			tmp = x1;
 734              		.loc 1 273 3 is_stmt 1 view .LVU180
 273:Core/Src/display.c **** 			tmp = x1;
 735              		.loc 1 273 6 is_stmt 0 view .LVU181
 736 00a8 BC42     		cmp	r4, r7
 737 00aa 00D8     		bhi	.L64
 738 00ac 2746     		mov	r7, r4
 739              	.LVL65:
 740              	.L64:
 280:Core/Src/display.c **** 			SSD1306_DrawPixel(x0, i, c);
 741              		.loc 1 280 3 is_stmt 1 view .LVU182
 280:Core/Src/display.c **** 			SSD1306_DrawPixel(x0, i, c);
 742              		.loc 1 280 10 is_stmt 0 view .LVU183
 743 00ae 0FFA89F9 		sxth	r9, r9
 744              	.LVL66:
 280:Core/Src/display.c **** 			SSD1306_DrawPixel(x0, i, c);
 745              		.loc 1 280 3 view .LVU184
 746 00b2 0AE0     		b	.L65
 747              	.LVL67:
 748              	.L66:
 281:Core/Src/display.c **** 		}
 749              		.loc 1 281 4 is_stmt 1 view .LVU185
ARM GAS  /tmp/ccd76LHI.s 			page 20


 750 00b4 1FFA89F9 		uxth	r9, r9
 281:Core/Src/display.c **** 		}
 751              		.loc 1 281 4 is_stmt 0 view .LVU186
 752 00b8 4246     		mov	r2, r8
 753 00ba 4946     		mov	r1, r9
 754 00bc 3846     		mov	r0, r7
 755 00be FFF7FEFF 		bl	SSD1306_DrawPixel
 756              	.LVL68:
 280:Core/Src/display.c **** 			SSD1306_DrawPixel(x0, i, c);
 757              		.loc 1 280 26 is_stmt 1 discriminator 3 view .LVU187
 758 00c2 09F10109 		add	r9, r9, #1
 759              	.LVL69:
 280:Core/Src/display.c **** 			SSD1306_DrawPixel(x0, i, c);
 760              		.loc 1 280 26 is_stmt 0 discriminator 3 view .LVU188
 761 00c6 0FFA89F9 		sxth	r9, r9
 762              	.LVL70:
 763              	.L65:
 280:Core/Src/display.c **** 			SSD1306_DrawPixel(x0, i, c);
 764              		.loc 1 280 18 is_stmt 1 discriminator 1 view .LVU189
 765 00ca B145     		cmp	r9, r6
 766 00cc F2DD     		ble	.L66
 280:Core/Src/display.c **** 			SSD1306_DrawPixel(x0, i, c);
 767              		.loc 1 280 18 is_stmt 0 discriminator 1 view .LVU190
 768 00ce 17E0     		b	.L49
 769              	.LVL71:
 770              	.L86:
 289:Core/Src/display.c **** 		if (y1 < y0) {
 771              		.loc 1 289 3 is_stmt 1 view .LVU191
 772              		.loc 1 289 6 is_stmt 0 view .LVU192
 773 00d0 4E45     		cmp	r6, r9
 774 00d2 00D8     		bhi	.L69
 775 00d4 B146     		mov	r9, r6
 776              	.LVL72:
 777              	.L69:
 290:Core/Src/display.c **** 			tmp = y1;
 291:Core/Src/display.c **** 			y1 = y0;
 292:Core/Src/display.c **** 			y0 = tmp;
 293:Core/Src/display.c **** 		}
 294:Core/Src/display.c **** 		
 295:Core/Src/display.c **** 		if (x1 < x0) {
 778              		.loc 1 295 3 is_stmt 1 view .LVU193
 779              		.loc 1 295 6 is_stmt 0 view .LVU194
 780 00d6 BC42     		cmp	r4, r7
 781 00d8 02D8     		bhi	.L70
 782 00da 3B46     		mov	r3, r7
 783 00dc 2746     		mov	r7, r4
 784              	.LVL73:
 785              		.loc 1 295 6 view .LVU195
 786 00de 1C46     		mov	r4, r3
 787              	.LVL74:
 788              	.L70:
 296:Core/Src/display.c **** 			tmp = x1;
 297:Core/Src/display.c **** 			x1 = x0;
 298:Core/Src/display.c **** 			x0 = tmp;
 299:Core/Src/display.c **** 		}
 300:Core/Src/display.c **** 		
 301:Core/Src/display.c **** 		/* Horizontal line */
ARM GAS  /tmp/ccd76LHI.s 			page 21


 302:Core/Src/display.c **** 		for (i = x0; i <= x1; i++) {
 789              		.loc 1 302 3 is_stmt 1 view .LVU196
 790              		.loc 1 302 10 is_stmt 0 view .LVU197
 791 00e0 3FB2     		sxth	r7, r7
 792              	.LVL75:
 793              		.loc 1 302 3 view .LVU198
 794 00e2 07E0     		b	.L71
 795              	.LVL76:
 796              	.L72:
 303:Core/Src/display.c **** 			SSD1306_DrawPixel(i, y0, c);
 797              		.loc 1 303 4 is_stmt 1 view .LVU199
 798 00e4 BFB2     		uxth	r7, r7
 799              		.loc 1 303 4 is_stmt 0 view .LVU200
 800 00e6 4246     		mov	r2, r8
 801 00e8 4946     		mov	r1, r9
 802 00ea 3846     		mov	r0, r7
 803 00ec FFF7FEFF 		bl	SSD1306_DrawPixel
 804              	.LVL77:
 302:Core/Src/display.c **** 			SSD1306_DrawPixel(i, y0, c);
 805              		.loc 1 302 26 is_stmt 1 discriminator 3 view .LVU201
 806 00f0 0137     		adds	r7, r7, #1
 807              	.LVL78:
 302:Core/Src/display.c **** 			SSD1306_DrawPixel(i, y0, c);
 808              		.loc 1 302 26 is_stmt 0 discriminator 3 view .LVU202
 809 00f2 3FB2     		sxth	r7, r7
 810              	.LVL79:
 811              	.L71:
 302:Core/Src/display.c **** 			SSD1306_DrawPixel(i, y0, c);
 812              		.loc 1 302 18 is_stmt 1 discriminator 1 view .LVU203
 813 00f4 A742     		cmp	r7, r4
 814 00f6 F5DD     		ble	.L72
 302:Core/Src/display.c **** 			SSD1306_DrawPixel(i, y0, c);
 815              		.loc 1 302 18 is_stmt 0 discriminator 1 view .LVU204
 816 00f8 02E0     		b	.L49
 817              	.LVL80:
 818              	.L87:
 304:Core/Src/display.c **** 		}
 305:Core/Src/display.c **** 		
 306:Core/Src/display.c **** 		/* Return from function */
 307:Core/Src/display.c **** 		return;
 308:Core/Src/display.c **** 	}
 309:Core/Src/display.c **** 	
 310:Core/Src/display.c **** 	while (1) {
 311:Core/Src/display.c **** 		SSD1306_DrawPixel(x0, y0, c);
 312:Core/Src/display.c **** 		if (x0 == x1 && y0 == y1) {
 819              		.loc 1 312 16 discriminator 1 view .LVU205
 820 00fa 019B     		ldr	r3, [sp, #4]
 821 00fc 9E42     		cmp	r6, r3
 822 00fe 11D1     		bne	.L73
 823              	.LVL81:
 824              	.L49:
 313:Core/Src/display.c **** 			break;
 314:Core/Src/display.c **** 		}
 315:Core/Src/display.c **** 		e2 = err; 
 316:Core/Src/display.c **** 		if (e2 > -dx) {
 317:Core/Src/display.c **** 			err -= dy;
 318:Core/Src/display.c **** 			x0 += sx;
ARM GAS  /tmp/ccd76LHI.s 			page 22


 319:Core/Src/display.c **** 		} 
 320:Core/Src/display.c **** 		if (e2 < dy) {
 321:Core/Src/display.c **** 			err += dx;
 322:Core/Src/display.c **** 			y0 += sy;
 323:Core/Src/display.c **** 		} 
 324:Core/Src/display.c **** 	}
 325:Core/Src/display.c **** }
 825              		.loc 1 325 1 view .LVU206
 826 0100 03B0     		add	sp, sp, #12
 827              		.cfi_remember_state
 828              		.cfi_def_cfa_offset 36
 829              		@ sp needed
 830 0102 BDE8F08F 		pop	{r4, r5, r6, r7, r8, r9, r10, fp, pc}
 831              	.LVL82:
 832              	.L82:
 833              		.cfi_restore_state
 834              		.loc 1 325 1 view .LVU207
 835 0106 2B46     		mov	r3, r5
 836              	.LVL83:
 837              	.L74:
 320:Core/Src/display.c **** 			err += dx;
 838              		.loc 1 320 3 is_stmt 1 view .LVU208
 320:Core/Src/display.c **** 			err += dx;
 839              		.loc 1 320 6 is_stmt 0 view .LVU209
 840 0108 5D45     		cmp	r5, fp
 841 010a 03DA     		bge	.L75
 321:Core/Src/display.c **** 			y0 += sy;
 842              		.loc 1 321 4 is_stmt 1 view .LVU210
 321:Core/Src/display.c **** 			y0 += sy;
 843              		.loc 1 321 8 is_stmt 0 view .LVU211
 844 010c 5344     		add	r3, r3, r10
 845              	.LVL84:
 321:Core/Src/display.c **** 			y0 += sy;
 846              		.loc 1 321 8 view .LVU212
 847 010e 1BB2     		sxth	r3, r3
 848              	.LVL85:
 322:Core/Src/display.c **** 		} 
 849              		.loc 1 322 4 is_stmt 1 view .LVU213
 322:Core/Src/display.c **** 		} 
 850              		.loc 1 322 7 is_stmt 0 view .LVU214
 851 0110 4E44     		add	r6, r6, r9
 852              	.LVL86:
 322:Core/Src/display.c **** 		} 
 853              		.loc 1 322 7 view .LVU215
 854 0112 B6B2     		uxth	r6, r6
 855              	.LVL87:
 856              	.L75:
 295:Core/Src/display.c **** 			tmp = x1;
 857              		.loc 1 295 6 view .LVU216
 858 0114 1D46     		mov	r5, r3
 859              	.LVL88:
 860              	.L68:
 310:Core/Src/display.c **** 		SSD1306_DrawPixel(x0, y0, c);
 861              		.loc 1 310 2 is_stmt 1 view .LVU217
 311:Core/Src/display.c **** 		if (x0 == x1 && y0 == y1) {
 862              		.loc 1 311 3 view .LVU218
 863 0116 4246     		mov	r2, r8
ARM GAS  /tmp/ccd76LHI.s 			page 23


 864 0118 3146     		mov	r1, r6
 865 011a 2046     		mov	r0, r4
 866 011c FFF7FEFF 		bl	SSD1306_DrawPixel
 867              	.LVL89:
 312:Core/Src/display.c **** 			break;
 868              		.loc 1 312 3 view .LVU219
 312:Core/Src/display.c **** 			break;
 869              		.loc 1 312 6 is_stmt 0 view .LVU220
 870 0120 BC42     		cmp	r4, r7
 871 0122 EAD0     		beq	.L87
 872              	.L73:
 315:Core/Src/display.c **** 		if (e2 > -dx) {
 873              		.loc 1 315 3 is_stmt 1 view .LVU221
 874              	.LVL90:
 316:Core/Src/display.c **** 			err -= dy;
 875              		.loc 1 316 3 view .LVU222
 316:Core/Src/display.c **** 			err -= dy;
 876              		.loc 1 316 12 is_stmt 0 view .LVU223
 877 0124 CAF10003 		rsb	r3, r10, #0
 316:Core/Src/display.c **** 			err -= dy;
 878              		.loc 1 316 6 view .LVU224
 879 0128 9D42     		cmp	r5, r3
 880 012a ECDD     		ble	.L82
 317:Core/Src/display.c **** 			x0 += sx;
 881              		.loc 1 317 4 is_stmt 1 view .LVU225
 317:Core/Src/display.c **** 			x0 += sx;
 882              		.loc 1 317 8 is_stmt 0 view .LVU226
 883 012c A5EB0B03 		sub	r3, r5, fp
 884 0130 1BB2     		sxth	r3, r3
 885              	.LVL91:
 318:Core/Src/display.c **** 		} 
 886              		.loc 1 318 4 is_stmt 1 view .LVU227
 318:Core/Src/display.c **** 		} 
 887              		.loc 1 318 7 is_stmt 0 view .LVU228
 888 0132 009A     		ldr	r2, [sp]
 889 0134 1444     		add	r4, r4, r2
 890              	.LVL92:
 318:Core/Src/display.c **** 		} 
 891              		.loc 1 318 7 view .LVU229
 892 0136 A4B2     		uxth	r4, r4
 893              	.LVL93:
 318:Core/Src/display.c **** 		} 
 894              		.loc 1 318 7 view .LVU230
 895 0138 E6E7     		b	.L74
 896              		.cfi_endproc
 897              	.LFE302:
 899              		.section	.text.SSD1306_DrawRectangle,"ax",%progbits
 900              		.align	1
 901              		.global	SSD1306_DrawRectangle
 902              		.syntax unified
 903              		.thumb
 904              		.thumb_func
 906              	SSD1306_DrawRectangle:
 907              	.LVL94:
 908              	.LFB303:
 326:Core/Src/display.c **** void SSD1306_DrawRectangle(uint16_t x, uint16_t y, uint16_t w, uint16_t h, SSD1306_COLOR_t c) {
 909              		.loc 1 326 95 is_stmt 1 view -0
ARM GAS  /tmp/ccd76LHI.s 			page 24


 910              		.cfi_startproc
 911              		@ args = 4, pretend = 0, frame = 0
 912              		@ frame_needed = 0, uses_anonymous_args = 0
 913              		.loc 1 326 95 is_stmt 0 view .LVU232
 914 0000 2DE9F041 		push	{r4, r5, r6, r7, r8, lr}
 915              		.cfi_def_cfa_offset 24
 916              		.cfi_offset 4, -24
 917              		.cfi_offset 5, -20
 918              		.cfi_offset 6, -16
 919              		.cfi_offset 7, -12
 920              		.cfi_offset 8, -8
 921              		.cfi_offset 14, -4
 922 0004 82B0     		sub	sp, sp, #8
 923              		.cfi_def_cfa_offset 32
 924 0006 9DF82080 		ldrb	r8, [sp, #32]	@ zero_extendqisi2
 327:Core/Src/display.c **** 	/* Check input parameters */
 328:Core/Src/display.c **** 	if (
 925              		.loc 1 328 2 is_stmt 1 view .LVU233
 926              		.loc 1 328 5 is_stmt 0 view .LVU234
 927 000a 7F28     		cmp	r0, #127
 928 000c 34D8     		bhi	.L88
 929 000e 0646     		mov	r6, r0
 930 0010 0F46     		mov	r7, r1
 931 0012 1D46     		mov	r5, r3
 329:Core/Src/display.c **** 		x >= SSD1306_WIDTH ||
 932              		.loc 1 329 22 view .LVU235
 933 0014 1F29     		cmp	r1, #31
 934 0016 2FD8     		bhi	.L88
 330:Core/Src/display.c **** 		y >= SSD1306_HEIGHT
 331:Core/Src/display.c **** 	) {
 332:Core/Src/display.c **** 		/* Return error */
 333:Core/Src/display.c **** 		return;
 334:Core/Src/display.c **** 	}
 335:Core/Src/display.c **** 	
 336:Core/Src/display.c **** 	/* Check width and height */
 337:Core/Src/display.c **** 	if ((x + w) >= SSD1306_WIDTH) {
 935              		.loc 1 337 2 is_stmt 1 view .LVU236
 936              		.loc 1 337 9 is_stmt 0 view .LVU237
 937 0018 8318     		adds	r3, r0, r2
 938              	.LVL95:
 939              		.loc 1 337 5 view .LVU238
 940 001a 7F2B     		cmp	r3, #127
 941 001c 02DD     		ble	.L90
 338:Core/Src/display.c **** 		w = SSD1306_WIDTH - x;
 942              		.loc 1 338 3 is_stmt 1 view .LVU239
 943              		.loc 1 338 5 is_stmt 0 view .LVU240
 944 001e C0F18002 		rsb	r2, r0, #128
 945              	.LVL96:
 946              		.loc 1 338 5 view .LVU241
 947 0022 92B2     		uxth	r2, r2
 948              	.LVL97:
 949              	.L90:
 339:Core/Src/display.c **** 	}
 340:Core/Src/display.c **** 	if ((y + h) >= SSD1306_HEIGHT) {
 950              		.loc 1 340 2 is_stmt 1 view .LVU242
 951              		.loc 1 340 9 is_stmt 0 view .LVU243
 952 0024 7B19     		adds	r3, r7, r5
ARM GAS  /tmp/ccd76LHI.s 			page 25


 953              		.loc 1 340 5 view .LVU244
 954 0026 1F2B     		cmp	r3, #31
 955 0028 02DD     		ble	.L91
 341:Core/Src/display.c **** 		h = SSD1306_HEIGHT - y;
 956              		.loc 1 341 3 is_stmt 1 view .LVU245
 957              		.loc 1 341 5 is_stmt 0 view .LVU246
 958 002a C7F12005 		rsb	r5, r7, #32
 959              	.LVL98:
 960              		.loc 1 341 5 view .LVU247
 961 002e ADB2     		uxth	r5, r5
 962              	.LVL99:
 963              	.L91:
 342:Core/Src/display.c **** 	}
 343:Core/Src/display.c **** 	
 344:Core/Src/display.c **** 	/* Draw 4 lines */
 345:Core/Src/display.c **** 	SSD1306_DrawLine(x, y, x + w, y, c);         /* Top line */
 964              		.loc 1 345 2 is_stmt 1 view .LVU248
 965 0030 9419     		adds	r4, r2, r6
 966 0032 A4B2     		uxth	r4, r4
 967 0034 CDF80080 		str	r8, [sp]
 968 0038 3B46     		mov	r3, r7
 969 003a 2246     		mov	r2, r4
 970              	.LVL100:
 971              		.loc 1 345 2 is_stmt 0 view .LVU249
 972 003c 3946     		mov	r1, r7
 973              	.LVL101:
 974              		.loc 1 345 2 view .LVU250
 975 003e 3046     		mov	r0, r6
 976              	.LVL102:
 977              		.loc 1 345 2 view .LVU251
 978 0040 FFF7FEFF 		bl	SSD1306_DrawLine
 979              	.LVL103:
 346:Core/Src/display.c **** 	SSD1306_DrawLine(x, y + h, x + w, y + h, c); /* Bottom line */
 980              		.loc 1 346 2 is_stmt 1 view .LVU252
 981 0044 3D44     		add	r5, r5, r7
 982              	.LVL104:
 983              		.loc 1 346 2 is_stmt 0 view .LVU253
 984 0046 ADB2     		uxth	r5, r5
 985 0048 CDF80080 		str	r8, [sp]
 986 004c 2B46     		mov	r3, r5
 987 004e 2246     		mov	r2, r4
 988 0050 2946     		mov	r1, r5
 989 0052 3046     		mov	r0, r6
 990 0054 FFF7FEFF 		bl	SSD1306_DrawLine
 991              	.LVL105:
 347:Core/Src/display.c **** 	SSD1306_DrawLine(x, y, x, y + h, c);         /* Left line */
 992              		.loc 1 347 2 is_stmt 1 view .LVU254
 993 0058 CDF80080 		str	r8, [sp]
 994 005c 2B46     		mov	r3, r5
 995 005e 3246     		mov	r2, r6
 996 0060 3946     		mov	r1, r7
 997 0062 3046     		mov	r0, r6
 998 0064 FFF7FEFF 		bl	SSD1306_DrawLine
 999              	.LVL106:
 348:Core/Src/display.c **** 	SSD1306_DrawLine(x + w, y, x + w, y + h, c); /* Right line */
 1000              		.loc 1 348 2 view .LVU255
 1001 0068 CDF80080 		str	r8, [sp]
ARM GAS  /tmp/ccd76LHI.s 			page 26


 1002 006c 2B46     		mov	r3, r5
 1003 006e 2246     		mov	r2, r4
 1004 0070 3946     		mov	r1, r7
 1005 0072 2046     		mov	r0, r4
 1006 0074 FFF7FEFF 		bl	SSD1306_DrawLine
 1007              	.LVL107:
 1008              	.L88:
 349:Core/Src/display.c **** }
 1009              		.loc 1 349 1 is_stmt 0 view .LVU256
 1010 0078 02B0     		add	sp, sp, #8
 1011              		.cfi_def_cfa_offset 24
 1012              		@ sp needed
 1013 007a BDE8F081 		pop	{r4, r5, r6, r7, r8, pc}
 1014              		.loc 1 349 1 view .LVU257
 1015              		.cfi_endproc
 1016              	.LFE303:
 1018              		.section	.text.SSD1306_DrawFilledRectangle,"ax",%progbits
 1019              		.align	1
 1020              		.global	SSD1306_DrawFilledRectangle
 1021              		.syntax unified
 1022              		.thumb
 1023              		.thumb_func
 1025              	SSD1306_DrawFilledRectangle:
 1026              	.LVL108:
 1027              	.LFB304:
 350:Core/Src/display.c **** void SSD1306_DrawFilledRectangle(uint16_t x, uint16_t y, uint16_t w, uint16_t h, SSD1306_COLOR_t c)
 1028              		.loc 1 350 101 is_stmt 1 view -0
 1029              		.cfi_startproc
 1030              		@ args = 4, pretend = 0, frame = 0
 1031              		@ frame_needed = 0, uses_anonymous_args = 0
 1032              		.loc 1 350 101 is_stmt 0 view .LVU259
 1033 0000 2DE9F043 		push	{r4, r5, r6, r7, r8, r9, lr}
 1034              		.cfi_def_cfa_offset 28
 1035              		.cfi_offset 4, -28
 1036              		.cfi_offset 5, -24
 1037              		.cfi_offset 6, -20
 1038              		.cfi_offset 7, -16
 1039              		.cfi_offset 8, -12
 1040              		.cfi_offset 9, -8
 1041              		.cfi_offset 14, -4
 1042 0004 83B0     		sub	sp, sp, #12
 1043              		.cfi_def_cfa_offset 40
 1044 0006 9DF82890 		ldrb	r9, [sp, #40]	@ zero_extendqisi2
 351:Core/Src/display.c **** 	uint8_t i;
 1045              		.loc 1 351 2 is_stmt 1 view .LVU260
 352:Core/Src/display.c **** 	
 353:Core/Src/display.c **** 	/* Check input parameters */
 354:Core/Src/display.c **** 	if (
 1046              		.loc 1 354 2 view .LVU261
 1047              		.loc 1 354 5 is_stmt 0 view .LVU262
 1048 000a 7F28     		cmp	r0, #127
 1049 000c 23D8     		bhi	.L93
 1050 000e 0546     		mov	r5, r0
 1051 0010 0F46     		mov	r7, r1
 1052 0012 9046     		mov	r8, r2
 1053 0014 1E46     		mov	r6, r3
 355:Core/Src/display.c **** 		x >= SSD1306_WIDTH ||
ARM GAS  /tmp/ccd76LHI.s 			page 27


 1054              		.loc 1 355 22 view .LVU263
 1055 0016 1F29     		cmp	r1, #31
 1056 0018 1DD8     		bhi	.L93
 356:Core/Src/display.c **** 		y >= SSD1306_HEIGHT
 357:Core/Src/display.c **** 	) {
 358:Core/Src/display.c **** 		/* Return error */
 359:Core/Src/display.c **** 		return;
 360:Core/Src/display.c **** 	}
 361:Core/Src/display.c **** 	
 362:Core/Src/display.c **** 	/* Check width and height */
 363:Core/Src/display.c **** 	if ((x + w) >= SSD1306_WIDTH) {
 1057              		.loc 1 363 2 is_stmt 1 view .LVU264
 1058              		.loc 1 363 9 is_stmt 0 view .LVU265
 1059 001a 8318     		adds	r3, r0, r2
 1060              	.LVL109:
 1061              		.loc 1 363 5 view .LVU266
 1062 001c 7F2B     		cmp	r3, #127
 1063 001e 03DD     		ble	.L95
 364:Core/Src/display.c **** 		w = SSD1306_WIDTH - x;
 1064              		.loc 1 364 3 is_stmt 1 view .LVU267
 1065              		.loc 1 364 5 is_stmt 0 view .LVU268
 1066 0020 C0F18008 		rsb	r8, r0, #128
 1067 0024 1FFA88F8 		uxth	r8, r8
 1068              	.LVL110:
 1069              	.L95:
 365:Core/Src/display.c **** 	}
 366:Core/Src/display.c **** 	if ((y + h) >= SSD1306_HEIGHT) {
 1070              		.loc 1 366 2 is_stmt 1 view .LVU269
 1071              		.loc 1 366 9 is_stmt 0 view .LVU270
 1072 0028 BB19     		adds	r3, r7, r6
 1073              		.loc 1 366 5 view .LVU271
 1074 002a 1F2B     		cmp	r3, #31
 1075 002c 02DD     		ble	.L96
 367:Core/Src/display.c **** 		h = SSD1306_HEIGHT - y;
 1076              		.loc 1 367 3 is_stmt 1 view .LVU272
 1077              		.loc 1 367 5 is_stmt 0 view .LVU273
 1078 002e C7F12006 		rsb	r6, r7, #32
 1079              	.LVL111:
 1080              		.loc 1 367 5 view .LVU274
 1081 0032 B6B2     		uxth	r6, r6
 1082              	.LVL112:
 1083              	.L96:
 368:Core/Src/display.c **** 	}
 369:Core/Src/display.c **** 	
 370:Core/Src/display.c **** 	/* Draw lines */
 371:Core/Src/display.c **** 	for (i = 0; i <= h; i++) {
 1084              		.loc 1 371 2 is_stmt 1 view .LVU275
 1085              		.loc 1 371 9 is_stmt 0 view .LVU276
 1086 0034 0024     		movs	r4, #0
 1087              		.loc 1 371 2 view .LVU277
 1088 0036 0CE0     		b	.L97
 1089              	.LVL113:
 1090              	.L98:
 372:Core/Src/display.c **** 		/* Draw lines */
 373:Core/Src/display.c **** 		SSD1306_DrawLine(x, y + i, x + w, y + i, c);
 1091              		.loc 1 373 3 is_stmt 1 view .LVU278
 1092 0038 E119     		adds	r1, r4, r7
ARM GAS  /tmp/ccd76LHI.s 			page 28


 1093 003a 89B2     		uxth	r1, r1
 1094 003c 08EB0502 		add	r2, r8, r5
 1095 0040 CDF80090 		str	r9, [sp]
 1096 0044 0B46     		mov	r3, r1
 1097 0046 92B2     		uxth	r2, r2
 1098 0048 2846     		mov	r0, r5
 1099 004a FFF7FEFF 		bl	SSD1306_DrawLine
 1100              	.LVL114:
 371:Core/Src/display.c **** 		/* Draw lines */
 1101              		.loc 1 371 23 discriminator 3 view .LVU279
 1102 004e 0134     		adds	r4, r4, #1
 1103              	.LVL115:
 371:Core/Src/display.c **** 		/* Draw lines */
 1104              		.loc 1 371 23 is_stmt 0 discriminator 3 view .LVU280
 1105 0050 E4B2     		uxtb	r4, r4
 1106              	.LVL116:
 1107              	.L97:
 371:Core/Src/display.c **** 		/* Draw lines */
 1108              		.loc 1 371 16 is_stmt 1 discriminator 1 view .LVU281
 1109 0052 B442     		cmp	r4, r6
 1110 0054 F0D9     		bls	.L98
 1111              	.LVL117:
 1112              	.L93:
 374:Core/Src/display.c **** 	}
 375:Core/Src/display.c **** }
 1113              		.loc 1 375 1 is_stmt 0 view .LVU282
 1114 0056 03B0     		add	sp, sp, #12
 1115              		.cfi_def_cfa_offset 28
 1116              		@ sp needed
 1117 0058 BDE8F083 		pop	{r4, r5, r6, r7, r8, r9, pc}
 1118              		.loc 1 375 1 view .LVU283
 1119              		.cfi_endproc
 1120              	.LFE304:
 1122              		.section	.text.SSD1306_DrawTriangle,"ax",%progbits
 1123              		.align	1
 1124              		.global	SSD1306_DrawTriangle
 1125              		.syntax unified
 1126              		.thumb
 1127              		.thumb_func
 1129              	SSD1306_DrawTriangle:
 1130              	.LVL118:
 1131              	.LFB305:
 376:Core/Src/display.c **** void SSD1306_DrawTriangle(uint16_t x1, uint16_t y1, uint16_t x2, uint16_t y2, uint16_t x3, uint16_t
 1132              		.loc 1 376 128 is_stmt 1 view -0
 1133              		.cfi_startproc
 1134              		@ args = 12, pretend = 0, frame = 0
 1135              		@ frame_needed = 0, uses_anonymous_args = 0
 1136              		.loc 1 376 128 is_stmt 0 view .LVU285
 1137 0000 2DE9F047 		push	{r4, r5, r6, r7, r8, r9, r10, lr}
 1138              		.cfi_def_cfa_offset 32
 1139              		.cfi_offset 4, -32
 1140              		.cfi_offset 5, -28
 1141              		.cfi_offset 6, -24
 1142              		.cfi_offset 7, -20
 1143              		.cfi_offset 8, -16
 1144              		.cfi_offset 9, -12
 1145              		.cfi_offset 10, -8
ARM GAS  /tmp/ccd76LHI.s 			page 29


 1146              		.cfi_offset 14, -4
 1147 0004 82B0     		sub	sp, sp, #8
 1148              		.cfi_def_cfa_offset 40
 1149 0006 0446     		mov	r4, r0
 1150 0008 0D46     		mov	r5, r1
 1151 000a 1746     		mov	r7, r2
 1152 000c 9846     		mov	r8, r3
 1153 000e BDF82890 		ldrh	r9, [sp, #40]
 1154 0012 BDF82CA0 		ldrh	r10, [sp, #44]
 1155 0016 9DF83060 		ldrb	r6, [sp, #48]	@ zero_extendqisi2
 377:Core/Src/display.c **** 	/* Draw lines */
 378:Core/Src/display.c **** 	SSD1306_DrawLine(x1, y1, x2, y2, color);
 1156              		.loc 1 378 2 is_stmt 1 view .LVU286
 1157 001a 0096     		str	r6, [sp]
 1158 001c FFF7FEFF 		bl	SSD1306_DrawLine
 1159              	.LVL119:
 379:Core/Src/display.c **** 	SSD1306_DrawLine(x2, y2, x3, y3, color);
 1160              		.loc 1 379 2 view .LVU287
 1161 0020 0096     		str	r6, [sp]
 1162 0022 5346     		mov	r3, r10
 1163 0024 4A46     		mov	r2, r9
 1164 0026 4146     		mov	r1, r8
 1165 0028 3846     		mov	r0, r7
 1166 002a FFF7FEFF 		bl	SSD1306_DrawLine
 1167              	.LVL120:
 380:Core/Src/display.c **** 	SSD1306_DrawLine(x3, y3, x1, y1, color);
 1168              		.loc 1 380 2 view .LVU288
 1169 002e 0096     		str	r6, [sp]
 1170 0030 2B46     		mov	r3, r5
 1171 0032 2246     		mov	r2, r4
 1172 0034 5146     		mov	r1, r10
 1173 0036 4846     		mov	r0, r9
 1174 0038 FFF7FEFF 		bl	SSD1306_DrawLine
 1175              	.LVL121:
 381:Core/Src/display.c **** }
 1176              		.loc 1 381 1 is_stmt 0 view .LVU289
 1177 003c 02B0     		add	sp, sp, #8
 1178              		.cfi_def_cfa_offset 32
 1179              		@ sp needed
 1180 003e BDE8F087 		pop	{r4, r5, r6, r7, r8, r9, r10, pc}
 1181              		.loc 1 381 1 view .LVU290
 1182              		.cfi_endproc
 1183              	.LFE305:
 1185              		.section	.text.SSD1306_DrawFilledTriangle,"ax",%progbits
 1186              		.align	1
 1187              		.global	SSD1306_DrawFilledTriangle
 1188              		.syntax unified
 1189              		.thumb
 1190              		.thumb_func
 1192              	SSD1306_DrawFilledTriangle:
 1193              	.LVL122:
 1194              	.LFB306:
 382:Core/Src/display.c **** void SSD1306_DrawFilledTriangle(uint16_t x1, uint16_t y1, uint16_t x2, uint16_t y2, uint16_t x3, ui
 1195              		.loc 1 382 134 is_stmt 1 view -0
 1196              		.cfi_startproc
 1197              		@ args = 12, pretend = 0, frame = 32
 1198              		@ frame_needed = 0, uses_anonymous_args = 0
ARM GAS  /tmp/ccd76LHI.s 			page 30


 1199              		.loc 1 382 134 is_stmt 0 view .LVU292
 1200 0000 2DE9F04F 		push	{r4, r5, r6, r7, r8, r9, r10, fp, lr}
 1201              		.cfi_def_cfa_offset 36
 1202              		.cfi_offset 4, -36
 1203              		.cfi_offset 5, -32
 1204              		.cfi_offset 6, -28
 1205              		.cfi_offset 7, -24
 1206              		.cfi_offset 8, -20
 1207              		.cfi_offset 9, -16
 1208              		.cfi_offset 10, -12
 1209              		.cfi_offset 11, -8
 1210              		.cfi_offset 14, -4
 1211 0004 8BB0     		sub	sp, sp, #44
 1212              		.cfi_def_cfa_offset 80
 1213 0006 0746     		mov	r7, r0
 1214 0008 0D46     		mov	r5, r1
 1215 000a 9146     		mov	r9, r2
 1216 000c 9846     		mov	r8, r3
 1217 000e BDF85030 		ldrh	r3, [sp, #80]
 1218              	.LVL123:
 1219              		.loc 1 382 134 view .LVU293
 1220 0012 0593     		str	r3, [sp, #20]
 1221 0014 BDF85430 		ldrh	r3, [sp, #84]
 1222 0018 0693     		str	r3, [sp, #24]
 1223 001a 9DF85830 		ldrb	r3, [sp, #88]	@ zero_extendqisi2
 1224 001e 0793     		str	r3, [sp, #28]
 383:Core/Src/display.c **** 	int16_t deltax = 0, deltay = 0, x = 0, y = 0, xinc1 = 0, xinc2 = 0, 
 1225              		.loc 1 383 2 is_stmt 1 view .LVU294
 1226              	.LVL124:
 384:Core/Src/display.c **** 	yinc1 = 0, yinc2 = 0, den = 0, num = 0, numadd = 0, numpixels = 0, 
 385:Core/Src/display.c **** 	curpixel = 0;
 386:Core/Src/display.c **** 	
 387:Core/Src/display.c **** 	deltax = ABS(x2 - x1);
 1227              		.loc 1 387 2 view .LVU295
 1228              		.loc 1 387 11 is_stmt 0 view .LVU296
 1229 0020 101A     		subs	r0, r2, r0
 1230              	.LVL125:
 1231              		.loc 1 387 11 view .LVU297
 1232 0022 FFF7FEFF 		bl	ABS
 1233              	.LVL126:
 1234              		.loc 1 387 9 discriminator 1 view .LVU298
 1235 0026 0FFA80FA 		sxth	r10, r0
 1236              	.LVL127:
 388:Core/Src/display.c **** 	deltay = ABS(y2 - y1);
 1237              		.loc 1 388 2 is_stmt 1 view .LVU299
 1238              		.loc 1 388 11 is_stmt 0 view .LVU300
 1239 002a A8EB0500 		sub	r0, r8, r5
 1240 002e FFF7FEFF 		bl	ABS
 1241              	.LVL128:
 1242              		.loc 1 388 9 discriminator 1 view .LVU301
 1243 0032 0FFA80FB 		sxth	fp, r0
 1244              	.LVL129:
 389:Core/Src/display.c **** 	x = x1;
 1245              		.loc 1 389 2 is_stmt 1 view .LVU302
 1246              		.loc 1 389 4 is_stmt 0 view .LVU303
 1247 0036 3CB2     		sxth	r4, r7
 1248              	.LVL130:
ARM GAS  /tmp/ccd76LHI.s 			page 31


 390:Core/Src/display.c **** 	y = y1;
 1249              		.loc 1 390 2 is_stmt 1 view .LVU304
 1250              		.loc 1 390 4 is_stmt 0 view .LVU305
 1251 0038 2EB2     		sxth	r6, r5
 1252              	.LVL131:
 391:Core/Src/display.c **** 
 392:Core/Src/display.c **** 	if (x2 >= x1) {
 1253              		.loc 1 392 2 is_stmt 1 view .LVU306
 1254              		.loc 1 392 5 is_stmt 0 view .LVU307
 1255 003a B945     		cmp	r9, r7
 1256 003c 13D3     		bcc	.L110
 393:Core/Src/display.c **** 		xinc1 = 1;
 1257              		.loc 1 393 9 view .LVU308
 1258 003e 0123     		movs	r3, #1
 1259 0040 0893     		str	r3, [sp, #32]
 1260              	.L103:
 1261              	.LVL132:
 394:Core/Src/display.c **** 		xinc2 = 1;
 395:Core/Src/display.c **** 	} else {
 396:Core/Src/display.c **** 		xinc1 = -1;
 397:Core/Src/display.c **** 		xinc2 = -1;
 398:Core/Src/display.c **** 	}
 399:Core/Src/display.c **** 
 400:Core/Src/display.c **** 	if (y2 >= y1) {
 1262              		.loc 1 400 2 is_stmt 1 view .LVU309
 1263              		.loc 1 400 5 is_stmt 0 view .LVU310
 1264 0042 A845     		cmp	r8, r5
 1265 0044 13D3     		bcc	.L111
 401:Core/Src/display.c **** 		yinc1 = 1;
 1266              		.loc 1 401 9 view .LVU311
 1267 0046 0123     		movs	r3, #1
 1268 0048 0993     		str	r3, [sp, #36]
 1269              	.L104:
 1270              	.LVL133:
 402:Core/Src/display.c **** 		yinc2 = 1;
 403:Core/Src/display.c **** 	} else {
 404:Core/Src/display.c **** 		yinc1 = -1;
 405:Core/Src/display.c **** 		yinc2 = -1;
 406:Core/Src/display.c **** 	}
 407:Core/Src/display.c **** 
 408:Core/Src/display.c **** 	if (deltax >= deltay){
 1271              		.loc 1 408 2 is_stmt 1 view .LVU312
 1272              		.loc 1 408 5 is_stmt 0 view .LVU313
 1273 004a DA45     		cmp	r10, fp
 1274 004c 13DB     		blt	.L105
 409:Core/Src/display.c **** 		xinc1 = 0;
 1275              		.loc 1 409 3 is_stmt 1 view .LVU314
 1276              	.LVL134:
 410:Core/Src/display.c **** 		yinc2 = 0;
 1277              		.loc 1 410 3 view .LVU315
 411:Core/Src/display.c **** 		den = deltax;
 1278              		.loc 1 411 3 view .LVU316
 412:Core/Src/display.c **** 		num = deltax / 2;
 1279              		.loc 1 412 3 view .LVU317
 1280              		.loc 1 412 7 is_stmt 0 view .LVU318
 1281 004e 0AEBDA78 		add	r8, r10, r10, lsr #31
 1282              	.LVL135:
ARM GAS  /tmp/ccd76LHI.s 			page 32


 1283              		.loc 1 412 7 view .LVU319
 1284 0052 48F34F08 		sbfx	r8, r8, #1, #16
 1285              	.LVL136:
 413:Core/Src/display.c **** 		numadd = deltay;
 1286              		.loc 1 413 3 is_stmt 1 view .LVU320
 414:Core/Src/display.c **** 		numpixels = deltax;
 1287              		.loc 1 414 3 view .LVU321
 1288              		.loc 1 414 3 is_stmt 0 view .LVU322
 1289 0056 089B     		ldr	r3, [sp, #32]
 1290 0058 0393     		str	r3, [sp, #12]
 410:Core/Src/display.c **** 		den = deltax;
 1291              		.loc 1 410 9 view .LVU323
 1292 005a 0023     		movs	r3, #0
 1293 005c 0893     		str	r3, [sp, #32]
 1294              	.LVL137:
 409:Core/Src/display.c **** 		yinc2 = 0;
 1295              		.loc 1 409 9 view .LVU324
 1296 005e 0493     		str	r3, [sp, #16]
 1297              	.LVL138:
 1298              	.L106:
 415:Core/Src/display.c **** 	} else {
 416:Core/Src/display.c **** 		xinc2 = 0;
 417:Core/Src/display.c **** 		yinc1 = 0;
 418:Core/Src/display.c **** 		den = deltay;
 419:Core/Src/display.c **** 		num = deltay / 2;
 420:Core/Src/display.c **** 		numadd = deltax;
 421:Core/Src/display.c **** 		numpixels = deltay;
 422:Core/Src/display.c **** 	}
 423:Core/Src/display.c **** 
 424:Core/Src/display.c **** 	for (curpixel = 0; curpixel <= numpixels; curpixel++) {
 1299              		.loc 1 424 2 is_stmt 1 view .LVU325
 1300              		.loc 1 424 16 is_stmt 0 view .LVU326
 1301 0060 4FF00009 		mov	r9, #0
 1302              	.LVL139:
 1303              		.loc 1 424 2 view .LVU327
 1304 0064 1EE0     		b	.L107
 1305              	.LVL140:
 1306              	.L110:
 396:Core/Src/display.c **** 		xinc2 = -1;
 1307              		.loc 1 396 9 view .LVU328
 1308 0066 4FF0FF33 		mov	r3, #-1
 1309 006a 0893     		str	r3, [sp, #32]
 1310 006c E9E7     		b	.L103
 1311              	.LVL141:
 1312              	.L111:
 404:Core/Src/display.c **** 		yinc2 = -1;
 1313              		.loc 1 404 9 view .LVU329
 1314 006e 4FF0FF33 		mov	r3, #-1
 1315 0072 0993     		str	r3, [sp, #36]
 1316 0074 E9E7     		b	.L104
 1317              	.LVL142:
 1318              	.L105:
 416:Core/Src/display.c **** 		yinc1 = 0;
 1319              		.loc 1 416 3 is_stmt 1 view .LVU330
 417:Core/Src/display.c **** 		den = deltay;
 1320              		.loc 1 417 3 view .LVU331
 418:Core/Src/display.c **** 		num = deltay / 2;
ARM GAS  /tmp/ccd76LHI.s 			page 33


 1321              		.loc 1 418 3 view .LVU332
 419:Core/Src/display.c **** 		numadd = deltax;
 1322              		.loc 1 419 3 view .LVU333
 419:Core/Src/display.c **** 		numadd = deltax;
 1323              		.loc 1 419 7 is_stmt 0 view .LVU334
 1324 0076 0BEBDB78 		add	r8, fp, fp, lsr #31
 1325 007a 48F34F08 		sbfx	r8, r8, #1, #16
 1326              	.LVL143:
 420:Core/Src/display.c **** 		numpixels = deltay;
 1327              		.loc 1 420 3 is_stmt 1 view .LVU335
 421:Core/Src/display.c **** 	}
 1328              		.loc 1 421 3 view .LVU336
 419:Core/Src/display.c **** 		numadd = deltax;
 1329              		.loc 1 419 7 is_stmt 0 view .LVU337
 1330 007e 5346     		mov	r3, r10
 418:Core/Src/display.c **** 		num = deltay / 2;
 1331              		.loc 1 418 7 view .LVU338
 1332 0080 DA46     		mov	r10, fp
 1333              	.LVL144:
 420:Core/Src/display.c **** 		numpixels = deltay;
 1334              		.loc 1 420 10 view .LVU339
 1335 0082 9B46     		mov	fp, r3
 1336              	.LVL145:
 419:Core/Src/display.c **** 		numadd = deltax;
 1337              		.loc 1 419 7 view .LVU340
 1338 0084 099B     		ldr	r3, [sp, #36]
 1339              	.LVL146:
 419:Core/Src/display.c **** 		numadd = deltax;
 1340              		.loc 1 419 7 view .LVU341
 1341 0086 0493     		str	r3, [sp, #16]
 417:Core/Src/display.c **** 		den = deltay;
 1342              		.loc 1 417 9 view .LVU342
 1343 0088 0023     		movs	r3, #0
 1344 008a 0993     		str	r3, [sp, #36]
 1345              	.LVL147:
 416:Core/Src/display.c **** 		yinc1 = 0;
 1346              		.loc 1 416 9 view .LVU343
 1347 008c 0393     		str	r3, [sp, #12]
 1348 008e E7E7     		b	.L106
 1349              	.LVL148:
 1350              	.L108:
 425:Core/Src/display.c **** 		SSD1306_DrawLine(x, y, x3, y3, color);
 426:Core/Src/display.c **** 
 427:Core/Src/display.c **** 		num += numadd;
 428:Core/Src/display.c **** 		if (num >= den) {
 429:Core/Src/display.c **** 			num -= den;
 430:Core/Src/display.c **** 			x += xinc1;
 431:Core/Src/display.c **** 			y += yinc1;
 432:Core/Src/display.c **** 		}
 433:Core/Src/display.c **** 		x += xinc2;
 1351              		.loc 1 433 3 is_stmt 1 view .LVU344
 1352              		.loc 1 433 5 is_stmt 0 view .LVU345
 1353 0090 039B     		ldr	r3, [sp, #12]
 1354 0092 1C44     		add	r4, r4, r3
 1355              	.LVL149:
 1356              		.loc 1 433 5 view .LVU346
 1357 0094 24B2     		sxth	r4, r4
ARM GAS  /tmp/ccd76LHI.s 			page 34


 1358              	.LVL150:
 434:Core/Src/display.c **** 		y += yinc2;
 1359              		.loc 1 434 3 is_stmt 1 view .LVU347
 1360              		.loc 1 434 5 is_stmt 0 view .LVU348
 1361 0096 049B     		ldr	r3, [sp, #16]
 1362 0098 1E44     		add	r6, r6, r3
 1363              	.LVL151:
 1364              		.loc 1 434 5 view .LVU349
 1365 009a 36B2     		sxth	r6, r6
 1366              	.LVL152:
 424:Core/Src/display.c **** 		SSD1306_DrawLine(x, y, x3, y3, color);
 1367              		.loc 1 424 52 is_stmt 1 discriminator 2 view .LVU350
 1368 009c 09F10109 		add	r9, r9, #1
 1369              	.LVL153:
 424:Core/Src/display.c **** 		SSD1306_DrawLine(x, y, x3, y3, color);
 1370              		.loc 1 424 52 is_stmt 0 discriminator 2 view .LVU351
 1371 00a0 0FFA89F9 		sxth	r9, r9
 1372              	.LVL154:
 1373              	.L107:
 424:Core/Src/display.c **** 		SSD1306_DrawLine(x, y, x3, y3, color);
 1374              		.loc 1 424 30 is_stmt 1 discriminator 1 view .LVU352
 1375 00a4 CA45     		cmp	r10, r9
 1376 00a6 1BDB     		blt	.L113
 425:Core/Src/display.c **** 		SSD1306_DrawLine(x, y, x3, y3, color);
 1377              		.loc 1 425 3 view .LVU353
 1378 00a8 A7B2     		uxth	r7, r4
 1379 00aa B5B2     		uxth	r5, r6
 1380 00ac 079B     		ldr	r3, [sp, #28]
 1381 00ae 0093     		str	r3, [sp]
 1382 00b0 069B     		ldr	r3, [sp, #24]
 1383 00b2 059A     		ldr	r2, [sp, #20]
 1384 00b4 2946     		mov	r1, r5
 1385 00b6 3846     		mov	r0, r7
 1386 00b8 FFF7FEFF 		bl	SSD1306_DrawLine
 1387              	.LVL155:
 427:Core/Src/display.c **** 		if (num >= den) {
 1388              		.loc 1 427 3 view .LVU354
 427:Core/Src/display.c **** 		if (num >= den) {
 1389              		.loc 1 427 7 is_stmt 0 view .LVU355
 1390 00bc D844     		add	r8, r8, fp
 1391              	.LVL156:
 427:Core/Src/display.c **** 		if (num >= den) {
 1392              		.loc 1 427 7 view .LVU356
 1393 00be 1FFA88F3 		uxth	r3, r8
 1394 00c2 0FFA88F8 		sxth	r8, r8
 1395              	.LVL157:
 428:Core/Src/display.c **** 			num -= den;
 1396              		.loc 1 428 3 is_stmt 1 view .LVU357
 428:Core/Src/display.c **** 			num -= den;
 1397              		.loc 1 428 6 is_stmt 0 view .LVU358
 1398 00c6 C245     		cmp	r10, r8
 1399 00c8 E2DC     		bgt	.L108
 429:Core/Src/display.c **** 			x += xinc1;
 1400              		.loc 1 429 4 is_stmt 1 view .LVU359
 429:Core/Src/display.c **** 			x += xinc1;
 1401              		.loc 1 429 8 is_stmt 0 view .LVU360
 1402 00ca A3EB0A03 		sub	r3, r3, r10
ARM GAS  /tmp/ccd76LHI.s 			page 35


 1403 00ce 0FFA83F8 		sxth	r8, r3
 1404              	.LVL158:
 430:Core/Src/display.c **** 			y += yinc1;
 1405              		.loc 1 430 4 is_stmt 1 view .LVU361
 430:Core/Src/display.c **** 			y += yinc1;
 1406              		.loc 1 430 6 is_stmt 0 view .LVU362
 1407 00d2 089B     		ldr	r3, [sp, #32]
 1408 00d4 1F44     		add	r7, r7, r3
 1409 00d6 3CB2     		sxth	r4, r7
 1410              	.LVL159:
 431:Core/Src/display.c **** 		}
 1411              		.loc 1 431 4 is_stmt 1 view .LVU363
 431:Core/Src/display.c **** 		}
 1412              		.loc 1 431 6 is_stmt 0 view .LVU364
 1413 00d8 099B     		ldr	r3, [sp, #36]
 1414 00da 1D44     		add	r5, r5, r3
 1415 00dc 2EB2     		sxth	r6, r5
 1416              	.LVL160:
 431:Core/Src/display.c **** 		}
 1417              		.loc 1 431 6 view .LVU365
 1418 00de D7E7     		b	.L108
 1419              	.L113:
 435:Core/Src/display.c **** 	}
 436:Core/Src/display.c **** }
 1420              		.loc 1 436 1 view .LVU366
 1421 00e0 0BB0     		add	sp, sp, #44
 1422              		.cfi_def_cfa_offset 36
 1423              		@ sp needed
 1424 00e2 BDE8F08F 		pop	{r4, r5, r6, r7, r8, r9, r10, fp, pc}
 1425              		.loc 1 436 1 view .LVU367
 1426              		.cfi_endproc
 1427              	.LFE306:
 1429              		.section	.text.SSD1306_DrawCircle,"ax",%progbits
 1430              		.align	1
 1431              		.global	SSD1306_DrawCircle
 1432              		.syntax unified
 1433              		.thumb
 1434              		.thumb_func
 1436              	SSD1306_DrawCircle:
 1437              	.LVL161:
 1438              	.LFB307:
 437:Core/Src/display.c **** void SSD1306_DrawCircle(int16_t x0, int16_t y0, int16_t r, SSD1306_COLOR_t c) {
 1439              		.loc 1 437 79 is_stmt 1 view -0
 1440              		.cfi_startproc
 1441              		@ args = 0, pretend = 0, frame = 24
 1442              		@ frame_needed = 0, uses_anonymous_args = 0
 1443              		.loc 1 437 79 is_stmt 0 view .LVU369
 1444 0000 2DE9F04F 		push	{r4, r5, r6, r7, r8, r9, r10, fp, lr}
 1445              		.cfi_def_cfa_offset 36
 1446              		.cfi_offset 4, -36
 1447              		.cfi_offset 5, -32
 1448              		.cfi_offset 6, -28
 1449              		.cfi_offset 7, -24
 1450              		.cfi_offset 8, -20
 1451              		.cfi_offset 9, -16
 1452              		.cfi_offset 10, -12
 1453              		.cfi_offset 11, -8
ARM GAS  /tmp/ccd76LHI.s 			page 36


 1454              		.cfi_offset 14, -4
 1455 0004 87B0     		sub	sp, sp, #28
 1456              		.cfi_def_cfa_offset 64
 1457 0006 0192     		str	r2, [sp, #4]
 1458 0008 1E46     		mov	r6, r3
 438:Core/Src/display.c **** 	int16_t f = 1 - r;
 1459              		.loc 1 438 2 is_stmt 1 view .LVU370
 1460              		.loc 1 438 16 is_stmt 0 view .LVU371
 1461 000a 94B2     		uxth	r4, r2
 1462 000c C4F10103 		rsb	r3, r4, #1
 1463              	.LVL162:
 1464              		.loc 1 438 10 view .LVU372
 1465 0010 0FFA83F9 		sxth	r9, r3
 1466              	.LVL163:
 439:Core/Src/display.c **** 	int16_t ddF_x = 1;
 1467              		.loc 1 439 2 is_stmt 1 view .LVU373
 440:Core/Src/display.c **** 	int16_t ddF_y = -2 * r;
 1468              		.loc 1 440 2 view .LVU374
 1469              		.loc 1 440 21 is_stmt 0 view .LVU375
 1470 0014 C4EBC433 		rsb	r3, r4, r4, lsl #15
 1471 0018 5B00     		lsls	r3, r3, #1
 1472              		.loc 1 440 10 view .LVU376
 1473 001a 1BB2     		sxth	r3, r3
 1474 001c 0593     		str	r3, [sp, #20]
 1475              	.LVL164:
 441:Core/Src/display.c **** 	int16_t x = 0;
 1476              		.loc 1 441 2 is_stmt 1 view .LVU377
 442:Core/Src/display.c **** 	int16_t y = r;
 1477              		.loc 1 442 2 view .LVU378
 443:Core/Src/display.c **** 
 444:Core/Src/display.c ****     SSD1306_DrawPixel(x0, y0 + r, c);
 1478              		.loc 1 444 5 view .LVU379
 1479 001e 1FFA80FB 		uxth	fp, r0
 1480 0022 1FFA81FA 		uxth	r10, r1
 1481 0026 04EB0A01 		add	r1, r4, r10
 1482              	.LVL165:
 1483              		.loc 1 444 5 is_stmt 0 view .LVU380
 1484 002a 3246     		mov	r2, r6
 1485              	.LVL166:
 1486              		.loc 1 444 5 view .LVU381
 1487 002c 89B2     		uxth	r1, r1
 1488 002e 5846     		mov	r0, fp
 1489              		.loc 1 444 5 view .LVU382
 1490 0030 FFF7FEFF 		bl	SSD1306_DrawPixel
 1491              	.LVL167:
 445:Core/Src/display.c ****     SSD1306_DrawPixel(x0, y0 - r, c);
 1492              		.loc 1 445 5 is_stmt 1 view .LVU383
 1493 0034 AAEB0401 		sub	r1, r10, r4
 1494 0038 3246     		mov	r2, r6
 1495 003a 89B2     		uxth	r1, r1
 1496 003c 5846     		mov	r0, fp
 1497 003e FFF7FEFF 		bl	SSD1306_DrawPixel
 1498              	.LVL168:
 446:Core/Src/display.c ****     SSD1306_DrawPixel(x0 + r, y0, c);
 1499              		.loc 1 446 5 view .LVU384
 1500 0042 04EB0B00 		add	r0, r4, fp
 1501 0046 3246     		mov	r2, r6
ARM GAS  /tmp/ccd76LHI.s 			page 37


 1502 0048 5146     		mov	r1, r10
 1503 004a 80B2     		uxth	r0, r0
 1504 004c FFF7FEFF 		bl	SSD1306_DrawPixel
 1505              	.LVL169:
 447:Core/Src/display.c ****     SSD1306_DrawPixel(x0 - r, y0, c);
 1506              		.loc 1 447 5 view .LVU385
 1507 0050 ABEB0400 		sub	r0, fp, r4
 1508 0054 3246     		mov	r2, r6
 1509 0056 5146     		mov	r1, r10
 1510 0058 80B2     		uxth	r0, r0
 1511 005a FFF7FEFF 		bl	SSD1306_DrawPixel
 1512              	.LVL170:
 448:Core/Src/display.c **** 
 449:Core/Src/display.c ****     while (x < y) {
 1513              		.loc 1 449 5 view .LVU386
 441:Core/Src/display.c **** 	int16_t y = r;
 1514              		.loc 1 441 10 is_stmt 0 view .LVU387
 1515 005e 0023     		movs	r3, #0
 1516 0060 0293     		str	r3, [sp, #8]
 439:Core/Src/display.c **** 	int16_t ddF_y = -2 * r;
 1517              		.loc 1 439 10 view .LVU388
 1518 0062 0123     		movs	r3, #1
 1519 0064 0393     		str	r3, [sp, #12]
 1520              		.loc 1 449 11 view .LVU389
 1521 0066 5EE0     		b	.L115
 1522              	.LVL171:
 1523              	.L120:
 450:Core/Src/display.c ****         if (f >= 0) {
 451:Core/Src/display.c ****             y--;
 1524              		.loc 1 451 13 is_stmt 1 view .LVU390
 1525              		.loc 1 451 14 is_stmt 0 view .LVU391
 1526 0068 019B     		ldr	r3, [sp, #4]
 1527 006a 013B     		subs	r3, r3, #1
 1528 006c 1BB2     		sxth	r3, r3
 1529 006e 0193     		str	r3, [sp, #4]
 1530              	.LVL172:
 452:Core/Src/display.c ****             ddF_y += 2;
 1531              		.loc 1 452 13 is_stmt 1 view .LVU392
 1532              		.loc 1 452 19 is_stmt 0 view .LVU393
 1533 0070 059B     		ldr	r3, [sp, #20]
 1534 0072 0233     		adds	r3, r3, #2
 1535 0074 1AB2     		sxth	r2, r3
 1536 0076 0592     		str	r2, [sp, #20]
 1537              	.LVL173:
 453:Core/Src/display.c ****             f += ddF_y;
 1538              		.loc 1 453 13 is_stmt 1 view .LVU394
 1539              		.loc 1 453 15 is_stmt 0 view .LVU395
 1540 0078 19FA83F3 		uxtah	r3, r9, r3
 1541 007c 0FFA83F9 		sxth	r9, r3
 1542              	.LVL174:
 1543              	.L116:
 454:Core/Src/display.c ****         }
 455:Core/Src/display.c ****         x++;
 1544              		.loc 1 455 9 is_stmt 1 view .LVU396
 1545              		.loc 1 455 10 is_stmt 0 view .LVU397
 1546 0080 029B     		ldr	r3, [sp, #8]
 1547 0082 0133     		adds	r3, r3, #1
ARM GAS  /tmp/ccd76LHI.s 			page 38


 1548 0084 9DB2     		uxth	r5, r3
 1549 0086 1BB2     		sxth	r3, r3
 1550 0088 0293     		str	r3, [sp, #8]
 1551              	.LVL175:
 456:Core/Src/display.c ****         ddF_x += 2;
 1552              		.loc 1 456 9 is_stmt 1 view .LVU398
 1553              		.loc 1 456 15 is_stmt 0 view .LVU399
 1554 008a 039B     		ldr	r3, [sp, #12]
 1555 008c 0233     		adds	r3, r3, #2
 1556 008e 1AB2     		sxth	r2, r3
 1557 0090 0392     		str	r2, [sp, #12]
 1558              	.LVL176:
 457:Core/Src/display.c ****         f += ddF_x;
 1559              		.loc 1 457 9 is_stmt 1 view .LVU400
 1560              		.loc 1 457 11 is_stmt 0 view .LVU401
 1561 0092 19FA83F3 		uxtah	r3, r9, r3
 1562 0096 0FFA83F9 		sxth	r9, r3
 1563              	.LVL177:
 458:Core/Src/display.c **** 
 459:Core/Src/display.c ****         SSD1306_DrawPixel(x0 + x, y0 + y, c);
 1564              		.loc 1 459 9 is_stmt 1 view .LVU402
 1565 009a 0BEB0503 		add	r3, fp, r5
 1566 009e 9BB2     		uxth	r3, r3
 1567 00a0 BDF80440 		ldrh	r4, [sp, #4]
 1568 00a4 0AEB0408 		add	r8, r10, r4
 1569 00a8 1FFA88F8 		uxth	r8, r8
 1570 00ac 3246     		mov	r2, r6
 1571 00ae 4146     		mov	r1, r8
 1572 00b0 0493     		str	r3, [sp, #16]
 1573 00b2 1846     		mov	r0, r3
 1574 00b4 FFF7FEFF 		bl	SSD1306_DrawPixel
 1575              	.LVL178:
 460:Core/Src/display.c ****         SSD1306_DrawPixel(x0 - x, y0 + y, c);
 1576              		.loc 1 460 9 view .LVU403
 1577 00b8 ABEB0507 		sub	r7, fp, r5
 1578 00bc BFB2     		uxth	r7, r7
 1579 00be 3246     		mov	r2, r6
 1580 00c0 4146     		mov	r1, r8
 1581 00c2 3846     		mov	r0, r7
 1582 00c4 FFF7FEFF 		bl	SSD1306_DrawPixel
 1583              	.LVL179:
 461:Core/Src/display.c ****         SSD1306_DrawPixel(x0 + x, y0 - y, c);
 1584              		.loc 1 461 9 view .LVU404
 1585 00c8 AAEB0408 		sub	r8, r10, r4
 1586 00cc 1FFA88F8 		uxth	r8, r8
 1587 00d0 3246     		mov	r2, r6
 1588 00d2 4146     		mov	r1, r8
 1589 00d4 0498     		ldr	r0, [sp, #16]
 1590 00d6 FFF7FEFF 		bl	SSD1306_DrawPixel
 1591              	.LVL180:
 462:Core/Src/display.c ****         SSD1306_DrawPixel(x0 - x, y0 - y, c);
 1592              		.loc 1 462 9 view .LVU405
 1593 00da 3246     		mov	r2, r6
 1594 00dc 4146     		mov	r1, r8
 1595 00de 3846     		mov	r0, r7
 1596 00e0 FFF7FEFF 		bl	SSD1306_DrawPixel
 1597              	.LVL181:
ARM GAS  /tmp/ccd76LHI.s 			page 39


 463:Core/Src/display.c **** 
 464:Core/Src/display.c ****         SSD1306_DrawPixel(x0 + y, y0 + x, c);
 1598              		.loc 1 464 9 view .LVU406
 1599 00e4 0BEB0407 		add	r7, fp, r4
 1600 00e8 BFB2     		uxth	r7, r7
 1601 00ea 0AEB0508 		add	r8, r10, r5
 1602 00ee 1FFA88F8 		uxth	r8, r8
 1603 00f2 3246     		mov	r2, r6
 1604 00f4 4146     		mov	r1, r8
 1605 00f6 3846     		mov	r0, r7
 1606 00f8 FFF7FEFF 		bl	SSD1306_DrawPixel
 1607              	.LVL182:
 465:Core/Src/display.c ****         SSD1306_DrawPixel(x0 - y, y0 + x, c);
 1608              		.loc 1 465 9 view .LVU407
 1609 00fc ABEB0404 		sub	r4, fp, r4
 1610 0100 A4B2     		uxth	r4, r4
 1611 0102 3246     		mov	r2, r6
 1612 0104 4146     		mov	r1, r8
 1613 0106 2046     		mov	r0, r4
 1614 0108 FFF7FEFF 		bl	SSD1306_DrawPixel
 1615              	.LVL183:
 466:Core/Src/display.c ****         SSD1306_DrawPixel(x0 + y, y0 - x, c);
 1616              		.loc 1 466 9 view .LVU408
 1617 010c AAEB0505 		sub	r5, r10, r5
 1618 0110 ADB2     		uxth	r5, r5
 1619 0112 3246     		mov	r2, r6
 1620 0114 2946     		mov	r1, r5
 1621 0116 3846     		mov	r0, r7
 1622 0118 FFF7FEFF 		bl	SSD1306_DrawPixel
 1623              	.LVL184:
 467:Core/Src/display.c ****         SSD1306_DrawPixel(x0 - y, y0 - x, c);
 1624              		.loc 1 467 9 view .LVU409
 1625 011c 3246     		mov	r2, r6
 1626 011e 2946     		mov	r1, r5
 1627 0120 2046     		mov	r0, r4
 1628 0122 FFF7FEFF 		bl	SSD1306_DrawPixel
 1629              	.LVL185:
 1630              	.L115:
 449:Core/Src/display.c ****         if (f >= 0) {
 1631              		.loc 1 449 14 view .LVU410
 1632 0126 029B     		ldr	r3, [sp, #8]
 1633 0128 019A     		ldr	r2, [sp, #4]
 1634 012a 9342     		cmp	r3, r2
 1635 012c 03DA     		bge	.L119
 450:Core/Src/display.c ****             y--;
 1636              		.loc 1 450 9 view .LVU411
 450:Core/Src/display.c ****             y--;
 1637              		.loc 1 450 12 is_stmt 0 view .LVU412
 1638 012e B9F1000F 		cmp	r9, #0
 1639 0132 99DA     		bge	.L120
 1640 0134 A4E7     		b	.L116
 1641              	.L119:
 468:Core/Src/display.c ****     }
 469:Core/Src/display.c **** }
 1642              		.loc 1 469 1 view .LVU413
 1643 0136 07B0     		add	sp, sp, #28
 1644              		.cfi_def_cfa_offset 36
ARM GAS  /tmp/ccd76LHI.s 			page 40


 1645              		@ sp needed
 1646 0138 BDE8F08F 		pop	{r4, r5, r6, r7, r8, r9, r10, fp, pc}
 1647              		.loc 1 469 1 view .LVU414
 1648              		.cfi_endproc
 1649              	.LFE307:
 1651              		.section	.text.SSD1306_DrawFilledCircle,"ax",%progbits
 1652              		.align	1
 1653              		.global	SSD1306_DrawFilledCircle
 1654              		.syntax unified
 1655              		.thumb
 1656              		.thumb_func
 1658              	SSD1306_DrawFilledCircle:
 1659              	.LVL186:
 1660              	.LFB308:
 470:Core/Src/display.c **** void SSD1306_DrawFilledCircle(int16_t x0, int16_t y0, int16_t r, SSD1306_COLOR_t c) {
 1661              		.loc 1 470 85 is_stmt 1 view -0
 1662              		.cfi_startproc
 1663              		@ args = 0, pretend = 0, frame = 16
 1664              		@ frame_needed = 0, uses_anonymous_args = 0
 1665              		.loc 1 470 85 is_stmt 0 view .LVU416
 1666 0000 2DE9F04F 		push	{r4, r5, r6, r7, r8, r9, r10, fp, lr}
 1667              		.cfi_def_cfa_offset 36
 1668              		.cfi_offset 4, -36
 1669              		.cfi_offset 5, -32
 1670              		.cfi_offset 6, -28
 1671              		.cfi_offset 7, -24
 1672              		.cfi_offset 8, -20
 1673              		.cfi_offset 9, -16
 1674              		.cfi_offset 10, -12
 1675              		.cfi_offset 11, -8
 1676              		.cfi_offset 14, -4
 1677 0004 87B0     		sub	sp, sp, #28
 1678              		.cfi_def_cfa_offset 64
 1679 0006 0292     		str	r2, [sp, #8]
 1680 0008 9A46     		mov	r10, r3
 471:Core/Src/display.c **** 	int16_t f = 1 - r;
 1681              		.loc 1 471 2 is_stmt 1 view .LVU417
 1682              		.loc 1 471 16 is_stmt 0 view .LVU418
 1683 000a 95B2     		uxth	r5, r2
 1684 000c C5F10104 		rsb	r4, r5, #1
 1685              		.loc 1 471 10 view .LVU419
 1686 0010 24B2     		sxth	r4, r4
 1687              	.LVL187:
 472:Core/Src/display.c **** 	int16_t ddF_x = 1;
 1688              		.loc 1 472 2 is_stmt 1 view .LVU420
 473:Core/Src/display.c **** 	int16_t ddF_y = -2 * r;
 1689              		.loc 1 473 2 view .LVU421
 1690              		.loc 1 473 21 is_stmt 0 view .LVU422
 1691 0012 C5EBC533 		rsb	r3, r5, r5, lsl #15
 1692              	.LVL188:
 1693              		.loc 1 473 21 view .LVU423
 1694 0016 5B00     		lsls	r3, r3, #1
 1695              		.loc 1 473 10 view .LVU424
 1696 0018 1BB2     		sxth	r3, r3
 1697 001a 0593     		str	r3, [sp, #20]
 1698              	.LVL189:
 474:Core/Src/display.c **** 	int16_t x = 0;
ARM GAS  /tmp/ccd76LHI.s 			page 41


 1699              		.loc 1 474 2 is_stmt 1 view .LVU425
 475:Core/Src/display.c **** 	int16_t y = r;
 1700              		.loc 1 475 2 view .LVU426
 476:Core/Src/display.c **** 
 477:Core/Src/display.c ****     SSD1306_DrawPixel(x0, y0 + r, c);
 1701              		.loc 1 477 5 view .LVU427
 1702 001c 1FFA80FB 		uxth	fp, r0
 1703 0020 8FB2     		uxth	r7, r1
 1704 0022 E919     		adds	r1, r5, r7
 1705              	.LVL190:
 1706              		.loc 1 477 5 is_stmt 0 view .LVU428
 1707 0024 5246     		mov	r2, r10
 1708              	.LVL191:
 1709              		.loc 1 477 5 view .LVU429
 1710 0026 89B2     		uxth	r1, r1
 1711 0028 5846     		mov	r0, fp
 1712              		.loc 1 477 5 view .LVU430
 1713 002a FFF7FEFF 		bl	SSD1306_DrawPixel
 1714              	.LVL192:
 478:Core/Src/display.c ****     SSD1306_DrawPixel(x0, y0 - r, c);
 1715              		.loc 1 478 5 is_stmt 1 view .LVU431
 1716 002e 791B     		subs	r1, r7, r5
 1717 0030 5246     		mov	r2, r10
 1718 0032 89B2     		uxth	r1, r1
 1719 0034 5846     		mov	r0, fp
 1720 0036 FFF7FEFF 		bl	SSD1306_DrawPixel
 1721              	.LVL193:
 479:Core/Src/display.c ****     SSD1306_DrawPixel(x0 + r, y0, c);
 1722              		.loc 1 479 5 view .LVU432
 1723 003a 05EB0B06 		add	r6, r5, fp
 1724 003e B6B2     		uxth	r6, r6
 1725 0040 5246     		mov	r2, r10
 1726 0042 3946     		mov	r1, r7
 1727 0044 3046     		mov	r0, r6
 1728 0046 FFF7FEFF 		bl	SSD1306_DrawPixel
 1729              	.LVL194:
 480:Core/Src/display.c ****     SSD1306_DrawPixel(x0 - r, y0, c);
 1730              		.loc 1 480 5 view .LVU433
 1731 004a ABEB0505 		sub	r5, fp, r5
 1732              	.LVL195:
 1733              		.loc 1 480 5 is_stmt 0 view .LVU434
 1734 004e ADB2     		uxth	r5, r5
 1735 0050 5246     		mov	r2, r10
 1736 0052 3946     		mov	r1, r7
 1737 0054 2846     		mov	r0, r5
 1738 0056 FFF7FEFF 		bl	SSD1306_DrawPixel
 1739              	.LVL196:
 481:Core/Src/display.c ****     SSD1306_DrawLine(x0 - r, y0, x0 + r, y0, c);
 1740              		.loc 1 481 5 is_stmt 1 view .LVU435
 1741 005a CDF800A0 		str	r10, [sp]
 1742 005e 3B46     		mov	r3, r7
 1743 0060 3246     		mov	r2, r6
 1744 0062 3946     		mov	r1, r7
 1745 0064 2846     		mov	r0, r5
 1746 0066 FFF7FEFF 		bl	SSD1306_DrawLine
 1747              	.LVL197:
 482:Core/Src/display.c **** 
ARM GAS  /tmp/ccd76LHI.s 			page 42


 483:Core/Src/display.c ****     while (x < y) {
 1748              		.loc 1 483 5 view .LVU436
 474:Core/Src/display.c **** 	int16_t y = r;
 1749              		.loc 1 474 10 is_stmt 0 view .LVU437
 1750 006a 0023     		movs	r3, #0
 1751 006c 0393     		str	r3, [sp, #12]
 472:Core/Src/display.c **** 	int16_t ddF_y = -2 * r;
 1752              		.loc 1 472 10 view .LVU438
 1753 006e 0123     		movs	r3, #1
 1754 0070 0493     		str	r3, [sp, #16]
 1755              		.loc 1 483 11 view .LVU439
 1756 0072 4BE0     		b	.L122
 1757              	.LVL198:
 1758              	.L127:
 484:Core/Src/display.c ****         if (f >= 0) {
 485:Core/Src/display.c ****             y--;
 1759              		.loc 1 485 13 is_stmt 1 view .LVU440
 1760              		.loc 1 485 14 is_stmt 0 view .LVU441
 1761 0074 029B     		ldr	r3, [sp, #8]
 1762 0076 013B     		subs	r3, r3, #1
 1763 0078 1BB2     		sxth	r3, r3
 1764 007a 0293     		str	r3, [sp, #8]
 1765              	.LVL199:
 486:Core/Src/display.c ****             ddF_y += 2;
 1766              		.loc 1 486 13 is_stmt 1 view .LVU442
 1767              		.loc 1 486 19 is_stmt 0 view .LVU443
 1768 007c 059B     		ldr	r3, [sp, #20]
 1769 007e 0233     		adds	r3, r3, #2
 1770 0080 1AB2     		sxth	r2, r3
 1771 0082 0592     		str	r2, [sp, #20]
 1772              	.LVL200:
 487:Core/Src/display.c ****             f += ddF_y;
 1773              		.loc 1 487 13 is_stmt 1 view .LVU444
 1774              		.loc 1 487 15 is_stmt 0 view .LVU445
 1775 0084 14FA83F3 		uxtah	r3, r4, r3
 1776 0088 1CB2     		sxth	r4, r3
 1777              	.LVL201:
 1778              	.L123:
 488:Core/Src/display.c ****         }
 489:Core/Src/display.c ****         x++;
 1779              		.loc 1 489 9 is_stmt 1 view .LVU446
 1780              		.loc 1 489 10 is_stmt 0 view .LVU447
 1781 008a 039B     		ldr	r3, [sp, #12]
 1782 008c 0133     		adds	r3, r3, #1
 1783 008e 9DB2     		uxth	r5, r3
 1784 0090 1BB2     		sxth	r3, r3
 1785 0092 0393     		str	r3, [sp, #12]
 1786              	.LVL202:
 490:Core/Src/display.c ****         ddF_x += 2;
 1787              		.loc 1 490 9 is_stmt 1 view .LVU448
 1788              		.loc 1 490 15 is_stmt 0 view .LVU449
 1789 0094 049B     		ldr	r3, [sp, #16]
 1790 0096 0233     		adds	r3, r3, #2
 1791 0098 1AB2     		sxth	r2, r3
 1792 009a 0492     		str	r2, [sp, #16]
 1793              	.LVL203:
 491:Core/Src/display.c ****         f += ddF_x;
ARM GAS  /tmp/ccd76LHI.s 			page 43


 1794              		.loc 1 491 9 is_stmt 1 view .LVU450
 1795              		.loc 1 491 11 is_stmt 0 view .LVU451
 1796 009c 14FA83F3 		uxtah	r3, r4, r3
 1797 00a0 1CB2     		sxth	r4, r3
 1798              	.LVL204:
 492:Core/Src/display.c **** 
 493:Core/Src/display.c ****         SSD1306_DrawLine(x0 - x, y0 + y, x0 + x, y0 + y, c);
 1799              		.loc 1 493 9 is_stmt 1 view .LVU452
 1800 00a2 ABEB0509 		sub	r9, fp, r5
 1801 00a6 1FFA89F9 		uxth	r9, r9
 1802 00aa BDF80860 		ldrh	r6, [sp, #8]
 1803 00ae B919     		adds	r1, r7, r6
 1804 00b0 89B2     		uxth	r1, r1
 1805 00b2 0BEB0508 		add	r8, fp, r5
 1806 00b6 1FFA88F8 		uxth	r8, r8
 1807 00ba CDF800A0 		str	r10, [sp]
 1808 00be 0B46     		mov	r3, r1
 1809 00c0 4246     		mov	r2, r8
 1810 00c2 4846     		mov	r0, r9
 1811 00c4 FFF7FEFF 		bl	SSD1306_DrawLine
 1812              	.LVL205:
 494:Core/Src/display.c ****         SSD1306_DrawLine(x0 + x, y0 - y, x0 - x, y0 - y, c);
 1813              		.loc 1 494 9 view .LVU453
 1814 00c8 B91B     		subs	r1, r7, r6
 1815 00ca 89B2     		uxth	r1, r1
 1816 00cc CDF800A0 		str	r10, [sp]
 1817 00d0 0B46     		mov	r3, r1
 1818 00d2 4A46     		mov	r2, r9
 1819 00d4 4046     		mov	r0, r8
 1820 00d6 FFF7FEFF 		bl	SSD1306_DrawLine
 1821              	.LVL206:
 495:Core/Src/display.c **** 
 496:Core/Src/display.c ****         SSD1306_DrawLine(x0 + y, y0 + x, x0 - y, y0 + x, c);
 1822              		.loc 1 496 9 view .LVU454
 1823 00da 0BEB0608 		add	r8, fp, r6
 1824 00de 1FFA88F8 		uxth	r8, r8
 1825 00e2 7919     		adds	r1, r7, r5
 1826 00e4 89B2     		uxth	r1, r1
 1827 00e6 ABEB0606 		sub	r6, fp, r6
 1828 00ea B6B2     		uxth	r6, r6
 1829 00ec CDF800A0 		str	r10, [sp]
 1830 00f0 0B46     		mov	r3, r1
 1831 00f2 3246     		mov	r2, r6
 1832 00f4 4046     		mov	r0, r8
 1833 00f6 FFF7FEFF 		bl	SSD1306_DrawLine
 1834              	.LVL207:
 497:Core/Src/display.c ****         SSD1306_DrawLine(x0 + y, y0 - x, x0 - y, y0 - x, c);
 1835              		.loc 1 497 9 view .LVU455
 1836 00fa 791B     		subs	r1, r7, r5
 1837 00fc 89B2     		uxth	r1, r1
 1838 00fe CDF800A0 		str	r10, [sp]
 1839 0102 0B46     		mov	r3, r1
 1840 0104 3246     		mov	r2, r6
 1841 0106 4046     		mov	r0, r8
 1842 0108 FFF7FEFF 		bl	SSD1306_DrawLine
 1843              	.LVL208:
 1844              	.L122:
ARM GAS  /tmp/ccd76LHI.s 			page 44


 483:Core/Src/display.c ****         if (f >= 0) {
 1845              		.loc 1 483 14 view .LVU456
 1846 010c 039B     		ldr	r3, [sp, #12]
 1847 010e 029A     		ldr	r2, [sp, #8]
 1848 0110 9342     		cmp	r3, r2
 1849 0112 02DA     		bge	.L126
 484:Core/Src/display.c ****             y--;
 1850              		.loc 1 484 9 view .LVU457
 484:Core/Src/display.c ****             y--;
 1851              		.loc 1 484 12 is_stmt 0 view .LVU458
 1852 0114 002C     		cmp	r4, #0
 1853 0116 ADDA     		bge	.L127
 1854 0118 B7E7     		b	.L123
 1855              	.L126:
 498:Core/Src/display.c ****     }
 499:Core/Src/display.c **** }
 1856              		.loc 1 499 1 view .LVU459
 1857 011a 07B0     		add	sp, sp, #28
 1858              		.cfi_def_cfa_offset 36
 1859              		@ sp needed
 1860 011c BDE8F08F 		pop	{r4, r5, r6, r7, r8, r9, r10, fp, pc}
 1861              		.loc 1 499 1 view .LVU460
 1862              		.cfi_endproc
 1863              	.LFE308:
 1865              		.section	.text.Set_Page_Address,"ax",%progbits
 1866              		.align	1
 1867              		.global	Set_Page_Address
 1868              		.syntax unified
 1869              		.thumb
 1870              		.thumb_func
 1872              	Set_Page_Address:
 1873              	.LVL209:
 1874              	.LFB309:
 500:Core/Src/display.c **** void Set_Page_Address(unsigned char add)
 501:Core/Src/display.c **** {
 1875              		.loc 1 501 1 is_stmt 1 view -0
 1876              		.cfi_startproc
 1877              		@ args = 0, pretend = 0, frame = 0
 1878              		@ frame_needed = 0, uses_anonymous_args = 0
 1879              		.loc 1 501 1 is_stmt 0 view .LVU462
 1880 0000 08B5     		push	{r3, lr}
 1881              		.cfi_def_cfa_offset 8
 1882              		.cfi_offset 3, -8
 1883              		.cfi_offset 14, -4
 502:Core/Src/display.c ****   add=0xb0|add;
 1884              		.loc 1 502 3 is_stmt 1 view .LVU463
 1885              	.LVL210:
 503:Core/Src/display.c ****   command(add);
 1886              		.loc 1 503 3 view .LVU464
 1887 0002 40F0B000 		orr	r0, r0, #176
 1888 0006 FFF7FEFF 		bl	command
 1889              	.LVL211:
 504:Core/Src/display.c **** 	return;
 1890              		.loc 1 504 2 view .LVU465
 505:Core/Src/display.c **** }
 1891              		.loc 1 505 1 is_stmt 0 view .LVU466
 1892 000a 08BD     		pop	{r3, pc}
ARM GAS  /tmp/ccd76LHI.s 			page 45


 1893              		.cfi_endproc
 1894              	.LFE309:
 1896              		.section	.text.Set_Column_Address,"ax",%progbits
 1897              		.align	1
 1898              		.global	Set_Column_Address
 1899              		.syntax unified
 1900              		.thumb
 1901              		.thumb_func
 1903              	Set_Column_Address:
 1904              	.LVL212:
 1905              	.LFB310:
 506:Core/Src/display.c **** void Set_Column_Address(unsigned char add)
 507:Core/Src/display.c **** {
 1906              		.loc 1 507 1 is_stmt 1 view -0
 1907              		.cfi_startproc
 1908              		@ args = 0, pretend = 0, frame = 0
 1909              		@ frame_needed = 0, uses_anonymous_args = 0
 1910              		.loc 1 507 1 is_stmt 0 view .LVU468
 1911 0000 10B5     		push	{r4, lr}
 1912              		.cfi_def_cfa_offset 8
 1913              		.cfi_offset 4, -8
 1914              		.cfi_offset 14, -4
 1915 0002 0446     		mov	r4, r0
 508:Core/Src/display.c ****   command((0x10|(add>>4)));
 1916              		.loc 1 508 3 is_stmt 1 view .LVU469
 1917 0004 0009     		lsrs	r0, r0, #4
 1918              	.LVL213:
 1919              		.loc 1 508 3 is_stmt 0 view .LVU470
 1920 0006 40F01000 		orr	r0, r0, #16
 1921 000a FFF7FEFF 		bl	command
 1922              	.LVL214:
 509:Core/Src/display.c **** 	command((0x0f&add));
 1923              		.loc 1 509 2 is_stmt 1 view .LVU471
 1924 000e 04F00F00 		and	r0, r4, #15
 1925 0012 FFF7FEFF 		bl	command
 1926              	.LVL215:
 510:Core/Src/display.c **** 	return;
 1927              		.loc 1 510 2 view .LVU472
 511:Core/Src/display.c **** }
 1928              		.loc 1 511 1 is_stmt 0 view .LVU473
 1929 0016 10BD     		pop	{r4, pc}
 1930              		.loc 1 511 1 view .LVU474
 1931              		.cfi_endproc
 1932              	.LFE310:
 1934              		.section	.text.SSD1306_UpdateScreen,"ax",%progbits
 1935              		.align	1
 1936              		.global	SSD1306_UpdateScreen
 1937              		.syntax unified
 1938              		.thumb
 1939              		.thumb_func
 1941              	SSD1306_UpdateScreen:
 1942              	.LFB294:
 115:Core/Src/display.c ****   unsigned char i,j,num=0;
 1943              		.loc 1 115 33 is_stmt 1 view -0
 1944              		.cfi_startproc
 1945              		@ args = 0, pretend = 0, frame = 0
 1946              		@ frame_needed = 0, uses_anonymous_args = 0
ARM GAS  /tmp/ccd76LHI.s 			page 46


 1947 0000 38B5     		push	{r3, r4, r5, lr}
 1948              		.cfi_def_cfa_offset 16
 1949              		.cfi_offset 3, -16
 1950              		.cfi_offset 4, -12
 1951              		.cfi_offset 5, -8
 1952              		.cfi_offset 14, -4
 116:Core/Src/display.c **** 	for(i=0;i<0x04;i++)
 1953              		.loc 1 116 3 view .LVU476
 1954              	.LVL216:
 117:Core/Src/display.c **** 	{
 1955              		.loc 1 117 2 view .LVU477
 117:Core/Src/display.c **** 	{
 1956              		.loc 1 117 7 is_stmt 0 view .LVU478
 1957 0002 0025     		movs	r5, #0
 117:Core/Src/display.c **** 	{
 1958              		.loc 1 117 2 view .LVU479
 1959 0004 0CE0     		b	.L133
 1960              	.LVL217:
 1961              	.L135:
 123:Core/Src/display.c **** 		}
 1962              		.loc 1 123 5 is_stmt 1 view .LVU480
 123:Core/Src/display.c **** 		}
 1963              		.loc 1 123 28 is_stmt 0 view .LVU481
 1964 0006 04EBC513 		add	r3, r4, r5, lsl #7
 123:Core/Src/display.c **** 		}
 1965              		.loc 1 123 5 view .LVU482
 1966 000a 0B4A     		ldr	r2, .L139
 1967 000c D05C     		ldrb	r0, [r2, r3]	@ zero_extendqisi2
 1968 000e FFF7FEFF 		bl	data
 1969              	.LVL218:
 121:Core/Src/display.c **** 		{
 1970              		.loc 1 121 21 is_stmt 1 discriminator 3 view .LVU483
 1971 0012 0134     		adds	r4, r4, #1
 1972              	.LVL219:
 121:Core/Src/display.c **** 		{
 1973              		.loc 1 121 21 is_stmt 0 discriminator 3 view .LVU484
 1974 0014 E4B2     		uxtb	r4, r4
 1975              	.LVL220:
 1976              	.L134:
 121:Core/Src/display.c **** 		{
 1977              		.loc 1 121 14 is_stmt 1 discriminator 1 view .LVU485
 1978 0016 14F0800F 		tst	r4, #128
 1979 001a F4D0     		beq	.L135
 117:Core/Src/display.c **** 	{
 1980              		.loc 1 117 18 discriminator 2 view .LVU486
 1981 001c 0135     		adds	r5, r5, #1
 1982              	.LVL221:
 117:Core/Src/display.c **** 	{
 1983              		.loc 1 117 18 is_stmt 0 discriminator 2 view .LVU487
 1984 001e EDB2     		uxtb	r5, r5
 1985              	.LVL222:
 1986              	.L133:
 117:Core/Src/display.c **** 	{
 1987              		.loc 1 117 11 is_stmt 1 discriminator 1 view .LVU488
 1988 0020 032D     		cmp	r5, #3
 1989 0022 07D8     		bhi	.L138
 119:Core/Src/display.c ****   		Set_Column_Address(0x00);
ARM GAS  /tmp/ccd76LHI.s 			page 47


 1990              		.loc 1 119 3 view .LVU489
 1991 0024 2846     		mov	r0, r5
 1992 0026 FFF7FEFF 		bl	Set_Page_Address
 1993              	.LVL223:
 120:Core/Src/display.c ****   		for(j=0;j<0x80;j++)
 1994              		.loc 1 120 5 view .LVU490
 1995 002a 0020     		movs	r0, #0
 1996 002c FFF7FEFF 		bl	Set_Column_Address
 1997              	.LVL224:
 121:Core/Src/display.c **** 		{
 1998              		.loc 1 121 5 view .LVU491
 121:Core/Src/display.c **** 		{
 1999              		.loc 1 121 10 is_stmt 0 view .LVU492
 2000 0030 0024     		movs	r4, #0
 121:Core/Src/display.c **** 		{
 2001              		.loc 1 121 5 view .LVU493
 2002 0032 F0E7     		b	.L134
 2003              	.LVL225:
 2004              	.L138:
 126:Core/Src/display.c **** void SSD1306_ClearScreen()
 2005              		.loc 1 126 1 view .LVU494
 2006 0034 38BD     		pop	{r3, r4, r5, pc}
 2007              	.LVL226:
 2008              	.L140:
 126:Core/Src/display.c **** void SSD1306_ClearScreen()
 2009              		.loc 1 126 1 view .LVU495
 2010 0036 00BF     		.align	2
 2011              	.L139:
 2012 0038 00000000 		.word	pixelBuffer
 2013              		.cfi_endproc
 2014              	.LFE294:
 2016              		.section	.text.SSD1306_ClearScreen,"ax",%progbits
 2017              		.align	1
 2018              		.global	SSD1306_ClearScreen
 2019              		.syntax unified
 2020              		.thumb
 2021              		.thumb_func
 2023              	SSD1306_ClearScreen:
 2024              	.LFB295:
 128:Core/Src/display.c ****   for (uint16_t i = 0; i < SSD1306_Buffer; i++)
 2025              		.loc 1 128 1 is_stmt 1 view -0
 2026              		.cfi_startproc
 2027              		@ args = 0, pretend = 0, frame = 0
 2028              		@ frame_needed = 0, uses_anonymous_args = 0
 2029 0000 08B5     		push	{r3, lr}
 2030              		.cfi_def_cfa_offset 8
 2031              		.cfi_offset 3, -8
 2032              		.cfi_offset 14, -4
 129:Core/Src/display.c ****   {
 2033              		.loc 1 129 3 view .LVU497
 2034              	.LBB2:
 129:Core/Src/display.c ****   {
 2035              		.loc 1 129 8 view .LVU498
 2036              	.LVL227:
 129:Core/Src/display.c ****   {
 2037              		.loc 1 129 17 is_stmt 0 view .LVU499
 2038 0002 0023     		movs	r3, #0
ARM GAS  /tmp/ccd76LHI.s 			page 48


 129:Core/Src/display.c ****   {
 2039              		.loc 1 129 3 view .LVU500
 2040 0004 04E0     		b	.L142
 2041              	.LVL228:
 2042              	.L143:
 131:Core/Src/display.c ****   }
 2043              		.loc 1 131 5 is_stmt 1 view .LVU501
 131:Core/Src/display.c ****   }
 2044              		.loc 1 131 20 is_stmt 0 view .LVU502
 2045 0006 054A     		ldr	r2, .L145
 2046 0008 0021     		movs	r1, #0
 2047 000a D154     		strb	r1, [r2, r3]
 129:Core/Src/display.c ****   {
 2048              		.loc 1 129 45 is_stmt 1 discriminator 3 view .LVU503
 2049 000c 0133     		adds	r3, r3, #1
 2050              	.LVL229:
 129:Core/Src/display.c ****   {
 2051              		.loc 1 129 45 is_stmt 0 discriminator 3 view .LVU504
 2052 000e 9BB2     		uxth	r3, r3
 2053              	.LVL230:
 2054              	.L142:
 129:Core/Src/display.c ****   {
 2055              		.loc 1 129 26 is_stmt 1 discriminator 1 view .LVU505
 2056 0010 034A     		ldr	r2, .L145+4
 2057 0012 9342     		cmp	r3, r2
 2058 0014 F7D3     		bcc	.L143
 2059              	.LBE2:
 133:Core/Src/display.c **** }
 2060              		.loc 1 133 3 view .LVU506
 2061 0016 FFF7FEFF 		bl	SSD1306_UpdateScreen
 2062              	.LVL231:
 134:Core/Src/display.c **** void SSD1306_Fill(SSD1306_COLOR_t color) {
 2063              		.loc 1 134 1 is_stmt 0 view .LVU507
 2064 001a 08BD     		pop	{r3, pc}
 2065              	.L146:
 2066              		.align	2
 2067              	.L145:
 2068 001c 00000000 		.word	pixelBuffer
 2069 0020 00000000 		.word	SSD1306_Buffer
 2070              		.cfi_endproc
 2071              	.LFE295:
 2073              		.section	.text.SSD1306_Fill,"ax",%progbits
 2074              		.align	1
 2075              		.global	SSD1306_Fill
 2076              		.syntax unified
 2077              		.thumb
 2078              		.thumb_func
 2080              	SSD1306_Fill:
 2081              	.LVL232:
 2082              	.LFB296:
 135:Core/Src/display.c **** 	/* Set memory */
 2083              		.loc 1 135 42 is_stmt 1 view -0
 2084              		.cfi_startproc
 2085              		@ args = 0, pretend = 0, frame = 0
 2086              		@ frame_needed = 0, uses_anonymous_args = 0
 135:Core/Src/display.c **** 	/* Set memory */
 2087              		.loc 1 135 42 is_stmt 0 view .LVU509
ARM GAS  /tmp/ccd76LHI.s 			page 49


 2088 0000 38B5     		push	{r3, r4, r5, lr}
 2089              		.cfi_def_cfa_offset 16
 2090              		.cfi_offset 3, -16
 2091              		.cfi_offset 4, -12
 2092              		.cfi_offset 5, -8
 2093              		.cfi_offset 14, -4
 137:Core/Src/display.c ****   uint8_t fill;
 2094              		.loc 1 137 3 is_stmt 1 view .LVU510
 138:Core/Src/display.c ****   if (color == SSD1306_COLOR_BLACK)
 2095              		.loc 1 138 3 view .LVU511
 139:Core/Src/display.c ****   fill = 0x00;
 2096              		.loc 1 139 3 view .LVU512
 139:Core/Src/display.c ****   fill = 0x00;
 2097              		.loc 1 139 6 is_stmt 0 view .LVU513
 2098 0002 0146     		mov	r1, r0
 2099 0004 00B1     		cbz	r0, .L148
 142:Core/Src/display.c ****     for (uint16_t k = 0; k < SSD1306_BUFFER_SIZE; k++)
 2100              		.loc 1 142 8 view .LVU514
 2101 0006 FF21     		movs	r1, #255
 2102              	.L148:
 2103              	.LVL233:
 143:Core/Src/display.c ****   {
 2104              		.loc 1 143 5 is_stmt 1 view .LVU515
 2105              	.LBB3:
 143:Core/Src/display.c ****   {
 2106              		.loc 1 143 10 view .LVU516
 143:Core/Src/display.c ****   {
 2107              		.loc 1 143 19 is_stmt 0 view .LVU517
 2108 0008 0023     		movs	r3, #0
 143:Core/Src/display.c ****   {
 2109              		.loc 1 143 5 view .LVU518
 2110 000a 03E0     		b	.L149
 2111              	.LVL234:
 2112              	.L150:
 145:Core/Src/display.c ****   }
 2113              		.loc 1 145 5 is_stmt 1 view .LVU519
 145:Core/Src/display.c ****   }
 2114              		.loc 1 145 20 is_stmt 0 view .LVU520
 2115 000c 104A     		ldr	r2, .L158
 2116 000e D154     		strb	r1, [r2, r3]
 143:Core/Src/display.c ****   {
 2117              		.loc 1 143 52 is_stmt 1 discriminator 3 view .LVU521
 2118 0010 0133     		adds	r3, r3, #1
 2119              	.LVL235:
 143:Core/Src/display.c ****   {
 2120              		.loc 1 143 52 is_stmt 0 discriminator 3 view .LVU522
 2121 0012 9BB2     		uxth	r3, r3
 2122              	.LVL236:
 2123              	.L149:
 143:Core/Src/display.c ****   {
 2124              		.loc 1 143 28 is_stmt 1 discriminator 1 view .LVU523
 2125 0014 B3F5007F 		cmp	r3, #512
 2126 0018 F8D3     		bcc	.L150
 2127              	.LBE3:
 148:Core/Src/display.c **** 	{
 2128              		.loc 1 148 7 is_stmt 0 view .LVU524
 2129 001a 0025     		movs	r5, #0
ARM GAS  /tmp/ccd76LHI.s 			page 50


 2130 001c 0CE0     		b	.L151
 2131              	.LVL237:
 2132              	.L153:
 154:Core/Src/display.c **** 		}
 2133              		.loc 1 154 5 is_stmt 1 view .LVU525
 154:Core/Src/display.c **** 		}
 2134              		.loc 1 154 28 is_stmt 0 view .LVU526
 2135 001e 04EBC513 		add	r3, r4, r5, lsl #7
 154:Core/Src/display.c **** 		}
 2136              		.loc 1 154 5 view .LVU527
 2137 0022 0B4A     		ldr	r2, .L158
 2138 0024 D05C     		ldrb	r0, [r2, r3]	@ zero_extendqisi2
 2139 0026 FFF7FEFF 		bl	data
 2140              	.LVL238:
 152:Core/Src/display.c **** 		{
 2141              		.loc 1 152 19 is_stmt 1 discriminator 3 view .LVU528
 2142 002a 0134     		adds	r4, r4, #1
 2143              	.LVL239:
 152:Core/Src/display.c **** 		{
 2144              		.loc 1 152 19 is_stmt 0 discriminator 3 view .LVU529
 2145 002c E4B2     		uxtb	r4, r4
 2146              	.LVL240:
 2147              	.L152:
 152:Core/Src/display.c **** 		{
 2148              		.loc 1 152 12 is_stmt 1 discriminator 1 view .LVU530
 2149 002e 14F0800F 		tst	r4, #128
 2150 0032 F4D0     		beq	.L153
 148:Core/Src/display.c **** 	{
 2151              		.loc 1 148 18 discriminator 2 view .LVU531
 2152 0034 0135     		adds	r5, r5, #1
 2153              	.LVL241:
 148:Core/Src/display.c **** 	{
 2154              		.loc 1 148 18 is_stmt 0 discriminator 2 view .LVU532
 2155 0036 EDB2     		uxtb	r5, r5
 2156              	.LVL242:
 2157              	.L151:
 148:Core/Src/display.c **** 	{
 2158              		.loc 1 148 11 is_stmt 1 discriminator 1 view .LVU533
 2159 0038 032D     		cmp	r5, #3
 2160 003a 07D8     		bhi	.L157
 150:Core/Src/display.c ****   Set_Column_Address(0x00);
 2161              		.loc 1 150 2 view .LVU534
 2162 003c 2846     		mov	r0, r5
 2163 003e FFF7FEFF 		bl	Set_Page_Address
 2164              	.LVL243:
 151:Core/Src/display.c ****   for(j=0;j<0x80;j++)
 2165              		.loc 1 151 3 view .LVU535
 2166 0042 0020     		movs	r0, #0
 2167 0044 FFF7FEFF 		bl	Set_Column_Address
 2168              	.LVL244:
 152:Core/Src/display.c **** 		{
 2169              		.loc 1 152 3 view .LVU536
 152:Core/Src/display.c **** 		{
 2170              		.loc 1 152 8 is_stmt 0 view .LVU537
 2171 0048 0024     		movs	r4, #0
 152:Core/Src/display.c **** 		{
 2172              		.loc 1 152 3 view .LVU538
ARM GAS  /tmp/ccd76LHI.s 			page 51


 2173 004a F0E7     		b	.L152
 2174              	.LVL245:
 2175              	.L157:
 159:Core/Src/display.c **** void SSD1306_ToggleInvert(void) {
 2176              		.loc 1 159 1 view .LVU539
 2177 004c 38BD     		pop	{r3, r4, r5, pc}
 2178              	.LVL246:
 2179              	.L159:
 159:Core/Src/display.c **** void SSD1306_ToggleInvert(void) {
 2180              		.loc 1 159 1 view .LVU540
 2181 004e 00BF     		.align	2
 2182              	.L158:
 2183 0050 00000000 		.word	pixelBuffer
 2184              		.cfi_endproc
 2185              	.LFE296:
 2187              		.section	.text.display_init,"ax",%progbits
 2188              		.align	1
 2189              		.global	display_init
 2190              		.syntax unified
 2191              		.thumb
 2192              		.thumb_func
 2194              	display_init:
 2195              	.LFB293:
  49:Core/Src/display.c ****     //display_power_low();
 2196              		.loc 1 49 1 is_stmt 1 view -0
 2197              		.cfi_startproc
 2198              		@ args = 0, pretend = 0, frame = 0
 2199              		@ frame_needed = 0, uses_anonymous_args = 0
 2200 0000 08B5     		push	{r3, lr}
 2201              		.cfi_def_cfa_offset 8
 2202              		.cfi_offset 3, -8
 2203              		.cfi_offset 14, -4
  51:Core/Src/display.c ****     display_reset_high();
 2204              		.loc 1 51 5 view .LVU542
 2205 0002 0022     		movs	r2, #0
 2206 0004 4FF40071 		mov	r1, #512
 2207 0008 4FF09040 		mov	r0, #1207959552
 2208 000c FFF7FEFF 		bl	HAL_GPIO_WritePin
 2209              	.LVL247:
  52:Core/Src/display.c ****     HAL_Delay(20);
 2210              		.loc 1 52 5 view .LVU543
 2211 0010 0122     		movs	r2, #1
 2212 0012 4FF48071 		mov	r1, #256
 2213 0016 4FF09040 		mov	r0, #1207959552
 2214 001a FFF7FEFF 		bl	HAL_GPIO_WritePin
 2215              	.LVL248:
  53:Core/Src/display.c ****     display_reset_low();
 2216              		.loc 1 53 5 view .LVU544
 2217 001e 1420     		movs	r0, #20
 2218 0020 FFF7FEFF 		bl	HAL_Delay
 2219              	.LVL249:
  54:Core/Src/display.c ****     HAL_Delay(20);
 2220              		.loc 1 54 5 view .LVU545
 2221 0024 0022     		movs	r2, #0
 2222 0026 4FF48071 		mov	r1, #256
 2223 002a 4FF09040 		mov	r0, #1207959552
 2224 002e FFF7FEFF 		bl	HAL_GPIO_WritePin
ARM GAS  /tmp/ccd76LHI.s 			page 52


 2225              	.LVL250:
  55:Core/Src/display.c ****     display_reset_high();
 2226              		.loc 1 55 5 view .LVU546
 2227 0032 1420     		movs	r0, #20
 2228 0034 FFF7FEFF 		bl	HAL_Delay
 2229              	.LVL251:
  56:Core/Src/display.c ****     HAL_Delay(20);
 2230              		.loc 1 56 5 view .LVU547
 2231 0038 0122     		movs	r2, #1
 2232 003a 4FF48071 		mov	r1, #256
 2233 003e 4FF09040 		mov	r0, #1207959552
 2234 0042 FFF7FEFF 		bl	HAL_GPIO_WritePin
 2235              	.LVL252:
  57:Core/Src/display.c ****     display_power_high();
 2236              		.loc 1 57 5 view .LVU548
 2237 0046 1420     		movs	r0, #20
 2238 0048 FFF7FEFF 		bl	HAL_Delay
 2239              	.LVL253:
  58:Core/Src/display.c ****     HAL_Delay(100);
 2240              		.loc 1 58 5 view .LVU549
 2241 004c 0122     		movs	r2, #1
 2242 004e 1146     		mov	r1, r2
 2243 0050 4FF09040 		mov	r0, #1207959552
 2244 0054 FFF7FEFF 		bl	HAL_GPIO_WritePin
 2245              	.LVL254:
  59:Core/Src/display.c **** 
 2246              		.loc 1 59 5 view .LVU550
 2247 0058 6420     		movs	r0, #100
 2248 005a FFF7FEFF 		bl	HAL_Delay
 2249              	.LVL255:
  61:Core/Src/display.c **** 
 2250              		.loc 1 61 5 view .LVU551
 2251 005e AE20     		movs	r0, #174
 2252 0060 FFF7FEFF 		bl	command
 2253              	.LVL256:
  63:Core/Src/display.c ****     command(0xF0);     
 2254              		.loc 1 63 5 view .LVU552
 2255 0064 D520     		movs	r0, #213
 2256 0066 FFF7FEFF 		bl	command
 2257              	.LVL257:
  64:Core/Src/display.c **** 
 2258              		.loc 1 64 5 view .LVU553
 2259 006a F020     		movs	r0, #240
 2260 006c FFF7FEFF 		bl	command
 2261              	.LVL258:
  66:Core/Src/display.c ****     command(0x1F);                     // 0x1F
 2262              		.loc 1 66 5 view .LVU554
 2263 0070 A820     		movs	r0, #168
 2264 0072 FFF7FEFF 		bl	command
 2265              	.LVL259:
  67:Core/Src/display.c **** 
 2266              		.loc 1 67 5 view .LVU555
 2267 0076 1F20     		movs	r0, #31
 2268 0078 FFF7FEFF 		bl	command
 2269              	.LVL260:
  69:Core/Src/display.c ****     command(0x00);                          //No offset
 2270              		.loc 1 69 5 view .LVU556
ARM GAS  /tmp/ccd76LHI.s 			page 53


 2271 007c D320     		movs	r0, #211
 2272 007e FFF7FEFF 		bl	command
 2273              	.LVL261:
  70:Core/Src/display.c **** 
 2274              		.loc 1 70 5 view .LVU557
 2275 0082 0020     		movs	r0, #0
 2276 0084 FFF7FEFF 		bl	command
 2277              	.LVL262:
  72:Core/Src/display.c ****     command(0x14);          //set(0x10) disable
 2278              		.loc 1 72 5 view .LVU558
 2279 0088 8D20     		movs	r0, #141
 2280 008a FFF7FEFF 		bl	command
 2281              	.LVL263:
  73:Core/Src/display.c **** 
 2282              		.loc 1 73 5 view .LVU559
 2283 008e 1420     		movs	r0, #20
 2284 0090 FFF7FEFF 		bl	command
 2285              	.LVL264:
  75:Core/Src/display.c **** 
 2286              		.loc 1 75 5 view .LVU560
 2287 0094 4020     		movs	r0, #64
 2288 0096 FFF7FEFF 		bl	command
 2289              	.LVL265:
  77:Core/Src/display.c **** 
 2290              		.loc 1 77 5 view .LVU561
 2291 009a A620     		movs	r0, #166
 2292 009c FFF7FEFF 		bl	command
 2293              	.LVL266:
  79:Core/Src/display.c **** 
 2294              		.loc 1 79 5 view .LVU562
 2295 00a0 A420     		movs	r0, #164
 2296 00a2 FFF7FEFF 		bl	command
 2297              	.LVL267:
  81:Core/Src/display.c **** 
 2298              		.loc 1 81 5 view .LVU563
 2299 00a6 A120     		movs	r0, #161
 2300 00a8 FFF7FEFF 		bl	command
 2301              	.LVL268:
  83:Core/Src/display.c **** 
 2302              		.loc 1 83 5 view .LVU564
 2303 00ac C820     		movs	r0, #200
 2304 00ae FFF7FEFF 		bl	command
 2305              	.LVL269:
  85:Core/Src/display.c ****     command(0x42);                       // 0x12 -
 2306              		.loc 1 85 5 view .LVU565
 2307 00b2 DA20     		movs	r0, #218
 2308 00b4 FFF7FEFF 		bl	command
 2309              	.LVL270:
  86:Core/Src/display.c **** 
 2310              		.loc 1 86 5 view .LVU566
 2311 00b8 4220     		movs	r0, #66
 2312 00ba FFF7FEFF 		bl	command
 2313              	.LVL271:
  88:Core/Src/display.c ****     command(0x80);           //
 2314              		.loc 1 88 5 view .LVU567
 2315 00be 8120     		movs	r0, #129
 2316 00c0 FFF7FEFF 		bl	command
ARM GAS  /tmp/ccd76LHI.s 			page 54


 2317              	.LVL272:
  89:Core/Src/display.c **** 
 2318              		.loc 1 89 5 view .LVU568
 2319 00c4 8020     		movs	r0, #128
 2320 00c6 FFF7FEFF 		bl	command
 2321              	.LVL273:
  91:Core/Src/display.c ****     command(0xF1);            
 2322              		.loc 1 91 5 view .LVU569
 2323 00ca D920     		movs	r0, #217
 2324 00cc FFF7FEFF 		bl	command
 2325              	.LVL274:
  92:Core/Src/display.c **** 
 2326              		.loc 1 92 5 view .LVU570
 2327 00d0 F120     		movs	r0, #241
 2328 00d2 FFF7FEFF 		bl	command
 2329              	.LVL275:
  94:Core/Src/display.c ****     command(0x40);                       // 0x30
 2330              		.loc 1 94 5 view .LVU571
 2331 00d6 DB20     		movs	r0, #219
 2332 00d8 FFF7FEFF 		bl	command
 2333              	.LVL276:
  95:Core/Src/display.c **** 
 2334              		.loc 1 95 5 view .LVU572
 2335 00dc 4020     		movs	r0, #64
 2336 00de FFF7FEFF 		bl	command
 2337              	.LVL277:
  98:Core/Src/display.c **** 
 2338              		.loc 1 98 5 view .LVU573
 2339 00e2 AF20     		movs	r0, #175
 2340 00e4 FFF7FEFF 		bl	command
 2341              	.LVL278:
 103:Core/Src/display.c **** 	
 2342              		.loc 1 103 4 view .LVU574
 2343 00e8 0120     		movs	r0, #1
 2344 00ea FFF7FEFF 		bl	SSD1306_Fill
 2345              	.LVL279:
 106:Core/Src/display.c **** 	
 2346              		.loc 1 106 4 view .LVU575
 2347 00ee FFF7FEFF 		bl	SSD1306_UpdateScreen
 2348              	.LVL280:
 109:Core/Src/display.c **** 	  SSD1306.CurrentY = 0;
 2349              		.loc 1 109 4 view .LVU576
 109:Core/Src/display.c **** 	  SSD1306.CurrentY = 0;
 2350              		.loc 1 109 21 is_stmt 0 view .LVU577
 2351 00f2 034B     		ldr	r3, .L162
 2352 00f4 0022     		movs	r2, #0
 2353 00f6 1A80     		strh	r2, [r3]	@ movhi
 110:Core/Src/display.c **** 
 2354              		.loc 1 110 4 is_stmt 1 view .LVU578
 110:Core/Src/display.c **** 
 2355              		.loc 1 110 21 is_stmt 0 view .LVU579
 2356 00f8 5A80     		strh	r2, [r3, #2]	@ movhi
 112:Core/Src/display.c **** 
 2357              		.loc 1 112 5 is_stmt 1 view .LVU580
 112:Core/Src/display.c **** 
 2358              		.loc 1 112 25 is_stmt 0 view .LVU581
 2359 00fa 0122     		movs	r2, #1
ARM GAS  /tmp/ccd76LHI.s 			page 55


 2360 00fc 5A71     		strb	r2, [r3, #5]
 114:Core/Src/display.c **** void SSD1306_UpdateScreen(void) {
 2361              		.loc 1 114 1 view .LVU582
 2362 00fe 08BD     		pop	{r3, pc}
 2363              	.L163:
 2364              		.align	2
 2365              	.L162:
 2366 0100 00000000 		.word	SSD1306
 2367              		.cfi_endproc
 2368              	.LFE293:
 2370              		.section	.text.Display_Picture,"ax",%progbits
 2371              		.align	1
 2372              		.global	Display_Picture
 2373              		.syntax unified
 2374              		.thumb
 2375              		.thumb_func
 2377              	Display_Picture:
 2378              	.LVL281:
 2379              	.LFB311:
 512:Core/Src/display.c **** void Display_Picture(unsigned char pic[])
 513:Core/Src/display.c **** {
 2380              		.loc 1 513 1 is_stmt 1 view -0
 2381              		.cfi_startproc
 2382              		@ args = 0, pretend = 0, frame = 0
 2383              		@ frame_needed = 0, uses_anonymous_args = 0
 2384              		.loc 1 513 1 is_stmt 0 view .LVU584
 2385 0000 70B5     		push	{r4, r5, r6, lr}
 2386              		.cfi_def_cfa_offset 16
 2387              		.cfi_offset 4, -16
 2388              		.cfi_offset 5, -12
 2389              		.cfi_offset 6, -8
 2390              		.cfi_offset 14, -4
 2391 0002 0646     		mov	r6, r0
 514:Core/Src/display.c ****   unsigned char i,j,num=0;
 2392              		.loc 1 514 3 is_stmt 1 view .LVU585
 2393              	.LVL282:
 515:Core/Src/display.c **** 	for(i=0;i<0x04;i++)
 2394              		.loc 1 515 2 view .LVU586
 2395              		.loc 1 515 7 is_stmt 0 view .LVU587
 2396 0004 0025     		movs	r5, #0
 2397              		.loc 1 515 2 view .LVU588
 2398 0006 0BE0     		b	.L165
 2399              	.LVL283:
 2400              	.L167:
 516:Core/Src/display.c **** 	{
 517:Core/Src/display.c **** 	Set_Page_Address(i);
 518:Core/Src/display.c ****   Set_Column_Address(0x00);
 519:Core/Src/display.c ****   for(j=0;j<0x80;j++)
 520:Core/Src/display.c **** 		{
 521:Core/Src/display.c **** 		  data(pic[i*0x80+j]);
 2401              		.loc 1 521 5 is_stmt 1 view .LVU589
 2402              		.loc 1 521 20 is_stmt 0 view .LVU590
 2403 0008 04EBC513 		add	r3, r4, r5, lsl #7
 2404              		.loc 1 521 5 view .LVU591
 2405 000c F05C     		ldrb	r0, [r6, r3]	@ zero_extendqisi2
 2406 000e FFF7FEFF 		bl	data
 2407              	.LVL284:
ARM GAS  /tmp/ccd76LHI.s 			page 56


 519:Core/Src/display.c **** 		{
 2408              		.loc 1 519 19 is_stmt 1 discriminator 3 view .LVU592
 2409 0012 0134     		adds	r4, r4, #1
 2410              	.LVL285:
 519:Core/Src/display.c **** 		{
 2411              		.loc 1 519 19 is_stmt 0 discriminator 3 view .LVU593
 2412 0014 E4B2     		uxtb	r4, r4
 2413              	.LVL286:
 2414              	.L166:
 519:Core/Src/display.c **** 		{
 2415              		.loc 1 519 12 is_stmt 1 discriminator 1 view .LVU594
 2416 0016 14F0800F 		tst	r4, #128
 2417 001a F5D0     		beq	.L167
 515:Core/Src/display.c **** 	for(i=0;i<0x04;i++)
 2418              		.loc 1 515 18 discriminator 2 view .LVU595
 2419 001c 0135     		adds	r5, r5, #1
 2420              	.LVL287:
 515:Core/Src/display.c **** 	for(i=0;i<0x04;i++)
 2421              		.loc 1 515 18 is_stmt 0 discriminator 2 view .LVU596
 2422 001e EDB2     		uxtb	r5, r5
 2423              	.LVL288:
 2424              	.L165:
 515:Core/Src/display.c **** 	for(i=0;i<0x04;i++)
 2425              		.loc 1 515 11 is_stmt 1 discriminator 1 view .LVU597
 2426 0020 032D     		cmp	r5, #3
 2427 0022 07D8     		bhi	.L170
 517:Core/Src/display.c ****   Set_Column_Address(0x00);
 2428              		.loc 1 517 2 view .LVU598
 2429 0024 2846     		mov	r0, r5
 2430 0026 FFF7FEFF 		bl	Set_Page_Address
 2431              	.LVL289:
 518:Core/Src/display.c ****   for(j=0;j<0x80;j++)
 2432              		.loc 1 518 3 view .LVU599
 2433 002a 0020     		movs	r0, #0
 2434 002c FFF7FEFF 		bl	Set_Column_Address
 2435              	.LVL290:
 519:Core/Src/display.c **** 		{
 2436              		.loc 1 519 3 view .LVU600
 519:Core/Src/display.c **** 		{
 2437              		.loc 1 519 8 is_stmt 0 view .LVU601
 2438 0030 0024     		movs	r4, #0
 519:Core/Src/display.c **** 		{
 2439              		.loc 1 519 3 view .LVU602
 2440 0032 F0E7     		b	.L166
 2441              	.LVL291:
 2442              	.L170:
 522:Core/Src/display.c **** 		}
 523:Core/Src/display.c **** 	}
 524:Core/Src/display.c ****   return;
 525:Core/Src/display.c **** }
 2443              		.loc 1 525 1 view .LVU603
 2444 0034 70BD     		pop	{r4, r5, r6, pc}
 2445              		.loc 1 525 1 view .LVU604
 2446              		.cfi_endproc
 2447              	.LFE311:
 2449              		.section	.text.display_demo,"ax",%progbits
 2450              		.align	1
ARM GAS  /tmp/ccd76LHI.s 			page 57


 2451              		.global	display_demo
 2452              		.syntax unified
 2453              		.thumb
 2454              		.thumb_func
 2456              	display_demo:
 2457              	.LFB312:
 526:Core/Src/display.c **** void display_demo (void)
 527:Core/Src/display.c **** {
 2458              		.loc 1 527 1 is_stmt 1 view -0
 2459              		.cfi_startproc
 2460              		@ args = 0, pretend = 0, frame = 512
 2461              		@ frame_needed = 0, uses_anonymous_args = 0
 2462 0000 00B5     		push	{lr}
 2463              		.cfi_def_cfa_offset 4
 2464              		.cfi_offset 14, -4
 2465 0002 ADF5017D 		sub	sp, sp, #516
 2466              		.cfi_def_cfa_offset 520
 528:Core/Src/display.c **** 
 529:Core/Src/display.c ****     unsigned char pic[]= 
 2467              		.loc 1 529 5 view .LVU606
 2468              		.loc 1 529 19 is_stmt 0 view .LVU607
 2469 0006 4FF40072 		mov	r2, #512
 2470 000a 0C49     		ldr	r1, .L173
 2471 000c 6846     		mov	r0, sp
 2472 000e FFF7FEFF 		bl	memcpy
 2473              	.LVL292:
 530:Core/Src/display.c **** 
 531:Core/Src/display.c **** /*--  ������һ��ͼ��E:\��ʾ��ͼƬ\ER-OLED091-3.bmp  --*/
 532:Core/Src/display.c **** /*--  ����x�߶�=128x32  --*/
 533:Core/Src/display.c **** { 0xFF,0x01,0x01,0xFD,0x25,0x25,0x25,0x25,0x01,0xE1,0x59,0x45,0x59,0xE1,0x01,0x99,
 534:Core/Src/display.c **** 0x25,0x25,0xC9,0x01,0x05,0x05,0xFD,0x05,0x05,0x01,0xFD,0x25,0x25,0x65,0x99,0x01,
 535:Core/Src/display.c **** 0x01,0xFD,0x01,0x01,0x99,0x25,0x25,0xC9,0x01,0x01,0xFD,0x01,0x01,0xFD,0x19,0x21,
 536:Core/Src/display.c **** 0xC1,0xFD,0x01,0x01,0xF9,0x05,0x05,0x25,0xE9,0x01,0x01,0x01,0x01,0x05,0x05,0xFD,
 537:Core/Src/display.c **** 0x05,0x05,0x01,0xFD,0x25,0x25,0x25,0x25,0x01,0xF9,0x05,0x05,0x05,0x89,0x01,0x01,
 538:Core/Src/display.c **** 0xFD,0x21,0x21,0x21,0xFD,0x01,0x01,0x01,0x01,0x01,0xF9,0x05,0x05,0x05,0x89,0x01,
 539:Core/Src/display.c **** 0x01,0xF9,0x05,0x05,0x05,0xF9,0x01,0x01,0x01,0x01,0x01,0x01,0x01,0x01,0xFD,0x01,
 540:Core/Src/display.c **** 0x01,0x01,0x05,0x05,0xFD,0x05,0x05,0x01,0xFD,0x05,0x05,0x05,0xF9,0x01,0x01,0xFF,
 541:Core/Src/display.c **** 0xFF,0x00,0x00,0x01,0x01,0x01,0x01,0x01,0x01,0x00,0x00,0x00,0x00,0x00,0x01,0x00,
 542:Core/Src/display.c **** 0x01,0x01,0x00,0x00,0x00,0x00,0x01,0x00,0x00,0x00,0xF1,0xF0,0x90,0x90,0x91,0x00,
 543:Core/Src/display.c **** 0xF0,0xF1,0x10,0x10,0xF0,0xE1,0x01,0x00,0x00,0x00,0x01,0xC0,0xE0,0x31,0x10,0x30,
 544:Core/Src/display.c **** 0xE0,0xC1,0x00,0xF0,0xF0,0x01,0x01,0x01,0x00,0x00,0xF0,0xF0,0x90,0x90,0x90,0x01,
 545:Core/Src/display.c **** 0xF0,0xF0,0x10,0x11,0xF1,0xE1,0x01,0xE1,0xF0,0x10,0xF1,0xE1,0x01,0xE0,0xF0,0x10,
 546:Core/Src/display.c **** 0xF1,0xE0,0x00,0xC0,0x61,0xF0,0xF0,0x01,0x00,0x00,0x00,0x01,0x01,0x21,0x30,0x90,
 547:Core/Src/display.c **** 0xF0,0x60,0x01,0x01,0x01,0x00,0x00,0x00,0x01,0x00,0x00,0x03,0x00,0x00,0x01,0x01,
 548:Core/Src/display.c **** 0x01,0x01,0x00,0x00,0x01,0x00,0x00,0x00,0x01,0x01,0x01,0x01,0x00,0x00,0x00,0xFF,
 549:Core/Src/display.c **** 0xFF,0x00,0x00,0x80,0xC0,0xC0,0x00,0x00,0x80,0xC0,0x40,0xC0,0x80,0x00,0x80,0xC0,
 550:Core/Src/display.c **** 0x40,0xC0,0x80,0x00,0x80,0xC0,0x80,0x00,0x80,0xC0,0x4F,0xCF,0x88,0x08,0x88,0xC0,
 551:Core/Src/display.c **** 0x4F,0xCF,0x81,0x03,0x07,0x0C,0x08,0x02,0x02,0x02,0x00,0xC3,0xC7,0x0C,0x08,0x0C,
 552:Core/Src/display.c **** 0x07,0x03,0x00,0x0F,0x0F,0x88,0xC8,0x08,0x08,0x00,0x0F,0x0F,0x08,0x08,0x08,0x00,
 553:Core/Src/display.c **** 0x0F,0x0F,0x08,0x08,0x0F,0x07,0x80,0xC7,0x4F,0xC8,0x8F,0x07,0x00,0x04,0x0D,0x89,
 554:Core/Src/display.c **** 0xCF,0x47,0xC0,0x80,0x00,0x0F,0x8F,0xC0,0xC0,0x02,0x42,0x42,0x00,0x04,0x0C,0x08,
 555:Core/Src/display.c **** 0x0F,0x07,0x00,0x00,0x00,0x00,0x00,0x00,0x00,0x00,0xC0,0xC0,0x00,0x00,0x00,0x00,
 556:Core/Src/display.c **** 0x00,0x00,0x00,0x00,0x00,0x00,0x00,0x00,0x00,0x00,0x00,0x00,0x00,0x00,0x00,0xFF,
 557:Core/Src/display.c **** 0xFF,0x80,0x83,0x81,0xBF,0xBF,0x80,0x80,0xB0,0xB8,0xAC,0xA7,0xA3,0x80,0x9D,0xBF,
 558:Core/Src/display.c **** 0xA2,0xBF,0x9D,0x80,0x82,0x81,0x82,0x80,0x90,0xB0,0xA2,0xBF,0x9D,0x80,0xB0,0xB8,
 559:Core/Src/display.c **** 0xAC,0xA7,0xA3,0x80,0x80,0x80,0x80,0x9E,0xBF,0xA1,0xA1,0xBF,0xBF,0x80,0x9E,0xBF,
 560:Core/Src/display.c **** 0xA1,0xA1,0xBF,0x9E,0x81,0x9F,0xBF,0xA1,0x80,0x96,0xB7,0xAD,0xAD,0xBB,0x9A,0x80,
ARM GAS  /tmp/ccd76LHI.s 			page 58


 561:Core/Src/display.c **** 0x80,0x80,0x80,0x80,0x80,0x80,0x9F,0xBF,0xA0,0xBF,0x9F,0x80,0xB0,0xB0,0x80,0x93,
 562:Core/Src/display.c **** 0xB7,0xA4,0xBF,0x9F,0x80,0x83,0x81,0xBF,0xBF,0x80,0xBF,0xBF,0x80,0xBF,0xBF,0x81,
 563:Core/Src/display.c **** 0x81,0xBF,0xBE,0x80,0x9E,0xBF,0xA1,0xB3,0x92,0x80,0xBF,0xBF,0x81,0x81,0xBF,0xBE,
 564:Core/Src/display.c **** 0x80,0x9E,0xBF,0xA5,0xA5,0xB7,0x96,0x80,0x96,0xB7,0xAD,0xAD,0xBB,0x9A,0x80,0xFF
 565:Core/Src/display.c **** };
 566:Core/Src/display.c ****     Display_Picture(pic);
 2474              		.loc 1 566 5 is_stmt 1 view .LVU608
 2475 0012 6846     		mov	r0, sp
 2476 0014 FFF7FEFF 		bl	Display_Picture
 2477              	.LVL293:
 567:Core/Src/display.c ****     HAL_Delay(1000);
 2478              		.loc 1 567 5 view .LVU609
 2479 0018 4FF47A70 		mov	r0, #1000
 2480 001c FFF7FEFF 		bl	HAL_Delay
 2481              	.LVL294:
 568:Core/Src/display.c ****     command(0xa7);
 2482              		.loc 1 568 5 view .LVU610
 2483 0020 A720     		movs	r0, #167
 2484 0022 FFF7FEFF 		bl	command
 2485              	.LVL295:
 569:Core/Src/display.c ****     HAL_Delay(1000);
 2486              		.loc 1 569 5 view .LVU611
 2487 0026 4FF47A70 		mov	r0, #1000
 2488 002a FFF7FEFF 		bl	HAL_Delay
 2489              	.LVL296:
 570:Core/Src/display.c ****     command(0xa6);
 2490              		.loc 1 570 5 view .LVU612
 2491 002e A620     		movs	r0, #166
 2492 0030 FFF7FEFF 		bl	command
 2493              	.LVL297:
 571:Core/Src/display.c **** 
 572:Core/Src/display.c **** }
 2494              		.loc 1 572 1 is_stmt 0 view .LVU613
 2495 0034 0DF5017D 		add	sp, sp, #516
 2496              		.cfi_def_cfa_offset 4
 2497              		@ sp needed
 2498 0038 5DF804FB 		ldr	pc, [sp], #4
 2499              	.L174:
 2500              		.align	2
 2501              	.L173:
 2502 003c 00000000 		.word	.LANCHOR0
 2503              		.cfi_endproc
 2504              	.LFE312:
 2506              		.section	.text.display_test,"ax",%progbits
 2507              		.align	1
 2508              		.global	display_test
 2509              		.syntax unified
 2510              		.thumb
 2511              		.thumb_func
 2513              	display_test:
 2514              	.LFB313:
 573:Core/Src/display.c **** void display_test (void)
 574:Core/Src/display.c **** {
 2515              		.loc 1 574 1 is_stmt 1 view -0
 2516              		.cfi_startproc
 2517              		@ args = 0, pretend = 0, frame = 0
 2518              		@ frame_needed = 0, uses_anonymous_args = 0
ARM GAS  /tmp/ccd76LHI.s 			page 59


 2519 0000 08B5     		push	{r3, lr}
 2520              		.cfi_def_cfa_offset 8
 2521              		.cfi_offset 3, -8
 2522              		.cfi_offset 14, -4
 575:Core/Src/display.c **** 	SSD1306_Fill(SSD1306_COLOR_BLACK);
 2523              		.loc 1 575 2 view .LVU615
 2524 0002 0020     		movs	r0, #0
 2525 0004 FFF7FEFF 		bl	SSD1306_Fill
 2526              	.LVL298:
 576:Core/Src/display.c **** 	//SSD1306_DrawFilledRectangle(118, 28, 10, 3, SSD1306_COLOR_WHITE);
 577:Core/Src/display.c **** 	//SSD1306_DrawFilledRectangle(118, 22, 10, 3, SSD1306_COLOR_WHITE);
 578:Core/Src/display.c **** 	//SSD1306_DrawFilledRectangle(118, 16, 10, 3, SSD1306_COLOR_WHITE);
 579:Core/Src/display.c **** 	//SSD1306_DrawFilledRectangle(118, 10, 10, 3, SSD1306_COLOR_WHITE);
 580:Core/Src/display.c **** 	//SSD1306_DrawFilledRectangle(120, 7, 5, 2, SSD1306_COLOR_WHITE);
 581:Core/Src/display.c **** 	//SSD1306_GotoXY(70,5);
 582:Core/Src/display.c **** 	//SSD1306_Puts("000Hz", &Font_7x10, SSD1306_COLOR_WHITE);
 583:Core/Src/display.c **** 	//SSD1306_GotoXY(70,21);
 584:Core/Src/display.c **** 	//SSD1306_Puts("00:00h", &Font_7x10, SSD1306_COLOR_WHITE);
 585:Core/Src/display.c **** 	//SSD1306_GotoXY(0,5);
 586:Core/Src/display.c **** 	//SSD1306_Puts("6.2v", &Font_16x26, SSD1306_COLOR_WHITE);
 587:Core/Src/display.c **** 	SSD1306_UpdateScreen();
 2527              		.loc 1 587 2 view .LVU616
 2528 0008 FFF7FEFF 		bl	SSD1306_UpdateScreen
 2529              	.LVL299:
 588:Core/Src/display.c **** }
 2530              		.loc 1 588 1 is_stmt 0 view .LVU617
 2531 000c 08BD     		pop	{r3, pc}
 2532              		.cfi_endproc
 2533              	.LFE313:
 2535              		.global	__aeabi_f2d
 2536              		.global	__aeabi_dmul
 2537              		.global	__aeabi_dadd
 2538              		.global	__aeabi_ddiv
 2539              		.global	__aeabi_d2f
 2540              		.global	__aeabi_dcmpgt
 2541              		.global	__aeabi_dcmplt
 2542              		.section	.text.show_vbat,"ax",%progbits
 2543              		.align	1
 2544              		.global	show_vbat
 2545              		.syntax unified
 2546              		.thumb
 2547              		.thumb_func
 2549              	show_vbat:
 2550              	.LFB314:
 589:Core/Src/display.c **** void show_vbat( void)
 590:Core/Src/display.c **** {
 2551              		.loc 1 590 1 is_stmt 1 view -0
 2552              		.cfi_startproc
 2553              		@ args = 0, pretend = 0, frame = 0
 2554              		@ frame_needed = 0, uses_anonymous_args = 0
 2555 0000 30B5     		push	{r4, r5, lr}
 2556              		.cfi_def_cfa_offset 12
 2557              		.cfi_offset 4, -12
 2558              		.cfi_offset 5, -8
 2559              		.cfi_offset 14, -4
 2560 0002 2DED028B 		vpush.64	{d8}
 2561              		.cfi_def_cfa_offset 20
ARM GAS  /tmp/ccd76LHI.s 			page 60


 2562              		.cfi_offset 80, -20
 2563              		.cfi_offset 81, -16
 2564 0006 83B0     		sub	sp, sp, #12
 2565              		.cfi_def_cfa_offset 32
 591:Core/Src/display.c **** 	uint8_t databat = 0;
 2566              		.loc 1 591 2 view .LVU619
 2567              	.LVL300:
 592:Core/Src/display.c **** 	vbat_value = ((float)ADC_Data[0] * VREF * VBAT_DIV) / ADC_RES + 0.14;
 2568              		.loc 1 592 2 view .LVU620
 2569              		.loc 1 592 31 is_stmt 0 view .LVU621
 2570 0008 834B     		ldr	r3, .L195+40
 2571 000a 1888     		ldrh	r0, [r3]
 2572 000c 80B2     		uxth	r0, r0
 2573              		.loc 1 592 16 view .LVU622
 2574 000e 07EE900A 		vmov	s15, r0	@ int
 2575 0012 F8EE677A 		vcvt.f32.u32	s15, s15
 2576 0016 17EE900A 		vmov	r0, s15
 2577 001a FFF7FEFF 		bl	__aeabi_f2d
 2578              	.LVL301:
 2579              		.loc 1 592 35 view .LVU623
 2580 001e 74A3     		adr	r3, .L195
 2581 0020 D3E90023 		ldrd	r2, [r3]
 2582 0024 FFF7FEFF 		bl	__aeabi_dmul
 2583              	.LVL302:
 2584 0028 0246     		mov	r2, r0
 2585 002a 0B46     		mov	r3, r1
 2586              		.loc 1 592 42 view .LVU624
 2587 002c FFF7FEFF 		bl	__aeabi_dadd
 2588              	.LVL303:
 2589              		.loc 1 592 54 view .LVU625
 2590 0030 71A3     		adr	r3, .L195+8
 2591 0032 D3E90023 		ldrd	r2, [r3]
 2592 0036 FFF7FEFF 		bl	__aeabi_ddiv
 2593              	.LVL304:
 2594              		.loc 1 592 64 view .LVU626
 2595 003a 71A3     		adr	r3, .L195+16
 2596 003c D3E90023 		ldrd	r2, [r3]
 2597 0040 FFF7FEFF 		bl	__aeabi_dadd
 2598              	.LVL305:
 2599 0044 FFF7FEFF 		bl	__aeabi_d2f
 2600              	.LVL306:
 2601 0048 08EE100A 		vmov	s16, r0
 2602              		.loc 1 592 13 view .LVU627
 2603 004c 734B     		ldr	r3, .L195+44
 2604 004e 1860     		str	r0, [r3]	@ float
 593:Core/Src/display.c ****     if (vbat_value > 4.0)
 2605              		.loc 1 593 5 is_stmt 1 view .LVU628
 2606              		.loc 1 593 8 is_stmt 0 view .LVU629
 2607 0050 F1EE007A 		vmov.f32	s15, #4.0e+0
 2608 0054 B4EEE78A 		vcmpe.f32	s16, s15
 2609 0058 F1EE10FA 		vmrs	APSR_nzcv, FPSCR
 2610 005c 51DC     		bgt	.L194
 594:Core/Src/display.c ****     	databat = 4;
 595:Core/Src/display.c ****     else if ( (vbat_value > 3.7) && (vbat_value < 4.0) )
 2611              		.loc 1 595 10 is_stmt 1 view .LVU630
 2612              		.loc 1 595 27 is_stmt 0 view .LVU631
 2613 005e FFF7FEFF 		bl	__aeabi_f2d
ARM GAS  /tmp/ccd76LHI.s 			page 61


 2614              	.LVL307:
 2615 0062 0446     		mov	r4, r0
 2616 0064 0D46     		mov	r5, r1
 2617              		.loc 1 595 13 view .LVU632
 2618 0066 68A3     		adr	r3, .L195+24
 2619 0068 D3E90023 		ldrd	r2, [r3]
 2620 006c FFF7FEFF 		bl	__aeabi_dcmpgt
 2621              	.LVL308:
 2622 0070 38B1     		cbz	r0, .L181
 2623              		.loc 1 595 34 discriminator 1 view .LVU633
 2624 0072 F1EE007A 		vmov.f32	s15, #4.0e+0
 2625 0076 B4EEE78A 		vcmpe.f32	s16, s15
 2626 007a F1EE10FA 		vmrs	APSR_nzcv, FPSCR
 2627 007e 00F18E80 		bmi	.L183
 2628              	.L181:
 596:Core/Src/display.c ****         databat = 3;
 597:Core/Src/display.c ****     else if ( (vbat_value > 3.2) && (vbat_value < 3.7) )
 2629              		.loc 1 597 10 is_stmt 1 view .LVU634
 2630              		.loc 1 597 13 is_stmt 0 view .LVU635
 2631 0082 63A3     		adr	r3, .L195+32
 2632 0084 D3E90023 		ldrd	r2, [r3]
 2633 0088 2046     		mov	r0, r4
 2634 008a 2946     		mov	r1, r5
 2635 008c FFF7FEFF 		bl	__aeabi_dcmpgt
 2636              	.LVL309:
 2637 0090 40B1     		cbz	r0, .L184
 2638              		.loc 1 597 34 discriminator 1 view .LVU636
 2639 0092 5DA3     		adr	r3, .L195+24
 2640 0094 D3E90023 		ldrd	r2, [r3]
 2641 0098 2046     		mov	r0, r4
 2642 009a 2946     		mov	r1, r5
 2643 009c FFF7FEFF 		bl	__aeabi_dcmplt
 2644              	.LVL310:
 2645 00a0 0028     		cmp	r0, #0
 2646 00a2 56D1     		bne	.L186
 2647              	.L184:
 598:Core/Src/display.c ****         databat = 2;
 599:Core/Src/display.c ****     else if (vbat_value < 3.2)  
 2648              		.loc 1 599 10 is_stmt 1 view .LVU637
 2649              		.loc 1 599 13 is_stmt 0 view .LVU638
 2650 00a4 5AA3     		adr	r3, .L195+32
 2651 00a6 D3E90023 		ldrd	r2, [r3]
 2652 00aa 2046     		mov	r0, r4
 2653 00ac 2946     		mov	r1, r5
 2654 00ae FFF7FEFF 		bl	__aeabi_dcmplt
 2655              	.LVL311:
 2656 00b2 0028     		cmp	r0, #0
 2657 00b4 49D0     		beq	.L177
 600:Core/Src/display.c ****        databat = 1;
 2658              		.loc 1 600 8 is_stmt 1 view .LVU639
 2659              	.LVL312:
 601:Core/Src/display.c **** 
 602:Core/Src/display.c **** 	switch (databat)
 2660              		.loc 1 602 2 view .LVU640
 603:Core/Src/display.c **** 	{
 604:Core/Src/display.c **** 	case 1:
 605:Core/Src/display.c ****     	SSD1306_DrawFilledRectangle(120, 7,  5,  2, SSD1306_COLOR_BLACK);
ARM GAS  /tmp/ccd76LHI.s 			page 62


 2661              		.loc 1 605 6 view .LVU641
 2662 00b6 0024     		movs	r4, #0
 2663 00b8 0094     		str	r4, [sp]
 2664 00ba 0223     		movs	r3, #2
 2665 00bc 0522     		movs	r2, #5
 2666 00be 0721     		movs	r1, #7
 2667 00c0 7820     		movs	r0, #120
 2668 00c2 FFF7FEFF 		bl	SSD1306_DrawFilledRectangle
 2669              	.LVL313:
 606:Core/Src/display.c ****     	SSD1306_DrawFilledRectangle(118, 10, 10, 3, SSD1306_COLOR_BLACK);
 2670              		.loc 1 606 6 view .LVU642
 2671 00c6 0094     		str	r4, [sp]
 2672 00c8 0323     		movs	r3, #3
 2673 00ca 0A22     		movs	r2, #10
 2674 00cc 1146     		mov	r1, r2
 2675 00ce 7620     		movs	r0, #118
 2676 00d0 FFF7FEFF 		bl	SSD1306_DrawFilledRectangle
 2677              	.LVL314:
 607:Core/Src/display.c ****     	SSD1306_DrawFilledRectangle(118, 16, 10, 3, SSD1306_COLOR_BLACK);
 2678              		.loc 1 607 6 view .LVU643
 2679 00d4 0094     		str	r4, [sp]
 2680 00d6 0323     		movs	r3, #3
 2681 00d8 0A22     		movs	r2, #10
 2682 00da 1021     		movs	r1, #16
 2683 00dc 7620     		movs	r0, #118
 2684 00de FFF7FEFF 		bl	SSD1306_DrawFilledRectangle
 2685              	.LVL315:
 608:Core/Src/display.c ****     	SSD1306_DrawFilledRectangle(118, 22, 10, 3, SSD1306_COLOR_BLACK);
 2686              		.loc 1 608 6 view .LVU644
 2687 00e2 0094     		str	r4, [sp]
 2688 00e4 0323     		movs	r3, #3
 2689 00e6 0A22     		movs	r2, #10
 2690 00e8 1621     		movs	r1, #22
 2691 00ea 7620     		movs	r0, #118
 2692 00ec FFF7FEFF 		bl	SSD1306_DrawFilledRectangle
 2693              	.LVL316:
 609:Core/Src/display.c ****     	SSD1306_DrawFilledRectangle(118, 28, 10, 3, SSD1306_COLOR_WHITE);
 2694              		.loc 1 609 6 view .LVU645
 2695 00f0 0123     		movs	r3, #1
 2696 00f2 0093     		str	r3, [sp]
 2697 00f4 0323     		movs	r3, #3
 2698 00f6 0A22     		movs	r2, #10
 2699 00f8 1C21     		movs	r1, #28
 2700 00fa 7620     		movs	r0, #118
 2701 00fc FFF7FEFF 		bl	SSD1306_DrawFilledRectangle
 2702              	.LVL317:
 610:Core/Src/display.c **** 		break;
 2703              		.loc 1 610 3 view .LVU646
 2704 0100 23E0     		b	.L177
 2705              	.LVL318:
 2706              	.L194:
 602:Core/Src/display.c **** 	{
 2707              		.loc 1 602 2 view .LVU647
 611:Core/Src/display.c **** 	case 2:
 612:Core/Src/display.c ****     	SSD1306_DrawFilledRectangle(120, 7,  5,  2, SSD1306_COLOR_BLACK);
 613:Core/Src/display.c ****     	SSD1306_DrawFilledRectangle(118, 10, 10, 3, SSD1306_COLOR_BLACK);
 614:Core/Src/display.c ****     	SSD1306_DrawFilledRectangle(118, 16, 10, 3, SSD1306_COLOR_BLACK);
ARM GAS  /tmp/ccd76LHI.s 			page 63


 615:Core/Src/display.c ****     	SSD1306_DrawFilledRectangle(118, 22, 10, 3, SSD1306_COLOR_WHITE);
 616:Core/Src/display.c ****     	SSD1306_DrawFilledRectangle(118, 28, 10, 3, SSD1306_COLOR_WHITE);
 617:Core/Src/display.c **** 		break;
 618:Core/Src/display.c **** 	case 3:
 619:Core/Src/display.c ****     	SSD1306_DrawFilledRectangle(120, 7,  5,  2, SSD1306_COLOR_BLACK);
 620:Core/Src/display.c ****     	SSD1306_DrawFilledRectangle(118, 10, 10, 3, SSD1306_COLOR_BLACK);
 621:Core/Src/display.c ****     	SSD1306_DrawFilledRectangle(118, 16, 10, 3, SSD1306_COLOR_WHITE);
 622:Core/Src/display.c ****     	SSD1306_DrawFilledRectangle(118, 22, 10, 3, SSD1306_COLOR_WHITE);
 623:Core/Src/display.c ****     	SSD1306_DrawFilledRectangle(118, 28, 10, 3, SSD1306_COLOR_WHITE);
 624:Core/Src/display.c **** 		break;
 625:Core/Src/display.c **** 	case 4:
 626:Core/Src/display.c ****     	SSD1306_DrawFilledRectangle(120, 7,  5,  2, SSD1306_COLOR_WHITE);
 2708              		.loc 1 626 6 view .LVU648
 2709 0102 0124     		movs	r4, #1
 2710 0104 0094     		str	r4, [sp]
 2711 0106 0223     		movs	r3, #2
 2712 0108 0522     		movs	r2, #5
 2713 010a 0721     		movs	r1, #7
 2714 010c 7820     		movs	r0, #120
 2715 010e FFF7FEFF 		bl	SSD1306_DrawFilledRectangle
 2716              	.LVL319:
 627:Core/Src/display.c ****     	SSD1306_DrawFilledRectangle(118, 10, 10, 3, SSD1306_COLOR_WHITE);
 2717              		.loc 1 627 6 view .LVU649
 2718 0112 0094     		str	r4, [sp]
 2719 0114 0323     		movs	r3, #3
 2720 0116 0A22     		movs	r2, #10
 2721 0118 1146     		mov	r1, r2
 2722 011a 7620     		movs	r0, #118
 2723 011c FFF7FEFF 		bl	SSD1306_DrawFilledRectangle
 2724              	.LVL320:
 628:Core/Src/display.c ****     	SSD1306_DrawFilledRectangle(118, 16, 10, 3, SSD1306_COLOR_WHITE);
 2725              		.loc 1 628 6 view .LVU650
 2726 0120 0094     		str	r4, [sp]
 2727 0122 0323     		movs	r3, #3
 2728 0124 0A22     		movs	r2, #10
 2729 0126 1021     		movs	r1, #16
 2730 0128 7620     		movs	r0, #118
 2731 012a FFF7FEFF 		bl	SSD1306_DrawFilledRectangle
 2732              	.LVL321:
 629:Core/Src/display.c ****     	SSD1306_DrawFilledRectangle(118, 22, 10, 3, SSD1306_COLOR_WHITE);
 2733              		.loc 1 629 6 view .LVU651
 2734 012e 0094     		str	r4, [sp]
 2735 0130 0323     		movs	r3, #3
 2736 0132 0A22     		movs	r2, #10
 2737 0134 1621     		movs	r1, #22
 2738 0136 7620     		movs	r0, #118
 2739 0138 FFF7FEFF 		bl	SSD1306_DrawFilledRectangle
 2740              	.LVL322:
 630:Core/Src/display.c ****     	SSD1306_DrawFilledRectangle(118, 28, 10, 3, SSD1306_COLOR_WHITE);
 2741              		.loc 1 630 6 view .LVU652
 2742 013c 0094     		str	r4, [sp]
 2743 013e 0323     		movs	r3, #3
 2744 0140 0A22     		movs	r2, #10
 2745 0142 1C21     		movs	r1, #28
 2746 0144 7620     		movs	r0, #118
 2747 0146 FFF7FEFF 		bl	SSD1306_DrawFilledRectangle
 2748              	.LVL323:
ARM GAS  /tmp/ccd76LHI.s 			page 64


 631:Core/Src/display.c **** 		break;
 2749              		.loc 1 631 3 view .LVU653
 2750              	.L177:
 632:Core/Src/display.c **** 	default:
 633:Core/Src/display.c **** 		break;
 634:Core/Src/display.c **** 	}
 635:Core/Src/display.c **** }
 2751              		.loc 1 635 1 is_stmt 0 view .LVU654
 2752 014a 03B0     		add	sp, sp, #12
 2753              		.cfi_remember_state
 2754              		.cfi_def_cfa_offset 20
 2755              		@ sp needed
 2756 014c BDEC028B 		vldm	sp!, {d8}
 2757              		.cfi_restore 80
 2758              		.cfi_restore 81
 2759              		.cfi_def_cfa_offset 12
 2760 0150 30BD     		pop	{r4, r5, pc}
 2761              	.LVL324:
 2762              	.L186:
 2763              		.cfi_restore_state
 602:Core/Src/display.c **** 	{
 2764              		.loc 1 602 2 is_stmt 1 view .LVU655
 612:Core/Src/display.c ****     	SSD1306_DrawFilledRectangle(118, 10, 10, 3, SSD1306_COLOR_BLACK);
 2765              		.loc 1 612 6 view .LVU656
 2766 0152 0024     		movs	r4, #0
 2767 0154 0094     		str	r4, [sp]
 2768 0156 0223     		movs	r3, #2
 2769 0158 0522     		movs	r2, #5
 2770 015a 0721     		movs	r1, #7
 2771 015c 7820     		movs	r0, #120
 2772 015e FFF7FEFF 		bl	SSD1306_DrawFilledRectangle
 2773              	.LVL325:
 613:Core/Src/display.c ****     	SSD1306_DrawFilledRectangle(118, 16, 10, 3, SSD1306_COLOR_BLACK);
 2774              		.loc 1 613 6 view .LVU657
 2775 0162 0094     		str	r4, [sp]
 2776 0164 0323     		movs	r3, #3
 2777 0166 0A22     		movs	r2, #10
 2778 0168 1146     		mov	r1, r2
 2779 016a 7620     		movs	r0, #118
 2780 016c FFF7FEFF 		bl	SSD1306_DrawFilledRectangle
 2781              	.LVL326:
 614:Core/Src/display.c ****     	SSD1306_DrawFilledRectangle(118, 22, 10, 3, SSD1306_COLOR_WHITE);
 2782              		.loc 1 614 6 view .LVU658
 2783 0170 0094     		str	r4, [sp]
 2784 0172 0323     		movs	r3, #3
 2785 0174 0A22     		movs	r2, #10
 2786 0176 1021     		movs	r1, #16
 2787 0178 7620     		movs	r0, #118
 2788 017a FFF7FEFF 		bl	SSD1306_DrawFilledRectangle
 2789              	.LVL327:
 615:Core/Src/display.c ****     	SSD1306_DrawFilledRectangle(118, 28, 10, 3, SSD1306_COLOR_WHITE);
 2790              		.loc 1 615 6 view .LVU659
 2791 017e 0124     		movs	r4, #1
 2792 0180 0094     		str	r4, [sp]
 2793 0182 0323     		movs	r3, #3
 2794 0184 0A22     		movs	r2, #10
 2795 0186 1621     		movs	r1, #22
ARM GAS  /tmp/ccd76LHI.s 			page 65


 2796 0188 7620     		movs	r0, #118
 2797 018a FFF7FEFF 		bl	SSD1306_DrawFilledRectangle
 2798              	.LVL328:
 616:Core/Src/display.c **** 		break;
 2799              		.loc 1 616 6 view .LVU660
 2800 018e 0094     		str	r4, [sp]
 2801 0190 0323     		movs	r3, #3
 2802 0192 0A22     		movs	r2, #10
 2803 0194 1C21     		movs	r1, #28
 2804 0196 7620     		movs	r0, #118
 2805 0198 FFF7FEFF 		bl	SSD1306_DrawFilledRectangle
 2806              	.LVL329:
 617:Core/Src/display.c **** 	case 3:
 2807              		.loc 1 617 3 view .LVU661
 2808 019c D5E7     		b	.L177
 2809              	.LVL330:
 2810              	.L183:
 602:Core/Src/display.c **** 	{
 2811              		.loc 1 602 2 view .LVU662
 619:Core/Src/display.c ****     	SSD1306_DrawFilledRectangle(118, 10, 10, 3, SSD1306_COLOR_BLACK);
 2812              		.loc 1 619 6 view .LVU663
 2813 019e 0024     		movs	r4, #0
 2814 01a0 0094     		str	r4, [sp]
 2815 01a2 0223     		movs	r3, #2
 2816 01a4 0522     		movs	r2, #5
 2817 01a6 0721     		movs	r1, #7
 2818 01a8 7820     		movs	r0, #120
 2819 01aa FFF7FEFF 		bl	SSD1306_DrawFilledRectangle
 2820              	.LVL331:
 620:Core/Src/display.c ****     	SSD1306_DrawFilledRectangle(118, 16, 10, 3, SSD1306_COLOR_WHITE);
 2821              		.loc 1 620 6 view .LVU664
 2822 01ae 0094     		str	r4, [sp]
 2823 01b0 0323     		movs	r3, #3
 2824 01b2 0A22     		movs	r2, #10
 2825 01b4 1146     		mov	r1, r2
 2826 01b6 7620     		movs	r0, #118
 2827 01b8 FFF7FEFF 		bl	SSD1306_DrawFilledRectangle
 2828              	.LVL332:
 621:Core/Src/display.c ****     	SSD1306_DrawFilledRectangle(118, 22, 10, 3, SSD1306_COLOR_WHITE);
 2829              		.loc 1 621 6 view .LVU665
 2830 01bc 0124     		movs	r4, #1
 2831 01be 0094     		str	r4, [sp]
 2832 01c0 0323     		movs	r3, #3
 2833 01c2 0A22     		movs	r2, #10
 2834 01c4 1021     		movs	r1, #16
 2835 01c6 7620     		movs	r0, #118
 2836 01c8 FFF7FEFF 		bl	SSD1306_DrawFilledRectangle
 2837              	.LVL333:
 622:Core/Src/display.c ****     	SSD1306_DrawFilledRectangle(118, 28, 10, 3, SSD1306_COLOR_WHITE);
 2838              		.loc 1 622 6 view .LVU666
 2839 01cc 0094     		str	r4, [sp]
 2840 01ce 0323     		movs	r3, #3
 2841 01d0 0A22     		movs	r2, #10
 2842 01d2 1621     		movs	r1, #22
 2843 01d4 7620     		movs	r0, #118
 2844 01d6 FFF7FEFF 		bl	SSD1306_DrawFilledRectangle
 2845              	.LVL334:
ARM GAS  /tmp/ccd76LHI.s 			page 66


 623:Core/Src/display.c **** 		break;
 2846              		.loc 1 623 6 view .LVU667
 2847 01da 0094     		str	r4, [sp]
 2848 01dc 0323     		movs	r3, #3
 2849 01de 0A22     		movs	r2, #10
 2850 01e0 1C21     		movs	r1, #28
 2851 01e2 7620     		movs	r0, #118
 2852 01e4 FFF7FEFF 		bl	SSD1306_DrawFilledRectangle
 2853              	.LVL335:
 624:Core/Src/display.c **** 	case 4:
 2854              		.loc 1 624 3 view .LVU668
 2855              		.loc 1 635 1 is_stmt 0 view .LVU669
 2856 01e8 AFE7     		b	.L177
 2857              	.L196:
 2858 01ea 00BFAFF3 		.align	3
 2858      0080
 2859              	.L195:
 2860 01f0 66666666 		.word	1717986918
 2861 01f4 66660A40 		.word	1074423398
 2862 01f8 00000000 		.word	0
 2863 01fc 00FEAF40 		.word	1085275648
 2864 0200 EC51B81E 		.word	515396076
 2865 0204 85EBC13F 		.word	1069673349
 2866 0208 9A999999 		.word	-1717986918
 2867 020c 99990D40 		.word	1074633113
 2868 0210 9A999999 		.word	-1717986918
 2869 0214 99990940 		.word	1074370969
 2870 0218 00000000 		.word	ADC_Data
 2871 021c 00000000 		.word	vbat_value
 2872              		.cfi_endproc
 2873              	.LFE314:
 2875              		.section	.text.show_motor_duty,"ax",%progbits
 2876              		.align	1
 2877              		.global	show_motor_duty
 2878              		.syntax unified
 2879              		.thumb
 2880              		.thumb_func
 2882              	show_motor_duty:
 2883              	.LFB315:
 636:Core/Src/display.c **** void show_motor_duty (void)
 637:Core/Src/display.c **** {
 2884              		.loc 1 637 1 is_stmt 1 view -0
 2885              		.cfi_startproc
 2886              		@ args = 0, pretend = 0, frame = 16
 2887              		@ frame_needed = 0, uses_anonymous_args = 0
 2888 0000 00B5     		push	{lr}
 2889              		.cfi_def_cfa_offset 4
 2890              		.cfi_offset 14, -4
 2891 0002 85B0     		sub	sp, sp, #20
 2892              		.cfi_def_cfa_offset 24
 638:Core/Src/display.c **** 	float datas = ((float)speed / 63.0 ) * 9.0 * 10.0;
 2893              		.loc 1 638 2 view .LVU671
 2894              		.loc 1 638 17 is_stmt 0 view .LVU672
 2895 0004 1F4B     		ldr	r3, .L199
 2896 0006 1878     		ldrb	r0, [r3]	@ zero_extendqisi2
 2897 0008 07EE900A 		vmov	s15, r0	@ int
 2898 000c F8EE677A 		vcvt.f32.u32	s15, s15
ARM GAS  /tmp/ccd76LHI.s 			page 67


 2899 0010 17EE900A 		vmov	r0, s15
 2900 0014 FFF7FEFF 		bl	__aeabi_f2d
 2901              	.LVL336:
 2902              		.loc 1 638 30 view .LVU673
 2903 0018 0022     		movs	r2, #0
 2904 001a 1B4B     		ldr	r3, .L199+4
 2905 001c FFF7FEFF 		bl	__aeabi_ddiv
 2906              	.LVL337:
 2907              		.loc 1 638 39 view .LVU674
 2908 0020 0022     		movs	r2, #0
 2909 0022 1A4B     		ldr	r3, .L199+8
 2910 0024 FFF7FEFF 		bl	__aeabi_dmul
 2911              	.LVL338:
 2912              		.loc 1 638 45 view .LVU675
 2913 0028 0022     		movs	r2, #0
 2914 002a 194B     		ldr	r3, .L199+12
 2915 002c FFF7FEFF 		bl	__aeabi_dmul
 2916              	.LVL339:
 2917              		.loc 1 638 8 view .LVU676
 2918 0030 FFF7FEFF 		bl	__aeabi_d2f
 2919              	.LVL340:
 2920 0034 07EE900A 		vmov	s15, r0
 2921              	.LVL341:
 639:Core/Src/display.c **** 	char duty_data[5] = {'0', '.', '0', 'v'};
 2922              		.loc 1 639 2 is_stmt 1 view .LVU677
 2923              		.loc 1 639 7 is_stmt 0 view .LVU678
 2924 0038 164B     		ldr	r3, .L199+16
 2925 003a 0293     		str	r3, [sp, #8]
 2926 003c 0020     		movs	r0, #0
 2927              	.LVL342:
 2928              		.loc 1 639 7 view .LVU679
 2929 003e 8DF80C00 		strb	r0, [sp, #12]
 640:Core/Src/display.c **** 	duty_data[0] = (uint8_t)datas / 10 + '0';
 2930              		.loc 1 640 2 is_stmt 1 view .LVU680
 2931              		.loc 1 640 17 is_stmt 0 view .LVU681
 2932 0042 FCEEE77A 		vcvt.u32.f32	s15, s15
 2933              	.LVL343:
 2934              		.loc 1 640 17 view .LVU682
 2935 0046 CDED017A 		vstr.32	s15, [sp, #4]	@ int
 2936 004a 9DF80420 		ldrb	r2, [sp, #4]	@ zero_extendqisi2
 2937              		.loc 1 640 37 view .LVU683
 2938 004e 124B     		ldr	r3, .L199+20
 2939 0050 A3FB0213 		umull	r1, r3, r3, r2
 2940 0054 DB08     		lsrs	r3, r3, #3
 2941 0056 03F13001 		add	r1, r3, #48
 2942              		.loc 1 640 15 view .LVU684
 2943 005a 8DF80810 		strb	r1, [sp, #8]
 641:Core/Src/display.c **** 	duty_data[2] = (uint8_t)datas % 10 + '0';
 2944              		.loc 1 641 2 is_stmt 1 view .LVU685
 2945              		.loc 1 641 37 is_stmt 0 view .LVU686
 2946 005e 03EB8303 		add	r3, r3, r3, lsl #2
 2947 0062 A2EB4302 		sub	r2, r2, r3, lsl #1
 2948 0066 3032     		adds	r2, r2, #48
 2949              		.loc 1 641 15 view .LVU687
 2950 0068 8DF80A20 		strb	r2, [sp, #10]
 642:Core/Src/display.c **** 	SSD1306_GotoXY(0,5);
 2951              		.loc 1 642 2 is_stmt 1 view .LVU688
ARM GAS  /tmp/ccd76LHI.s 			page 68


 2952 006c 0521     		movs	r1, #5
 2953 006e FFF7FEFF 		bl	SSD1306_GotoXY
 2954              	.LVL344:
 643:Core/Src/display.c **** 	SSD1306_Puts(duty_data, &Font_16x26, SSD1306_COLOR_WHITE);
 2955              		.loc 1 643 2 view .LVU689
 2956 0072 0122     		movs	r2, #1
 2957 0074 0949     		ldr	r1, .L199+24
 2958 0076 02A8     		add	r0, sp, #8
 2959 0078 FFF7FEFF 		bl	SSD1306_Puts
 2960              	.LVL345:
 644:Core/Src/display.c **** 
 645:Core/Src/display.c **** }
 2961              		.loc 1 645 1 is_stmt 0 view .LVU690
 2962 007c 05B0     		add	sp, sp, #20
 2963              		.cfi_def_cfa_offset 4
 2964              		@ sp needed
 2965 007e 5DF804FB 		ldr	pc, [sp], #4
 2966              	.L200:
 2967 0082 00BF     		.align	2
 2968              	.L199:
 2969 0084 00000000 		.word	speed
 2970 0088 00804F40 		.word	1078951936
 2971 008c 00002240 		.word	1075970048
 2972 0090 00002440 		.word	1076101120
 2973 0094 302E3076 		.word	1982869040
 2974 0098 CDCCCCCC 		.word	-858993459
 2975 009c 00000000 		.word	Font_16x26
 2976              		.cfi_endproc
 2977              	.LFE315:
 2979              		.global	__aeabi_ui2d
 2980              		.global	__aeabi_d2uiz
 2981              		.section	.rodata.show_motor_speed.str1.4,"aMS",%progbits,1
 2982              		.align	2
 2983              	.LC1:
 2984 0000 30303048 		.ascii	"000Hz\000"
 2984      7A00
 2985              		.section	.text.show_motor_speed,"ax",%progbits
 2986              		.align	1
 2987              		.global	show_motor_speed
 2988              		.syntax unified
 2989              		.thumb
 2990              		.thumb_func
 2992              	show_motor_speed:
 2993              	.LFB316:
 646:Core/Src/display.c **** void show_motor_speed (void)
 647:Core/Src/display.c **** {
 2994              		.loc 1 647 1 is_stmt 1 view -0
 2995              		.cfi_startproc
 2996              		@ args = 0, pretend = 0, frame = 8
 2997              		@ frame_needed = 0, uses_anonymous_args = 0
 2998 0000 00B5     		push	{lr}
 2999              		.cfi_def_cfa_offset 4
 3000              		.cfi_offset 14, -4
 3001 0002 83B0     		sub	sp, sp, #12
 3002              		.cfi_def_cfa_offset 16
 648:Core/Src/display.c **** 	char speed_data[6] = {'0', '0', '0', 'H', 'z'};
 3003              		.loc 1 648 2 view .LVU692
ARM GAS  /tmp/ccd76LHI.s 			page 69


 3004              		.loc 1 648 7 is_stmt 0 view .LVU693
 3005 0004 1E4B     		ldr	r3, .L205+8
 3006 0006 93E80300 		ldm	r3, {r0, r1}
 3007 000a 0090     		str	r0, [sp]
 3008 000c ADF80410 		strh	r1, [sp, #4]	@ movhi
 649:Core/Src/display.c **** 
 650:Core/Src/display.c **** 	uint32_t datam = motor_read(RC_STATUS1)*32; //rad*s
 3009              		.loc 1 650 2 is_stmt 1 view .LVU694
 3010              		.loc 1 650 19 is_stmt 0 view .LVU695
 3011 0010 0120     		movs	r0, #1
 3012 0012 FFF7FEFF 		bl	motor_read
 3013              	.LVL346:
 651:Core/Src/display.c **** 	double freq = (double)datam / 62.831853;
 3014              		.loc 1 651 2 is_stmt 1 view .LVU696
 3015              		.loc 1 651 16 is_stmt 0 view .LVU697
 3016 0016 4001     		lsls	r0, r0, #5
 3017              	.LVL347:
 3018              		.loc 1 651 16 view .LVU698
 3019 0018 FFF7FEFF 		bl	__aeabi_ui2d
 3020              	.LVL348:
 3021              		.loc 1 651 9 view .LVU699
 3022 001c 16A3     		adr	r3, .L205
 3023 001e D3E90023 		ldrd	r2, [r3]
 3024 0022 FFF7FEFF 		bl	__aeabi_ddiv
 3025              	.LVL349:
 652:Core/Src/display.c **** 	uint16_t freq_int = (uint16_t)freq;
 3026              		.loc 1 652 2 is_stmt 1 view .LVU700
 3027              		.loc 1 652 11 is_stmt 0 view .LVU701
 3028 0026 FFF7FEFF 		bl	__aeabi_d2uiz
 3029              	.LVL350:
 3030              		.loc 1 652 11 view .LVU702
 3031 002a 80B2     		uxth	r0, r0
 3032              	.LVL351:
 653:Core/Src/display.c **** 	if (freq_int >= 100)
 3033              		.loc 1 653 2 is_stmt 1 view .LVU703
 3034              		.loc 1 653 5 is_stmt 0 view .LVU704
 3035 002c 6328     		cmp	r0, #99
 3036 002e 1FD9     		bls	.L202
 654:Core/Src/display.c **** 	{
 655:Core/Src/display.c **** 		speed_data[0] = '1';
 3037              		.loc 1 655 3 is_stmt 1 view .LVU705
 3038              		.loc 1 655 17 is_stmt 0 view .LVU706
 3039 0030 3123     		movs	r3, #49
 3040 0032 8DF80030 		strb	r3, [sp]
 656:Core/Src/display.c **** 		freq_int -= 100;
 3041              		.loc 1 656 3 is_stmt 1 view .LVU707
 3042              		.loc 1 656 12 is_stmt 0 view .LVU708
 3043 0036 6438     		subs	r0, r0, #100
 3044              	.LVL352:
 3045              		.loc 1 656 12 view .LVU709
 3046 0038 80B2     		uxth	r0, r0
 3047              	.LVL353:
 3048              	.L203:
 657:Core/Src/display.c **** 	}
 658:Core/Src/display.c **** 	else
 659:Core/Src/display.c **** 	{
 660:Core/Src/display.c **** 		speed_data[0] = ' ';
ARM GAS  /tmp/ccd76LHI.s 			page 70


 661:Core/Src/display.c **** 	}
 662:Core/Src/display.c **** 	speed_data[1] = freq_int / 10 + '0';
 3049              		.loc 1 662 2 is_stmt 1 view .LVU710
 3050              		.loc 1 662 32 is_stmt 0 view .LVU711
 3051 003a 124B     		ldr	r3, .L205+12
 3052 003c A3FB0023 		umull	r2, r3, r3, r0
 3053 0040 DB08     		lsrs	r3, r3, #3
 3054 0042 03F13002 		add	r2, r3, #48
 3055              		.loc 1 662 16 view .LVU712
 3056 0046 8DF80120 		strb	r2, [sp, #1]
 663:Core/Src/display.c **** 	speed_data[2] = freq_int % 10 + '0';
 3057              		.loc 1 663 2 is_stmt 1 view .LVU713
 3058              		.loc 1 663 32 is_stmt 0 view .LVU714
 3059 004a 03EB8303 		add	r3, r3, r3, lsl #2
 3060 004e A0EB4300 		sub	r0, r0, r3, lsl #1
 3061              	.LVL354:
 3062              		.loc 1 663 32 view .LVU715
 3063 0052 3030     		adds	r0, r0, #48
 3064              		.loc 1 663 16 view .LVU716
 3065 0054 8DF80200 		strb	r0, [sp, #2]
 664:Core/Src/display.c **** 	SSD1306_GotoXY(70, 5);
 3066              		.loc 1 664 2 is_stmt 1 view .LVU717
 3067 0058 0521     		movs	r1, #5
 3068 005a 4620     		movs	r0, #70
 3069 005c FFF7FEFF 		bl	SSD1306_GotoXY
 3070              	.LVL355:
 665:Core/Src/display.c **** 	SSD1306_Puts(speed_data, &Font_7x10, SSD1306_COLOR_WHITE);
 3071              		.loc 1 665 2 view .LVU718
 3072 0060 0122     		movs	r2, #1
 3073 0062 0949     		ldr	r1, .L205+16
 3074 0064 6846     		mov	r0, sp
 3075 0066 FFF7FEFF 		bl	SSD1306_Puts
 3076              	.LVL356:
 666:Core/Src/display.c **** }
 3077              		.loc 1 666 1 is_stmt 0 view .LVU719
 3078 006a 03B0     		add	sp, sp, #12
 3079              		.cfi_remember_state
 3080              		.cfi_def_cfa_offset 4
 3081              		@ sp needed
 3082 006c 5DF804FB 		ldr	pc, [sp], #4
 3083              	.LVL357:
 3084              	.L202:
 3085              		.cfi_restore_state
 660:Core/Src/display.c **** 	}
 3086              		.loc 1 660 3 is_stmt 1 view .LVU720
 660:Core/Src/display.c **** 	}
 3087              		.loc 1 660 17 is_stmt 0 view .LVU721
 3088 0070 2023     		movs	r3, #32
 3089 0072 8DF80030 		strb	r3, [sp]
 3090 0076 E0E7     		b	.L203
 3091              	.L206:
 3092              		.align	3
 3093              	.L205:
 3094 0078 2D0ABB28 		.word	683346477
 3095 007c 7A6A4F40 		.word	1078946426
 3096 0080 00000000 		.word	.LC1
 3097 0084 CDCCCCCC 		.word	-858993459
ARM GAS  /tmp/ccd76LHI.s 			page 71


 3098 0088 00000000 		.word	Font_7x10
 3099              		.cfi_endproc
 3100              	.LFE316:
 3102              		.section	.rodata.show_time.str1.4,"aMS",%progbits,1
 3103              		.align	2
 3104              	.LC2:
 3105 0000 30303A30 		.ascii	"00:00h\000"
 3105      306800
 3106              		.section	.text.show_time,"ax",%progbits
 3107              		.align	1
 3108              		.global	show_time
 3109              		.syntax unified
 3110              		.thumb
 3111              		.thumb_func
 3113              	show_time:
 3114              	.LFB317:
 667:Core/Src/display.c **** void show_time (void)
 668:Core/Src/display.c **** {
 3115              		.loc 1 668 1 is_stmt 1 view -0
 3116              		.cfi_startproc
 3117              		@ args = 0, pretend = 0, frame = 8
 3118              		@ frame_needed = 0, uses_anonymous_args = 0
 3119 0000 00B5     		push	{lr}
 3120              		.cfi_def_cfa_offset 4
 3121              		.cfi_offset 14, -4
 3122 0002 83B0     		sub	sp, sp, #12
 3123              		.cfi_def_cfa_offset 16
 669:Core/Src/display.c **** 	char data[6] = {'0', '0', ':',  '0','0', 'h'};
 3124              		.loc 1 669 2 view .LVU723
 3125              		.loc 1 669 7 is_stmt 0 view .LVU724
 3126 0004 304B     		ldr	r3, .L212
 3127 0006 93E80300 		ldm	r3, {r0, r1}
 3128 000a 0090     		str	r0, [sp]
 3129 000c ADF80410 		strh	r1, [sp, #4]	@ movhi
 670:Core/Src/display.c **** 	uint8_t sec_tmp = 0;
 3130              		.loc 1 670 2 is_stmt 1 view .LVU725
 3131              	.LVL358:
 671:Core/Src/display.c **** 	uint8_t min_tmp = 0;
 3132              		.loc 1 671 2 view .LVU726
 672:Core/Src/display.c **** 	sec_tmp = time%60;
 3133              		.loc 1 672 2 view .LVU727
 3134              		.loc 1 672 10 is_stmt 0 view .LVU728
 3135 0010 2E4B     		ldr	r3, .L212+4
 3136 0012 1B88     		ldrh	r3, [r3]
 3137 0014 2E49     		ldr	r1, .L212+8
 3138 0016 A1FB0321 		umull	r2, r1, r1, r3
 3139 001a 4909     		lsrs	r1, r1, #5
 3140 001c C1EB0110 		rsb	r0, r1, r1, lsl #4
 3141 0020 8200     		lsls	r2, r0, #2
 3142 0022 9B1A     		subs	r3, r3, r2
 3143 0024 DBB2     		uxtb	r3, r3
 3144              	.LVL359:
 673:Core/Src/display.c **** 	min_tmp = time/60;
 3145              		.loc 1 673 2 is_stmt 1 view .LVU729
 3146              		.loc 1 673 10 is_stmt 0 view .LVU730
 3147 0026 C9B2     		uxtb	r1, r1
 3148              	.LVL360:
ARM GAS  /tmp/ccd76LHI.s 			page 72


 674:Core/Src/display.c **** 	
 675:Core/Src/display.c **** 	data[4] = sec_tmp%10 + '0';
 3149              		.loc 1 675 2 is_stmt 1 view .LVU731
 3150              		.loc 1 675 23 is_stmt 0 view .LVU732
 3151 0028 2A4A     		ldr	r2, .L212+12
 3152 002a A2FB03C0 		umull	ip, r0, r2, r3
 3153 002e C008     		lsrs	r0, r0, #3
 3154 0030 00EB800E 		add	lr, r0, r0, lsl #2
 3155 0034 4FEA4E0C 		lsl	ip, lr, #1
 3156 0038 A3EB0C03 		sub	r3, r3, ip
 3157              	.LVL361:
 3158              		.loc 1 675 23 view .LVU733
 3159 003c 3033     		adds	r3, r3, #48
 3160 003e DBB2     		uxtb	r3, r3
 3161              		.loc 1 675 10 view .LVU734
 3162 0040 8DF80430 		strb	r3, [sp, #4]
 676:Core/Src/display.c **** 	data[3] = sec_tmp/10 + '0';
 3163              		.loc 1 676 2 is_stmt 1 view .LVU735
 3164              		.loc 1 676 23 is_stmt 0 view .LVU736
 3165 0044 5FFA80FE 		uxtb	lr, r0
 3166 0048 3030     		adds	r0, r0, #48
 3167              		.loc 1 676 10 view .LVU737
 3168 004a 8DF80300 		strb	r0, [sp, #3]
 677:Core/Src/display.c **** 
 678:Core/Src/display.c **** 	data[1] = min_tmp%10 + '0';
 3169              		.loc 1 678 2 is_stmt 1 view .LVU738
 3170              		.loc 1 678 23 is_stmt 0 view .LVU739
 3171 004e A2FB0102 		umull	r0, r2, r2, r1
 3172 0052 D208     		lsrs	r2, r2, #3
 3173 0054 02EB820C 		add	ip, r2, r2, lsl #2
 3174 0058 4FEA4C00 		lsl	r0, ip, #1
 3175 005c 091A     		subs	r1, r1, r0
 3176              	.LVL362:
 3177              		.loc 1 678 23 view .LVU740
 3178 005e 3031     		adds	r1, r1, #48
 3179 0060 C9B2     		uxtb	r1, r1
 3180              		.loc 1 678 10 view .LVU741
 3181 0062 8DF80110 		strb	r1, [sp, #1]
 679:Core/Src/display.c **** 	data[0] = min_tmp/10 + '0';
 3182              		.loc 1 679 2 is_stmt 1 view .LVU742
 3183              		.loc 1 679 23 is_stmt 0 view .LVU743
 3184 0066 D0B2     		uxtb	r0, r2
 3185 0068 3032     		adds	r2, r2, #48
 3186              		.loc 1 679 10 view .LVU744
 3187 006a 8DF80020 		strb	r2, [sp]
 680:Core/Src/display.c **** 
 681:Core/Src/display.c **** 	if (data[4] > '9')
 3188              		.loc 1 681 2 is_stmt 1 view .LVU745
 3189              		.loc 1 681 5 is_stmt 0 view .LVU746
 3190 006e 392B     		cmp	r3, #57
 3191 0070 06D9     		bls	.L208
 682:Core/Src/display.c **** 	 {
 683:Core/Src/display.c **** 		data[3] += 1;
 3192              		.loc 1 683 3 is_stmt 1 view .LVU747
 3193              		.loc 1 683 11 is_stmt 0 view .LVU748
 3194 0072 0EF1310E 		add	lr, lr, #49
 3195 0076 8DF803E0 		strb	lr, [sp, #3]
ARM GAS  /tmp/ccd76LHI.s 			page 73


 684:Core/Src/display.c **** 		data[4] = '0';
 3196              		.loc 1 684 3 is_stmt 1 view .LVU749
 3197              		.loc 1 684 11 is_stmt 0 view .LVU750
 3198 007a 3023     		movs	r3, #48
 3199 007c 8DF80430 		strb	r3, [sp, #4]
 3200              	.L208:
 685:Core/Src/display.c **** 	 }
 686:Core/Src/display.c **** 	 if (data[1] > '9')
 3201              		.loc 1 686 3 is_stmt 1 view .LVU751
 3202              		.loc 1 686 6 is_stmt 0 view .LVU752
 3203 0080 3929     		cmp	r1, #57
 3204 0082 05D9     		bls	.L209
 687:Core/Src/display.c **** 	 {
 688:Core/Src/display.c **** 		data[0] += 1;
 3205              		.loc 1 688 3 is_stmt 1 view .LVU753
 3206              		.loc 1 688 11 is_stmt 0 view .LVU754
 3207 0084 3130     		adds	r0, r0, #49
 3208 0086 8DF80000 		strb	r0, [sp]
 689:Core/Src/display.c **** 		data[1] = '0';
 3209              		.loc 1 689 3 is_stmt 1 view .LVU755
 3210              		.loc 1 689 11 is_stmt 0 view .LVU756
 3211 008a 3023     		movs	r3, #48
 3212 008c 8DF80130 		strb	r3, [sp, #1]
 3213              	.L209:
 690:Core/Src/display.c **** 	 }
 691:Core/Src/display.c **** 	 if (data[0] > '9')
 3214              		.loc 1 691 3 is_stmt 1 view .LVU757
 3215              		.loc 1 691 11 is_stmt 0 view .LVU758
 3216 0090 9DF80030 		ldrb	r3, [sp]	@ zero_extendqisi2
 3217              		.loc 1 691 6 view .LVU759
 3218 0094 392B     		cmp	r3, #57
 3219 0096 0BD9     		bls	.L210
 692:Core/Src/display.c **** 	 {
 693:Core/Src/display.c **** 		data[0] = '0';
 3220              		.loc 1 693 3 is_stmt 1 view .LVU760
 3221              		.loc 1 693 11 is_stmt 0 view .LVU761
 3222 0098 3023     		movs	r3, #48
 3223 009a 8DF80030 		strb	r3, [sp]
 694:Core/Src/display.c **** 		data[1] = '0';
 3224              		.loc 1 694 3 is_stmt 1 view .LVU762
 3225              		.loc 1 694 11 is_stmt 0 view .LVU763
 3226 009e 8DF80130 		strb	r3, [sp, #1]
 695:Core/Src/display.c **** 		data[3] = '0';
 3227              		.loc 1 695 3 is_stmt 1 view .LVU764
 3228              		.loc 1 695 11 is_stmt 0 view .LVU765
 3229 00a2 8DF80330 		strb	r3, [sp, #3]
 696:Core/Src/display.c **** 		data[4] = '0';
 3230              		.loc 1 696 3 is_stmt 1 view .LVU766
 3231              		.loc 1 696 11 is_stmt 0 view .LVU767
 3232 00a6 8DF80430 		strb	r3, [sp, #4]
 697:Core/Src/display.c **** 		time = 0;
 3233              		.loc 1 697 3 is_stmt 1 view .LVU768
 3234              		.loc 1 697 8 is_stmt 0 view .LVU769
 3235 00aa 084B     		ldr	r3, .L212+4
 3236              	.LVL363:
 3237              		.loc 1 697 8 view .LVU770
 3238 00ac 0022     		movs	r2, #0
ARM GAS  /tmp/ccd76LHI.s 			page 74


 3239 00ae 1A80     		strh	r2, [r3]	@ movhi
 3240              	.LVL364:
 3241              	.L210:
 698:Core/Src/display.c **** 	 }	
 699:Core/Src/display.c **** 	SSD1306_GotoXY(70,21);
 3242              		.loc 1 699 2 is_stmt 1 view .LVU771
 3243 00b0 1521     		movs	r1, #21
 3244 00b2 4620     		movs	r0, #70
 3245 00b4 FFF7FEFF 		bl	SSD1306_GotoXY
 3246              	.LVL365:
 700:Core/Src/display.c **** 	SSD1306_Puts(data, &Font_7x10, SSD1306_COLOR_WHITE);
 3247              		.loc 1 700 2 view .LVU772
 3248 00b8 0122     		movs	r2, #1
 3249 00ba 0749     		ldr	r1, .L212+16
 3250 00bc 6846     		mov	r0, sp
 3251 00be FFF7FEFF 		bl	SSD1306_Puts
 3252              	.LVL366:
 701:Core/Src/display.c **** 
 702:Core/Src/display.c **** }...
 3253              		.loc 1 702 1 is_stmt 0 view .LVU773
 3254 00c2 03B0     		add	sp, sp, #12
 3255              		.cfi_def_cfa_offset 4
 3256              		@ sp needed
 3257 00c4 5DF804FB 		ldr	pc, [sp], #4
 3258              	.L213:
 3259              		.align	2
 3260              	.L212:
 3261 00c8 00000000 		.word	.LC2
 3262 00cc 00000000 		.word	time
 3263 00d0 89888888 		.word	-2004318071
 3264 00d4 CDCCCCCC 		.word	-858993459
 3265 00d8 00000000 		.word	Font_7x10
 3266              		.cfi_endproc
 3267              	.LFE317:
 3269              		.section	.bss.SSD1306,"aw",%nobits
 3270              		.align	2
 3273              	SSD1306:
 3274 0000 00000000 		.space	6
 3274      0000
 3275              		.section	.bss.pixelBuffer,"aw",%nobits
 3276              		.align	2
 3279              	pixelBuffer:
 3280 0000 00000000 		.space	512
 3280      00000000 
 3280      00000000 
 3280      00000000 
 3280      00000000 
 3281              		.section	.bss.SSD1306_Buffer,"aw",%nobits
 3282              		.align	2
 3285              	SSD1306_Buffer:
 3286 0000 00000000 		.space	512
 3286      00000000 
 3286      00000000 
 3286      00000000 
 3286      00000000 
 3287              		.global	vbat_value
 3288              		.section	.bss.vbat_value,"aw",%nobits
ARM GAS  /tmp/ccd76LHI.s 			page 75


 3289              		.align	2
 3292              	vbat_value:
 3293 0000 00000000 		.space	4
 3294              		.section	.rodata
 3295              		.align	2
 3296              		.set	.LANCHOR0,. + 0
 3297              	.LC0:
 3298 0000 FF0101FD 		.ascii	"\377\001\001\375%%%%\001\341YEY\341\001\231%%\311\001"
 3298      25252525 
 3298      01E15945 
 3298      59E10199 
 3298      2525C901 
 3299 0014 0505FD05 		.ascii	"\005\005\375\005\005\001\375%%e\231\001\001\375\001"
 3299      0501FD25 
 3299      25659901 
 3299      01FD01
 3300 0023 01992525 		.ascii	"\001\231%%\311\001\001\375\001\001\375\031!\301\375"
 3300      C90101FD 
 3300      0101FD19 
 3300      21C1FD
 3301 0032 0101F905 		.ascii	"\001\001\371\005\005%\351\001\001\001\001\005\005\375"
 3301      0525E901 
 3301      01010105 
 3301      05FD
 3302 0040 050501FD 		.ascii	"\005\005\001\375%%%%\001\371\005\005\005\211\001\001"
 3302      25252525 
 3302      01F90505 
 3302      05890101 
 3303 0050 FD212121 		.ascii	"\375!!!\375\001\001\001\001\001\371\005\005\005\211"
 3303      FD010101 
 3303      0101F905 
 3303      050589
 3304 005f 0101F905 		.ascii	"\001\001\371\005\005\005\371\001\001\001\001\001\001"
 3304      0505F901 
 3304      01010101 
 3304      01
 3305 006c 0101FD01 		.ascii	"\001\001\375\001\001\001\005\005\375\005\005\001\375"
 3305      01010505 
 3305      FD050501 
 3305      FD
 3306 0079 050505F9 		.ascii	"\005\005\005\371\001\001\377\377\000\000\001\001\001"
 3306      0101FFFF 
 3306      00000101 
 3306      01
 3307 0086 01010100 		.ascii	"\001\001\001\000\000\000\000\000\001\000\001\001\000"
 3307      00000000 
 3307      01000101 
 3307      00
 3308 0093 00000001 		.ascii	"\000\000\000\001\000\000\000\361\360\220\220\221\000"
 3308      000000F1 
 3308      F0909091 
 3308      00
 3309 00a0 F0F11010 		.ascii	"\360\361\020\020\360\341\001\000\000\000\001\300\340"
 3309      F0E10100 
 3309      000001C0 
 3309      E0
 3310 00ad 311030E0 		.ascii	"1\0200\340\301\000\360\360\001\001\001\000\000\360\360"
ARM GAS  /tmp/ccd76LHI.s 			page 76


 3310      C100F0F0 
 3310      01010100 
 3310      00F0F0
 3311 00bc 90909001 		.ascii	"\220\220\220\001\360\360\020\021\361\341\001\341\360"
 3311      F0F01011 
 3311      F1E101E1 
 3311      F0
 3312 00c9 10F1E101 		.ascii	"\020\361\341\001\340\360\020\361\340\000\300a\360\360"
 3312      E0F010F1 
 3312      E000C061 
 3312      F0F0
 3313 00d7 01000000 		.ascii	"\001\000\000\000\001\001!0\220\360`\001\001\001\000"
 3313      01012130 
 3313      90F06001 
 3313      010100
 3314 00e6 00000100 		.ascii	"\000\000\001\000\000\003\000\000\001\001\001\001\000"
 3314      00030000 
 3314      01010101 
 3314      00
 3315 00f3 00010000 		.ascii	"\000\001\000\000\000\001\001\001\001\000\000\000\377"
 3315      00010101 
 3315      01000000 
 3315      FF
 3316 0100 FF000080 		.ascii	"\377\000\000\200\300\300\000\000\200\300@\300\200\000"
 3316      C0C00000 
 3316      80C040C0 
 3316      8000
 3317 010e 80C040C0 		.ascii	"\200\300@\300\200\000\200\300\200\000\200\300O\317\210"
 3317      800080C0 
 3317      800080C0 
 3317      4FCF88
 3318 011d 0888C04F 		.ascii	"\010\210\300O\317\201\003\007\014\010\002\002\002\000"
 3318      CF810307 
 3318      0C080202 
 3318      0200
 3319 012b C3C70C08 		.ascii	"\303\307\014\010\014\007\003\000\017\017\210\310\010"
 3319      0C070300 
 3319      0F0F88C8 
 3319      08
 3320 0138 08000F0F 		.ascii	"\010\000\017\017\010\010\010\000\017\017\010\010\017"
 3320      08080800 
 3320      0F0F0808 
 3320      0F
 3321 0145 0780C74F 		.ascii	"\007\200\307O\310\217\007\000\004\015\211\317G\300\200"
 3321      C88F0700 
 3321      040D89CF 
 3321      47C080
 3322 0154 000F8FC0 		.ascii	"\000\017\217\300\300\002BB\000\004\014\010\017\007\000"
 3322      C0024242 
 3322      00040C08 
 3322      0F0700
 3323 0163 00000000 		.ascii	"\000\000\000\000\000\000\000\300\300\000\000\000\000"
 3323      000000C0 
 3323      C0000000 
 3323      00
 3324 0170 00000000 		.ascii	"\000\000\000\000\000\000\000\000\000\000\000\000\000"
 3324      00000000 
ARM GAS  /tmp/ccd76LHI.s 			page 77


 3324      00000000 
 3324      00
 3325 017d 0000FFFF 		.ascii	"\000\000\377\377\200\203\201\277\277\200\200\260\270"
 3325      808381BF 
 3325      BF8080B0 
 3325      B8
 3326 018a ACA7A380 		.ascii	"\254\247\243\200\235\277\242\277\235\200\202\201\202"
 3326      9DBFA2BF 
 3326      9D808281 
 3326      82
 3327 0197 8090B0A2 		.ascii	"\200\220\260\242\277\235\200\260\270\254\247\243\200"
 3327      BF9D80B0 
 3327      B8ACA7A3 
 3327      80
 3328 01a4 8080809E 		.ascii	"\200\200\200\236\277\241\241\277\277\200\236\277\241"
 3328      BFA1A1BF 
 3328      BF809EBF 
 3328      A1
 3329 01b1 A1BF9E81 		.ascii	"\241\277\236\201\237\277\241\200\226\267\255\255\273"
 3329      9FBFA180 
 3329      96B7ADAD 
 3329      BB
 3330 01be 9A808080 		.ascii	"\232\200\200\200\200\200\200\200\237\277\240\277\237"
 3330      80808080 
 3330      9FBFA0BF 
 3330      9F
 3331 01cb 80B0B080 		.ascii	"\200\260\260\200\223\267\244\277\237\200\203\201\277"
 3331      93B7A4BF 
 3331      9F808381 
 3331      BF
 3332 01d8 BF80BFBF 		.ascii	"\277\200\277\277\200\277\277\201\201\277\276\200\236"
 3332      80BFBF81 
 3332      81BFBE80 
 3332      9E
 3333 01e5 BFA1B392 		.ascii	"\277\241\263\222\200\277\277\201\201\277\276\200\236"
 3333      80BFBF81 
 3333      81BFBE80 
 3333      9E
 3334 01f2 BFA5A5B7 		.ascii	"\277\245\245\267\226\200\226\267\255\255\273\232\200"
 3334      968096B7 
 3334      ADADBB9A 
 3334      80
 3335 01ff FF       		.ascii	"\377"
 3336              		.text
 3337              	.Letext0:
 3338              		.file 2 "/home/d-zaretski/.config/Code/User/globalStorage/bmd.stm32-for-vscode/@xpack-dev-tools/ar
 3339              		.file 3 "/home/d-zaretski/.config/Code/User/globalStorage/bmd.stm32-for-vscode/@xpack-dev-tools/ar
 3340              		.file 4 "Drivers/CMSIS/Device/ST/STM32L4xx/Include/stm32l431xx.h"
 3341              		.file 5 "Drivers/STM32L4xx_HAL_Driver/Inc/stm32l4xx_hal_def.h"
 3342              		.file 6 "Drivers/STM32L4xx_HAL_Driver/Inc/stm32l4xx_hal_gpio.h"
 3343              		.file 7 "Drivers/STM32L4xx_HAL_Driver/Inc/stm32l4xx_hal_dma.h"
 3344              		.file 8 "Drivers/STM32L4xx_HAL_Driver/Inc/stm32l4xx_hal_spi.h"
 3345              		.file 9 "Core/Inc/fonts.h"
 3346              		.file 10 "Core/Inc/display.h"
 3347              		.file 11 "Core/Inc/motor.h"
 3348              		.file 12 "Drivers/STM32L4xx_HAL_Driver/Inc/stm32l4xx_hal.h"
 3349              		.file 13 "<built-in>"
ARM GAS  /tmp/ccd76LHI.s 			page 78


ARM GAS  /tmp/ccd76LHI.s 			page 79


DEFINED SYMBOLS
                            *ABS*:00000000 display.c
     /tmp/ccd76LHI.s:21     .text.command:00000000 $t
     /tmp/ccd76LHI.s:27     .text.command:00000000 command
     /tmp/ccd76LHI.s:78     .text.command:00000048 $d
     /tmp/ccd76LHI.s:83     .text.data:00000000 $t
     /tmp/ccd76LHI.s:89     .text.data:00000000 data
     /tmp/ccd76LHI.s:140    .text.data:00000048 $d
     /tmp/ccd76LHI.s:145    .text.SSD1306_ToggleInvert:00000000 $t
     /tmp/ccd76LHI.s:151    .text.SSD1306_ToggleInvert:00000000 SSD1306_ToggleInvert
     /tmp/ccd76LHI.s:198    .text.SSD1306_ToggleInvert:00000024 $d
     /tmp/ccd76LHI.s:3273   .bss.SSD1306:00000000 SSD1306
     /tmp/ccd76LHI.s:3279   .bss.pixelBuffer:00000000 pixelBuffer
     /tmp/ccd76LHI.s:204    .text.SSD1306_DrawPixel:00000000 $t
     /tmp/ccd76LHI.s:210    .text.SSD1306_DrawPixel:00000000 SSD1306_DrawPixel
     /tmp/ccd76LHI.s:304    .text.SSD1306_DrawPixel:00000054 $d
     /tmp/ccd76LHI.s:310    .text.SSD1306_GotoXY:00000000 $t
     /tmp/ccd76LHI.s:316    .text.SSD1306_GotoXY:00000000 SSD1306_GotoXY
     /tmp/ccd76LHI.s:336    .text.SSD1306_GotoXY:00000008 $d
     /tmp/ccd76LHI.s:341    .text.SSD1306_Putc:00000000 $t
     /tmp/ccd76LHI.s:347    .text.SSD1306_Putc:00000000 SSD1306_Putc
     /tmp/ccd76LHI.s:504    .text.SSD1306_Putc:00000098 $d
     /tmp/ccd76LHI.s:509    .text.SSD1306_Puts:00000000 $t
     /tmp/ccd76LHI.s:515    .text.SSD1306_Puts:00000000 SSD1306_Puts
     /tmp/ccd76LHI.s:565    .text.SSD1306_DrawLine:00000000 $t
     /tmp/ccd76LHI.s:571    .text.SSD1306_DrawLine:00000000 SSD1306_DrawLine
     /tmp/ccd76LHI.s:900    .text.SSD1306_DrawRectangle:00000000 $t
     /tmp/ccd76LHI.s:906    .text.SSD1306_DrawRectangle:00000000 SSD1306_DrawRectangle
     /tmp/ccd76LHI.s:1019   .text.SSD1306_DrawFilledRectangle:00000000 $t
     /tmp/ccd76LHI.s:1025   .text.SSD1306_DrawFilledRectangle:00000000 SSD1306_DrawFilledRectangle
     /tmp/ccd76LHI.s:1123   .text.SSD1306_DrawTriangle:00000000 $t
     /tmp/ccd76LHI.s:1129   .text.SSD1306_DrawTriangle:00000000 SSD1306_DrawTriangle
     /tmp/ccd76LHI.s:1186   .text.SSD1306_DrawFilledTriangle:00000000 $t
     /tmp/ccd76LHI.s:1192   .text.SSD1306_DrawFilledTriangle:00000000 SSD1306_DrawFilledTriangle
     /tmp/ccd76LHI.s:1430   .text.SSD1306_DrawCircle:00000000 $t
     /tmp/ccd76LHI.s:1436   .text.SSD1306_DrawCircle:00000000 SSD1306_DrawCircle
     /tmp/ccd76LHI.s:1652   .text.SSD1306_DrawFilledCircle:00000000 $t
     /tmp/ccd76LHI.s:1658   .text.SSD1306_DrawFilledCircle:00000000 SSD1306_DrawFilledCircle
     /tmp/ccd76LHI.s:1866   .text.Set_Page_Address:00000000 $t
     /tmp/ccd76LHI.s:1872   .text.Set_Page_Address:00000000 Set_Page_Address
     /tmp/ccd76LHI.s:1897   .text.Set_Column_Address:00000000 $t
     /tmp/ccd76LHI.s:1903   .text.Set_Column_Address:00000000 Set_Column_Address
     /tmp/ccd76LHI.s:1935   .text.SSD1306_UpdateScreen:00000000 $t
     /tmp/ccd76LHI.s:1941   .text.SSD1306_UpdateScreen:00000000 SSD1306_UpdateScreen
     /tmp/ccd76LHI.s:2012   .text.SSD1306_UpdateScreen:00000038 $d
     /tmp/ccd76LHI.s:2017   .text.SSD1306_ClearScreen:00000000 $t
     /tmp/ccd76LHI.s:2023   .text.SSD1306_ClearScreen:00000000 SSD1306_ClearScreen
     /tmp/ccd76LHI.s:2068   .text.SSD1306_ClearScreen:0000001c $d
     /tmp/ccd76LHI.s:3285   .bss.SSD1306_Buffer:00000000 SSD1306_Buffer
     /tmp/ccd76LHI.s:2074   .text.SSD1306_Fill:00000000 $t
     /tmp/ccd76LHI.s:2080   .text.SSD1306_Fill:00000000 SSD1306_Fill
     /tmp/ccd76LHI.s:2183   .text.SSD1306_Fill:00000050 $d
     /tmp/ccd76LHI.s:2188   .text.display_init:00000000 $t
     /tmp/ccd76LHI.s:2194   .text.display_init:00000000 display_init
     /tmp/ccd76LHI.s:2366   .text.display_init:00000100 $d
     /tmp/ccd76LHI.s:2371   .text.Display_Picture:00000000 $t
     /tmp/ccd76LHI.s:2377   .text.Display_Picture:00000000 Display_Picture
ARM GAS  /tmp/ccd76LHI.s 			page 80


     /tmp/ccd76LHI.s:2450   .text.display_demo:00000000 $t
     /tmp/ccd76LHI.s:2456   .text.display_demo:00000000 display_demo
     /tmp/ccd76LHI.s:2502   .text.display_demo:0000003c $d
     /tmp/ccd76LHI.s:2507   .text.display_test:00000000 $t
     /tmp/ccd76LHI.s:2513   .text.display_test:00000000 display_test
     /tmp/ccd76LHI.s:2543   .text.show_vbat:00000000 $t
     /tmp/ccd76LHI.s:2549   .text.show_vbat:00000000 show_vbat
     /tmp/ccd76LHI.s:2860   .text.show_vbat:000001f0 $d
     /tmp/ccd76LHI.s:3292   .bss.vbat_value:00000000 vbat_value
     /tmp/ccd76LHI.s:2876   .text.show_motor_duty:00000000 $t
     /tmp/ccd76LHI.s:2882   .text.show_motor_duty:00000000 show_motor_duty
     /tmp/ccd76LHI.s:2969   .text.show_motor_duty:00000084 $d
     /tmp/ccd76LHI.s:2982   .rodata.show_motor_speed.str1.4:00000000 $d
     /tmp/ccd76LHI.s:2986   .text.show_motor_speed:00000000 $t
     /tmp/ccd76LHI.s:2992   .text.show_motor_speed:00000000 show_motor_speed
     /tmp/ccd76LHI.s:3094   .text.show_motor_speed:00000078 $d
     /tmp/ccd76LHI.s:3103   .rodata.show_time.str1.4:00000000 $d
     /tmp/ccd76LHI.s:3107   .text.show_time:00000000 $t
     /tmp/ccd76LHI.s:3113   .text.show_time:00000000 show_time
     /tmp/ccd76LHI.s:3261   .text.show_time:000000c8 $d
     /tmp/ccd76LHI.s:3270   .bss.SSD1306:00000000 $d
     /tmp/ccd76LHI.s:3276   .bss.pixelBuffer:00000000 $d
     /tmp/ccd76LHI.s:3282   .bss.SSD1306_Buffer:00000000 $d
     /tmp/ccd76LHI.s:3289   .bss.vbat_value:00000000 $d
     /tmp/ccd76LHI.s:3295   .rodata:00000000 $d

UNDEFINED SYMBOLS
HAL_GPIO_WritePin
HAL_SPI_Transmit
hspi1
ABS
HAL_Delay
memcpy
__aeabi_f2d
__aeabi_dmul
__aeabi_dadd
__aeabi_ddiv
__aeabi_d2f
__aeabi_dcmpgt
__aeabi_dcmplt
ADC_Data
speed
Font_16x26
__aeabi_ui2d
__aeabi_d2uiz
motor_read
Font_7x10
time
