ARM GAS  /tmp/ccxIXDAo.s 			page 1


   1              		.cpu cortex-m4
   2              		.arch armv7e-m
   3              		.fpu fpv4-sp-d16
   4              		.eabi_attribute 27, 1
   5              		.eabi_attribute 28, 1
   6              		.eabi_attribute 20, 1
   7              		.eabi_attribute 21, 1
   8              		.eabi_attribute 23, 3
   9              		.eabi_attribute 24, 1
  10              		.eabi_attribute 25, 1
  11              		.eabi_attribute 26, 1
  12              		.eabi_attribute 30, 1
  13              		.eabi_attribute 34, 1
  14              		.eabi_attribute 18, 4
  15              		.file	"stm32l4xx_hal_rcc_ex.c"
  16              		.text
  17              	.Ltext0:
  18              		.cfi_sections	.debug_frame
  19              		.file 1 "Drivers/STM32L4xx_HAL_Driver/Src/stm32l4xx_hal_rcc_ex.c"
  20              		.section	.text.RCCEx_GetSAIxPeriphCLKFreq,"ax",%progbits
  21              		.align	1
  22              		.syntax unified
  23              		.thumb
  24              		.thumb_func
  26              	RCCEx_GetSAIxPeriphCLKFreq:
  27              	.LVL0:
  28              	.LFB314:
   1:Drivers/STM32L4xx_HAL_Driver/Src/stm32l4xx_hal_rcc_ex.c **** /**
   2:Drivers/STM32L4xx_HAL_Driver/Src/stm32l4xx_hal_rcc_ex.c ****   ******************************************************************************
   3:Drivers/STM32L4xx_HAL_Driver/Src/stm32l4xx_hal_rcc_ex.c ****   * @file    stm32l4xx_hal_rcc_ex.c
   4:Drivers/STM32L4xx_HAL_Driver/Src/stm32l4xx_hal_rcc_ex.c ****   * @author  MCD Application Team
   5:Drivers/STM32L4xx_HAL_Driver/Src/stm32l4xx_hal_rcc_ex.c ****   * @brief   Extended RCC HAL module driver.
   6:Drivers/STM32L4xx_HAL_Driver/Src/stm32l4xx_hal_rcc_ex.c ****   *          This file provides firmware functions to manage the following
   7:Drivers/STM32L4xx_HAL_Driver/Src/stm32l4xx_hal_rcc_ex.c ****   *          functionalities RCC extended peripheral:
   8:Drivers/STM32L4xx_HAL_Driver/Src/stm32l4xx_hal_rcc_ex.c ****   *           + Extended Peripheral Control functions
   9:Drivers/STM32L4xx_HAL_Driver/Src/stm32l4xx_hal_rcc_ex.c ****   *           + Extended Clock management functions
  10:Drivers/STM32L4xx_HAL_Driver/Src/stm32l4xx_hal_rcc_ex.c ****   *           + Extended Clock Recovery System Control functions
  11:Drivers/STM32L4xx_HAL_Driver/Src/stm32l4xx_hal_rcc_ex.c ****   *
  12:Drivers/STM32L4xx_HAL_Driver/Src/stm32l4xx_hal_rcc_ex.c ****   ******************************************************************************
  13:Drivers/STM32L4xx_HAL_Driver/Src/stm32l4xx_hal_rcc_ex.c ****   * @attention
  14:Drivers/STM32L4xx_HAL_Driver/Src/stm32l4xx_hal_rcc_ex.c ****   *
  15:Drivers/STM32L4xx_HAL_Driver/Src/stm32l4xx_hal_rcc_ex.c ****   * Copyright (c) 2017 STMicroelectronics.
  16:Drivers/STM32L4xx_HAL_Driver/Src/stm32l4xx_hal_rcc_ex.c ****   * All rights reserved.
  17:Drivers/STM32L4xx_HAL_Driver/Src/stm32l4xx_hal_rcc_ex.c ****   *
  18:Drivers/STM32L4xx_HAL_Driver/Src/stm32l4xx_hal_rcc_ex.c ****   * This software is licensed under terms that can be found in the LICENSE file in
  19:Drivers/STM32L4xx_HAL_Driver/Src/stm32l4xx_hal_rcc_ex.c ****   * the root directory of this software component.
  20:Drivers/STM32L4xx_HAL_Driver/Src/stm32l4xx_hal_rcc_ex.c ****   * If no LICENSE file comes with this software, it is provided AS-IS.
  21:Drivers/STM32L4xx_HAL_Driver/Src/stm32l4xx_hal_rcc_ex.c ****   ******************************************************************************
  22:Drivers/STM32L4xx_HAL_Driver/Src/stm32l4xx_hal_rcc_ex.c ****   */
  23:Drivers/STM32L4xx_HAL_Driver/Src/stm32l4xx_hal_rcc_ex.c **** 
  24:Drivers/STM32L4xx_HAL_Driver/Src/stm32l4xx_hal_rcc_ex.c **** /* Includes ------------------------------------------------------------------*/
  25:Drivers/STM32L4xx_HAL_Driver/Src/stm32l4xx_hal_rcc_ex.c **** #include "stm32l4xx_hal.h"
  26:Drivers/STM32L4xx_HAL_Driver/Src/stm32l4xx_hal_rcc_ex.c **** 
  27:Drivers/STM32L4xx_HAL_Driver/Src/stm32l4xx_hal_rcc_ex.c **** /** @addtogroup STM32L4xx_HAL_Driver
  28:Drivers/STM32L4xx_HAL_Driver/Src/stm32l4xx_hal_rcc_ex.c ****   * @{
  29:Drivers/STM32L4xx_HAL_Driver/Src/stm32l4xx_hal_rcc_ex.c ****   */
  30:Drivers/STM32L4xx_HAL_Driver/Src/stm32l4xx_hal_rcc_ex.c **** 
ARM GAS  /tmp/ccxIXDAo.s 			page 2


  31:Drivers/STM32L4xx_HAL_Driver/Src/stm32l4xx_hal_rcc_ex.c **** /** @defgroup RCCEx RCCEx
  32:Drivers/STM32L4xx_HAL_Driver/Src/stm32l4xx_hal_rcc_ex.c ****   * @brief RCC Extended HAL module driver
  33:Drivers/STM32L4xx_HAL_Driver/Src/stm32l4xx_hal_rcc_ex.c ****   * @{
  34:Drivers/STM32L4xx_HAL_Driver/Src/stm32l4xx_hal_rcc_ex.c ****   */
  35:Drivers/STM32L4xx_HAL_Driver/Src/stm32l4xx_hal_rcc_ex.c **** 
  36:Drivers/STM32L4xx_HAL_Driver/Src/stm32l4xx_hal_rcc_ex.c **** #ifdef HAL_RCC_MODULE_ENABLED
  37:Drivers/STM32L4xx_HAL_Driver/Src/stm32l4xx_hal_rcc_ex.c **** 
  38:Drivers/STM32L4xx_HAL_Driver/Src/stm32l4xx_hal_rcc_ex.c **** /* Private typedef -----------------------------------------------------------*/
  39:Drivers/STM32L4xx_HAL_Driver/Src/stm32l4xx_hal_rcc_ex.c **** /* Private defines -----------------------------------------------------------*/
  40:Drivers/STM32L4xx_HAL_Driver/Src/stm32l4xx_hal_rcc_ex.c **** /** @defgroup RCCEx_Private_Constants RCCEx Private Constants
  41:Drivers/STM32L4xx_HAL_Driver/Src/stm32l4xx_hal_rcc_ex.c ****  * @{
  42:Drivers/STM32L4xx_HAL_Driver/Src/stm32l4xx_hal_rcc_ex.c ****  */
  43:Drivers/STM32L4xx_HAL_Driver/Src/stm32l4xx_hal_rcc_ex.c **** #define PLLSAI1_TIMEOUT_VALUE     2U    /* 2 ms (minimum Tick + 1) */
  44:Drivers/STM32L4xx_HAL_Driver/Src/stm32l4xx_hal_rcc_ex.c **** #define PLLSAI2_TIMEOUT_VALUE     2U    /* 2 ms (minimum Tick + 1) */
  45:Drivers/STM32L4xx_HAL_Driver/Src/stm32l4xx_hal_rcc_ex.c **** #define PLL_TIMEOUT_VALUE         2U    /* 2 ms (minimum Tick + 1) */
  46:Drivers/STM32L4xx_HAL_Driver/Src/stm32l4xx_hal_rcc_ex.c **** 
  47:Drivers/STM32L4xx_HAL_Driver/Src/stm32l4xx_hal_rcc_ex.c **** #define DIVIDER_P_UPDATE          0U
  48:Drivers/STM32L4xx_HAL_Driver/Src/stm32l4xx_hal_rcc_ex.c **** #define DIVIDER_Q_UPDATE          1U
  49:Drivers/STM32L4xx_HAL_Driver/Src/stm32l4xx_hal_rcc_ex.c **** #define DIVIDER_R_UPDATE          2U
  50:Drivers/STM32L4xx_HAL_Driver/Src/stm32l4xx_hal_rcc_ex.c **** 
  51:Drivers/STM32L4xx_HAL_Driver/Src/stm32l4xx_hal_rcc_ex.c **** #define __LSCO_CLK_ENABLE()       __HAL_RCC_GPIOA_CLK_ENABLE()
  52:Drivers/STM32L4xx_HAL_Driver/Src/stm32l4xx_hal_rcc_ex.c **** #define LSCO_GPIO_PORT            GPIOA
  53:Drivers/STM32L4xx_HAL_Driver/Src/stm32l4xx_hal_rcc_ex.c **** #define LSCO_PIN                  GPIO_PIN_2
  54:Drivers/STM32L4xx_HAL_Driver/Src/stm32l4xx_hal_rcc_ex.c **** /**
  55:Drivers/STM32L4xx_HAL_Driver/Src/stm32l4xx_hal_rcc_ex.c ****   * @}
  56:Drivers/STM32L4xx_HAL_Driver/Src/stm32l4xx_hal_rcc_ex.c ****   */
  57:Drivers/STM32L4xx_HAL_Driver/Src/stm32l4xx_hal_rcc_ex.c **** 
  58:Drivers/STM32L4xx_HAL_Driver/Src/stm32l4xx_hal_rcc_ex.c **** /* Private macros ------------------------------------------------------------*/
  59:Drivers/STM32L4xx_HAL_Driver/Src/stm32l4xx_hal_rcc_ex.c **** /* Private variables ---------------------------------------------------------*/
  60:Drivers/STM32L4xx_HAL_Driver/Src/stm32l4xx_hal_rcc_ex.c **** /* Private function prototypes -----------------------------------------------*/
  61:Drivers/STM32L4xx_HAL_Driver/Src/stm32l4xx_hal_rcc_ex.c **** /** @defgroup RCCEx_Private_Functions RCCEx Private Functions
  62:Drivers/STM32L4xx_HAL_Driver/Src/stm32l4xx_hal_rcc_ex.c ****  * @{
  63:Drivers/STM32L4xx_HAL_Driver/Src/stm32l4xx_hal_rcc_ex.c ****  */
  64:Drivers/STM32L4xx_HAL_Driver/Src/stm32l4xx_hal_rcc_ex.c **** #if defined(RCC_PLLSAI1_SUPPORT)
  65:Drivers/STM32L4xx_HAL_Driver/Src/stm32l4xx_hal_rcc_ex.c **** 
  66:Drivers/STM32L4xx_HAL_Driver/Src/stm32l4xx_hal_rcc_ex.c **** static HAL_StatusTypeDef RCCEx_PLLSAI1_Config(RCC_PLLSAI1InitTypeDef *PllSai1, uint32_t Divider);
  67:Drivers/STM32L4xx_HAL_Driver/Src/stm32l4xx_hal_rcc_ex.c **** 
  68:Drivers/STM32L4xx_HAL_Driver/Src/stm32l4xx_hal_rcc_ex.c **** #endif /* RCC_PLLSAI1_SUPPORT */
  69:Drivers/STM32L4xx_HAL_Driver/Src/stm32l4xx_hal_rcc_ex.c **** 
  70:Drivers/STM32L4xx_HAL_Driver/Src/stm32l4xx_hal_rcc_ex.c **** #if defined(RCC_PLLSAI2_SUPPORT)
  71:Drivers/STM32L4xx_HAL_Driver/Src/stm32l4xx_hal_rcc_ex.c **** 
  72:Drivers/STM32L4xx_HAL_Driver/Src/stm32l4xx_hal_rcc_ex.c **** static HAL_StatusTypeDef RCCEx_PLLSAI2_Config(RCC_PLLSAI2InitTypeDef *PllSai2, uint32_t Divider);
  73:Drivers/STM32L4xx_HAL_Driver/Src/stm32l4xx_hal_rcc_ex.c **** 
  74:Drivers/STM32L4xx_HAL_Driver/Src/stm32l4xx_hal_rcc_ex.c **** #endif /* RCC_PLLSAI2_SUPPORT */
  75:Drivers/STM32L4xx_HAL_Driver/Src/stm32l4xx_hal_rcc_ex.c **** 
  76:Drivers/STM32L4xx_HAL_Driver/Src/stm32l4xx_hal_rcc_ex.c **** #if defined(SAI1)
  77:Drivers/STM32L4xx_HAL_Driver/Src/stm32l4xx_hal_rcc_ex.c **** 
  78:Drivers/STM32L4xx_HAL_Driver/Src/stm32l4xx_hal_rcc_ex.c **** static uint32_t RCCEx_GetSAIxPeriphCLKFreq(uint32_t PeriphClk, uint32_t InputFrequency);
  79:Drivers/STM32L4xx_HAL_Driver/Src/stm32l4xx_hal_rcc_ex.c **** 
  80:Drivers/STM32L4xx_HAL_Driver/Src/stm32l4xx_hal_rcc_ex.c **** #endif /* SAI1 */
  81:Drivers/STM32L4xx_HAL_Driver/Src/stm32l4xx_hal_rcc_ex.c **** /**
  82:Drivers/STM32L4xx_HAL_Driver/Src/stm32l4xx_hal_rcc_ex.c ****   * @}
  83:Drivers/STM32L4xx_HAL_Driver/Src/stm32l4xx_hal_rcc_ex.c ****   */
  84:Drivers/STM32L4xx_HAL_Driver/Src/stm32l4xx_hal_rcc_ex.c **** 
  85:Drivers/STM32L4xx_HAL_Driver/Src/stm32l4xx_hal_rcc_ex.c **** /* Exported functions --------------------------------------------------------*/
  86:Drivers/STM32L4xx_HAL_Driver/Src/stm32l4xx_hal_rcc_ex.c **** 
  87:Drivers/STM32L4xx_HAL_Driver/Src/stm32l4xx_hal_rcc_ex.c **** /** @defgroup RCCEx_Exported_Functions RCCEx Exported Functions
ARM GAS  /tmp/ccxIXDAo.s 			page 3


  88:Drivers/STM32L4xx_HAL_Driver/Src/stm32l4xx_hal_rcc_ex.c ****   * @{
  89:Drivers/STM32L4xx_HAL_Driver/Src/stm32l4xx_hal_rcc_ex.c ****   */
  90:Drivers/STM32L4xx_HAL_Driver/Src/stm32l4xx_hal_rcc_ex.c **** 
  91:Drivers/STM32L4xx_HAL_Driver/Src/stm32l4xx_hal_rcc_ex.c **** /** @defgroup RCCEx_Exported_Functions_Group1 Extended Peripheral Control functions
  92:Drivers/STM32L4xx_HAL_Driver/Src/stm32l4xx_hal_rcc_ex.c ****  *  @brief  Extended Peripheral Control functions
  93:Drivers/STM32L4xx_HAL_Driver/Src/stm32l4xx_hal_rcc_ex.c ****  *
  94:Drivers/STM32L4xx_HAL_Driver/Src/stm32l4xx_hal_rcc_ex.c **** @verbatim
  95:Drivers/STM32L4xx_HAL_Driver/Src/stm32l4xx_hal_rcc_ex.c ****  ===============================================================================
  96:Drivers/STM32L4xx_HAL_Driver/Src/stm32l4xx_hal_rcc_ex.c ****                 ##### Extended Peripheral Control functions  #####
  97:Drivers/STM32L4xx_HAL_Driver/Src/stm32l4xx_hal_rcc_ex.c ****  ===============================================================================
  98:Drivers/STM32L4xx_HAL_Driver/Src/stm32l4xx_hal_rcc_ex.c ****     [..]
  99:Drivers/STM32L4xx_HAL_Driver/Src/stm32l4xx_hal_rcc_ex.c ****     This subsection provides a set of functions allowing to control the RCC Clocks
 100:Drivers/STM32L4xx_HAL_Driver/Src/stm32l4xx_hal_rcc_ex.c ****     frequencies.
 101:Drivers/STM32L4xx_HAL_Driver/Src/stm32l4xx_hal_rcc_ex.c ****     [..]
 102:Drivers/STM32L4xx_HAL_Driver/Src/stm32l4xx_hal_rcc_ex.c ****     (@) Important note: Care must be taken when HAL_RCCEx_PeriphCLKConfig() is used to
 103:Drivers/STM32L4xx_HAL_Driver/Src/stm32l4xx_hal_rcc_ex.c ****         select the RTC clock source; in this case the Backup domain will be reset in
 104:Drivers/STM32L4xx_HAL_Driver/Src/stm32l4xx_hal_rcc_ex.c ****         order to modify the RTC Clock source, as consequence RTC registers (including
 105:Drivers/STM32L4xx_HAL_Driver/Src/stm32l4xx_hal_rcc_ex.c ****         the backup registers) are set to their reset values.
 106:Drivers/STM32L4xx_HAL_Driver/Src/stm32l4xx_hal_rcc_ex.c **** 
 107:Drivers/STM32L4xx_HAL_Driver/Src/stm32l4xx_hal_rcc_ex.c **** @endverbatim
 108:Drivers/STM32L4xx_HAL_Driver/Src/stm32l4xx_hal_rcc_ex.c ****   * @{
 109:Drivers/STM32L4xx_HAL_Driver/Src/stm32l4xx_hal_rcc_ex.c ****   */
 110:Drivers/STM32L4xx_HAL_Driver/Src/stm32l4xx_hal_rcc_ex.c **** /**
 111:Drivers/STM32L4xx_HAL_Driver/Src/stm32l4xx_hal_rcc_ex.c ****   * @brief  Initialize the RCC extended peripherals clocks according to the specified
 112:Drivers/STM32L4xx_HAL_Driver/Src/stm32l4xx_hal_rcc_ex.c ****   *         parameters in the RCC_PeriphCLKInitTypeDef.
 113:Drivers/STM32L4xx_HAL_Driver/Src/stm32l4xx_hal_rcc_ex.c ****   * @param  PeriphClkInit  pointer to an RCC_PeriphCLKInitTypeDef structure that
 114:Drivers/STM32L4xx_HAL_Driver/Src/stm32l4xx_hal_rcc_ex.c ****   *         contains a field PeriphClockSelection which can be a combination of the following value
 115:Drivers/STM32L4xx_HAL_Driver/Src/stm32l4xx_hal_rcc_ex.c ****   *            @arg @ref RCC_PERIPHCLK_RTC  RTC peripheral clock
 116:Drivers/STM32L4xx_HAL_Driver/Src/stm32l4xx_hal_rcc_ex.c ****   *            @arg @ref RCC_PERIPHCLK_ADC  ADC peripheral clock
 117:Drivers/STM32L4xx_HAL_Driver/Src/stm32l4xx_hal_rcc_ex.c ****   @if STM32L462xx
 118:Drivers/STM32L4xx_HAL_Driver/Src/stm32l4xx_hal_rcc_ex.c ****   *            @arg @ref RCC_PERIPHCLK_DFSDM1  DFSDM1 peripheral clock (only for devices with DFSDM
 119:Drivers/STM32L4xx_HAL_Driver/Src/stm32l4xx_hal_rcc_ex.c ****   @endif
 120:Drivers/STM32L4xx_HAL_Driver/Src/stm32l4xx_hal_rcc_ex.c ****   @if STM32L486xx
 121:Drivers/STM32L4xx_HAL_Driver/Src/stm32l4xx_hal_rcc_ex.c ****   *            @arg @ref RCC_PERIPHCLK_DFSDM1  DFSDM1 peripheral clock (only for devices with DFSDM
 122:Drivers/STM32L4xx_HAL_Driver/Src/stm32l4xx_hal_rcc_ex.c ****   @endif
 123:Drivers/STM32L4xx_HAL_Driver/Src/stm32l4xx_hal_rcc_ex.c ****   @if STM32L4A6xx
 124:Drivers/STM32L4xx_HAL_Driver/Src/stm32l4xx_hal_rcc_ex.c ****   *            @arg @ref RCC_PERIPHCLK_DFSDM1  DFSDM1 peripheral clock (only for devices with DFSDM
 125:Drivers/STM32L4xx_HAL_Driver/Src/stm32l4xx_hal_rcc_ex.c ****   @endif
 126:Drivers/STM32L4xx_HAL_Driver/Src/stm32l4xx_hal_rcc_ex.c ****   *            @arg @ref RCC_PERIPHCLK_I2C1  I2C1 peripheral clock
 127:Drivers/STM32L4xx_HAL_Driver/Src/stm32l4xx_hal_rcc_ex.c ****   *            @arg @ref RCC_PERIPHCLK_I2C2  I2C2 peripheral clock
 128:Drivers/STM32L4xx_HAL_Driver/Src/stm32l4xx_hal_rcc_ex.c ****   *            @arg @ref RCC_PERIPHCLK_I2C3  I2C3 peripheral clock
 129:Drivers/STM32L4xx_HAL_Driver/Src/stm32l4xx_hal_rcc_ex.c ****   @if STM32L462xx
 130:Drivers/STM32L4xx_HAL_Driver/Src/stm32l4xx_hal_rcc_ex.c ****   *            @arg @ref RCC_PERIPHCLK_I2C4  I2C4 peripheral clock (only for devices with I2C4)
 131:Drivers/STM32L4xx_HAL_Driver/Src/stm32l4xx_hal_rcc_ex.c ****   @endif
 132:Drivers/STM32L4xx_HAL_Driver/Src/stm32l4xx_hal_rcc_ex.c ****   @if STM32L4A6xx
 133:Drivers/STM32L4xx_HAL_Driver/Src/stm32l4xx_hal_rcc_ex.c ****   *            @arg @ref RCC_PERIPHCLK_I2C4  I2C4 peripheral clock (only for devices with I2C4)
 134:Drivers/STM32L4xx_HAL_Driver/Src/stm32l4xx_hal_rcc_ex.c ****   @endif
 135:Drivers/STM32L4xx_HAL_Driver/Src/stm32l4xx_hal_rcc_ex.c ****   @if STM32L4S9xx
 136:Drivers/STM32L4xx_HAL_Driver/Src/stm32l4xx_hal_rcc_ex.c ****   *            @arg @ref RCC_PERIPHCLK_I2C4  I2C4 peripheral clock (only for devices with I2C4)
 137:Drivers/STM32L4xx_HAL_Driver/Src/stm32l4xx_hal_rcc_ex.c ****   @endif
 138:Drivers/STM32L4xx_HAL_Driver/Src/stm32l4xx_hal_rcc_ex.c ****   *            @arg @ref RCC_PERIPHCLK_LPTIM1  LPTIM1 peripheral clock
 139:Drivers/STM32L4xx_HAL_Driver/Src/stm32l4xx_hal_rcc_ex.c ****   *            @arg @ref RCC_PERIPHCLK_LPTIM2  LPTIM2 peripheral clock
 140:Drivers/STM32L4xx_HAL_Driver/Src/stm32l4xx_hal_rcc_ex.c ****   *            @arg @ref RCC_PERIPHCLK_LPUART1  LPUART1 peripheral clock
 141:Drivers/STM32L4xx_HAL_Driver/Src/stm32l4xx_hal_rcc_ex.c ****   *            @arg @ref RCC_PERIPHCLK_RNG  RNG peripheral clock
 142:Drivers/STM32L4xx_HAL_Driver/Src/stm32l4xx_hal_rcc_ex.c ****   *            @arg @ref RCC_PERIPHCLK_SAI1  SAI1 peripheral clock (only for devices with SAI1)
 143:Drivers/STM32L4xx_HAL_Driver/Src/stm32l4xx_hal_rcc_ex.c ****   @if STM32L486xx
 144:Drivers/STM32L4xx_HAL_Driver/Src/stm32l4xx_hal_rcc_ex.c ****   *            @arg @ref RCC_PERIPHCLK_SAI2  SAI2 peripheral clock (only for devices with SAI2)
ARM GAS  /tmp/ccxIXDAo.s 			page 4


 145:Drivers/STM32L4xx_HAL_Driver/Src/stm32l4xx_hal_rcc_ex.c ****   @endif
 146:Drivers/STM32L4xx_HAL_Driver/Src/stm32l4xx_hal_rcc_ex.c ****   @if STM32L4A6xx
 147:Drivers/STM32L4xx_HAL_Driver/Src/stm32l4xx_hal_rcc_ex.c ****   *            @arg @ref RCC_PERIPHCLK_SAI2  SAI2 peripheral clock (only for devices with SAI2)
 148:Drivers/STM32L4xx_HAL_Driver/Src/stm32l4xx_hal_rcc_ex.c ****   @endif
 149:Drivers/STM32L4xx_HAL_Driver/Src/stm32l4xx_hal_rcc_ex.c ****   @if STM32L4S9xx
 150:Drivers/STM32L4xx_HAL_Driver/Src/stm32l4xx_hal_rcc_ex.c ****   *            @arg @ref RCC_PERIPHCLK_SAI2  SAI2 peripheral clock (only for devices with SAI2)
 151:Drivers/STM32L4xx_HAL_Driver/Src/stm32l4xx_hal_rcc_ex.c ****   @endif
 152:Drivers/STM32L4xx_HAL_Driver/Src/stm32l4xx_hal_rcc_ex.c ****   *            @arg @ref RCC_PERIPHCLK_SDMMC1  SDMMC1 peripheral clock
 153:Drivers/STM32L4xx_HAL_Driver/Src/stm32l4xx_hal_rcc_ex.c ****   @if STM32L443xx
 154:Drivers/STM32L4xx_HAL_Driver/Src/stm32l4xx_hal_rcc_ex.c ****   *            @arg @ref RCC_PERIPHCLK_SWPMI1  SWPMI1 peripheral clock (only for devices with SWPMI
 155:Drivers/STM32L4xx_HAL_Driver/Src/stm32l4xx_hal_rcc_ex.c ****   @endif
 156:Drivers/STM32L4xx_HAL_Driver/Src/stm32l4xx_hal_rcc_ex.c ****   @if STM32L486xx
 157:Drivers/STM32L4xx_HAL_Driver/Src/stm32l4xx_hal_rcc_ex.c ****   *            @arg @ref RCC_PERIPHCLK_SWPMI1  SWPMI1 peripheral clock (only for devices with SWPMI
 158:Drivers/STM32L4xx_HAL_Driver/Src/stm32l4xx_hal_rcc_ex.c ****   @endif
 159:Drivers/STM32L4xx_HAL_Driver/Src/stm32l4xx_hal_rcc_ex.c ****   @if STM32L4A6xx
 160:Drivers/STM32L4xx_HAL_Driver/Src/stm32l4xx_hal_rcc_ex.c ****   *            @arg @ref RCC_PERIPHCLK_SWPMI1  SWPMI1 peripheral clock (only for devices with SWPMI
 161:Drivers/STM32L4xx_HAL_Driver/Src/stm32l4xx_hal_rcc_ex.c ****   @endif
 162:Drivers/STM32L4xx_HAL_Driver/Src/stm32l4xx_hal_rcc_ex.c ****   *            @arg @ref RCC_PERIPHCLK_USART1  USART1 peripheral clock
 163:Drivers/STM32L4xx_HAL_Driver/Src/stm32l4xx_hal_rcc_ex.c ****   *            @arg @ref RCC_PERIPHCLK_USART2  USART1 peripheral clock
 164:Drivers/STM32L4xx_HAL_Driver/Src/stm32l4xx_hal_rcc_ex.c ****   *            @arg @ref RCC_PERIPHCLK_USART3  USART1 peripheral clock
 165:Drivers/STM32L4xx_HAL_Driver/Src/stm32l4xx_hal_rcc_ex.c ****   @if STM32L462xx
 166:Drivers/STM32L4xx_HAL_Driver/Src/stm32l4xx_hal_rcc_ex.c ****   *            @arg @ref RCC_PERIPHCLK_UART4  USART1 peripheral clock (only for devices with UART4)
 167:Drivers/STM32L4xx_HAL_Driver/Src/stm32l4xx_hal_rcc_ex.c ****   @endif
 168:Drivers/STM32L4xx_HAL_Driver/Src/stm32l4xx_hal_rcc_ex.c ****   @if STM32L486xx
 169:Drivers/STM32L4xx_HAL_Driver/Src/stm32l4xx_hal_rcc_ex.c ****   *            @arg @ref RCC_PERIPHCLK_UART4  USART1 peripheral clock (only for devices with UART4)
 170:Drivers/STM32L4xx_HAL_Driver/Src/stm32l4xx_hal_rcc_ex.c ****   *            @arg @ref RCC_PERIPHCLK_UART5  USART1 peripheral clock (only for devices with UART5)
 171:Drivers/STM32L4xx_HAL_Driver/Src/stm32l4xx_hal_rcc_ex.c ****   *            @arg @ref RCC_PERIPHCLK_USB  USB peripheral clock (only for devices with USB)
 172:Drivers/STM32L4xx_HAL_Driver/Src/stm32l4xx_hal_rcc_ex.c ****   @endif
 173:Drivers/STM32L4xx_HAL_Driver/Src/stm32l4xx_hal_rcc_ex.c ****   @if STM32L4A6xx
 174:Drivers/STM32L4xx_HAL_Driver/Src/stm32l4xx_hal_rcc_ex.c ****   *            @arg @ref RCC_PERIPHCLK_UART4  USART1 peripheral clock (only for devices with UART4)
 175:Drivers/STM32L4xx_HAL_Driver/Src/stm32l4xx_hal_rcc_ex.c ****   *            @arg @ref RCC_PERIPHCLK_UART5  USART1 peripheral clock (only for devices with UART5)
 176:Drivers/STM32L4xx_HAL_Driver/Src/stm32l4xx_hal_rcc_ex.c ****   *            @arg @ref RCC_PERIPHCLK_USB  USB peripheral clock (only for devices with USB)
 177:Drivers/STM32L4xx_HAL_Driver/Src/stm32l4xx_hal_rcc_ex.c ****   @endif
 178:Drivers/STM32L4xx_HAL_Driver/Src/stm32l4xx_hal_rcc_ex.c ****   @if STM32L4S9xx
 179:Drivers/STM32L4xx_HAL_Driver/Src/stm32l4xx_hal_rcc_ex.c ****   *            @arg @ref RCC_PERIPHCLK_UART4  USART1 peripheral clock (only for devices with UART4)
 180:Drivers/STM32L4xx_HAL_Driver/Src/stm32l4xx_hal_rcc_ex.c ****   *            @arg @ref RCC_PERIPHCLK_UART5  USART1 peripheral clock (only for devices with UART5)
 181:Drivers/STM32L4xx_HAL_Driver/Src/stm32l4xx_hal_rcc_ex.c ****   *            @arg @ref RCC_PERIPHCLK_USB  USB peripheral clock (only for devices with USB)
 182:Drivers/STM32L4xx_HAL_Driver/Src/stm32l4xx_hal_rcc_ex.c ****   *            @arg @ref RCC_PERIPHCLK_DFSDM1  DFSDM1 peripheral kernel clock (only for devices wit
 183:Drivers/STM32L4xx_HAL_Driver/Src/stm32l4xx_hal_rcc_ex.c ****   *            @arg @ref RCC_PERIPHCLK_DFSDM1AUDIO  DFSDM1 peripheral audio clock (only for devices
 184:Drivers/STM32L4xx_HAL_Driver/Src/stm32l4xx_hal_rcc_ex.c ****   *            @arg @ref RCC_PERIPHCLK_LTDC  LTDC peripheral clock (only for devices with LTDC)
 185:Drivers/STM32L4xx_HAL_Driver/Src/stm32l4xx_hal_rcc_ex.c ****   *            @arg @ref RCC_PERIPHCLK_DSI  DSI peripheral clock (only for devices with DSI)
 186:Drivers/STM32L4xx_HAL_Driver/Src/stm32l4xx_hal_rcc_ex.c ****   *            @arg @ref RCC_PERIPHCLK_OSPI  OctoSPI peripheral clock (only for devices with OctoSP
 187:Drivers/STM32L4xx_HAL_Driver/Src/stm32l4xx_hal_rcc_ex.c ****   @endif
 188:Drivers/STM32L4xx_HAL_Driver/Src/stm32l4xx_hal_rcc_ex.c ****   *
 189:Drivers/STM32L4xx_HAL_Driver/Src/stm32l4xx_hal_rcc_ex.c ****   * @note   Care must be taken when HAL_RCCEx_PeriphCLKConfig() is used to select
 190:Drivers/STM32L4xx_HAL_Driver/Src/stm32l4xx_hal_rcc_ex.c ****   *         the RTC clock source: in this case the access to Backup domain is enabled.
 191:Drivers/STM32L4xx_HAL_Driver/Src/stm32l4xx_hal_rcc_ex.c ****   *
 192:Drivers/STM32L4xx_HAL_Driver/Src/stm32l4xx_hal_rcc_ex.c ****   * @retval HAL status
 193:Drivers/STM32L4xx_HAL_Driver/Src/stm32l4xx_hal_rcc_ex.c ****   */
 194:Drivers/STM32L4xx_HAL_Driver/Src/stm32l4xx_hal_rcc_ex.c **** HAL_StatusTypeDef HAL_RCCEx_PeriphCLKConfig(RCC_PeriphCLKInitTypeDef  *PeriphClkInit)
 195:Drivers/STM32L4xx_HAL_Driver/Src/stm32l4xx_hal_rcc_ex.c **** {
 196:Drivers/STM32L4xx_HAL_Driver/Src/stm32l4xx_hal_rcc_ex.c ****   uint32_t tmpregister, tickstart;     /* no init needed */
 197:Drivers/STM32L4xx_HAL_Driver/Src/stm32l4xx_hal_rcc_ex.c ****   HAL_StatusTypeDef ret = HAL_OK;      /* Intermediate status */
 198:Drivers/STM32L4xx_HAL_Driver/Src/stm32l4xx_hal_rcc_ex.c ****   HAL_StatusTypeDef status = HAL_OK;   /* Final status */
 199:Drivers/STM32L4xx_HAL_Driver/Src/stm32l4xx_hal_rcc_ex.c **** 
 200:Drivers/STM32L4xx_HAL_Driver/Src/stm32l4xx_hal_rcc_ex.c ****   /* Check the parameters */
 201:Drivers/STM32L4xx_HAL_Driver/Src/stm32l4xx_hal_rcc_ex.c ****   assert_param(IS_RCC_PERIPHCLOCK(PeriphClkInit->PeriphClockSelection));
ARM GAS  /tmp/ccxIXDAo.s 			page 5


 202:Drivers/STM32L4xx_HAL_Driver/Src/stm32l4xx_hal_rcc_ex.c **** 
 203:Drivers/STM32L4xx_HAL_Driver/Src/stm32l4xx_hal_rcc_ex.c **** #if defined(SAI1)
 204:Drivers/STM32L4xx_HAL_Driver/Src/stm32l4xx_hal_rcc_ex.c **** 
 205:Drivers/STM32L4xx_HAL_Driver/Src/stm32l4xx_hal_rcc_ex.c ****   /*-------------------------- SAI1 clock source configuration ---------------------*/
 206:Drivers/STM32L4xx_HAL_Driver/Src/stm32l4xx_hal_rcc_ex.c ****   if((((PeriphClkInit->PeriphClockSelection) & RCC_PERIPHCLK_SAI1) == RCC_PERIPHCLK_SAI1))
 207:Drivers/STM32L4xx_HAL_Driver/Src/stm32l4xx_hal_rcc_ex.c ****   {
 208:Drivers/STM32L4xx_HAL_Driver/Src/stm32l4xx_hal_rcc_ex.c ****     /* Check the parameters */
 209:Drivers/STM32L4xx_HAL_Driver/Src/stm32l4xx_hal_rcc_ex.c ****     assert_param(IS_RCC_SAI1CLK(PeriphClkInit->Sai1ClockSelection));
 210:Drivers/STM32L4xx_HAL_Driver/Src/stm32l4xx_hal_rcc_ex.c **** 
 211:Drivers/STM32L4xx_HAL_Driver/Src/stm32l4xx_hal_rcc_ex.c ****     switch(PeriphClkInit->Sai1ClockSelection)
 212:Drivers/STM32L4xx_HAL_Driver/Src/stm32l4xx_hal_rcc_ex.c ****     {
 213:Drivers/STM32L4xx_HAL_Driver/Src/stm32l4xx_hal_rcc_ex.c ****     case RCC_SAI1CLKSOURCE_PLL:      /* PLL is used as clock source for SAI1*/
 214:Drivers/STM32L4xx_HAL_Driver/Src/stm32l4xx_hal_rcc_ex.c ****       /* Enable SAI Clock output generated from System PLL . */
 215:Drivers/STM32L4xx_HAL_Driver/Src/stm32l4xx_hal_rcc_ex.c **** #if defined(RCC_PLLSAI2_SUPPORT)
 216:Drivers/STM32L4xx_HAL_Driver/Src/stm32l4xx_hal_rcc_ex.c ****       __HAL_RCC_PLLCLKOUT_ENABLE(RCC_PLL_SAI3CLK);
 217:Drivers/STM32L4xx_HAL_Driver/Src/stm32l4xx_hal_rcc_ex.c **** #else
 218:Drivers/STM32L4xx_HAL_Driver/Src/stm32l4xx_hal_rcc_ex.c ****       __HAL_RCC_PLLCLKOUT_ENABLE(RCC_PLL_SAI2CLK);
 219:Drivers/STM32L4xx_HAL_Driver/Src/stm32l4xx_hal_rcc_ex.c **** #endif /* RCC_PLLSAI2_SUPPORT */
 220:Drivers/STM32L4xx_HAL_Driver/Src/stm32l4xx_hal_rcc_ex.c ****       /* SAI1 clock source config set later after clock selection check */
 221:Drivers/STM32L4xx_HAL_Driver/Src/stm32l4xx_hal_rcc_ex.c ****       break;
 222:Drivers/STM32L4xx_HAL_Driver/Src/stm32l4xx_hal_rcc_ex.c **** 
 223:Drivers/STM32L4xx_HAL_Driver/Src/stm32l4xx_hal_rcc_ex.c ****     case RCC_SAI1CLKSOURCE_PLLSAI1:  /* PLLSAI1 is used as clock source for SAI1*/
 224:Drivers/STM32L4xx_HAL_Driver/Src/stm32l4xx_hal_rcc_ex.c ****       /* PLLSAI1 input clock, parameters M, N & P configuration and clock output (PLLSAI1ClockOut) 
 225:Drivers/STM32L4xx_HAL_Driver/Src/stm32l4xx_hal_rcc_ex.c ****       ret = RCCEx_PLLSAI1_Config(&(PeriphClkInit->PLLSAI1), DIVIDER_P_UPDATE);
 226:Drivers/STM32L4xx_HAL_Driver/Src/stm32l4xx_hal_rcc_ex.c ****       /* SAI1 clock source config set later after clock selection check */
 227:Drivers/STM32L4xx_HAL_Driver/Src/stm32l4xx_hal_rcc_ex.c ****       break;
 228:Drivers/STM32L4xx_HAL_Driver/Src/stm32l4xx_hal_rcc_ex.c **** 
 229:Drivers/STM32L4xx_HAL_Driver/Src/stm32l4xx_hal_rcc_ex.c **** #if defined(RCC_PLLSAI2_SUPPORT)
 230:Drivers/STM32L4xx_HAL_Driver/Src/stm32l4xx_hal_rcc_ex.c **** 
 231:Drivers/STM32L4xx_HAL_Driver/Src/stm32l4xx_hal_rcc_ex.c ****     case RCC_SAI1CLKSOURCE_PLLSAI2:  /* PLLSAI2 is used as clock source for SAI1*/
 232:Drivers/STM32L4xx_HAL_Driver/Src/stm32l4xx_hal_rcc_ex.c ****       /* PLLSAI2 input clock, parameters M, N & P configuration clock output (PLLSAI2ClockOut) */
 233:Drivers/STM32L4xx_HAL_Driver/Src/stm32l4xx_hal_rcc_ex.c ****       ret = RCCEx_PLLSAI2_Config(&(PeriphClkInit->PLLSAI2), DIVIDER_P_UPDATE);
 234:Drivers/STM32L4xx_HAL_Driver/Src/stm32l4xx_hal_rcc_ex.c ****       /* SAI1 clock source config set later after clock selection check */
 235:Drivers/STM32L4xx_HAL_Driver/Src/stm32l4xx_hal_rcc_ex.c ****       break;
 236:Drivers/STM32L4xx_HAL_Driver/Src/stm32l4xx_hal_rcc_ex.c **** 
 237:Drivers/STM32L4xx_HAL_Driver/Src/stm32l4xx_hal_rcc_ex.c **** #endif /* RCC_PLLSAI2_SUPPORT */
 238:Drivers/STM32L4xx_HAL_Driver/Src/stm32l4xx_hal_rcc_ex.c **** 
 239:Drivers/STM32L4xx_HAL_Driver/Src/stm32l4xx_hal_rcc_ex.c ****     case RCC_SAI1CLKSOURCE_PIN:      /* External clock is used as source of SAI1 clock*/
 240:Drivers/STM32L4xx_HAL_Driver/Src/stm32l4xx_hal_rcc_ex.c **** #if defined(STM32L4P5xx) || defined(STM32L4Q5xx) || defined(STM32L4R5xx) || defined(STM32L4R7xx) ||
 241:Drivers/STM32L4xx_HAL_Driver/Src/stm32l4xx_hal_rcc_ex.c ****     case RCC_SAI1CLKSOURCE_HSI:      /* HSI is used as source of SAI1 clock*/
 242:Drivers/STM32L4xx_HAL_Driver/Src/stm32l4xx_hal_rcc_ex.c **** #endif /* STM32L4P5xx || STM32L4Q5xx || STM32L4R5xx || STM32L4R7xx || STM32L4R9xx || STM32L4S5xx ||
 243:Drivers/STM32L4xx_HAL_Driver/Src/stm32l4xx_hal_rcc_ex.c ****       /* SAI1 clock source config set later after clock selection check */
 244:Drivers/STM32L4xx_HAL_Driver/Src/stm32l4xx_hal_rcc_ex.c ****       break;
 245:Drivers/STM32L4xx_HAL_Driver/Src/stm32l4xx_hal_rcc_ex.c **** 
 246:Drivers/STM32L4xx_HAL_Driver/Src/stm32l4xx_hal_rcc_ex.c ****     default:
 247:Drivers/STM32L4xx_HAL_Driver/Src/stm32l4xx_hal_rcc_ex.c ****       ret = HAL_ERROR;
 248:Drivers/STM32L4xx_HAL_Driver/Src/stm32l4xx_hal_rcc_ex.c ****       break;
 249:Drivers/STM32L4xx_HAL_Driver/Src/stm32l4xx_hal_rcc_ex.c ****     }
 250:Drivers/STM32L4xx_HAL_Driver/Src/stm32l4xx_hal_rcc_ex.c **** 
 251:Drivers/STM32L4xx_HAL_Driver/Src/stm32l4xx_hal_rcc_ex.c ****     if(ret == HAL_OK)
 252:Drivers/STM32L4xx_HAL_Driver/Src/stm32l4xx_hal_rcc_ex.c ****     {
 253:Drivers/STM32L4xx_HAL_Driver/Src/stm32l4xx_hal_rcc_ex.c ****       /* Set the source of SAI1 clock*/
 254:Drivers/STM32L4xx_HAL_Driver/Src/stm32l4xx_hal_rcc_ex.c ****       __HAL_RCC_SAI1_CONFIG(PeriphClkInit->Sai1ClockSelection);
 255:Drivers/STM32L4xx_HAL_Driver/Src/stm32l4xx_hal_rcc_ex.c ****     }
 256:Drivers/STM32L4xx_HAL_Driver/Src/stm32l4xx_hal_rcc_ex.c ****     else
 257:Drivers/STM32L4xx_HAL_Driver/Src/stm32l4xx_hal_rcc_ex.c ****     {
 258:Drivers/STM32L4xx_HAL_Driver/Src/stm32l4xx_hal_rcc_ex.c ****       /* set overall return value */
ARM GAS  /tmp/ccxIXDAo.s 			page 6


 259:Drivers/STM32L4xx_HAL_Driver/Src/stm32l4xx_hal_rcc_ex.c ****       status = ret;
 260:Drivers/STM32L4xx_HAL_Driver/Src/stm32l4xx_hal_rcc_ex.c ****     }
 261:Drivers/STM32L4xx_HAL_Driver/Src/stm32l4xx_hal_rcc_ex.c ****   }
 262:Drivers/STM32L4xx_HAL_Driver/Src/stm32l4xx_hal_rcc_ex.c **** 
 263:Drivers/STM32L4xx_HAL_Driver/Src/stm32l4xx_hal_rcc_ex.c **** #endif /* SAI1 */
 264:Drivers/STM32L4xx_HAL_Driver/Src/stm32l4xx_hal_rcc_ex.c **** 
 265:Drivers/STM32L4xx_HAL_Driver/Src/stm32l4xx_hal_rcc_ex.c **** #if defined(SAI2)
 266:Drivers/STM32L4xx_HAL_Driver/Src/stm32l4xx_hal_rcc_ex.c **** 
 267:Drivers/STM32L4xx_HAL_Driver/Src/stm32l4xx_hal_rcc_ex.c ****   /*-------------------------- SAI2 clock source configuration ---------------------*/
 268:Drivers/STM32L4xx_HAL_Driver/Src/stm32l4xx_hal_rcc_ex.c ****   if((((PeriphClkInit->PeriphClockSelection) & RCC_PERIPHCLK_SAI2) == RCC_PERIPHCLK_SAI2))
 269:Drivers/STM32L4xx_HAL_Driver/Src/stm32l4xx_hal_rcc_ex.c ****   {
 270:Drivers/STM32L4xx_HAL_Driver/Src/stm32l4xx_hal_rcc_ex.c ****     /* Check the parameters */
 271:Drivers/STM32L4xx_HAL_Driver/Src/stm32l4xx_hal_rcc_ex.c ****     assert_param(IS_RCC_SAI2CLK(PeriphClkInit->Sai2ClockSelection));
 272:Drivers/STM32L4xx_HAL_Driver/Src/stm32l4xx_hal_rcc_ex.c **** 
 273:Drivers/STM32L4xx_HAL_Driver/Src/stm32l4xx_hal_rcc_ex.c ****     switch(PeriphClkInit->Sai2ClockSelection)
 274:Drivers/STM32L4xx_HAL_Driver/Src/stm32l4xx_hal_rcc_ex.c ****     {
 275:Drivers/STM32L4xx_HAL_Driver/Src/stm32l4xx_hal_rcc_ex.c ****     case RCC_SAI2CLKSOURCE_PLL:      /* PLL is used as clock source for SAI2*/
 276:Drivers/STM32L4xx_HAL_Driver/Src/stm32l4xx_hal_rcc_ex.c ****       /* Enable SAI Clock output generated from System PLL . */
 277:Drivers/STM32L4xx_HAL_Driver/Src/stm32l4xx_hal_rcc_ex.c ****       __HAL_RCC_PLLCLKOUT_ENABLE(RCC_PLL_SAI3CLK);
 278:Drivers/STM32L4xx_HAL_Driver/Src/stm32l4xx_hal_rcc_ex.c ****       /* SAI2 clock source config set later after clock selection check */
 279:Drivers/STM32L4xx_HAL_Driver/Src/stm32l4xx_hal_rcc_ex.c ****       break;
 280:Drivers/STM32L4xx_HAL_Driver/Src/stm32l4xx_hal_rcc_ex.c **** 
 281:Drivers/STM32L4xx_HAL_Driver/Src/stm32l4xx_hal_rcc_ex.c ****     case RCC_SAI2CLKSOURCE_PLLSAI1: /* PLLSAI1 is used as clock source for SAI2*/
 282:Drivers/STM32L4xx_HAL_Driver/Src/stm32l4xx_hal_rcc_ex.c ****       /* PLLSAI1 input clock, parameters M, N & P configuration and clock output (PLLSAI1ClockOut) 
 283:Drivers/STM32L4xx_HAL_Driver/Src/stm32l4xx_hal_rcc_ex.c ****       ret = RCCEx_PLLSAI1_Config(&(PeriphClkInit->PLLSAI1), DIVIDER_P_UPDATE);
 284:Drivers/STM32L4xx_HAL_Driver/Src/stm32l4xx_hal_rcc_ex.c ****       /* SAI2 clock source config set later after clock selection check */
 285:Drivers/STM32L4xx_HAL_Driver/Src/stm32l4xx_hal_rcc_ex.c ****       break;
 286:Drivers/STM32L4xx_HAL_Driver/Src/stm32l4xx_hal_rcc_ex.c **** 
 287:Drivers/STM32L4xx_HAL_Driver/Src/stm32l4xx_hal_rcc_ex.c ****     case RCC_SAI2CLKSOURCE_PLLSAI2:  /* PLLSAI2 is used as clock source for SAI2*/
 288:Drivers/STM32L4xx_HAL_Driver/Src/stm32l4xx_hal_rcc_ex.c ****       /* PLLSAI2 input clock, parameters M, N & P configuration and clock output (PLLSAI2ClockOut) 
 289:Drivers/STM32L4xx_HAL_Driver/Src/stm32l4xx_hal_rcc_ex.c ****       ret = RCCEx_PLLSAI2_Config(&(PeriphClkInit->PLLSAI2), DIVIDER_P_UPDATE);
 290:Drivers/STM32L4xx_HAL_Driver/Src/stm32l4xx_hal_rcc_ex.c ****       /* SAI2 clock source config set later after clock selection check */
 291:Drivers/STM32L4xx_HAL_Driver/Src/stm32l4xx_hal_rcc_ex.c ****       break;
 292:Drivers/STM32L4xx_HAL_Driver/Src/stm32l4xx_hal_rcc_ex.c **** 
 293:Drivers/STM32L4xx_HAL_Driver/Src/stm32l4xx_hal_rcc_ex.c ****     case RCC_SAI2CLKSOURCE_PIN:      /* External clock is used as source of SAI2 clock*/
 294:Drivers/STM32L4xx_HAL_Driver/Src/stm32l4xx_hal_rcc_ex.c **** #if defined(STM32L4P5xx) || defined(STM32L4Q5xx) || defined(STM32L4R5xx) || defined(STM32L4R7xx) ||
 295:Drivers/STM32L4xx_HAL_Driver/Src/stm32l4xx_hal_rcc_ex.c ****     case RCC_SAI2CLKSOURCE_HSI:      /* HSI is used as source of SAI2 clock*/
 296:Drivers/STM32L4xx_HAL_Driver/Src/stm32l4xx_hal_rcc_ex.c **** #endif /* STM32L4P5xx || STM32L4Q5xx || STM32L4R5xx || STM32L4R7xx || STM32L4R9xx || STM32L4S5xx ||
 297:Drivers/STM32L4xx_HAL_Driver/Src/stm32l4xx_hal_rcc_ex.c ****       /* SAI2 clock source config set later after clock selection check */
 298:Drivers/STM32L4xx_HAL_Driver/Src/stm32l4xx_hal_rcc_ex.c ****       break;
 299:Drivers/STM32L4xx_HAL_Driver/Src/stm32l4xx_hal_rcc_ex.c **** 
 300:Drivers/STM32L4xx_HAL_Driver/Src/stm32l4xx_hal_rcc_ex.c ****     default:
 301:Drivers/STM32L4xx_HAL_Driver/Src/stm32l4xx_hal_rcc_ex.c ****       ret = HAL_ERROR;
 302:Drivers/STM32L4xx_HAL_Driver/Src/stm32l4xx_hal_rcc_ex.c ****       break;
 303:Drivers/STM32L4xx_HAL_Driver/Src/stm32l4xx_hal_rcc_ex.c ****     }
 304:Drivers/STM32L4xx_HAL_Driver/Src/stm32l4xx_hal_rcc_ex.c **** 
 305:Drivers/STM32L4xx_HAL_Driver/Src/stm32l4xx_hal_rcc_ex.c ****     if(ret == HAL_OK)
 306:Drivers/STM32L4xx_HAL_Driver/Src/stm32l4xx_hal_rcc_ex.c ****     {
 307:Drivers/STM32L4xx_HAL_Driver/Src/stm32l4xx_hal_rcc_ex.c ****       /* Set the source of SAI2 clock*/
 308:Drivers/STM32L4xx_HAL_Driver/Src/stm32l4xx_hal_rcc_ex.c ****       __HAL_RCC_SAI2_CONFIG(PeriphClkInit->Sai2ClockSelection);
 309:Drivers/STM32L4xx_HAL_Driver/Src/stm32l4xx_hal_rcc_ex.c ****     }
 310:Drivers/STM32L4xx_HAL_Driver/Src/stm32l4xx_hal_rcc_ex.c ****     else
 311:Drivers/STM32L4xx_HAL_Driver/Src/stm32l4xx_hal_rcc_ex.c ****     {
 312:Drivers/STM32L4xx_HAL_Driver/Src/stm32l4xx_hal_rcc_ex.c ****       /* set overall return value */
 313:Drivers/STM32L4xx_HAL_Driver/Src/stm32l4xx_hal_rcc_ex.c ****       status = ret;
 314:Drivers/STM32L4xx_HAL_Driver/Src/stm32l4xx_hal_rcc_ex.c ****     }
 315:Drivers/STM32L4xx_HAL_Driver/Src/stm32l4xx_hal_rcc_ex.c ****   }
ARM GAS  /tmp/ccxIXDAo.s 			page 7


 316:Drivers/STM32L4xx_HAL_Driver/Src/stm32l4xx_hal_rcc_ex.c **** #endif /* SAI2 */
 317:Drivers/STM32L4xx_HAL_Driver/Src/stm32l4xx_hal_rcc_ex.c **** 
 318:Drivers/STM32L4xx_HAL_Driver/Src/stm32l4xx_hal_rcc_ex.c ****   /*-------------------------- RTC clock source configuration ----------------------*/
 319:Drivers/STM32L4xx_HAL_Driver/Src/stm32l4xx_hal_rcc_ex.c ****   if((PeriphClkInit->PeriphClockSelection & RCC_PERIPHCLK_RTC) == RCC_PERIPHCLK_RTC)
 320:Drivers/STM32L4xx_HAL_Driver/Src/stm32l4xx_hal_rcc_ex.c ****   {
 321:Drivers/STM32L4xx_HAL_Driver/Src/stm32l4xx_hal_rcc_ex.c ****     FlagStatus       pwrclkchanged = RESET;
 322:Drivers/STM32L4xx_HAL_Driver/Src/stm32l4xx_hal_rcc_ex.c **** 
 323:Drivers/STM32L4xx_HAL_Driver/Src/stm32l4xx_hal_rcc_ex.c ****     /* Check for RTC Parameters used to output RTCCLK */
 324:Drivers/STM32L4xx_HAL_Driver/Src/stm32l4xx_hal_rcc_ex.c ****     assert_param(IS_RCC_RTCCLKSOURCE(PeriphClkInit->RTCClockSelection));
 325:Drivers/STM32L4xx_HAL_Driver/Src/stm32l4xx_hal_rcc_ex.c **** 
 326:Drivers/STM32L4xx_HAL_Driver/Src/stm32l4xx_hal_rcc_ex.c ****     /* Enable Power Clock */
 327:Drivers/STM32L4xx_HAL_Driver/Src/stm32l4xx_hal_rcc_ex.c ****     if(__HAL_RCC_PWR_IS_CLK_DISABLED() != 0U)
 328:Drivers/STM32L4xx_HAL_Driver/Src/stm32l4xx_hal_rcc_ex.c ****     {
 329:Drivers/STM32L4xx_HAL_Driver/Src/stm32l4xx_hal_rcc_ex.c ****       __HAL_RCC_PWR_CLK_ENABLE();
 330:Drivers/STM32L4xx_HAL_Driver/Src/stm32l4xx_hal_rcc_ex.c ****       pwrclkchanged = SET;
 331:Drivers/STM32L4xx_HAL_Driver/Src/stm32l4xx_hal_rcc_ex.c ****     }
 332:Drivers/STM32L4xx_HAL_Driver/Src/stm32l4xx_hal_rcc_ex.c **** 
 333:Drivers/STM32L4xx_HAL_Driver/Src/stm32l4xx_hal_rcc_ex.c ****     /* Enable write access to Backup domain */
 334:Drivers/STM32L4xx_HAL_Driver/Src/stm32l4xx_hal_rcc_ex.c ****     SET_BIT(PWR->CR1, PWR_CR1_DBP);
 335:Drivers/STM32L4xx_HAL_Driver/Src/stm32l4xx_hal_rcc_ex.c **** 
 336:Drivers/STM32L4xx_HAL_Driver/Src/stm32l4xx_hal_rcc_ex.c ****     /* Wait for Backup domain Write protection disable */
 337:Drivers/STM32L4xx_HAL_Driver/Src/stm32l4xx_hal_rcc_ex.c ****     tickstart = HAL_GetTick();
 338:Drivers/STM32L4xx_HAL_Driver/Src/stm32l4xx_hal_rcc_ex.c **** 
 339:Drivers/STM32L4xx_HAL_Driver/Src/stm32l4xx_hal_rcc_ex.c ****     while(READ_BIT(PWR->CR1, PWR_CR1_DBP) == 0U)
 340:Drivers/STM32L4xx_HAL_Driver/Src/stm32l4xx_hal_rcc_ex.c ****     {
 341:Drivers/STM32L4xx_HAL_Driver/Src/stm32l4xx_hal_rcc_ex.c ****       if((HAL_GetTick() - tickstart) > RCC_DBP_TIMEOUT_VALUE)
 342:Drivers/STM32L4xx_HAL_Driver/Src/stm32l4xx_hal_rcc_ex.c ****       {
 343:Drivers/STM32L4xx_HAL_Driver/Src/stm32l4xx_hal_rcc_ex.c ****         ret = HAL_TIMEOUT;
 344:Drivers/STM32L4xx_HAL_Driver/Src/stm32l4xx_hal_rcc_ex.c ****         break;
 345:Drivers/STM32L4xx_HAL_Driver/Src/stm32l4xx_hal_rcc_ex.c ****       }
 346:Drivers/STM32L4xx_HAL_Driver/Src/stm32l4xx_hal_rcc_ex.c ****     }
 347:Drivers/STM32L4xx_HAL_Driver/Src/stm32l4xx_hal_rcc_ex.c **** 
 348:Drivers/STM32L4xx_HAL_Driver/Src/stm32l4xx_hal_rcc_ex.c ****     if(ret == HAL_OK)
 349:Drivers/STM32L4xx_HAL_Driver/Src/stm32l4xx_hal_rcc_ex.c ****     {
 350:Drivers/STM32L4xx_HAL_Driver/Src/stm32l4xx_hal_rcc_ex.c ****       /* Reset the Backup domain only if the RTC Clock source selection is modified from default */
 351:Drivers/STM32L4xx_HAL_Driver/Src/stm32l4xx_hal_rcc_ex.c ****       tmpregister = READ_BIT(RCC->BDCR, RCC_BDCR_RTCSEL);
 352:Drivers/STM32L4xx_HAL_Driver/Src/stm32l4xx_hal_rcc_ex.c **** 
 353:Drivers/STM32L4xx_HAL_Driver/Src/stm32l4xx_hal_rcc_ex.c ****       if((tmpregister != RCC_RTCCLKSOURCE_NONE) && (tmpregister != PeriphClkInit->RTCClockSelection
 354:Drivers/STM32L4xx_HAL_Driver/Src/stm32l4xx_hal_rcc_ex.c ****       {
 355:Drivers/STM32L4xx_HAL_Driver/Src/stm32l4xx_hal_rcc_ex.c ****         /* Store the content of BDCR register before the reset of Backup Domain */
 356:Drivers/STM32L4xx_HAL_Driver/Src/stm32l4xx_hal_rcc_ex.c ****         tmpregister = READ_BIT(RCC->BDCR, ~(RCC_BDCR_RTCSEL));
 357:Drivers/STM32L4xx_HAL_Driver/Src/stm32l4xx_hal_rcc_ex.c ****         /* RTC Clock selection can be changed only if the Backup Domain is reset */
 358:Drivers/STM32L4xx_HAL_Driver/Src/stm32l4xx_hal_rcc_ex.c ****         __HAL_RCC_BACKUPRESET_FORCE();
 359:Drivers/STM32L4xx_HAL_Driver/Src/stm32l4xx_hal_rcc_ex.c ****         __HAL_RCC_BACKUPRESET_RELEASE();
 360:Drivers/STM32L4xx_HAL_Driver/Src/stm32l4xx_hal_rcc_ex.c ****         /* Restore the Content of BDCR register */
 361:Drivers/STM32L4xx_HAL_Driver/Src/stm32l4xx_hal_rcc_ex.c ****         RCC->BDCR = tmpregister;
 362:Drivers/STM32L4xx_HAL_Driver/Src/stm32l4xx_hal_rcc_ex.c ****       }
 363:Drivers/STM32L4xx_HAL_Driver/Src/stm32l4xx_hal_rcc_ex.c **** 
 364:Drivers/STM32L4xx_HAL_Driver/Src/stm32l4xx_hal_rcc_ex.c ****       /* Wait for LSE reactivation if LSE was enable prior to Backup Domain reset */
 365:Drivers/STM32L4xx_HAL_Driver/Src/stm32l4xx_hal_rcc_ex.c ****       if (HAL_IS_BIT_SET(tmpregister, RCC_BDCR_LSEON))
 366:Drivers/STM32L4xx_HAL_Driver/Src/stm32l4xx_hal_rcc_ex.c ****       {
 367:Drivers/STM32L4xx_HAL_Driver/Src/stm32l4xx_hal_rcc_ex.c ****         /* Get Start Tick*/
 368:Drivers/STM32L4xx_HAL_Driver/Src/stm32l4xx_hal_rcc_ex.c ****         tickstart = HAL_GetTick();
 369:Drivers/STM32L4xx_HAL_Driver/Src/stm32l4xx_hal_rcc_ex.c **** 
 370:Drivers/STM32L4xx_HAL_Driver/Src/stm32l4xx_hal_rcc_ex.c ****         /* Wait till LSE is ready */
 371:Drivers/STM32L4xx_HAL_Driver/Src/stm32l4xx_hal_rcc_ex.c ****         while(READ_BIT(RCC->BDCR, RCC_BDCR_LSERDY) == 0U)
 372:Drivers/STM32L4xx_HAL_Driver/Src/stm32l4xx_hal_rcc_ex.c ****         {
ARM GAS  /tmp/ccxIXDAo.s 			page 8


 373:Drivers/STM32L4xx_HAL_Driver/Src/stm32l4xx_hal_rcc_ex.c ****           if((HAL_GetTick() - tickstart) > RCC_LSE_TIMEOUT_VALUE)
 374:Drivers/STM32L4xx_HAL_Driver/Src/stm32l4xx_hal_rcc_ex.c ****           {
 375:Drivers/STM32L4xx_HAL_Driver/Src/stm32l4xx_hal_rcc_ex.c ****             ret = HAL_TIMEOUT;
 376:Drivers/STM32L4xx_HAL_Driver/Src/stm32l4xx_hal_rcc_ex.c ****             break;
 377:Drivers/STM32L4xx_HAL_Driver/Src/stm32l4xx_hal_rcc_ex.c ****           }
 378:Drivers/STM32L4xx_HAL_Driver/Src/stm32l4xx_hal_rcc_ex.c ****         }
 379:Drivers/STM32L4xx_HAL_Driver/Src/stm32l4xx_hal_rcc_ex.c ****       }
 380:Drivers/STM32L4xx_HAL_Driver/Src/stm32l4xx_hal_rcc_ex.c **** 
 381:Drivers/STM32L4xx_HAL_Driver/Src/stm32l4xx_hal_rcc_ex.c ****       if(ret == HAL_OK)
 382:Drivers/STM32L4xx_HAL_Driver/Src/stm32l4xx_hal_rcc_ex.c ****       {
 383:Drivers/STM32L4xx_HAL_Driver/Src/stm32l4xx_hal_rcc_ex.c ****         /* Apply new RTC clock source selection */
 384:Drivers/STM32L4xx_HAL_Driver/Src/stm32l4xx_hal_rcc_ex.c ****         __HAL_RCC_RTC_CONFIG(PeriphClkInit->RTCClockSelection);
 385:Drivers/STM32L4xx_HAL_Driver/Src/stm32l4xx_hal_rcc_ex.c ****       }
 386:Drivers/STM32L4xx_HAL_Driver/Src/stm32l4xx_hal_rcc_ex.c ****       else
 387:Drivers/STM32L4xx_HAL_Driver/Src/stm32l4xx_hal_rcc_ex.c ****       {
 388:Drivers/STM32L4xx_HAL_Driver/Src/stm32l4xx_hal_rcc_ex.c ****         /* set overall return value */
 389:Drivers/STM32L4xx_HAL_Driver/Src/stm32l4xx_hal_rcc_ex.c ****         status = ret;
 390:Drivers/STM32L4xx_HAL_Driver/Src/stm32l4xx_hal_rcc_ex.c ****       }
 391:Drivers/STM32L4xx_HAL_Driver/Src/stm32l4xx_hal_rcc_ex.c ****     }
 392:Drivers/STM32L4xx_HAL_Driver/Src/stm32l4xx_hal_rcc_ex.c ****     else
 393:Drivers/STM32L4xx_HAL_Driver/Src/stm32l4xx_hal_rcc_ex.c ****     {
 394:Drivers/STM32L4xx_HAL_Driver/Src/stm32l4xx_hal_rcc_ex.c ****       /* set overall return value */
 395:Drivers/STM32L4xx_HAL_Driver/Src/stm32l4xx_hal_rcc_ex.c ****       status = ret;
 396:Drivers/STM32L4xx_HAL_Driver/Src/stm32l4xx_hal_rcc_ex.c ****     }
 397:Drivers/STM32L4xx_HAL_Driver/Src/stm32l4xx_hal_rcc_ex.c **** 
 398:Drivers/STM32L4xx_HAL_Driver/Src/stm32l4xx_hal_rcc_ex.c ****     /* Restore clock configuration if changed */
 399:Drivers/STM32L4xx_HAL_Driver/Src/stm32l4xx_hal_rcc_ex.c ****     if(pwrclkchanged == SET)
 400:Drivers/STM32L4xx_HAL_Driver/Src/stm32l4xx_hal_rcc_ex.c ****     {
 401:Drivers/STM32L4xx_HAL_Driver/Src/stm32l4xx_hal_rcc_ex.c ****       __HAL_RCC_PWR_CLK_DISABLE();
 402:Drivers/STM32L4xx_HAL_Driver/Src/stm32l4xx_hal_rcc_ex.c ****     }
 403:Drivers/STM32L4xx_HAL_Driver/Src/stm32l4xx_hal_rcc_ex.c ****   }
 404:Drivers/STM32L4xx_HAL_Driver/Src/stm32l4xx_hal_rcc_ex.c **** 
 405:Drivers/STM32L4xx_HAL_Driver/Src/stm32l4xx_hal_rcc_ex.c ****   /*-------------------------- USART1 clock source configuration -------------------*/
 406:Drivers/STM32L4xx_HAL_Driver/Src/stm32l4xx_hal_rcc_ex.c ****   if(((PeriphClkInit->PeriphClockSelection) & RCC_PERIPHCLK_USART1) == RCC_PERIPHCLK_USART1)
 407:Drivers/STM32L4xx_HAL_Driver/Src/stm32l4xx_hal_rcc_ex.c ****   {
 408:Drivers/STM32L4xx_HAL_Driver/Src/stm32l4xx_hal_rcc_ex.c ****     /* Check the parameters */
 409:Drivers/STM32L4xx_HAL_Driver/Src/stm32l4xx_hal_rcc_ex.c ****     assert_param(IS_RCC_USART1CLKSOURCE(PeriphClkInit->Usart1ClockSelection));
 410:Drivers/STM32L4xx_HAL_Driver/Src/stm32l4xx_hal_rcc_ex.c **** 
 411:Drivers/STM32L4xx_HAL_Driver/Src/stm32l4xx_hal_rcc_ex.c ****     /* Configure the USART1 clock source */
 412:Drivers/STM32L4xx_HAL_Driver/Src/stm32l4xx_hal_rcc_ex.c ****     __HAL_RCC_USART1_CONFIG(PeriphClkInit->Usart1ClockSelection);
 413:Drivers/STM32L4xx_HAL_Driver/Src/stm32l4xx_hal_rcc_ex.c ****   }
 414:Drivers/STM32L4xx_HAL_Driver/Src/stm32l4xx_hal_rcc_ex.c **** 
 415:Drivers/STM32L4xx_HAL_Driver/Src/stm32l4xx_hal_rcc_ex.c ****   /*-------------------------- USART2 clock source configuration -------------------*/
 416:Drivers/STM32L4xx_HAL_Driver/Src/stm32l4xx_hal_rcc_ex.c ****   if(((PeriphClkInit->PeriphClockSelection) & RCC_PERIPHCLK_USART2) == RCC_PERIPHCLK_USART2)
 417:Drivers/STM32L4xx_HAL_Driver/Src/stm32l4xx_hal_rcc_ex.c ****   {
 418:Drivers/STM32L4xx_HAL_Driver/Src/stm32l4xx_hal_rcc_ex.c ****     /* Check the parameters */
 419:Drivers/STM32L4xx_HAL_Driver/Src/stm32l4xx_hal_rcc_ex.c ****     assert_param(IS_RCC_USART2CLKSOURCE(PeriphClkInit->Usart2ClockSelection));
 420:Drivers/STM32L4xx_HAL_Driver/Src/stm32l4xx_hal_rcc_ex.c **** 
 421:Drivers/STM32L4xx_HAL_Driver/Src/stm32l4xx_hal_rcc_ex.c ****     /* Configure the USART2 clock source */
 422:Drivers/STM32L4xx_HAL_Driver/Src/stm32l4xx_hal_rcc_ex.c ****     __HAL_RCC_USART2_CONFIG(PeriphClkInit->Usart2ClockSelection);
 423:Drivers/STM32L4xx_HAL_Driver/Src/stm32l4xx_hal_rcc_ex.c ****   }
 424:Drivers/STM32L4xx_HAL_Driver/Src/stm32l4xx_hal_rcc_ex.c **** 
 425:Drivers/STM32L4xx_HAL_Driver/Src/stm32l4xx_hal_rcc_ex.c **** #if defined(USART3)
 426:Drivers/STM32L4xx_HAL_Driver/Src/stm32l4xx_hal_rcc_ex.c **** 
 427:Drivers/STM32L4xx_HAL_Driver/Src/stm32l4xx_hal_rcc_ex.c ****   /*-------------------------- USART3 clock source configuration -------------------*/
 428:Drivers/STM32L4xx_HAL_Driver/Src/stm32l4xx_hal_rcc_ex.c ****   if(((PeriphClkInit->PeriphClockSelection) & RCC_PERIPHCLK_USART3) == RCC_PERIPHCLK_USART3)
 429:Drivers/STM32L4xx_HAL_Driver/Src/stm32l4xx_hal_rcc_ex.c ****   {
ARM GAS  /tmp/ccxIXDAo.s 			page 9


 430:Drivers/STM32L4xx_HAL_Driver/Src/stm32l4xx_hal_rcc_ex.c ****     /* Check the parameters */
 431:Drivers/STM32L4xx_HAL_Driver/Src/stm32l4xx_hal_rcc_ex.c ****     assert_param(IS_RCC_USART3CLKSOURCE(PeriphClkInit->Usart3ClockSelection));
 432:Drivers/STM32L4xx_HAL_Driver/Src/stm32l4xx_hal_rcc_ex.c **** 
 433:Drivers/STM32L4xx_HAL_Driver/Src/stm32l4xx_hal_rcc_ex.c ****     /* Configure the USART3 clock source */
 434:Drivers/STM32L4xx_HAL_Driver/Src/stm32l4xx_hal_rcc_ex.c ****     __HAL_RCC_USART3_CONFIG(PeriphClkInit->Usart3ClockSelection);
 435:Drivers/STM32L4xx_HAL_Driver/Src/stm32l4xx_hal_rcc_ex.c ****   }
 436:Drivers/STM32L4xx_HAL_Driver/Src/stm32l4xx_hal_rcc_ex.c **** 
 437:Drivers/STM32L4xx_HAL_Driver/Src/stm32l4xx_hal_rcc_ex.c **** #endif /* USART3 */
 438:Drivers/STM32L4xx_HAL_Driver/Src/stm32l4xx_hal_rcc_ex.c **** 
 439:Drivers/STM32L4xx_HAL_Driver/Src/stm32l4xx_hal_rcc_ex.c **** #if defined(UART4)
 440:Drivers/STM32L4xx_HAL_Driver/Src/stm32l4xx_hal_rcc_ex.c **** 
 441:Drivers/STM32L4xx_HAL_Driver/Src/stm32l4xx_hal_rcc_ex.c ****   /*-------------------------- UART4 clock source configuration --------------------*/
 442:Drivers/STM32L4xx_HAL_Driver/Src/stm32l4xx_hal_rcc_ex.c ****   if(((PeriphClkInit->PeriphClockSelection) & RCC_PERIPHCLK_UART4) == RCC_PERIPHCLK_UART4)
 443:Drivers/STM32L4xx_HAL_Driver/Src/stm32l4xx_hal_rcc_ex.c ****   {
 444:Drivers/STM32L4xx_HAL_Driver/Src/stm32l4xx_hal_rcc_ex.c ****     /* Check the parameters */
 445:Drivers/STM32L4xx_HAL_Driver/Src/stm32l4xx_hal_rcc_ex.c ****     assert_param(IS_RCC_UART4CLKSOURCE(PeriphClkInit->Uart4ClockSelection));
 446:Drivers/STM32L4xx_HAL_Driver/Src/stm32l4xx_hal_rcc_ex.c **** 
 447:Drivers/STM32L4xx_HAL_Driver/Src/stm32l4xx_hal_rcc_ex.c ****     /* Configure the UART4 clock source */
 448:Drivers/STM32L4xx_HAL_Driver/Src/stm32l4xx_hal_rcc_ex.c ****     __HAL_RCC_UART4_CONFIG(PeriphClkInit->Uart4ClockSelection);
 449:Drivers/STM32L4xx_HAL_Driver/Src/stm32l4xx_hal_rcc_ex.c ****   }
 450:Drivers/STM32L4xx_HAL_Driver/Src/stm32l4xx_hal_rcc_ex.c **** 
 451:Drivers/STM32L4xx_HAL_Driver/Src/stm32l4xx_hal_rcc_ex.c **** #endif /* UART4 */
 452:Drivers/STM32L4xx_HAL_Driver/Src/stm32l4xx_hal_rcc_ex.c **** 
 453:Drivers/STM32L4xx_HAL_Driver/Src/stm32l4xx_hal_rcc_ex.c **** #if defined(UART5)
 454:Drivers/STM32L4xx_HAL_Driver/Src/stm32l4xx_hal_rcc_ex.c **** 
 455:Drivers/STM32L4xx_HAL_Driver/Src/stm32l4xx_hal_rcc_ex.c ****   /*-------------------------- UART5 clock source configuration --------------------*/
 456:Drivers/STM32L4xx_HAL_Driver/Src/stm32l4xx_hal_rcc_ex.c ****   if(((PeriphClkInit->PeriphClockSelection) & RCC_PERIPHCLK_UART5) == RCC_PERIPHCLK_UART5)
 457:Drivers/STM32L4xx_HAL_Driver/Src/stm32l4xx_hal_rcc_ex.c ****   {
 458:Drivers/STM32L4xx_HAL_Driver/Src/stm32l4xx_hal_rcc_ex.c ****     /* Check the parameters */
 459:Drivers/STM32L4xx_HAL_Driver/Src/stm32l4xx_hal_rcc_ex.c ****     assert_param(IS_RCC_UART5CLKSOURCE(PeriphClkInit->Uart5ClockSelection));
 460:Drivers/STM32L4xx_HAL_Driver/Src/stm32l4xx_hal_rcc_ex.c **** 
 461:Drivers/STM32L4xx_HAL_Driver/Src/stm32l4xx_hal_rcc_ex.c ****     /* Configure the UART5 clock source */
 462:Drivers/STM32L4xx_HAL_Driver/Src/stm32l4xx_hal_rcc_ex.c ****     __HAL_RCC_UART5_CONFIG(PeriphClkInit->Uart5ClockSelection);
 463:Drivers/STM32L4xx_HAL_Driver/Src/stm32l4xx_hal_rcc_ex.c ****   }
 464:Drivers/STM32L4xx_HAL_Driver/Src/stm32l4xx_hal_rcc_ex.c **** 
 465:Drivers/STM32L4xx_HAL_Driver/Src/stm32l4xx_hal_rcc_ex.c **** #endif /* UART5 */
 466:Drivers/STM32L4xx_HAL_Driver/Src/stm32l4xx_hal_rcc_ex.c **** 
 467:Drivers/STM32L4xx_HAL_Driver/Src/stm32l4xx_hal_rcc_ex.c ****   /*-------------------------- LPUART1 clock source configuration ------------------*/
 468:Drivers/STM32L4xx_HAL_Driver/Src/stm32l4xx_hal_rcc_ex.c ****   if(((PeriphClkInit->PeriphClockSelection) & RCC_PERIPHCLK_LPUART1) == RCC_PERIPHCLK_LPUART1)
 469:Drivers/STM32L4xx_HAL_Driver/Src/stm32l4xx_hal_rcc_ex.c ****   {
 470:Drivers/STM32L4xx_HAL_Driver/Src/stm32l4xx_hal_rcc_ex.c ****     /* Check the parameters */
 471:Drivers/STM32L4xx_HAL_Driver/Src/stm32l4xx_hal_rcc_ex.c ****     assert_param(IS_RCC_LPUART1CLKSOURCE(PeriphClkInit->Lpuart1ClockSelection));
 472:Drivers/STM32L4xx_HAL_Driver/Src/stm32l4xx_hal_rcc_ex.c **** 
 473:Drivers/STM32L4xx_HAL_Driver/Src/stm32l4xx_hal_rcc_ex.c ****     /* Configure the LPUART1 clock source */
 474:Drivers/STM32L4xx_HAL_Driver/Src/stm32l4xx_hal_rcc_ex.c ****     __HAL_RCC_LPUART1_CONFIG(PeriphClkInit->Lpuart1ClockSelection);
 475:Drivers/STM32L4xx_HAL_Driver/Src/stm32l4xx_hal_rcc_ex.c ****   }
 476:Drivers/STM32L4xx_HAL_Driver/Src/stm32l4xx_hal_rcc_ex.c **** 
 477:Drivers/STM32L4xx_HAL_Driver/Src/stm32l4xx_hal_rcc_ex.c ****   /*-------------------------- LPTIM1 clock source configuration -------------------*/
 478:Drivers/STM32L4xx_HAL_Driver/Src/stm32l4xx_hal_rcc_ex.c ****   if(((PeriphClkInit->PeriphClockSelection) & RCC_PERIPHCLK_LPTIM1) == (RCC_PERIPHCLK_LPTIM1))
 479:Drivers/STM32L4xx_HAL_Driver/Src/stm32l4xx_hal_rcc_ex.c ****   {
 480:Drivers/STM32L4xx_HAL_Driver/Src/stm32l4xx_hal_rcc_ex.c ****     assert_param(IS_RCC_LPTIM1CLK(PeriphClkInit->Lptim1ClockSelection));
 481:Drivers/STM32L4xx_HAL_Driver/Src/stm32l4xx_hal_rcc_ex.c ****     __HAL_RCC_LPTIM1_CONFIG(PeriphClkInit->Lptim1ClockSelection);
 482:Drivers/STM32L4xx_HAL_Driver/Src/stm32l4xx_hal_rcc_ex.c ****   }
 483:Drivers/STM32L4xx_HAL_Driver/Src/stm32l4xx_hal_rcc_ex.c **** 
 484:Drivers/STM32L4xx_HAL_Driver/Src/stm32l4xx_hal_rcc_ex.c ****   /*-------------------------- LPTIM2 clock source configuration -------------------*/
 485:Drivers/STM32L4xx_HAL_Driver/Src/stm32l4xx_hal_rcc_ex.c ****   if(((PeriphClkInit->PeriphClockSelection) & RCC_PERIPHCLK_LPTIM2) == (RCC_PERIPHCLK_LPTIM2))
 486:Drivers/STM32L4xx_HAL_Driver/Src/stm32l4xx_hal_rcc_ex.c ****   {
ARM GAS  /tmp/ccxIXDAo.s 			page 10


 487:Drivers/STM32L4xx_HAL_Driver/Src/stm32l4xx_hal_rcc_ex.c ****     assert_param(IS_RCC_LPTIM2CLK(PeriphClkInit->Lptim2ClockSelection));
 488:Drivers/STM32L4xx_HAL_Driver/Src/stm32l4xx_hal_rcc_ex.c ****     __HAL_RCC_LPTIM2_CONFIG(PeriphClkInit->Lptim2ClockSelection);
 489:Drivers/STM32L4xx_HAL_Driver/Src/stm32l4xx_hal_rcc_ex.c ****   }
 490:Drivers/STM32L4xx_HAL_Driver/Src/stm32l4xx_hal_rcc_ex.c **** 
 491:Drivers/STM32L4xx_HAL_Driver/Src/stm32l4xx_hal_rcc_ex.c ****   /*-------------------------- I2C1 clock source configuration ---------------------*/
 492:Drivers/STM32L4xx_HAL_Driver/Src/stm32l4xx_hal_rcc_ex.c ****   if(((PeriphClkInit->PeriphClockSelection) & RCC_PERIPHCLK_I2C1) == RCC_PERIPHCLK_I2C1)
 493:Drivers/STM32L4xx_HAL_Driver/Src/stm32l4xx_hal_rcc_ex.c ****   {
 494:Drivers/STM32L4xx_HAL_Driver/Src/stm32l4xx_hal_rcc_ex.c ****     /* Check the parameters */
 495:Drivers/STM32L4xx_HAL_Driver/Src/stm32l4xx_hal_rcc_ex.c ****     assert_param(IS_RCC_I2C1CLKSOURCE(PeriphClkInit->I2c1ClockSelection));
 496:Drivers/STM32L4xx_HAL_Driver/Src/stm32l4xx_hal_rcc_ex.c **** 
 497:Drivers/STM32L4xx_HAL_Driver/Src/stm32l4xx_hal_rcc_ex.c ****     /* Configure the I2C1 clock source */
 498:Drivers/STM32L4xx_HAL_Driver/Src/stm32l4xx_hal_rcc_ex.c ****     __HAL_RCC_I2C1_CONFIG(PeriphClkInit->I2c1ClockSelection);
 499:Drivers/STM32L4xx_HAL_Driver/Src/stm32l4xx_hal_rcc_ex.c ****   }
 500:Drivers/STM32L4xx_HAL_Driver/Src/stm32l4xx_hal_rcc_ex.c **** 
 501:Drivers/STM32L4xx_HAL_Driver/Src/stm32l4xx_hal_rcc_ex.c **** #if defined(I2C2)
 502:Drivers/STM32L4xx_HAL_Driver/Src/stm32l4xx_hal_rcc_ex.c **** 
 503:Drivers/STM32L4xx_HAL_Driver/Src/stm32l4xx_hal_rcc_ex.c ****   /*-------------------------- I2C2 clock source configuration ---------------------*/
 504:Drivers/STM32L4xx_HAL_Driver/Src/stm32l4xx_hal_rcc_ex.c ****   if(((PeriphClkInit->PeriphClockSelection) & RCC_PERIPHCLK_I2C2) == RCC_PERIPHCLK_I2C2)
 505:Drivers/STM32L4xx_HAL_Driver/Src/stm32l4xx_hal_rcc_ex.c ****   {
 506:Drivers/STM32L4xx_HAL_Driver/Src/stm32l4xx_hal_rcc_ex.c ****     /* Check the parameters */
 507:Drivers/STM32L4xx_HAL_Driver/Src/stm32l4xx_hal_rcc_ex.c ****     assert_param(IS_RCC_I2C2CLKSOURCE(PeriphClkInit->I2c2ClockSelection));
 508:Drivers/STM32L4xx_HAL_Driver/Src/stm32l4xx_hal_rcc_ex.c **** 
 509:Drivers/STM32L4xx_HAL_Driver/Src/stm32l4xx_hal_rcc_ex.c ****     /* Configure the I2C2 clock source */
 510:Drivers/STM32L4xx_HAL_Driver/Src/stm32l4xx_hal_rcc_ex.c ****     __HAL_RCC_I2C2_CONFIG(PeriphClkInit->I2c2ClockSelection);
 511:Drivers/STM32L4xx_HAL_Driver/Src/stm32l4xx_hal_rcc_ex.c ****   }
 512:Drivers/STM32L4xx_HAL_Driver/Src/stm32l4xx_hal_rcc_ex.c **** 
 513:Drivers/STM32L4xx_HAL_Driver/Src/stm32l4xx_hal_rcc_ex.c **** #endif /* I2C2 */
 514:Drivers/STM32L4xx_HAL_Driver/Src/stm32l4xx_hal_rcc_ex.c **** 
 515:Drivers/STM32L4xx_HAL_Driver/Src/stm32l4xx_hal_rcc_ex.c ****   /*-------------------------- I2C3 clock source configuration ---------------------*/
 516:Drivers/STM32L4xx_HAL_Driver/Src/stm32l4xx_hal_rcc_ex.c ****   if(((PeriphClkInit->PeriphClockSelection) & RCC_PERIPHCLK_I2C3) == RCC_PERIPHCLK_I2C3)
 517:Drivers/STM32L4xx_HAL_Driver/Src/stm32l4xx_hal_rcc_ex.c ****   {
 518:Drivers/STM32L4xx_HAL_Driver/Src/stm32l4xx_hal_rcc_ex.c ****     /* Check the parameters */
 519:Drivers/STM32L4xx_HAL_Driver/Src/stm32l4xx_hal_rcc_ex.c ****     assert_param(IS_RCC_I2C3CLKSOURCE(PeriphClkInit->I2c3ClockSelection));
 520:Drivers/STM32L4xx_HAL_Driver/Src/stm32l4xx_hal_rcc_ex.c **** 
 521:Drivers/STM32L4xx_HAL_Driver/Src/stm32l4xx_hal_rcc_ex.c ****     /* Configure the I2C3 clock source */
 522:Drivers/STM32L4xx_HAL_Driver/Src/stm32l4xx_hal_rcc_ex.c ****     __HAL_RCC_I2C3_CONFIG(PeriphClkInit->I2c3ClockSelection);
 523:Drivers/STM32L4xx_HAL_Driver/Src/stm32l4xx_hal_rcc_ex.c ****   }
 524:Drivers/STM32L4xx_HAL_Driver/Src/stm32l4xx_hal_rcc_ex.c **** 
 525:Drivers/STM32L4xx_HAL_Driver/Src/stm32l4xx_hal_rcc_ex.c **** #if defined(I2C4)
 526:Drivers/STM32L4xx_HAL_Driver/Src/stm32l4xx_hal_rcc_ex.c **** 
 527:Drivers/STM32L4xx_HAL_Driver/Src/stm32l4xx_hal_rcc_ex.c ****   /*-------------------------- I2C4 clock source configuration ---------------------*/
 528:Drivers/STM32L4xx_HAL_Driver/Src/stm32l4xx_hal_rcc_ex.c ****   if(((PeriphClkInit->PeriphClockSelection) & RCC_PERIPHCLK_I2C4) == RCC_PERIPHCLK_I2C4)
 529:Drivers/STM32L4xx_HAL_Driver/Src/stm32l4xx_hal_rcc_ex.c ****   {
 530:Drivers/STM32L4xx_HAL_Driver/Src/stm32l4xx_hal_rcc_ex.c ****     /* Check the parameters */
 531:Drivers/STM32L4xx_HAL_Driver/Src/stm32l4xx_hal_rcc_ex.c ****     assert_param(IS_RCC_I2C4CLKSOURCE(PeriphClkInit->I2c4ClockSelection));
 532:Drivers/STM32L4xx_HAL_Driver/Src/stm32l4xx_hal_rcc_ex.c **** 
 533:Drivers/STM32L4xx_HAL_Driver/Src/stm32l4xx_hal_rcc_ex.c ****     /* Configure the I2C4 clock source */
 534:Drivers/STM32L4xx_HAL_Driver/Src/stm32l4xx_hal_rcc_ex.c ****     __HAL_RCC_I2C4_CONFIG(PeriphClkInit->I2c4ClockSelection);
 535:Drivers/STM32L4xx_HAL_Driver/Src/stm32l4xx_hal_rcc_ex.c ****   }
 536:Drivers/STM32L4xx_HAL_Driver/Src/stm32l4xx_hal_rcc_ex.c **** 
 537:Drivers/STM32L4xx_HAL_Driver/Src/stm32l4xx_hal_rcc_ex.c **** #endif /* I2C4 */
 538:Drivers/STM32L4xx_HAL_Driver/Src/stm32l4xx_hal_rcc_ex.c **** 
 539:Drivers/STM32L4xx_HAL_Driver/Src/stm32l4xx_hal_rcc_ex.c **** #if defined(USB_OTG_FS) || defined(USB)
 540:Drivers/STM32L4xx_HAL_Driver/Src/stm32l4xx_hal_rcc_ex.c **** 
 541:Drivers/STM32L4xx_HAL_Driver/Src/stm32l4xx_hal_rcc_ex.c ****   /*-------------------------- USB clock source configuration ----------------------*/
 542:Drivers/STM32L4xx_HAL_Driver/Src/stm32l4xx_hal_rcc_ex.c ****   if(((PeriphClkInit->PeriphClockSelection) & RCC_PERIPHCLK_USB) == (RCC_PERIPHCLK_USB))
 543:Drivers/STM32L4xx_HAL_Driver/Src/stm32l4xx_hal_rcc_ex.c ****   {
ARM GAS  /tmp/ccxIXDAo.s 			page 11


 544:Drivers/STM32L4xx_HAL_Driver/Src/stm32l4xx_hal_rcc_ex.c ****     assert_param(IS_RCC_USBCLKSOURCE(PeriphClkInit->UsbClockSelection));
 545:Drivers/STM32L4xx_HAL_Driver/Src/stm32l4xx_hal_rcc_ex.c ****     __HAL_RCC_USB_CONFIG(PeriphClkInit->UsbClockSelection);
 546:Drivers/STM32L4xx_HAL_Driver/Src/stm32l4xx_hal_rcc_ex.c **** 
 547:Drivers/STM32L4xx_HAL_Driver/Src/stm32l4xx_hal_rcc_ex.c ****     if(PeriphClkInit->UsbClockSelection == RCC_USBCLKSOURCE_PLL)
 548:Drivers/STM32L4xx_HAL_Driver/Src/stm32l4xx_hal_rcc_ex.c ****     {
 549:Drivers/STM32L4xx_HAL_Driver/Src/stm32l4xx_hal_rcc_ex.c ****       /* Enable PLL48M1CLK output clock */
 550:Drivers/STM32L4xx_HAL_Driver/Src/stm32l4xx_hal_rcc_ex.c ****       __HAL_RCC_PLLCLKOUT_ENABLE(RCC_PLL_48M1CLK);
 551:Drivers/STM32L4xx_HAL_Driver/Src/stm32l4xx_hal_rcc_ex.c ****     }
 552:Drivers/STM32L4xx_HAL_Driver/Src/stm32l4xx_hal_rcc_ex.c ****     else
 553:Drivers/STM32L4xx_HAL_Driver/Src/stm32l4xx_hal_rcc_ex.c ****     {
 554:Drivers/STM32L4xx_HAL_Driver/Src/stm32l4xx_hal_rcc_ex.c **** #if defined(RCC_PLLSAI1_SUPPORT)
 555:Drivers/STM32L4xx_HAL_Driver/Src/stm32l4xx_hal_rcc_ex.c ****       if(PeriphClkInit->UsbClockSelection == RCC_USBCLKSOURCE_PLLSAI1)
 556:Drivers/STM32L4xx_HAL_Driver/Src/stm32l4xx_hal_rcc_ex.c ****       {
 557:Drivers/STM32L4xx_HAL_Driver/Src/stm32l4xx_hal_rcc_ex.c ****         /* PLLSAI1 input clock, parameters M, N & Q configuration and clock output (PLLSAI1ClockOut
 558:Drivers/STM32L4xx_HAL_Driver/Src/stm32l4xx_hal_rcc_ex.c ****         ret = RCCEx_PLLSAI1_Config(&(PeriphClkInit->PLLSAI1), DIVIDER_Q_UPDATE);
 559:Drivers/STM32L4xx_HAL_Driver/Src/stm32l4xx_hal_rcc_ex.c **** 
 560:Drivers/STM32L4xx_HAL_Driver/Src/stm32l4xx_hal_rcc_ex.c ****         if(ret != HAL_OK)
 561:Drivers/STM32L4xx_HAL_Driver/Src/stm32l4xx_hal_rcc_ex.c ****         {
 562:Drivers/STM32L4xx_HAL_Driver/Src/stm32l4xx_hal_rcc_ex.c ****           /* set overall return value */
 563:Drivers/STM32L4xx_HAL_Driver/Src/stm32l4xx_hal_rcc_ex.c ****           status = ret;
 564:Drivers/STM32L4xx_HAL_Driver/Src/stm32l4xx_hal_rcc_ex.c ****         }
 565:Drivers/STM32L4xx_HAL_Driver/Src/stm32l4xx_hal_rcc_ex.c ****       }
 566:Drivers/STM32L4xx_HAL_Driver/Src/stm32l4xx_hal_rcc_ex.c **** #endif /* RCC_PLLSAI1_SUPPORT */
 567:Drivers/STM32L4xx_HAL_Driver/Src/stm32l4xx_hal_rcc_ex.c ****     }
 568:Drivers/STM32L4xx_HAL_Driver/Src/stm32l4xx_hal_rcc_ex.c ****   }
 569:Drivers/STM32L4xx_HAL_Driver/Src/stm32l4xx_hal_rcc_ex.c **** 
 570:Drivers/STM32L4xx_HAL_Driver/Src/stm32l4xx_hal_rcc_ex.c **** #endif /* USB_OTG_FS || USB */
 571:Drivers/STM32L4xx_HAL_Driver/Src/stm32l4xx_hal_rcc_ex.c **** 
 572:Drivers/STM32L4xx_HAL_Driver/Src/stm32l4xx_hal_rcc_ex.c **** #if defined(SDMMC1)
 573:Drivers/STM32L4xx_HAL_Driver/Src/stm32l4xx_hal_rcc_ex.c **** 
 574:Drivers/STM32L4xx_HAL_Driver/Src/stm32l4xx_hal_rcc_ex.c ****   /*-------------------------- SDMMC1 clock source configuration -------------------*/
 575:Drivers/STM32L4xx_HAL_Driver/Src/stm32l4xx_hal_rcc_ex.c ****   if(((PeriphClkInit->PeriphClockSelection) & RCC_PERIPHCLK_SDMMC1) == (RCC_PERIPHCLK_SDMMC1))
 576:Drivers/STM32L4xx_HAL_Driver/Src/stm32l4xx_hal_rcc_ex.c ****   {
 577:Drivers/STM32L4xx_HAL_Driver/Src/stm32l4xx_hal_rcc_ex.c ****     assert_param(IS_RCC_SDMMC1CLKSOURCE(PeriphClkInit->Sdmmc1ClockSelection));
 578:Drivers/STM32L4xx_HAL_Driver/Src/stm32l4xx_hal_rcc_ex.c ****     __HAL_RCC_SDMMC1_CONFIG(PeriphClkInit->Sdmmc1ClockSelection);
 579:Drivers/STM32L4xx_HAL_Driver/Src/stm32l4xx_hal_rcc_ex.c **** 
 580:Drivers/STM32L4xx_HAL_Driver/Src/stm32l4xx_hal_rcc_ex.c ****     if(PeriphClkInit->Sdmmc1ClockSelection == RCC_SDMMC1CLKSOURCE_PLL)   /* PLL "Q" ? */
 581:Drivers/STM32L4xx_HAL_Driver/Src/stm32l4xx_hal_rcc_ex.c ****     {
 582:Drivers/STM32L4xx_HAL_Driver/Src/stm32l4xx_hal_rcc_ex.c ****       /* Enable PLL48M1CLK output clock */
 583:Drivers/STM32L4xx_HAL_Driver/Src/stm32l4xx_hal_rcc_ex.c ****       __HAL_RCC_PLLCLKOUT_ENABLE(RCC_PLL_48M1CLK);
 584:Drivers/STM32L4xx_HAL_Driver/Src/stm32l4xx_hal_rcc_ex.c ****     }
 585:Drivers/STM32L4xx_HAL_Driver/Src/stm32l4xx_hal_rcc_ex.c **** #if defined(RCC_CCIPR2_SDMMCSEL)
 586:Drivers/STM32L4xx_HAL_Driver/Src/stm32l4xx_hal_rcc_ex.c ****     else if(PeriphClkInit->Sdmmc1ClockSelection == RCC_SDMMC1CLKSOURCE_PLLP) /* PLL "P" ? */
 587:Drivers/STM32L4xx_HAL_Driver/Src/stm32l4xx_hal_rcc_ex.c ****     {
 588:Drivers/STM32L4xx_HAL_Driver/Src/stm32l4xx_hal_rcc_ex.c ****       /* Enable PLLSAI3CLK output */
 589:Drivers/STM32L4xx_HAL_Driver/Src/stm32l4xx_hal_rcc_ex.c ****       __HAL_RCC_PLLCLKOUT_ENABLE(RCC_PLL_SAI3CLK);
 590:Drivers/STM32L4xx_HAL_Driver/Src/stm32l4xx_hal_rcc_ex.c ****     }
 591:Drivers/STM32L4xx_HAL_Driver/Src/stm32l4xx_hal_rcc_ex.c **** #endif
 592:Drivers/STM32L4xx_HAL_Driver/Src/stm32l4xx_hal_rcc_ex.c ****     else if(PeriphClkInit->Sdmmc1ClockSelection == RCC_SDMMC1CLKSOURCE_PLLSAI1)
 593:Drivers/STM32L4xx_HAL_Driver/Src/stm32l4xx_hal_rcc_ex.c ****     {
 594:Drivers/STM32L4xx_HAL_Driver/Src/stm32l4xx_hal_rcc_ex.c ****       /* PLLSAI1 input clock, parameters M, N & Q configuration and clock output (PLLSAI1ClockOut) 
 595:Drivers/STM32L4xx_HAL_Driver/Src/stm32l4xx_hal_rcc_ex.c ****       ret = RCCEx_PLLSAI1_Config(&(PeriphClkInit->PLLSAI1), DIVIDER_Q_UPDATE);
 596:Drivers/STM32L4xx_HAL_Driver/Src/stm32l4xx_hal_rcc_ex.c **** 
 597:Drivers/STM32L4xx_HAL_Driver/Src/stm32l4xx_hal_rcc_ex.c ****       if(ret != HAL_OK)
 598:Drivers/STM32L4xx_HAL_Driver/Src/stm32l4xx_hal_rcc_ex.c ****       {
 599:Drivers/STM32L4xx_HAL_Driver/Src/stm32l4xx_hal_rcc_ex.c ****         /* set overall return value */
 600:Drivers/STM32L4xx_HAL_Driver/Src/stm32l4xx_hal_rcc_ex.c ****         status = ret;
ARM GAS  /tmp/ccxIXDAo.s 			page 12


 601:Drivers/STM32L4xx_HAL_Driver/Src/stm32l4xx_hal_rcc_ex.c ****       }
 602:Drivers/STM32L4xx_HAL_Driver/Src/stm32l4xx_hal_rcc_ex.c ****     }
 603:Drivers/STM32L4xx_HAL_Driver/Src/stm32l4xx_hal_rcc_ex.c ****     else
 604:Drivers/STM32L4xx_HAL_Driver/Src/stm32l4xx_hal_rcc_ex.c ****     {
 605:Drivers/STM32L4xx_HAL_Driver/Src/stm32l4xx_hal_rcc_ex.c ****       /* nothing to do */
 606:Drivers/STM32L4xx_HAL_Driver/Src/stm32l4xx_hal_rcc_ex.c ****     }
 607:Drivers/STM32L4xx_HAL_Driver/Src/stm32l4xx_hal_rcc_ex.c ****   }
 608:Drivers/STM32L4xx_HAL_Driver/Src/stm32l4xx_hal_rcc_ex.c **** 
 609:Drivers/STM32L4xx_HAL_Driver/Src/stm32l4xx_hal_rcc_ex.c **** #endif /* SDMMC1 */
 610:Drivers/STM32L4xx_HAL_Driver/Src/stm32l4xx_hal_rcc_ex.c **** 
 611:Drivers/STM32L4xx_HAL_Driver/Src/stm32l4xx_hal_rcc_ex.c ****   /*-------------------------- RNG clock source configuration ----------------------*/
 612:Drivers/STM32L4xx_HAL_Driver/Src/stm32l4xx_hal_rcc_ex.c ****   if(((PeriphClkInit->PeriphClockSelection) & RCC_PERIPHCLK_RNG) == (RCC_PERIPHCLK_RNG))
 613:Drivers/STM32L4xx_HAL_Driver/Src/stm32l4xx_hal_rcc_ex.c ****   {
 614:Drivers/STM32L4xx_HAL_Driver/Src/stm32l4xx_hal_rcc_ex.c ****     assert_param(IS_RCC_RNGCLKSOURCE(PeriphClkInit->RngClockSelection));
 615:Drivers/STM32L4xx_HAL_Driver/Src/stm32l4xx_hal_rcc_ex.c ****     __HAL_RCC_RNG_CONFIG(PeriphClkInit->RngClockSelection);
 616:Drivers/STM32L4xx_HAL_Driver/Src/stm32l4xx_hal_rcc_ex.c **** 
 617:Drivers/STM32L4xx_HAL_Driver/Src/stm32l4xx_hal_rcc_ex.c ****     if(PeriphClkInit->RngClockSelection == RCC_RNGCLKSOURCE_PLL)
 618:Drivers/STM32L4xx_HAL_Driver/Src/stm32l4xx_hal_rcc_ex.c ****     {
 619:Drivers/STM32L4xx_HAL_Driver/Src/stm32l4xx_hal_rcc_ex.c ****       /* Enable PLL48M1CLK output clock */
 620:Drivers/STM32L4xx_HAL_Driver/Src/stm32l4xx_hal_rcc_ex.c ****       __HAL_RCC_PLLCLKOUT_ENABLE(RCC_PLL_48M1CLK);
 621:Drivers/STM32L4xx_HAL_Driver/Src/stm32l4xx_hal_rcc_ex.c ****     }
 622:Drivers/STM32L4xx_HAL_Driver/Src/stm32l4xx_hal_rcc_ex.c **** #if defined(RCC_PLLSAI1_SUPPORT)
 623:Drivers/STM32L4xx_HAL_Driver/Src/stm32l4xx_hal_rcc_ex.c ****     else if(PeriphClkInit->RngClockSelection == RCC_RNGCLKSOURCE_PLLSAI1)
 624:Drivers/STM32L4xx_HAL_Driver/Src/stm32l4xx_hal_rcc_ex.c ****     {
 625:Drivers/STM32L4xx_HAL_Driver/Src/stm32l4xx_hal_rcc_ex.c ****       /* PLLSAI1 input clock, parameters M, N & Q configuration and clock output (PLLSAI1ClockOut) 
 626:Drivers/STM32L4xx_HAL_Driver/Src/stm32l4xx_hal_rcc_ex.c ****       ret = RCCEx_PLLSAI1_Config(&(PeriphClkInit->PLLSAI1), DIVIDER_Q_UPDATE);
 627:Drivers/STM32L4xx_HAL_Driver/Src/stm32l4xx_hal_rcc_ex.c **** 
 628:Drivers/STM32L4xx_HAL_Driver/Src/stm32l4xx_hal_rcc_ex.c ****       if(ret != HAL_OK)
 629:Drivers/STM32L4xx_HAL_Driver/Src/stm32l4xx_hal_rcc_ex.c ****       {
 630:Drivers/STM32L4xx_HAL_Driver/Src/stm32l4xx_hal_rcc_ex.c ****         /* set overall return value */
 631:Drivers/STM32L4xx_HAL_Driver/Src/stm32l4xx_hal_rcc_ex.c ****         status = ret;
 632:Drivers/STM32L4xx_HAL_Driver/Src/stm32l4xx_hal_rcc_ex.c ****       }
 633:Drivers/STM32L4xx_HAL_Driver/Src/stm32l4xx_hal_rcc_ex.c ****     }
 634:Drivers/STM32L4xx_HAL_Driver/Src/stm32l4xx_hal_rcc_ex.c **** #endif /* RCC_PLLSAI1_SUPPORT */
 635:Drivers/STM32L4xx_HAL_Driver/Src/stm32l4xx_hal_rcc_ex.c ****     else
 636:Drivers/STM32L4xx_HAL_Driver/Src/stm32l4xx_hal_rcc_ex.c ****     {
 637:Drivers/STM32L4xx_HAL_Driver/Src/stm32l4xx_hal_rcc_ex.c ****       /* nothing to do */
 638:Drivers/STM32L4xx_HAL_Driver/Src/stm32l4xx_hal_rcc_ex.c ****     }
 639:Drivers/STM32L4xx_HAL_Driver/Src/stm32l4xx_hal_rcc_ex.c ****   }
 640:Drivers/STM32L4xx_HAL_Driver/Src/stm32l4xx_hal_rcc_ex.c **** 
 641:Drivers/STM32L4xx_HAL_Driver/Src/stm32l4xx_hal_rcc_ex.c ****   /*-------------------------- ADC clock source configuration ----------------------*/
 642:Drivers/STM32L4xx_HAL_Driver/Src/stm32l4xx_hal_rcc_ex.c **** #if !defined(STM32L412xx) && !defined(STM32L422xx)
 643:Drivers/STM32L4xx_HAL_Driver/Src/stm32l4xx_hal_rcc_ex.c ****   if(((PeriphClkInit->PeriphClockSelection) & RCC_PERIPHCLK_ADC) == RCC_PERIPHCLK_ADC)
 644:Drivers/STM32L4xx_HAL_Driver/Src/stm32l4xx_hal_rcc_ex.c ****   {
 645:Drivers/STM32L4xx_HAL_Driver/Src/stm32l4xx_hal_rcc_ex.c ****     /* Check the parameters */
 646:Drivers/STM32L4xx_HAL_Driver/Src/stm32l4xx_hal_rcc_ex.c ****     assert_param(IS_RCC_ADCCLKSOURCE(PeriphClkInit->AdcClockSelection));
 647:Drivers/STM32L4xx_HAL_Driver/Src/stm32l4xx_hal_rcc_ex.c **** 
 648:Drivers/STM32L4xx_HAL_Driver/Src/stm32l4xx_hal_rcc_ex.c ****     /* Configure the ADC interface clock source */
 649:Drivers/STM32L4xx_HAL_Driver/Src/stm32l4xx_hal_rcc_ex.c ****     __HAL_RCC_ADC_CONFIG(PeriphClkInit->AdcClockSelection);
 650:Drivers/STM32L4xx_HAL_Driver/Src/stm32l4xx_hal_rcc_ex.c **** 
 651:Drivers/STM32L4xx_HAL_Driver/Src/stm32l4xx_hal_rcc_ex.c **** #if defined(RCC_PLLSAI1_SUPPORT)
 652:Drivers/STM32L4xx_HAL_Driver/Src/stm32l4xx_hal_rcc_ex.c ****     if(PeriphClkInit->AdcClockSelection == RCC_ADCCLKSOURCE_PLLSAI1)
 653:Drivers/STM32L4xx_HAL_Driver/Src/stm32l4xx_hal_rcc_ex.c ****     {
 654:Drivers/STM32L4xx_HAL_Driver/Src/stm32l4xx_hal_rcc_ex.c ****       /* PLLSAI1 input clock, parameters M, N & R configuration and clock output (PLLSAI1ClockOut) 
 655:Drivers/STM32L4xx_HAL_Driver/Src/stm32l4xx_hal_rcc_ex.c ****       ret = RCCEx_PLLSAI1_Config(&(PeriphClkInit->PLLSAI1), DIVIDER_R_UPDATE);
 656:Drivers/STM32L4xx_HAL_Driver/Src/stm32l4xx_hal_rcc_ex.c **** 
 657:Drivers/STM32L4xx_HAL_Driver/Src/stm32l4xx_hal_rcc_ex.c ****       if(ret != HAL_OK)
ARM GAS  /tmp/ccxIXDAo.s 			page 13


 658:Drivers/STM32L4xx_HAL_Driver/Src/stm32l4xx_hal_rcc_ex.c ****       {
 659:Drivers/STM32L4xx_HAL_Driver/Src/stm32l4xx_hal_rcc_ex.c ****         /* set overall return value */
 660:Drivers/STM32L4xx_HAL_Driver/Src/stm32l4xx_hal_rcc_ex.c ****         status = ret;
 661:Drivers/STM32L4xx_HAL_Driver/Src/stm32l4xx_hal_rcc_ex.c ****       }
 662:Drivers/STM32L4xx_HAL_Driver/Src/stm32l4xx_hal_rcc_ex.c ****     }
 663:Drivers/STM32L4xx_HAL_Driver/Src/stm32l4xx_hal_rcc_ex.c **** #endif /* RCC_PLLSAI1_SUPPORT */
 664:Drivers/STM32L4xx_HAL_Driver/Src/stm32l4xx_hal_rcc_ex.c **** 
 665:Drivers/STM32L4xx_HAL_Driver/Src/stm32l4xx_hal_rcc_ex.c **** #if defined(STM32L471xx) || defined(STM32L475xx) || defined(STM32L476xx) || defined(STM32L485xx) ||
 666:Drivers/STM32L4xx_HAL_Driver/Src/stm32l4xx_hal_rcc_ex.c **** 
 667:Drivers/STM32L4xx_HAL_Driver/Src/stm32l4xx_hal_rcc_ex.c ****     else if(PeriphClkInit->AdcClockSelection == RCC_ADCCLKSOURCE_PLLSAI2)
 668:Drivers/STM32L4xx_HAL_Driver/Src/stm32l4xx_hal_rcc_ex.c ****     {
 669:Drivers/STM32L4xx_HAL_Driver/Src/stm32l4xx_hal_rcc_ex.c ****       /* PLLSAI2 input clock, parameters M, N & R configuration and clock output (PLLSAI2ClockOut) 
 670:Drivers/STM32L4xx_HAL_Driver/Src/stm32l4xx_hal_rcc_ex.c ****       ret = RCCEx_PLLSAI2_Config(&(PeriphClkInit->PLLSAI2), DIVIDER_R_UPDATE);
 671:Drivers/STM32L4xx_HAL_Driver/Src/stm32l4xx_hal_rcc_ex.c **** 
 672:Drivers/STM32L4xx_HAL_Driver/Src/stm32l4xx_hal_rcc_ex.c ****       if(ret != HAL_OK)
 673:Drivers/STM32L4xx_HAL_Driver/Src/stm32l4xx_hal_rcc_ex.c ****       {
 674:Drivers/STM32L4xx_HAL_Driver/Src/stm32l4xx_hal_rcc_ex.c ****         /* set overall return value */
 675:Drivers/STM32L4xx_HAL_Driver/Src/stm32l4xx_hal_rcc_ex.c ****         status = ret;
 676:Drivers/STM32L4xx_HAL_Driver/Src/stm32l4xx_hal_rcc_ex.c ****       }
 677:Drivers/STM32L4xx_HAL_Driver/Src/stm32l4xx_hal_rcc_ex.c ****     }
 678:Drivers/STM32L4xx_HAL_Driver/Src/stm32l4xx_hal_rcc_ex.c **** 
 679:Drivers/STM32L4xx_HAL_Driver/Src/stm32l4xx_hal_rcc_ex.c **** #endif /* STM32L471xx || STM32L475xx || STM32L476xx || STM32L485xx || STM32L486xx || STM32L496xx ||
 680:Drivers/STM32L4xx_HAL_Driver/Src/stm32l4xx_hal_rcc_ex.c **** 
 681:Drivers/STM32L4xx_HAL_Driver/Src/stm32l4xx_hal_rcc_ex.c ****   }
 682:Drivers/STM32L4xx_HAL_Driver/Src/stm32l4xx_hal_rcc_ex.c **** #endif /* !STM32L412xx && !STM32L422xx */
 683:Drivers/STM32L4xx_HAL_Driver/Src/stm32l4xx_hal_rcc_ex.c **** 
 684:Drivers/STM32L4xx_HAL_Driver/Src/stm32l4xx_hal_rcc_ex.c **** #if defined(SWPMI1)
 685:Drivers/STM32L4xx_HAL_Driver/Src/stm32l4xx_hal_rcc_ex.c **** 
 686:Drivers/STM32L4xx_HAL_Driver/Src/stm32l4xx_hal_rcc_ex.c ****   /*-------------------------- SWPMI1 clock source configuration -------------------*/
 687:Drivers/STM32L4xx_HAL_Driver/Src/stm32l4xx_hal_rcc_ex.c ****   if(((PeriphClkInit->PeriphClockSelection) & RCC_PERIPHCLK_SWPMI1) == RCC_PERIPHCLK_SWPMI1)
 688:Drivers/STM32L4xx_HAL_Driver/Src/stm32l4xx_hal_rcc_ex.c ****   {
 689:Drivers/STM32L4xx_HAL_Driver/Src/stm32l4xx_hal_rcc_ex.c ****     /* Check the parameters */
 690:Drivers/STM32L4xx_HAL_Driver/Src/stm32l4xx_hal_rcc_ex.c ****     assert_param(IS_RCC_SWPMI1CLKSOURCE(PeriphClkInit->Swpmi1ClockSelection));
 691:Drivers/STM32L4xx_HAL_Driver/Src/stm32l4xx_hal_rcc_ex.c **** 
 692:Drivers/STM32L4xx_HAL_Driver/Src/stm32l4xx_hal_rcc_ex.c ****     /* Configure the SWPMI1 clock source */
 693:Drivers/STM32L4xx_HAL_Driver/Src/stm32l4xx_hal_rcc_ex.c ****     __HAL_RCC_SWPMI1_CONFIG(PeriphClkInit->Swpmi1ClockSelection);
 694:Drivers/STM32L4xx_HAL_Driver/Src/stm32l4xx_hal_rcc_ex.c ****   }
 695:Drivers/STM32L4xx_HAL_Driver/Src/stm32l4xx_hal_rcc_ex.c **** 
 696:Drivers/STM32L4xx_HAL_Driver/Src/stm32l4xx_hal_rcc_ex.c **** #endif /* SWPMI1 */
 697:Drivers/STM32L4xx_HAL_Driver/Src/stm32l4xx_hal_rcc_ex.c **** 
 698:Drivers/STM32L4xx_HAL_Driver/Src/stm32l4xx_hal_rcc_ex.c **** #if defined(DFSDM1_Filter0)
 699:Drivers/STM32L4xx_HAL_Driver/Src/stm32l4xx_hal_rcc_ex.c **** 
 700:Drivers/STM32L4xx_HAL_Driver/Src/stm32l4xx_hal_rcc_ex.c ****   /*-------------------------- DFSDM1 clock source configuration -------------------*/
 701:Drivers/STM32L4xx_HAL_Driver/Src/stm32l4xx_hal_rcc_ex.c ****   if(((PeriphClkInit->PeriphClockSelection) & RCC_PERIPHCLK_DFSDM1) == RCC_PERIPHCLK_DFSDM1)
 702:Drivers/STM32L4xx_HAL_Driver/Src/stm32l4xx_hal_rcc_ex.c ****   {
 703:Drivers/STM32L4xx_HAL_Driver/Src/stm32l4xx_hal_rcc_ex.c ****     /* Check the parameters */
 704:Drivers/STM32L4xx_HAL_Driver/Src/stm32l4xx_hal_rcc_ex.c ****     assert_param(IS_RCC_DFSDM1CLKSOURCE(PeriphClkInit->Dfsdm1ClockSelection));
 705:Drivers/STM32L4xx_HAL_Driver/Src/stm32l4xx_hal_rcc_ex.c **** 
 706:Drivers/STM32L4xx_HAL_Driver/Src/stm32l4xx_hal_rcc_ex.c ****     /* Configure the DFSDM1 interface clock source */
 707:Drivers/STM32L4xx_HAL_Driver/Src/stm32l4xx_hal_rcc_ex.c ****     __HAL_RCC_DFSDM1_CONFIG(PeriphClkInit->Dfsdm1ClockSelection);
 708:Drivers/STM32L4xx_HAL_Driver/Src/stm32l4xx_hal_rcc_ex.c ****   }
 709:Drivers/STM32L4xx_HAL_Driver/Src/stm32l4xx_hal_rcc_ex.c **** 
 710:Drivers/STM32L4xx_HAL_Driver/Src/stm32l4xx_hal_rcc_ex.c **** #if defined(STM32L4P5xx) || defined(STM32L4Q5xx) || defined(STM32L4R5xx) || defined(STM32L4R7xx) ||
 711:Drivers/STM32L4xx_HAL_Driver/Src/stm32l4xx_hal_rcc_ex.c ****   /*-------------------------- DFSDM1 audio clock source configuration -------------*/
 712:Drivers/STM32L4xx_HAL_Driver/Src/stm32l4xx_hal_rcc_ex.c ****   if(((PeriphClkInit->PeriphClockSelection) & RCC_PERIPHCLK_DFSDM1AUDIO) == RCC_PERIPHCLK_DFSDM1AUD
 713:Drivers/STM32L4xx_HAL_Driver/Src/stm32l4xx_hal_rcc_ex.c ****   {
 714:Drivers/STM32L4xx_HAL_Driver/Src/stm32l4xx_hal_rcc_ex.c ****     /* Check the parameters */
ARM GAS  /tmp/ccxIXDAo.s 			page 14


 715:Drivers/STM32L4xx_HAL_Driver/Src/stm32l4xx_hal_rcc_ex.c ****     assert_param(IS_RCC_DFSDM1AUDIOCLKSOURCE(PeriphClkInit->Dfsdm1AudioClockSelection));
 716:Drivers/STM32L4xx_HAL_Driver/Src/stm32l4xx_hal_rcc_ex.c **** 
 717:Drivers/STM32L4xx_HAL_Driver/Src/stm32l4xx_hal_rcc_ex.c ****     /* Configure the DFSDM1 interface audio clock source */
 718:Drivers/STM32L4xx_HAL_Driver/Src/stm32l4xx_hal_rcc_ex.c ****     __HAL_RCC_DFSDM1AUDIO_CONFIG(PeriphClkInit->Dfsdm1AudioClockSelection);
 719:Drivers/STM32L4xx_HAL_Driver/Src/stm32l4xx_hal_rcc_ex.c ****   }
 720:Drivers/STM32L4xx_HAL_Driver/Src/stm32l4xx_hal_rcc_ex.c **** 
 721:Drivers/STM32L4xx_HAL_Driver/Src/stm32l4xx_hal_rcc_ex.c **** #endif /* STM32L4P5xx || STM32L4Q5xx || STM32L4R5xx || STM32L4R7xx || STM32L4R9xx || STM32L4S5xx ||
 722:Drivers/STM32L4xx_HAL_Driver/Src/stm32l4xx_hal_rcc_ex.c **** 
 723:Drivers/STM32L4xx_HAL_Driver/Src/stm32l4xx_hal_rcc_ex.c **** #endif /* DFSDM1_Filter0 */
 724:Drivers/STM32L4xx_HAL_Driver/Src/stm32l4xx_hal_rcc_ex.c **** 
 725:Drivers/STM32L4xx_HAL_Driver/Src/stm32l4xx_hal_rcc_ex.c **** #if defined(LTDC)
 726:Drivers/STM32L4xx_HAL_Driver/Src/stm32l4xx_hal_rcc_ex.c **** 
 727:Drivers/STM32L4xx_HAL_Driver/Src/stm32l4xx_hal_rcc_ex.c ****   /*-------------------------- LTDC clock source configuration --------------------*/
 728:Drivers/STM32L4xx_HAL_Driver/Src/stm32l4xx_hal_rcc_ex.c ****   if(((PeriphClkInit->PeriphClockSelection) & RCC_PERIPHCLK_LTDC) == RCC_PERIPHCLK_LTDC)
 729:Drivers/STM32L4xx_HAL_Driver/Src/stm32l4xx_hal_rcc_ex.c ****   {
 730:Drivers/STM32L4xx_HAL_Driver/Src/stm32l4xx_hal_rcc_ex.c ****     /* Check the parameters */
 731:Drivers/STM32L4xx_HAL_Driver/Src/stm32l4xx_hal_rcc_ex.c ****     assert_param(IS_RCC_LTDCCLKSOURCE(PeriphClkInit->LtdcClockSelection));
 732:Drivers/STM32L4xx_HAL_Driver/Src/stm32l4xx_hal_rcc_ex.c **** 
 733:Drivers/STM32L4xx_HAL_Driver/Src/stm32l4xx_hal_rcc_ex.c ****     /* Disable the PLLSAI2 */
 734:Drivers/STM32L4xx_HAL_Driver/Src/stm32l4xx_hal_rcc_ex.c ****     __HAL_RCC_PLLSAI2_DISABLE();
 735:Drivers/STM32L4xx_HAL_Driver/Src/stm32l4xx_hal_rcc_ex.c **** 
 736:Drivers/STM32L4xx_HAL_Driver/Src/stm32l4xx_hal_rcc_ex.c ****     /* Get Start Tick*/
 737:Drivers/STM32L4xx_HAL_Driver/Src/stm32l4xx_hal_rcc_ex.c ****     tickstart = HAL_GetTick();
 738:Drivers/STM32L4xx_HAL_Driver/Src/stm32l4xx_hal_rcc_ex.c **** 
 739:Drivers/STM32L4xx_HAL_Driver/Src/stm32l4xx_hal_rcc_ex.c ****     /* Wait till PLLSAI2 is ready */
 740:Drivers/STM32L4xx_HAL_Driver/Src/stm32l4xx_hal_rcc_ex.c ****     while(READ_BIT(RCC->CR, RCC_CR_PLLSAI2RDY) != 0U)
 741:Drivers/STM32L4xx_HAL_Driver/Src/stm32l4xx_hal_rcc_ex.c ****     {
 742:Drivers/STM32L4xx_HAL_Driver/Src/stm32l4xx_hal_rcc_ex.c ****       if((HAL_GetTick() - tickstart) > PLLSAI2_TIMEOUT_VALUE)
 743:Drivers/STM32L4xx_HAL_Driver/Src/stm32l4xx_hal_rcc_ex.c ****       {
 744:Drivers/STM32L4xx_HAL_Driver/Src/stm32l4xx_hal_rcc_ex.c ****         ret = HAL_TIMEOUT;
 745:Drivers/STM32L4xx_HAL_Driver/Src/stm32l4xx_hal_rcc_ex.c ****         break;
 746:Drivers/STM32L4xx_HAL_Driver/Src/stm32l4xx_hal_rcc_ex.c ****       }
 747:Drivers/STM32L4xx_HAL_Driver/Src/stm32l4xx_hal_rcc_ex.c ****     }
 748:Drivers/STM32L4xx_HAL_Driver/Src/stm32l4xx_hal_rcc_ex.c **** 
 749:Drivers/STM32L4xx_HAL_Driver/Src/stm32l4xx_hal_rcc_ex.c ****     if(ret == HAL_OK)
 750:Drivers/STM32L4xx_HAL_Driver/Src/stm32l4xx_hal_rcc_ex.c ****     {
 751:Drivers/STM32L4xx_HAL_Driver/Src/stm32l4xx_hal_rcc_ex.c ****       /* Configure the LTDC clock source */
 752:Drivers/STM32L4xx_HAL_Driver/Src/stm32l4xx_hal_rcc_ex.c ****       __HAL_RCC_LTDC_CONFIG(PeriphClkInit->LtdcClockSelection);
 753:Drivers/STM32L4xx_HAL_Driver/Src/stm32l4xx_hal_rcc_ex.c **** 
 754:Drivers/STM32L4xx_HAL_Driver/Src/stm32l4xx_hal_rcc_ex.c ****       /* PLLSAI2 input clock, parameters M, N & R configuration and clock output (PLLSAI2ClockOut) 
 755:Drivers/STM32L4xx_HAL_Driver/Src/stm32l4xx_hal_rcc_ex.c ****       ret = RCCEx_PLLSAI2_Config(&(PeriphClkInit->PLLSAI2), DIVIDER_R_UPDATE);
 756:Drivers/STM32L4xx_HAL_Driver/Src/stm32l4xx_hal_rcc_ex.c ****     }
 757:Drivers/STM32L4xx_HAL_Driver/Src/stm32l4xx_hal_rcc_ex.c **** 
 758:Drivers/STM32L4xx_HAL_Driver/Src/stm32l4xx_hal_rcc_ex.c ****     if(ret != HAL_OK)
 759:Drivers/STM32L4xx_HAL_Driver/Src/stm32l4xx_hal_rcc_ex.c ****     {
 760:Drivers/STM32L4xx_HAL_Driver/Src/stm32l4xx_hal_rcc_ex.c ****       /* set overall return value */
 761:Drivers/STM32L4xx_HAL_Driver/Src/stm32l4xx_hal_rcc_ex.c ****       status = ret;
 762:Drivers/STM32L4xx_HAL_Driver/Src/stm32l4xx_hal_rcc_ex.c ****     }
 763:Drivers/STM32L4xx_HAL_Driver/Src/stm32l4xx_hal_rcc_ex.c ****   }
 764:Drivers/STM32L4xx_HAL_Driver/Src/stm32l4xx_hal_rcc_ex.c **** 
 765:Drivers/STM32L4xx_HAL_Driver/Src/stm32l4xx_hal_rcc_ex.c **** #endif /* LTDC */
 766:Drivers/STM32L4xx_HAL_Driver/Src/stm32l4xx_hal_rcc_ex.c **** 
 767:Drivers/STM32L4xx_HAL_Driver/Src/stm32l4xx_hal_rcc_ex.c **** #if defined(DSI)
 768:Drivers/STM32L4xx_HAL_Driver/Src/stm32l4xx_hal_rcc_ex.c **** 
 769:Drivers/STM32L4xx_HAL_Driver/Src/stm32l4xx_hal_rcc_ex.c ****   /*-------------------------- DSI clock source configuration ---------------------*/
 770:Drivers/STM32L4xx_HAL_Driver/Src/stm32l4xx_hal_rcc_ex.c ****   if(((PeriphClkInit->PeriphClockSelection) & RCC_PERIPHCLK_DSI) == RCC_PERIPHCLK_DSI)
 771:Drivers/STM32L4xx_HAL_Driver/Src/stm32l4xx_hal_rcc_ex.c ****   {
ARM GAS  /tmp/ccxIXDAo.s 			page 15


 772:Drivers/STM32L4xx_HAL_Driver/Src/stm32l4xx_hal_rcc_ex.c ****     /* Check the parameters */
 773:Drivers/STM32L4xx_HAL_Driver/Src/stm32l4xx_hal_rcc_ex.c ****     assert_param(IS_RCC_DSICLKSOURCE(PeriphClkInit->DsiClockSelection));
 774:Drivers/STM32L4xx_HAL_Driver/Src/stm32l4xx_hal_rcc_ex.c **** 
 775:Drivers/STM32L4xx_HAL_Driver/Src/stm32l4xx_hal_rcc_ex.c ****     /* Configure the DSI clock source */
 776:Drivers/STM32L4xx_HAL_Driver/Src/stm32l4xx_hal_rcc_ex.c ****     __HAL_RCC_DSI_CONFIG(PeriphClkInit->DsiClockSelection);
 777:Drivers/STM32L4xx_HAL_Driver/Src/stm32l4xx_hal_rcc_ex.c **** 
 778:Drivers/STM32L4xx_HAL_Driver/Src/stm32l4xx_hal_rcc_ex.c ****     if(PeriphClkInit->DsiClockSelection == RCC_DSICLKSOURCE_PLLSAI2)
 779:Drivers/STM32L4xx_HAL_Driver/Src/stm32l4xx_hal_rcc_ex.c ****     {
 780:Drivers/STM32L4xx_HAL_Driver/Src/stm32l4xx_hal_rcc_ex.c ****       /* PLLSAI2 input clock, parameters M, N & Q configuration and clock output (PLLSAI2ClockOut) 
 781:Drivers/STM32L4xx_HAL_Driver/Src/stm32l4xx_hal_rcc_ex.c ****       ret = RCCEx_PLLSAI2_Config(&(PeriphClkInit->PLLSAI2), DIVIDER_Q_UPDATE);
 782:Drivers/STM32L4xx_HAL_Driver/Src/stm32l4xx_hal_rcc_ex.c **** 
 783:Drivers/STM32L4xx_HAL_Driver/Src/stm32l4xx_hal_rcc_ex.c ****       if(ret != HAL_OK)
 784:Drivers/STM32L4xx_HAL_Driver/Src/stm32l4xx_hal_rcc_ex.c ****       {
 785:Drivers/STM32L4xx_HAL_Driver/Src/stm32l4xx_hal_rcc_ex.c ****         /* set overall return value */
 786:Drivers/STM32L4xx_HAL_Driver/Src/stm32l4xx_hal_rcc_ex.c ****         status = ret;
 787:Drivers/STM32L4xx_HAL_Driver/Src/stm32l4xx_hal_rcc_ex.c ****       }
 788:Drivers/STM32L4xx_HAL_Driver/Src/stm32l4xx_hal_rcc_ex.c ****     }
 789:Drivers/STM32L4xx_HAL_Driver/Src/stm32l4xx_hal_rcc_ex.c ****   }
 790:Drivers/STM32L4xx_HAL_Driver/Src/stm32l4xx_hal_rcc_ex.c **** 
 791:Drivers/STM32L4xx_HAL_Driver/Src/stm32l4xx_hal_rcc_ex.c **** #endif /* DSI */
 792:Drivers/STM32L4xx_HAL_Driver/Src/stm32l4xx_hal_rcc_ex.c **** 
 793:Drivers/STM32L4xx_HAL_Driver/Src/stm32l4xx_hal_rcc_ex.c **** #if defined(OCTOSPI1) || defined(OCTOSPI2)
 794:Drivers/STM32L4xx_HAL_Driver/Src/stm32l4xx_hal_rcc_ex.c **** 
 795:Drivers/STM32L4xx_HAL_Driver/Src/stm32l4xx_hal_rcc_ex.c ****   /*-------------------------- OctoSPIx clock source configuration ----------------*/
 796:Drivers/STM32L4xx_HAL_Driver/Src/stm32l4xx_hal_rcc_ex.c ****   if(((PeriphClkInit->PeriphClockSelection) & RCC_PERIPHCLK_OSPI) == RCC_PERIPHCLK_OSPI)
 797:Drivers/STM32L4xx_HAL_Driver/Src/stm32l4xx_hal_rcc_ex.c ****   {
 798:Drivers/STM32L4xx_HAL_Driver/Src/stm32l4xx_hal_rcc_ex.c ****     /* Check the parameters */
 799:Drivers/STM32L4xx_HAL_Driver/Src/stm32l4xx_hal_rcc_ex.c ****     assert_param(IS_RCC_OSPICLKSOURCE(PeriphClkInit->OspiClockSelection));
 800:Drivers/STM32L4xx_HAL_Driver/Src/stm32l4xx_hal_rcc_ex.c **** 
 801:Drivers/STM32L4xx_HAL_Driver/Src/stm32l4xx_hal_rcc_ex.c ****     /* Configure the OctoSPI clock source */
 802:Drivers/STM32L4xx_HAL_Driver/Src/stm32l4xx_hal_rcc_ex.c ****     __HAL_RCC_OSPI_CONFIG(PeriphClkInit->OspiClockSelection);
 803:Drivers/STM32L4xx_HAL_Driver/Src/stm32l4xx_hal_rcc_ex.c **** 
 804:Drivers/STM32L4xx_HAL_Driver/Src/stm32l4xx_hal_rcc_ex.c ****     if(PeriphClkInit->OspiClockSelection == RCC_OSPICLKSOURCE_PLL)
 805:Drivers/STM32L4xx_HAL_Driver/Src/stm32l4xx_hal_rcc_ex.c ****     {
 806:Drivers/STM32L4xx_HAL_Driver/Src/stm32l4xx_hal_rcc_ex.c ****       /* Enable PLL48M1CLK output */
 807:Drivers/STM32L4xx_HAL_Driver/Src/stm32l4xx_hal_rcc_ex.c ****       __HAL_RCC_PLLCLKOUT_ENABLE(RCC_PLL_48M1CLK);
 808:Drivers/STM32L4xx_HAL_Driver/Src/stm32l4xx_hal_rcc_ex.c ****     }
 809:Drivers/STM32L4xx_HAL_Driver/Src/stm32l4xx_hal_rcc_ex.c ****   }
 810:Drivers/STM32L4xx_HAL_Driver/Src/stm32l4xx_hal_rcc_ex.c **** 
 811:Drivers/STM32L4xx_HAL_Driver/Src/stm32l4xx_hal_rcc_ex.c **** #endif /* OCTOSPI1 || OCTOSPI2 */
 812:Drivers/STM32L4xx_HAL_Driver/Src/stm32l4xx_hal_rcc_ex.c **** 
 813:Drivers/STM32L4xx_HAL_Driver/Src/stm32l4xx_hal_rcc_ex.c ****   return status;
 814:Drivers/STM32L4xx_HAL_Driver/Src/stm32l4xx_hal_rcc_ex.c **** }
 815:Drivers/STM32L4xx_HAL_Driver/Src/stm32l4xx_hal_rcc_ex.c **** 
 816:Drivers/STM32L4xx_HAL_Driver/Src/stm32l4xx_hal_rcc_ex.c **** /**
 817:Drivers/STM32L4xx_HAL_Driver/Src/stm32l4xx_hal_rcc_ex.c ****   * @brief  Get the RCC_ClkInitStruct according to the internal RCC configuration registers.
 818:Drivers/STM32L4xx_HAL_Driver/Src/stm32l4xx_hal_rcc_ex.c ****   * @param  PeriphClkInit  pointer to an RCC_PeriphCLKInitTypeDef structure that
 819:Drivers/STM32L4xx_HAL_Driver/Src/stm32l4xx_hal_rcc_ex.c ****   *         returns the configuration information for the Extended Peripherals
 820:Drivers/STM32L4xx_HAL_Driver/Src/stm32l4xx_hal_rcc_ex.c ****   *         clocks(SAI1, SAI2, LPTIM1, LPTIM2, I2C1, I2C2, I2C3, I2C4, LPUART1,
 821:Drivers/STM32L4xx_HAL_Driver/Src/stm32l4xx_hal_rcc_ex.c ****   *         USART1, USART2, USART3, UART4, UART5, RTC, ADCx, DFSDMx, SWPMI1, USB, SDMMC1 and RNG).
 822:Drivers/STM32L4xx_HAL_Driver/Src/stm32l4xx_hal_rcc_ex.c ****   * @retval None
 823:Drivers/STM32L4xx_HAL_Driver/Src/stm32l4xx_hal_rcc_ex.c ****   */
 824:Drivers/STM32L4xx_HAL_Driver/Src/stm32l4xx_hal_rcc_ex.c **** void HAL_RCCEx_GetPeriphCLKConfig(RCC_PeriphCLKInitTypeDef  *PeriphClkInit)
 825:Drivers/STM32L4xx_HAL_Driver/Src/stm32l4xx_hal_rcc_ex.c **** {
 826:Drivers/STM32L4xx_HAL_Driver/Src/stm32l4xx_hal_rcc_ex.c ****   /* Set all possible values for the extended clock type parameter------------*/
 827:Drivers/STM32L4xx_HAL_Driver/Src/stm32l4xx_hal_rcc_ex.c **** 
 828:Drivers/STM32L4xx_HAL_Driver/Src/stm32l4xx_hal_rcc_ex.c **** #if defined(STM32L412xx) || defined(STM32L422xx)
ARM GAS  /tmp/ccxIXDAo.s 			page 16


 829:Drivers/STM32L4xx_HAL_Driver/Src/stm32l4xx_hal_rcc_ex.c **** 
 830:Drivers/STM32L4xx_HAL_Driver/Src/stm32l4xx_hal_rcc_ex.c ****   PeriphClkInit->PeriphClockSelection = RCC_PERIPHCLK_USART1  | RCC_PERIPHCLK_USART2 | RCC_PERIPHCL
 831:Drivers/STM32L4xx_HAL_Driver/Src/stm32l4xx_hal_rcc_ex.c ****                                         RCC_PERIPHCLK_LPUART1 | RCC_PERIPHCLK_I2C1   | RCC_PERIPHCL
 832:Drivers/STM32L4xx_HAL_Driver/Src/stm32l4xx_hal_rcc_ex.c ****                                         RCC_PERIPHCLK_LPTIM1  | RCC_PERIPHCLK_LPTIM2 |             
 833:Drivers/STM32L4xx_HAL_Driver/Src/stm32l4xx_hal_rcc_ex.c ****                                                                 RCC_PERIPHCLK_RNG    |             
 834:Drivers/STM32L4xx_HAL_Driver/Src/stm32l4xx_hal_rcc_ex.c ****                                         RCC_PERIPHCLK_RTC ;
 835:Drivers/STM32L4xx_HAL_Driver/Src/stm32l4xx_hal_rcc_ex.c **** 
 836:Drivers/STM32L4xx_HAL_Driver/Src/stm32l4xx_hal_rcc_ex.c **** #elif defined(STM32L431xx)
 837:Drivers/STM32L4xx_HAL_Driver/Src/stm32l4xx_hal_rcc_ex.c **** 
 838:Drivers/STM32L4xx_HAL_Driver/Src/stm32l4xx_hal_rcc_ex.c ****   PeriphClkInit->PeriphClockSelection = RCC_PERIPHCLK_USART1  | RCC_PERIPHCLK_USART2 | RCC_PERIPHCL
 839:Drivers/STM32L4xx_HAL_Driver/Src/stm32l4xx_hal_rcc_ex.c ****                                         RCC_PERIPHCLK_LPUART1 | RCC_PERIPHCLK_I2C1   | RCC_PERIPHCL
 840:Drivers/STM32L4xx_HAL_Driver/Src/stm32l4xx_hal_rcc_ex.c ****                                         RCC_PERIPHCLK_LPTIM1  | RCC_PERIPHCLK_LPTIM2 | RCC_PERIPHCL
 841:Drivers/STM32L4xx_HAL_Driver/Src/stm32l4xx_hal_rcc_ex.c ****                                         RCC_PERIPHCLK_SDMMC1  | RCC_PERIPHCLK_RNG    | RCC_PERIPHCL
 842:Drivers/STM32L4xx_HAL_Driver/Src/stm32l4xx_hal_rcc_ex.c ****                                         RCC_PERIPHCLK_RTC ;
 843:Drivers/STM32L4xx_HAL_Driver/Src/stm32l4xx_hal_rcc_ex.c **** 
 844:Drivers/STM32L4xx_HAL_Driver/Src/stm32l4xx_hal_rcc_ex.c **** #elif defined(STM32L432xx) || defined(STM32L442xx)
 845:Drivers/STM32L4xx_HAL_Driver/Src/stm32l4xx_hal_rcc_ex.c **** 
 846:Drivers/STM32L4xx_HAL_Driver/Src/stm32l4xx_hal_rcc_ex.c ****   PeriphClkInit->PeriphClockSelection = RCC_PERIPHCLK_USART1  | RCC_PERIPHCLK_USART2 |             
 847:Drivers/STM32L4xx_HAL_Driver/Src/stm32l4xx_hal_rcc_ex.c ****                                         RCC_PERIPHCLK_LPUART1 | RCC_PERIPHCLK_I2C1   |             
 848:Drivers/STM32L4xx_HAL_Driver/Src/stm32l4xx_hal_rcc_ex.c ****                                         RCC_PERIPHCLK_LPTIM1  | RCC_PERIPHCLK_LPTIM2 | RCC_PERIPHCL
 849:Drivers/STM32L4xx_HAL_Driver/Src/stm32l4xx_hal_rcc_ex.c ****                                                                 RCC_PERIPHCLK_RNG    | RCC_PERIPHCL
 850:Drivers/STM32L4xx_HAL_Driver/Src/stm32l4xx_hal_rcc_ex.c ****                                         RCC_PERIPHCLK_RTC ;
 851:Drivers/STM32L4xx_HAL_Driver/Src/stm32l4xx_hal_rcc_ex.c **** 
 852:Drivers/STM32L4xx_HAL_Driver/Src/stm32l4xx_hal_rcc_ex.c **** #elif defined(STM32L433xx) || defined(STM32L443xx)
 853:Drivers/STM32L4xx_HAL_Driver/Src/stm32l4xx_hal_rcc_ex.c **** 
 854:Drivers/STM32L4xx_HAL_Driver/Src/stm32l4xx_hal_rcc_ex.c ****   PeriphClkInit->PeriphClockSelection = RCC_PERIPHCLK_USART1  | RCC_PERIPHCLK_USART2 | RCC_PERIPHCL
 855:Drivers/STM32L4xx_HAL_Driver/Src/stm32l4xx_hal_rcc_ex.c ****                                         RCC_PERIPHCLK_LPUART1 | RCC_PERIPHCLK_I2C1   | RCC_PERIPHCL
 856:Drivers/STM32L4xx_HAL_Driver/Src/stm32l4xx_hal_rcc_ex.c ****                                         RCC_PERIPHCLK_LPTIM1  | RCC_PERIPHCLK_LPTIM2 | RCC_PERIPHCL
 857:Drivers/STM32L4xx_HAL_Driver/Src/stm32l4xx_hal_rcc_ex.c ****                                         RCC_PERIPHCLK_SDMMC1  | RCC_PERIPHCLK_RNG    | RCC_PERIPHCL
 858:Drivers/STM32L4xx_HAL_Driver/Src/stm32l4xx_hal_rcc_ex.c ****                                         RCC_PERIPHCLK_RTC ;
 859:Drivers/STM32L4xx_HAL_Driver/Src/stm32l4xx_hal_rcc_ex.c **** 
 860:Drivers/STM32L4xx_HAL_Driver/Src/stm32l4xx_hal_rcc_ex.c **** #elif defined(STM32L451xx)
 861:Drivers/STM32L4xx_HAL_Driver/Src/stm32l4xx_hal_rcc_ex.c **** 
 862:Drivers/STM32L4xx_HAL_Driver/Src/stm32l4xx_hal_rcc_ex.c ****   PeriphClkInit->PeriphClockSelection = RCC_PERIPHCLK_USART1  | RCC_PERIPHCLK_USART2 | RCC_PERIPHCL
 863:Drivers/STM32L4xx_HAL_Driver/Src/stm32l4xx_hal_rcc_ex.c ****                                         RCC_PERIPHCLK_LPUART1 | RCC_PERIPHCLK_I2C1   | RCC_PERIPHCL
 864:Drivers/STM32L4xx_HAL_Driver/Src/stm32l4xx_hal_rcc_ex.c ****                                         RCC_PERIPHCLK_LPTIM1  | RCC_PERIPHCLK_LPTIM2 | RCC_PERIPHCL
 865:Drivers/STM32L4xx_HAL_Driver/Src/stm32l4xx_hal_rcc_ex.c ****                                         RCC_PERIPHCLK_SDMMC1  | RCC_PERIPHCLK_RNG    | RCC_PERIPHCL
 866:Drivers/STM32L4xx_HAL_Driver/Src/stm32l4xx_hal_rcc_ex.c ****                                         RCC_PERIPHCLK_RTC ;
 867:Drivers/STM32L4xx_HAL_Driver/Src/stm32l4xx_hal_rcc_ex.c **** 
 868:Drivers/STM32L4xx_HAL_Driver/Src/stm32l4xx_hal_rcc_ex.c **** #elif defined(STM32L452xx) || defined(STM32L462xx)
 869:Drivers/STM32L4xx_HAL_Driver/Src/stm32l4xx_hal_rcc_ex.c **** 
 870:Drivers/STM32L4xx_HAL_Driver/Src/stm32l4xx_hal_rcc_ex.c ****   PeriphClkInit->PeriphClockSelection = RCC_PERIPHCLK_USART1  | RCC_PERIPHCLK_USART2 | RCC_PERIPHCL
 871:Drivers/STM32L4xx_HAL_Driver/Src/stm32l4xx_hal_rcc_ex.c ****                                         RCC_PERIPHCLK_LPUART1 | RCC_PERIPHCLK_I2C1   | RCC_PERIPHCL
 872:Drivers/STM32L4xx_HAL_Driver/Src/stm32l4xx_hal_rcc_ex.c ****                                         RCC_PERIPHCLK_LPTIM1  | RCC_PERIPHCLK_LPTIM2 | RCC_PERIPHCL
 873:Drivers/STM32L4xx_HAL_Driver/Src/stm32l4xx_hal_rcc_ex.c ****                                         RCC_PERIPHCLK_SDMMC1  | RCC_PERIPHCLK_RNG    | RCC_PERIPHCL
 874:Drivers/STM32L4xx_HAL_Driver/Src/stm32l4xx_hal_rcc_ex.c ****                                         RCC_PERIPHCLK_RTC ;
 875:Drivers/STM32L4xx_HAL_Driver/Src/stm32l4xx_hal_rcc_ex.c **** 
 876:Drivers/STM32L4xx_HAL_Driver/Src/stm32l4xx_hal_rcc_ex.c **** #elif defined(STM32L471xx)
 877:Drivers/STM32L4xx_HAL_Driver/Src/stm32l4xx_hal_rcc_ex.c **** 
 878:Drivers/STM32L4xx_HAL_Driver/Src/stm32l4xx_hal_rcc_ex.c ****   PeriphClkInit->PeriphClockSelection = RCC_PERIPHCLK_USART1  | RCC_PERIPHCLK_USART2 | RCC_PERIPHCL
 879:Drivers/STM32L4xx_HAL_Driver/Src/stm32l4xx_hal_rcc_ex.c ****                                         RCC_PERIPHCLK_LPUART1 | RCC_PERIPHCLK_I2C1   | RCC_PERIPHCL
 880:Drivers/STM32L4xx_HAL_Driver/Src/stm32l4xx_hal_rcc_ex.c ****                                         RCC_PERIPHCLK_LPTIM1  | RCC_PERIPHCLK_LPTIM2 | RCC_PERIPHCL
 881:Drivers/STM32L4xx_HAL_Driver/Src/stm32l4xx_hal_rcc_ex.c ****                                         RCC_PERIPHCLK_SDMMC1  | RCC_PERIPHCLK_RNG    | RCC_PERIPHCL
 882:Drivers/STM32L4xx_HAL_Driver/Src/stm32l4xx_hal_rcc_ex.c ****                                         RCC_PERIPHCLK_RTC ;
 883:Drivers/STM32L4xx_HAL_Driver/Src/stm32l4xx_hal_rcc_ex.c **** 
 884:Drivers/STM32L4xx_HAL_Driver/Src/stm32l4xx_hal_rcc_ex.c **** #elif defined(STM32L475xx) || defined(STM32L476xx) || defined(STM32L485xx) || defined(STM32L486xx)
 885:Drivers/STM32L4xx_HAL_Driver/Src/stm32l4xx_hal_rcc_ex.c **** 
ARM GAS  /tmp/ccxIXDAo.s 			page 17


 886:Drivers/STM32L4xx_HAL_Driver/Src/stm32l4xx_hal_rcc_ex.c ****   PeriphClkInit->PeriphClockSelection = RCC_PERIPHCLK_USART1  | RCC_PERIPHCLK_USART2 | RCC_PERIPHCL
 887:Drivers/STM32L4xx_HAL_Driver/Src/stm32l4xx_hal_rcc_ex.c ****                                         RCC_PERIPHCLK_LPUART1 | RCC_PERIPHCLK_I2C1   | RCC_PERIPHCL
 888:Drivers/STM32L4xx_HAL_Driver/Src/stm32l4xx_hal_rcc_ex.c ****                                         RCC_PERIPHCLK_LPTIM1  | RCC_PERIPHCLK_LPTIM2 | RCC_PERIPHCL
 889:Drivers/STM32L4xx_HAL_Driver/Src/stm32l4xx_hal_rcc_ex.c ****                                         RCC_PERIPHCLK_SDMMC1  | RCC_PERIPHCLK_RNG    | RCC_PERIPHCL
 890:Drivers/STM32L4xx_HAL_Driver/Src/stm32l4xx_hal_rcc_ex.c ****                                         RCC_PERIPHCLK_RTC ;
 891:Drivers/STM32L4xx_HAL_Driver/Src/stm32l4xx_hal_rcc_ex.c **** 
 892:Drivers/STM32L4xx_HAL_Driver/Src/stm32l4xx_hal_rcc_ex.c **** #elif defined(STM32L496xx) || defined(STM32L4A6xx)
 893:Drivers/STM32L4xx_HAL_Driver/Src/stm32l4xx_hal_rcc_ex.c **** 
 894:Drivers/STM32L4xx_HAL_Driver/Src/stm32l4xx_hal_rcc_ex.c ****   PeriphClkInit->PeriphClockSelection = RCC_PERIPHCLK_USART1  | RCC_PERIPHCLK_USART2 | RCC_PERIPHCL
 895:Drivers/STM32L4xx_HAL_Driver/Src/stm32l4xx_hal_rcc_ex.c ****                                         RCC_PERIPHCLK_LPUART1 | RCC_PERIPHCLK_I2C1   | RCC_PERIPHCL
 896:Drivers/STM32L4xx_HAL_Driver/Src/stm32l4xx_hal_rcc_ex.c ****                                         RCC_PERIPHCLK_LPTIM1  | RCC_PERIPHCLK_LPTIM2 | RCC_PERIPHCL
 897:Drivers/STM32L4xx_HAL_Driver/Src/stm32l4xx_hal_rcc_ex.c ****                                         RCC_PERIPHCLK_SDMMC1  | RCC_PERIPHCLK_RNG    | RCC_PERIPHCL
 898:Drivers/STM32L4xx_HAL_Driver/Src/stm32l4xx_hal_rcc_ex.c ****                                         RCC_PERIPHCLK_RTC ;
 899:Drivers/STM32L4xx_HAL_Driver/Src/stm32l4xx_hal_rcc_ex.c **** 
 900:Drivers/STM32L4xx_HAL_Driver/Src/stm32l4xx_hal_rcc_ex.c **** #elif defined(STM32L4R5xx) || defined(STM32L4S5xx)
 901:Drivers/STM32L4xx_HAL_Driver/Src/stm32l4xx_hal_rcc_ex.c **** 
 902:Drivers/STM32L4xx_HAL_Driver/Src/stm32l4xx_hal_rcc_ex.c ****   PeriphClkInit->PeriphClockSelection = RCC_PERIPHCLK_USART1  | RCC_PERIPHCLK_USART2 | RCC_PERIPHCL
 903:Drivers/STM32L4xx_HAL_Driver/Src/stm32l4xx_hal_rcc_ex.c ****                                         RCC_PERIPHCLK_LPUART1 | RCC_PERIPHCLK_I2C1   | RCC_PERIPHCL
 904:Drivers/STM32L4xx_HAL_Driver/Src/stm32l4xx_hal_rcc_ex.c ****                                         RCC_PERIPHCLK_LPTIM1  | RCC_PERIPHCLK_LPTIM2 | RCC_PERIPHCL
 905:Drivers/STM32L4xx_HAL_Driver/Src/stm32l4xx_hal_rcc_ex.c ****                                         RCC_PERIPHCLK_SDMMC1  | RCC_PERIPHCLK_RNG    | RCC_PERIPHCL
 906:Drivers/STM32L4xx_HAL_Driver/Src/stm32l4xx_hal_rcc_ex.c ****                                         RCC_PERIPHCLK_DFSDM1AUDIO | RCC_PERIPHCLK_RTC | RCC_PERIPHC
 907:Drivers/STM32L4xx_HAL_Driver/Src/stm32l4xx_hal_rcc_ex.c **** 
 908:Drivers/STM32L4xx_HAL_Driver/Src/stm32l4xx_hal_rcc_ex.c **** #elif defined(STM32L4R7xx) || defined(STM32L4S7xx) || defined(STM32L4Q5xx)
 909:Drivers/STM32L4xx_HAL_Driver/Src/stm32l4xx_hal_rcc_ex.c **** 
 910:Drivers/STM32L4xx_HAL_Driver/Src/stm32l4xx_hal_rcc_ex.c ****   PeriphClkInit->PeriphClockSelection = RCC_PERIPHCLK_USART1  | RCC_PERIPHCLK_USART2 | RCC_PERIPHCL
 911:Drivers/STM32L4xx_HAL_Driver/Src/stm32l4xx_hal_rcc_ex.c ****                                         RCC_PERIPHCLK_LPUART1 | RCC_PERIPHCLK_I2C1   | RCC_PERIPHCL
 912:Drivers/STM32L4xx_HAL_Driver/Src/stm32l4xx_hal_rcc_ex.c ****                                         RCC_PERIPHCLK_LPTIM1  | RCC_PERIPHCLK_LPTIM2 | RCC_PERIPHCL
 913:Drivers/STM32L4xx_HAL_Driver/Src/stm32l4xx_hal_rcc_ex.c ****                                         RCC_PERIPHCLK_SDMMC1  | RCC_PERIPHCLK_RNG    | RCC_PERIPHCL
 914:Drivers/STM32L4xx_HAL_Driver/Src/stm32l4xx_hal_rcc_ex.c ****                                         RCC_PERIPHCLK_DFSDM1AUDIO | RCC_PERIPHCLK_RTC | RCC_PERIPHC
 915:Drivers/STM32L4xx_HAL_Driver/Src/stm32l4xx_hal_rcc_ex.c **** 
 916:Drivers/STM32L4xx_HAL_Driver/Src/stm32l4xx_hal_rcc_ex.c **** #elif defined(STM32L4R9xx) || defined(STM32L4S9xx)
 917:Drivers/STM32L4xx_HAL_Driver/Src/stm32l4xx_hal_rcc_ex.c **** 
 918:Drivers/STM32L4xx_HAL_Driver/Src/stm32l4xx_hal_rcc_ex.c ****   PeriphClkInit->PeriphClockSelection = RCC_PERIPHCLK_USART1  | RCC_PERIPHCLK_USART2 | RCC_PERIPHCL
 919:Drivers/STM32L4xx_HAL_Driver/Src/stm32l4xx_hal_rcc_ex.c ****                                         RCC_PERIPHCLK_LPUART1 | RCC_PERIPHCLK_I2C1   | RCC_PERIPHCL
 920:Drivers/STM32L4xx_HAL_Driver/Src/stm32l4xx_hal_rcc_ex.c ****                                         RCC_PERIPHCLK_LPTIM1  | RCC_PERIPHCLK_LPTIM2 | RCC_PERIPHCL
 921:Drivers/STM32L4xx_HAL_Driver/Src/stm32l4xx_hal_rcc_ex.c ****                                         RCC_PERIPHCLK_SDMMC1  | RCC_PERIPHCLK_RNG    | RCC_PERIPHCL
 922:Drivers/STM32L4xx_HAL_Driver/Src/stm32l4xx_hal_rcc_ex.c ****                                         RCC_PERIPHCLK_DFSDM1AUDIO | RCC_PERIPHCLK_RTC | RCC_PERIPHC
 923:Drivers/STM32L4xx_HAL_Driver/Src/stm32l4xx_hal_rcc_ex.c **** 
 924:Drivers/STM32L4xx_HAL_Driver/Src/stm32l4xx_hal_rcc_ex.c **** #endif /* STM32L431xx */
 925:Drivers/STM32L4xx_HAL_Driver/Src/stm32l4xx_hal_rcc_ex.c **** 
 926:Drivers/STM32L4xx_HAL_Driver/Src/stm32l4xx_hal_rcc_ex.c **** #if defined(RCC_PLLSAI1_SUPPORT)
 927:Drivers/STM32L4xx_HAL_Driver/Src/stm32l4xx_hal_rcc_ex.c **** 
 928:Drivers/STM32L4xx_HAL_Driver/Src/stm32l4xx_hal_rcc_ex.c ****   /* Get the PLLSAI1 Clock configuration -----------------------------------------------*/
 929:Drivers/STM32L4xx_HAL_Driver/Src/stm32l4xx_hal_rcc_ex.c **** 
 930:Drivers/STM32L4xx_HAL_Driver/Src/stm32l4xx_hal_rcc_ex.c ****   PeriphClkInit->PLLSAI1.PLLSAI1Source = READ_BIT(RCC->PLLCFGR, RCC_PLLCFGR_PLLSRC) >> RCC_PLLCFGR_
 931:Drivers/STM32L4xx_HAL_Driver/Src/stm32l4xx_hal_rcc_ex.c **** #if defined(RCC_PLLSAI1M_DIV_1_16_SUPPORT)
 932:Drivers/STM32L4xx_HAL_Driver/Src/stm32l4xx_hal_rcc_ex.c ****   PeriphClkInit->PLLSAI1.PLLSAI1M = (READ_BIT(RCC->PLLSAI1CFGR, RCC_PLLSAI1CFGR_PLLSAI1M) >> RCC_PL
 933:Drivers/STM32L4xx_HAL_Driver/Src/stm32l4xx_hal_rcc_ex.c **** #else
 934:Drivers/STM32L4xx_HAL_Driver/Src/stm32l4xx_hal_rcc_ex.c ****   PeriphClkInit->PLLSAI1.PLLSAI1M = (READ_BIT(RCC->PLLCFGR, RCC_PLLCFGR_PLLM) >> RCC_PLLCFGR_PLLM_P
 935:Drivers/STM32L4xx_HAL_Driver/Src/stm32l4xx_hal_rcc_ex.c **** #endif /* RCC_PLLSAI1M_DIV_1_16_SUPPORT */
 936:Drivers/STM32L4xx_HAL_Driver/Src/stm32l4xx_hal_rcc_ex.c ****   PeriphClkInit->PLLSAI1.PLLSAI1N = READ_BIT(RCC->PLLSAI1CFGR, RCC_PLLSAI1CFGR_PLLSAI1N) >> RCC_PLL
 937:Drivers/STM32L4xx_HAL_Driver/Src/stm32l4xx_hal_rcc_ex.c ****   PeriphClkInit->PLLSAI1.PLLSAI1P = ((READ_BIT(RCC->PLLSAI1CFGR, RCC_PLLSAI1CFGR_PLLSAI1P) >> RCC_P
 938:Drivers/STM32L4xx_HAL_Driver/Src/stm32l4xx_hal_rcc_ex.c ****   PeriphClkInit->PLLSAI1.PLLSAI1Q = ((READ_BIT(RCC->PLLSAI1CFGR, RCC_PLLSAI1CFGR_PLLSAI1Q) >> RCC_P
 939:Drivers/STM32L4xx_HAL_Driver/Src/stm32l4xx_hal_rcc_ex.c ****   PeriphClkInit->PLLSAI1.PLLSAI1R = ((READ_BIT(RCC->PLLSAI1CFGR, RCC_PLLSAI1CFGR_PLLSAI1R) >> RCC_P
 940:Drivers/STM32L4xx_HAL_Driver/Src/stm32l4xx_hal_rcc_ex.c **** 
 941:Drivers/STM32L4xx_HAL_Driver/Src/stm32l4xx_hal_rcc_ex.c **** #endif /* RCC_PLLSAI1_SUPPORT */
 942:Drivers/STM32L4xx_HAL_Driver/Src/stm32l4xx_hal_rcc_ex.c **** 
ARM GAS  /tmp/ccxIXDAo.s 			page 18


 943:Drivers/STM32L4xx_HAL_Driver/Src/stm32l4xx_hal_rcc_ex.c **** #if defined(RCC_PLLSAI2_SUPPORT)
 944:Drivers/STM32L4xx_HAL_Driver/Src/stm32l4xx_hal_rcc_ex.c **** 
 945:Drivers/STM32L4xx_HAL_Driver/Src/stm32l4xx_hal_rcc_ex.c ****   /* Get the PLLSAI2 Clock configuration -----------------------------------------------*/
 946:Drivers/STM32L4xx_HAL_Driver/Src/stm32l4xx_hal_rcc_ex.c **** 
 947:Drivers/STM32L4xx_HAL_Driver/Src/stm32l4xx_hal_rcc_ex.c ****   PeriphClkInit->PLLSAI2.PLLSAI2Source = PeriphClkInit->PLLSAI1.PLLSAI1Source;
 948:Drivers/STM32L4xx_HAL_Driver/Src/stm32l4xx_hal_rcc_ex.c **** #if defined(RCC_PLLSAI2M_DIV_1_16_SUPPORT)
 949:Drivers/STM32L4xx_HAL_Driver/Src/stm32l4xx_hal_rcc_ex.c ****   PeriphClkInit->PLLSAI2.PLLSAI2M = (READ_BIT(RCC->PLLSAI2CFGR, RCC_PLLSAI2CFGR_PLLSAI2M) >> RCC_PL
 950:Drivers/STM32L4xx_HAL_Driver/Src/stm32l4xx_hal_rcc_ex.c **** #else
 951:Drivers/STM32L4xx_HAL_Driver/Src/stm32l4xx_hal_rcc_ex.c ****   PeriphClkInit->PLLSAI2.PLLSAI2M = PeriphClkInit->PLLSAI1.PLLSAI1M;
 952:Drivers/STM32L4xx_HAL_Driver/Src/stm32l4xx_hal_rcc_ex.c **** #endif /* RCC_PLLSAI2M_DIV_1_16_SUPPORT */
 953:Drivers/STM32L4xx_HAL_Driver/Src/stm32l4xx_hal_rcc_ex.c ****   PeriphClkInit->PLLSAI2.PLLSAI2N = READ_BIT(RCC->PLLSAI2CFGR, RCC_PLLSAI2CFGR_PLLSAI2N) >> RCC_PLL
 954:Drivers/STM32L4xx_HAL_Driver/Src/stm32l4xx_hal_rcc_ex.c ****   PeriphClkInit->PLLSAI2.PLLSAI2P = ((READ_BIT(RCC->PLLSAI2CFGR, RCC_PLLSAI2CFGR_PLLSAI2P) >> RCC_P
 955:Drivers/STM32L4xx_HAL_Driver/Src/stm32l4xx_hal_rcc_ex.c **** #if defined(RCC_PLLSAI2Q_DIV_SUPPORT)
 956:Drivers/STM32L4xx_HAL_Driver/Src/stm32l4xx_hal_rcc_ex.c ****   PeriphClkInit->PLLSAI2.PLLSAI2Q = ((READ_BIT(RCC->PLLSAI2CFGR, RCC_PLLSAI2CFGR_PLLSAI2Q) >> RCC_P
 957:Drivers/STM32L4xx_HAL_Driver/Src/stm32l4xx_hal_rcc_ex.c **** #endif /* RCC_PLLSAI2Q_DIV_SUPPORT */
 958:Drivers/STM32L4xx_HAL_Driver/Src/stm32l4xx_hal_rcc_ex.c ****   PeriphClkInit->PLLSAI2.PLLSAI2R = ((READ_BIT(RCC->PLLSAI2CFGR, RCC_PLLSAI2CFGR_PLLSAI2R)>> RCC_PL
 959:Drivers/STM32L4xx_HAL_Driver/Src/stm32l4xx_hal_rcc_ex.c **** 
 960:Drivers/STM32L4xx_HAL_Driver/Src/stm32l4xx_hal_rcc_ex.c **** #endif /* RCC_PLLSAI2_SUPPORT */
 961:Drivers/STM32L4xx_HAL_Driver/Src/stm32l4xx_hal_rcc_ex.c **** 
 962:Drivers/STM32L4xx_HAL_Driver/Src/stm32l4xx_hal_rcc_ex.c ****   /* Get the USART1 clock source ---------------------------------------------*/
 963:Drivers/STM32L4xx_HAL_Driver/Src/stm32l4xx_hal_rcc_ex.c ****   PeriphClkInit->Usart1ClockSelection  = __HAL_RCC_GET_USART1_SOURCE();
 964:Drivers/STM32L4xx_HAL_Driver/Src/stm32l4xx_hal_rcc_ex.c ****   /* Get the USART2 clock source ---------------------------------------------*/
 965:Drivers/STM32L4xx_HAL_Driver/Src/stm32l4xx_hal_rcc_ex.c ****   PeriphClkInit->Usart2ClockSelection  = __HAL_RCC_GET_USART2_SOURCE();
 966:Drivers/STM32L4xx_HAL_Driver/Src/stm32l4xx_hal_rcc_ex.c **** 
 967:Drivers/STM32L4xx_HAL_Driver/Src/stm32l4xx_hal_rcc_ex.c **** #if defined(USART3)
 968:Drivers/STM32L4xx_HAL_Driver/Src/stm32l4xx_hal_rcc_ex.c ****   /* Get the USART3 clock source ---------------------------------------------*/
 969:Drivers/STM32L4xx_HAL_Driver/Src/stm32l4xx_hal_rcc_ex.c ****   PeriphClkInit->Usart3ClockSelection  = __HAL_RCC_GET_USART3_SOURCE();
 970:Drivers/STM32L4xx_HAL_Driver/Src/stm32l4xx_hal_rcc_ex.c **** #endif /* USART3 */
 971:Drivers/STM32L4xx_HAL_Driver/Src/stm32l4xx_hal_rcc_ex.c **** 
 972:Drivers/STM32L4xx_HAL_Driver/Src/stm32l4xx_hal_rcc_ex.c **** #if defined(UART4)
 973:Drivers/STM32L4xx_HAL_Driver/Src/stm32l4xx_hal_rcc_ex.c ****   /* Get the UART4 clock source ----------------------------------------------*/
 974:Drivers/STM32L4xx_HAL_Driver/Src/stm32l4xx_hal_rcc_ex.c ****   PeriphClkInit->Uart4ClockSelection   = __HAL_RCC_GET_UART4_SOURCE();
 975:Drivers/STM32L4xx_HAL_Driver/Src/stm32l4xx_hal_rcc_ex.c **** #endif /* UART4 */
 976:Drivers/STM32L4xx_HAL_Driver/Src/stm32l4xx_hal_rcc_ex.c **** 
 977:Drivers/STM32L4xx_HAL_Driver/Src/stm32l4xx_hal_rcc_ex.c **** #if defined(UART5)
 978:Drivers/STM32L4xx_HAL_Driver/Src/stm32l4xx_hal_rcc_ex.c ****   /* Get the UART5 clock source ----------------------------------------------*/
 979:Drivers/STM32L4xx_HAL_Driver/Src/stm32l4xx_hal_rcc_ex.c ****   PeriphClkInit->Uart5ClockSelection   = __HAL_RCC_GET_UART5_SOURCE();
 980:Drivers/STM32L4xx_HAL_Driver/Src/stm32l4xx_hal_rcc_ex.c **** #endif /* UART5 */
 981:Drivers/STM32L4xx_HAL_Driver/Src/stm32l4xx_hal_rcc_ex.c **** 
 982:Drivers/STM32L4xx_HAL_Driver/Src/stm32l4xx_hal_rcc_ex.c ****   /* Get the LPUART1 clock source --------------------------------------------*/
 983:Drivers/STM32L4xx_HAL_Driver/Src/stm32l4xx_hal_rcc_ex.c ****   PeriphClkInit->Lpuart1ClockSelection = __HAL_RCC_GET_LPUART1_SOURCE();
 984:Drivers/STM32L4xx_HAL_Driver/Src/stm32l4xx_hal_rcc_ex.c **** 
 985:Drivers/STM32L4xx_HAL_Driver/Src/stm32l4xx_hal_rcc_ex.c ****   /* Get the I2C1 clock source -----------------------------------------------*/
 986:Drivers/STM32L4xx_HAL_Driver/Src/stm32l4xx_hal_rcc_ex.c ****   PeriphClkInit->I2c1ClockSelection    = __HAL_RCC_GET_I2C1_SOURCE();
 987:Drivers/STM32L4xx_HAL_Driver/Src/stm32l4xx_hal_rcc_ex.c **** 
 988:Drivers/STM32L4xx_HAL_Driver/Src/stm32l4xx_hal_rcc_ex.c **** #if defined(I2C2)
 989:Drivers/STM32L4xx_HAL_Driver/Src/stm32l4xx_hal_rcc_ex.c ****    /* Get the I2C2 clock source ----------------------------------------------*/
 990:Drivers/STM32L4xx_HAL_Driver/Src/stm32l4xx_hal_rcc_ex.c ****   PeriphClkInit->I2c2ClockSelection    = __HAL_RCC_GET_I2C2_SOURCE();
 991:Drivers/STM32L4xx_HAL_Driver/Src/stm32l4xx_hal_rcc_ex.c **** #endif /* I2C2 */
 992:Drivers/STM32L4xx_HAL_Driver/Src/stm32l4xx_hal_rcc_ex.c **** 
 993:Drivers/STM32L4xx_HAL_Driver/Src/stm32l4xx_hal_rcc_ex.c ****   /* Get the I2C3 clock source -----------------------------------------------*/
 994:Drivers/STM32L4xx_HAL_Driver/Src/stm32l4xx_hal_rcc_ex.c ****   PeriphClkInit->I2c3ClockSelection    = __HAL_RCC_GET_I2C3_SOURCE();
 995:Drivers/STM32L4xx_HAL_Driver/Src/stm32l4xx_hal_rcc_ex.c **** 
 996:Drivers/STM32L4xx_HAL_Driver/Src/stm32l4xx_hal_rcc_ex.c **** #if defined(I2C4)
 997:Drivers/STM32L4xx_HAL_Driver/Src/stm32l4xx_hal_rcc_ex.c ****   /* Get the I2C4 clock source -----------------------------------------------*/
 998:Drivers/STM32L4xx_HAL_Driver/Src/stm32l4xx_hal_rcc_ex.c ****   PeriphClkInit->I2c4ClockSelection    = __HAL_RCC_GET_I2C4_SOURCE();
 999:Drivers/STM32L4xx_HAL_Driver/Src/stm32l4xx_hal_rcc_ex.c **** #endif /* I2C4 */
ARM GAS  /tmp/ccxIXDAo.s 			page 19


1000:Drivers/STM32L4xx_HAL_Driver/Src/stm32l4xx_hal_rcc_ex.c **** 
1001:Drivers/STM32L4xx_HAL_Driver/Src/stm32l4xx_hal_rcc_ex.c ****   /* Get the LPTIM1 clock source ---------------------------------------------*/
1002:Drivers/STM32L4xx_HAL_Driver/Src/stm32l4xx_hal_rcc_ex.c ****   PeriphClkInit->Lptim1ClockSelection  = __HAL_RCC_GET_LPTIM1_SOURCE();
1003:Drivers/STM32L4xx_HAL_Driver/Src/stm32l4xx_hal_rcc_ex.c **** 
1004:Drivers/STM32L4xx_HAL_Driver/Src/stm32l4xx_hal_rcc_ex.c ****   /* Get the LPTIM2 clock source ---------------------------------------------*/
1005:Drivers/STM32L4xx_HAL_Driver/Src/stm32l4xx_hal_rcc_ex.c ****   PeriphClkInit->Lptim2ClockSelection  = __HAL_RCC_GET_LPTIM2_SOURCE();
1006:Drivers/STM32L4xx_HAL_Driver/Src/stm32l4xx_hal_rcc_ex.c **** 
1007:Drivers/STM32L4xx_HAL_Driver/Src/stm32l4xx_hal_rcc_ex.c **** #if defined(SAI1)
1008:Drivers/STM32L4xx_HAL_Driver/Src/stm32l4xx_hal_rcc_ex.c ****   /* Get the SAI1 clock source -----------------------------------------------*/
1009:Drivers/STM32L4xx_HAL_Driver/Src/stm32l4xx_hal_rcc_ex.c ****   PeriphClkInit->Sai1ClockSelection    = __HAL_RCC_GET_SAI1_SOURCE();
1010:Drivers/STM32L4xx_HAL_Driver/Src/stm32l4xx_hal_rcc_ex.c **** #endif /* SAI1 */
1011:Drivers/STM32L4xx_HAL_Driver/Src/stm32l4xx_hal_rcc_ex.c **** 
1012:Drivers/STM32L4xx_HAL_Driver/Src/stm32l4xx_hal_rcc_ex.c **** #if defined(SAI2)
1013:Drivers/STM32L4xx_HAL_Driver/Src/stm32l4xx_hal_rcc_ex.c ****   /* Get the SAI2 clock source -----------------------------------------------*/
1014:Drivers/STM32L4xx_HAL_Driver/Src/stm32l4xx_hal_rcc_ex.c ****   PeriphClkInit->Sai2ClockSelection    = __HAL_RCC_GET_SAI2_SOURCE();
1015:Drivers/STM32L4xx_HAL_Driver/Src/stm32l4xx_hal_rcc_ex.c **** #endif /* SAI2 */
1016:Drivers/STM32L4xx_HAL_Driver/Src/stm32l4xx_hal_rcc_ex.c **** 
1017:Drivers/STM32L4xx_HAL_Driver/Src/stm32l4xx_hal_rcc_ex.c ****   /* Get the RTC clock source ------------------------------------------------*/
1018:Drivers/STM32L4xx_HAL_Driver/Src/stm32l4xx_hal_rcc_ex.c ****   PeriphClkInit->RTCClockSelection     = __HAL_RCC_GET_RTC_SOURCE();
1019:Drivers/STM32L4xx_HAL_Driver/Src/stm32l4xx_hal_rcc_ex.c **** 
1020:Drivers/STM32L4xx_HAL_Driver/Src/stm32l4xx_hal_rcc_ex.c **** #if defined(USB_OTG_FS) || defined(USB)
1021:Drivers/STM32L4xx_HAL_Driver/Src/stm32l4xx_hal_rcc_ex.c ****   /* Get the USB clock source ------------------------------------------------*/
1022:Drivers/STM32L4xx_HAL_Driver/Src/stm32l4xx_hal_rcc_ex.c ****   PeriphClkInit->UsbClockSelection   = __HAL_RCC_GET_USB_SOURCE();
1023:Drivers/STM32L4xx_HAL_Driver/Src/stm32l4xx_hal_rcc_ex.c **** #endif /* USB_OTG_FS || USB */
1024:Drivers/STM32L4xx_HAL_Driver/Src/stm32l4xx_hal_rcc_ex.c **** 
1025:Drivers/STM32L4xx_HAL_Driver/Src/stm32l4xx_hal_rcc_ex.c **** #if defined(SDMMC1)
1026:Drivers/STM32L4xx_HAL_Driver/Src/stm32l4xx_hal_rcc_ex.c ****   /* Get the SDMMC1 clock source ---------------------------------------------*/
1027:Drivers/STM32L4xx_HAL_Driver/Src/stm32l4xx_hal_rcc_ex.c ****   PeriphClkInit->Sdmmc1ClockSelection   = __HAL_RCC_GET_SDMMC1_SOURCE();
1028:Drivers/STM32L4xx_HAL_Driver/Src/stm32l4xx_hal_rcc_ex.c **** #endif /* SDMMC1 */
1029:Drivers/STM32L4xx_HAL_Driver/Src/stm32l4xx_hal_rcc_ex.c **** 
1030:Drivers/STM32L4xx_HAL_Driver/Src/stm32l4xx_hal_rcc_ex.c ****   /* Get the RNG clock source ------------------------------------------------*/
1031:Drivers/STM32L4xx_HAL_Driver/Src/stm32l4xx_hal_rcc_ex.c ****   PeriphClkInit->RngClockSelection   = __HAL_RCC_GET_RNG_SOURCE();
1032:Drivers/STM32L4xx_HAL_Driver/Src/stm32l4xx_hal_rcc_ex.c **** 
1033:Drivers/STM32L4xx_HAL_Driver/Src/stm32l4xx_hal_rcc_ex.c **** #if !defined(STM32L412xx) && !defined(STM32L422xx)
1034:Drivers/STM32L4xx_HAL_Driver/Src/stm32l4xx_hal_rcc_ex.c ****   /* Get the ADC clock source ------------------------------------------------*/
1035:Drivers/STM32L4xx_HAL_Driver/Src/stm32l4xx_hal_rcc_ex.c ****   PeriphClkInit->AdcClockSelection     = __HAL_RCC_GET_ADC_SOURCE();
1036:Drivers/STM32L4xx_HAL_Driver/Src/stm32l4xx_hal_rcc_ex.c **** #endif /* !STM32L412xx && !STM32L422xx */
1037:Drivers/STM32L4xx_HAL_Driver/Src/stm32l4xx_hal_rcc_ex.c **** 
1038:Drivers/STM32L4xx_HAL_Driver/Src/stm32l4xx_hal_rcc_ex.c **** #if defined(SWPMI1)
1039:Drivers/STM32L4xx_HAL_Driver/Src/stm32l4xx_hal_rcc_ex.c ****   /* Get the SWPMI1 clock source ---------------------------------------------*/
1040:Drivers/STM32L4xx_HAL_Driver/Src/stm32l4xx_hal_rcc_ex.c ****   PeriphClkInit->Swpmi1ClockSelection  = __HAL_RCC_GET_SWPMI1_SOURCE();
1041:Drivers/STM32L4xx_HAL_Driver/Src/stm32l4xx_hal_rcc_ex.c **** #endif /* SWPMI1 */
1042:Drivers/STM32L4xx_HAL_Driver/Src/stm32l4xx_hal_rcc_ex.c **** 
1043:Drivers/STM32L4xx_HAL_Driver/Src/stm32l4xx_hal_rcc_ex.c **** #if defined(DFSDM1_Filter0)
1044:Drivers/STM32L4xx_HAL_Driver/Src/stm32l4xx_hal_rcc_ex.c ****   /* Get the DFSDM1 clock source ---------------------------------------------*/
1045:Drivers/STM32L4xx_HAL_Driver/Src/stm32l4xx_hal_rcc_ex.c ****   PeriphClkInit->Dfsdm1ClockSelection  = __HAL_RCC_GET_DFSDM1_SOURCE();
1046:Drivers/STM32L4xx_HAL_Driver/Src/stm32l4xx_hal_rcc_ex.c **** 
1047:Drivers/STM32L4xx_HAL_Driver/Src/stm32l4xx_hal_rcc_ex.c **** #if defined(STM32L4R5xx) || defined(STM32L4R7xx) || defined(STM32L4R9xx) || defined(STM32L4S5xx) ||
1048:Drivers/STM32L4xx_HAL_Driver/Src/stm32l4xx_hal_rcc_ex.c ****   /* Get the DFSDM1 audio clock source ---------------------------------------*/
1049:Drivers/STM32L4xx_HAL_Driver/Src/stm32l4xx_hal_rcc_ex.c ****   PeriphClkInit->Dfsdm1AudioClockSelection  = __HAL_RCC_GET_DFSDM1AUDIO_SOURCE();
1050:Drivers/STM32L4xx_HAL_Driver/Src/stm32l4xx_hal_rcc_ex.c **** #endif /* STM32L4R5xx || STM32L4R7xx || STM32L4R9xx || STM32L4S5xx || STM32L4S7xx || STM32L4S9xx */
1051:Drivers/STM32L4xx_HAL_Driver/Src/stm32l4xx_hal_rcc_ex.c **** #endif /* DFSDM1_Filter0 */
1052:Drivers/STM32L4xx_HAL_Driver/Src/stm32l4xx_hal_rcc_ex.c **** 
1053:Drivers/STM32L4xx_HAL_Driver/Src/stm32l4xx_hal_rcc_ex.c **** #if defined(LTDC)
1054:Drivers/STM32L4xx_HAL_Driver/Src/stm32l4xx_hal_rcc_ex.c ****   /* Get the LTDC clock source -----------------------------------------------*/
1055:Drivers/STM32L4xx_HAL_Driver/Src/stm32l4xx_hal_rcc_ex.c ****   PeriphClkInit->LtdcClockSelection = __HAL_RCC_GET_LTDC_SOURCE();
1056:Drivers/STM32L4xx_HAL_Driver/Src/stm32l4xx_hal_rcc_ex.c **** #endif /* LTDC */
ARM GAS  /tmp/ccxIXDAo.s 			page 20


1057:Drivers/STM32L4xx_HAL_Driver/Src/stm32l4xx_hal_rcc_ex.c **** 
1058:Drivers/STM32L4xx_HAL_Driver/Src/stm32l4xx_hal_rcc_ex.c **** #if defined(DSI)
1059:Drivers/STM32L4xx_HAL_Driver/Src/stm32l4xx_hal_rcc_ex.c ****   /* Get the DSI clock source ------------------------------------------------*/
1060:Drivers/STM32L4xx_HAL_Driver/Src/stm32l4xx_hal_rcc_ex.c ****   PeriphClkInit->DsiClockSelection = __HAL_RCC_GET_DSI_SOURCE();
1061:Drivers/STM32L4xx_HAL_Driver/Src/stm32l4xx_hal_rcc_ex.c **** #endif /* DSI */
1062:Drivers/STM32L4xx_HAL_Driver/Src/stm32l4xx_hal_rcc_ex.c **** 
1063:Drivers/STM32L4xx_HAL_Driver/Src/stm32l4xx_hal_rcc_ex.c **** #if defined(OCTOSPI1) || defined(OCTOSPI2)
1064:Drivers/STM32L4xx_HAL_Driver/Src/stm32l4xx_hal_rcc_ex.c ****   /* Get the OctoSPIclock source --------------------------------------------*/
1065:Drivers/STM32L4xx_HAL_Driver/Src/stm32l4xx_hal_rcc_ex.c ****   PeriphClkInit->OspiClockSelection = __HAL_RCC_GET_OSPI_SOURCE();
1066:Drivers/STM32L4xx_HAL_Driver/Src/stm32l4xx_hal_rcc_ex.c **** #endif /* OCTOSPI1 || OCTOSPI2 */
1067:Drivers/STM32L4xx_HAL_Driver/Src/stm32l4xx_hal_rcc_ex.c **** }
1068:Drivers/STM32L4xx_HAL_Driver/Src/stm32l4xx_hal_rcc_ex.c **** 
1069:Drivers/STM32L4xx_HAL_Driver/Src/stm32l4xx_hal_rcc_ex.c **** /**
1070:Drivers/STM32L4xx_HAL_Driver/Src/stm32l4xx_hal_rcc_ex.c ****   * @brief  Return the peripheral clock frequency for peripherals with clock source from PLLSAIs
1071:Drivers/STM32L4xx_HAL_Driver/Src/stm32l4xx_hal_rcc_ex.c ****   * @note   Return 0 if peripheral clock identifier not managed by this API
1072:Drivers/STM32L4xx_HAL_Driver/Src/stm32l4xx_hal_rcc_ex.c ****   * @param  PeriphClk  Peripheral clock identifier
1073:Drivers/STM32L4xx_HAL_Driver/Src/stm32l4xx_hal_rcc_ex.c ****   *         This parameter can be one of the following values:
1074:Drivers/STM32L4xx_HAL_Driver/Src/stm32l4xx_hal_rcc_ex.c ****   *            @arg @ref RCC_PERIPHCLK_RTC  RTC peripheral clock
1075:Drivers/STM32L4xx_HAL_Driver/Src/stm32l4xx_hal_rcc_ex.c ****   *            @arg @ref RCC_PERIPHCLK_ADC  ADC peripheral clock
1076:Drivers/STM32L4xx_HAL_Driver/Src/stm32l4xx_hal_rcc_ex.c ****   @if STM32L462xx
1077:Drivers/STM32L4xx_HAL_Driver/Src/stm32l4xx_hal_rcc_ex.c ****   *            @arg @ref RCC_PERIPHCLK_DFSDM1  DFSDM1 peripheral clock (only for devices with DFSDM
1078:Drivers/STM32L4xx_HAL_Driver/Src/stm32l4xx_hal_rcc_ex.c ****   @endif
1079:Drivers/STM32L4xx_HAL_Driver/Src/stm32l4xx_hal_rcc_ex.c ****   @if STM32L486xx
1080:Drivers/STM32L4xx_HAL_Driver/Src/stm32l4xx_hal_rcc_ex.c ****   *            @arg @ref RCC_PERIPHCLK_DFSDM1  DFSDM1 peripheral clock (only for devices with DFSDM
1081:Drivers/STM32L4xx_HAL_Driver/Src/stm32l4xx_hal_rcc_ex.c ****   @endif
1082:Drivers/STM32L4xx_HAL_Driver/Src/stm32l4xx_hal_rcc_ex.c ****   @if STM32L4A6xx
1083:Drivers/STM32L4xx_HAL_Driver/Src/stm32l4xx_hal_rcc_ex.c ****   *            @arg @ref RCC_PERIPHCLK_DFSDM1  DFSDM1 peripheral clock (only for devices with DFSDM
1084:Drivers/STM32L4xx_HAL_Driver/Src/stm32l4xx_hal_rcc_ex.c ****   @endif
1085:Drivers/STM32L4xx_HAL_Driver/Src/stm32l4xx_hal_rcc_ex.c ****   *            @arg @ref RCC_PERIPHCLK_I2C1  I2C1 peripheral clock
1086:Drivers/STM32L4xx_HAL_Driver/Src/stm32l4xx_hal_rcc_ex.c ****   *            @arg @ref RCC_PERIPHCLK_I2C2  I2C2 peripheral clock
1087:Drivers/STM32L4xx_HAL_Driver/Src/stm32l4xx_hal_rcc_ex.c ****   *            @arg @ref RCC_PERIPHCLK_I2C3  I2C3 peripheral clock
1088:Drivers/STM32L4xx_HAL_Driver/Src/stm32l4xx_hal_rcc_ex.c ****   @if STM32L462xx
1089:Drivers/STM32L4xx_HAL_Driver/Src/stm32l4xx_hal_rcc_ex.c ****   *            @arg @ref RCC_PERIPHCLK_I2C4  I2C4 peripheral clock (only for devices with I2C4)
1090:Drivers/STM32L4xx_HAL_Driver/Src/stm32l4xx_hal_rcc_ex.c ****   @endif
1091:Drivers/STM32L4xx_HAL_Driver/Src/stm32l4xx_hal_rcc_ex.c ****   @if STM32L4A6xx
1092:Drivers/STM32L4xx_HAL_Driver/Src/stm32l4xx_hal_rcc_ex.c ****   *            @arg @ref RCC_PERIPHCLK_I2C4  I2C4 peripheral clock (only for devices with I2C4)
1093:Drivers/STM32L4xx_HAL_Driver/Src/stm32l4xx_hal_rcc_ex.c ****   @endif
1094:Drivers/STM32L4xx_HAL_Driver/Src/stm32l4xx_hal_rcc_ex.c ****   @if STM32L4S9xx
1095:Drivers/STM32L4xx_HAL_Driver/Src/stm32l4xx_hal_rcc_ex.c ****   *            @arg @ref RCC_PERIPHCLK_I2C4  I2C4 peripheral clock (only for devices with I2C4)
1096:Drivers/STM32L4xx_HAL_Driver/Src/stm32l4xx_hal_rcc_ex.c ****   @endif
1097:Drivers/STM32L4xx_HAL_Driver/Src/stm32l4xx_hal_rcc_ex.c ****   *            @arg @ref RCC_PERIPHCLK_LPTIM1  LPTIM1 peripheral clock
1098:Drivers/STM32L4xx_HAL_Driver/Src/stm32l4xx_hal_rcc_ex.c ****   *            @arg @ref RCC_PERIPHCLK_LPTIM2  LPTIM2 peripheral clock
1099:Drivers/STM32L4xx_HAL_Driver/Src/stm32l4xx_hal_rcc_ex.c ****   *            @arg @ref RCC_PERIPHCLK_LPUART1  LPUART1 peripheral clock
1100:Drivers/STM32L4xx_HAL_Driver/Src/stm32l4xx_hal_rcc_ex.c ****   *            @arg @ref RCC_PERIPHCLK_RNG  RNG peripheral clock
1101:Drivers/STM32L4xx_HAL_Driver/Src/stm32l4xx_hal_rcc_ex.c ****   *            @arg @ref RCC_PERIPHCLK_SAI1  SAI1 peripheral clock (only for devices with SAI1)
1102:Drivers/STM32L4xx_HAL_Driver/Src/stm32l4xx_hal_rcc_ex.c ****   @if STM32L486xx
1103:Drivers/STM32L4xx_HAL_Driver/Src/stm32l4xx_hal_rcc_ex.c ****   *            @arg @ref RCC_PERIPHCLK_SAI2  SAI2 peripheral clock (only for devices with SAI2)
1104:Drivers/STM32L4xx_HAL_Driver/Src/stm32l4xx_hal_rcc_ex.c ****   @endif
1105:Drivers/STM32L4xx_HAL_Driver/Src/stm32l4xx_hal_rcc_ex.c ****   @if STM32L4A6xx
1106:Drivers/STM32L4xx_HAL_Driver/Src/stm32l4xx_hal_rcc_ex.c ****   *            @arg @ref RCC_PERIPHCLK_SAI2  SAI2 peripheral clock (only for devices with SAI2)
1107:Drivers/STM32L4xx_HAL_Driver/Src/stm32l4xx_hal_rcc_ex.c ****   @endif
1108:Drivers/STM32L4xx_HAL_Driver/Src/stm32l4xx_hal_rcc_ex.c ****   @if STM32L4S9xx
1109:Drivers/STM32L4xx_HAL_Driver/Src/stm32l4xx_hal_rcc_ex.c ****   *            @arg @ref RCC_PERIPHCLK_SAI2  SAI2 peripheral clock (only for devices with SAI2)
1110:Drivers/STM32L4xx_HAL_Driver/Src/stm32l4xx_hal_rcc_ex.c ****   @endif
1111:Drivers/STM32L4xx_HAL_Driver/Src/stm32l4xx_hal_rcc_ex.c ****   *            @arg @ref RCC_PERIPHCLK_SDMMC1  SDMMC1 peripheral clock
1112:Drivers/STM32L4xx_HAL_Driver/Src/stm32l4xx_hal_rcc_ex.c ****   @if STM32L443xx
1113:Drivers/STM32L4xx_HAL_Driver/Src/stm32l4xx_hal_rcc_ex.c ****   *            @arg @ref RCC_PERIPHCLK_SWPMI1  SWPMI1 peripheral clock (only for devices with SWPMI
ARM GAS  /tmp/ccxIXDAo.s 			page 21


1114:Drivers/STM32L4xx_HAL_Driver/Src/stm32l4xx_hal_rcc_ex.c ****   @endif
1115:Drivers/STM32L4xx_HAL_Driver/Src/stm32l4xx_hal_rcc_ex.c ****   @if STM32L486xx
1116:Drivers/STM32L4xx_HAL_Driver/Src/stm32l4xx_hal_rcc_ex.c ****   *            @arg @ref RCC_PERIPHCLK_SWPMI1  SWPMI1 peripheral clock (only for devices with SWPMI
1117:Drivers/STM32L4xx_HAL_Driver/Src/stm32l4xx_hal_rcc_ex.c ****   @endif
1118:Drivers/STM32L4xx_HAL_Driver/Src/stm32l4xx_hal_rcc_ex.c ****   @if STM32L4A6xx
1119:Drivers/STM32L4xx_HAL_Driver/Src/stm32l4xx_hal_rcc_ex.c ****   *            @arg @ref RCC_PERIPHCLK_SWPMI1  SWPMI1 peripheral clock (only for devices with SWPMI
1120:Drivers/STM32L4xx_HAL_Driver/Src/stm32l4xx_hal_rcc_ex.c ****   @endif
1121:Drivers/STM32L4xx_HAL_Driver/Src/stm32l4xx_hal_rcc_ex.c ****   *            @arg @ref RCC_PERIPHCLK_USART1  USART1 peripheral clock
1122:Drivers/STM32L4xx_HAL_Driver/Src/stm32l4xx_hal_rcc_ex.c ****   *            @arg @ref RCC_PERIPHCLK_USART2  USART1 peripheral clock
1123:Drivers/STM32L4xx_HAL_Driver/Src/stm32l4xx_hal_rcc_ex.c ****   *            @arg @ref RCC_PERIPHCLK_USART3  USART1 peripheral clock
1124:Drivers/STM32L4xx_HAL_Driver/Src/stm32l4xx_hal_rcc_ex.c ****   @if STM32L462xx
1125:Drivers/STM32L4xx_HAL_Driver/Src/stm32l4xx_hal_rcc_ex.c ****   *            @arg @ref RCC_PERIPHCLK_UART4  UART4 peripheral clock (only for devices with UART4)
1126:Drivers/STM32L4xx_HAL_Driver/Src/stm32l4xx_hal_rcc_ex.c ****   *            @arg @ref RCC_PERIPHCLK_USB  USB peripheral clock (only for devices with USB)
1127:Drivers/STM32L4xx_HAL_Driver/Src/stm32l4xx_hal_rcc_ex.c ****   @endif
1128:Drivers/STM32L4xx_HAL_Driver/Src/stm32l4xx_hal_rcc_ex.c ****   @if STM32L486xx
1129:Drivers/STM32L4xx_HAL_Driver/Src/stm32l4xx_hal_rcc_ex.c ****   *            @arg @ref RCC_PERIPHCLK_UART4  UART4 peripheral clock (only for devices with UART4)
1130:Drivers/STM32L4xx_HAL_Driver/Src/stm32l4xx_hal_rcc_ex.c ****   *            @arg @ref RCC_PERIPHCLK_UART5  UART5 peripheral clock (only for devices with UART5)
1131:Drivers/STM32L4xx_HAL_Driver/Src/stm32l4xx_hal_rcc_ex.c ****   *            @arg @ref RCC_PERIPHCLK_USB  USB peripheral clock (only for devices with USB)
1132:Drivers/STM32L4xx_HAL_Driver/Src/stm32l4xx_hal_rcc_ex.c ****   @endif
1133:Drivers/STM32L4xx_HAL_Driver/Src/stm32l4xx_hal_rcc_ex.c ****   @if STM32L4A6xx
1134:Drivers/STM32L4xx_HAL_Driver/Src/stm32l4xx_hal_rcc_ex.c ****   *            @arg @ref RCC_PERIPHCLK_UART4  UART4 peripheral clock (only for devices with UART4)
1135:Drivers/STM32L4xx_HAL_Driver/Src/stm32l4xx_hal_rcc_ex.c ****   *            @arg @ref RCC_PERIPHCLK_UART5  UART5 peripheral clock (only for devices with UART5)
1136:Drivers/STM32L4xx_HAL_Driver/Src/stm32l4xx_hal_rcc_ex.c ****   *            @arg @ref RCC_PERIPHCLK_USB  USB peripheral clock (only for devices with USB)
1137:Drivers/STM32L4xx_HAL_Driver/Src/stm32l4xx_hal_rcc_ex.c ****   @endif
1138:Drivers/STM32L4xx_HAL_Driver/Src/stm32l4xx_hal_rcc_ex.c ****   @if STM32L4S9xx
1139:Drivers/STM32L4xx_HAL_Driver/Src/stm32l4xx_hal_rcc_ex.c ****   *            @arg @ref RCC_PERIPHCLK_UART4  USART1 peripheral clock (only for devices with UART4)
1140:Drivers/STM32L4xx_HAL_Driver/Src/stm32l4xx_hal_rcc_ex.c ****   *            @arg @ref RCC_PERIPHCLK_UART5  USART1 peripheral clock (only for devices with UART5)
1141:Drivers/STM32L4xx_HAL_Driver/Src/stm32l4xx_hal_rcc_ex.c ****   *            @arg @ref RCC_PERIPHCLK_USB  USB peripheral clock (only for devices with USB)
1142:Drivers/STM32L4xx_HAL_Driver/Src/stm32l4xx_hal_rcc_ex.c ****   *            @arg @ref RCC_PERIPHCLK_DFSDM1  DFSDM1 peripheral kernel clock (only for devices wit
1143:Drivers/STM32L4xx_HAL_Driver/Src/stm32l4xx_hal_rcc_ex.c ****   *            @arg @ref RCC_PERIPHCLK_DFSDM1AUDIO  DFSDM1 peripheral audio clock (only for devices
1144:Drivers/STM32L4xx_HAL_Driver/Src/stm32l4xx_hal_rcc_ex.c ****   *            @arg @ref RCC_PERIPHCLK_LTDC  LTDC peripheral clock (only for devices with LTDC)
1145:Drivers/STM32L4xx_HAL_Driver/Src/stm32l4xx_hal_rcc_ex.c ****   *            @arg @ref RCC_PERIPHCLK_DSI  DSI peripheral clock (only for devices with DSI)
1146:Drivers/STM32L4xx_HAL_Driver/Src/stm32l4xx_hal_rcc_ex.c ****   *            @arg @ref RCC_PERIPHCLK_OSPI  OctoSPI peripheral clock (only for devices with OctoSP
1147:Drivers/STM32L4xx_HAL_Driver/Src/stm32l4xx_hal_rcc_ex.c ****   @endif
1148:Drivers/STM32L4xx_HAL_Driver/Src/stm32l4xx_hal_rcc_ex.c ****   * @retval Frequency in Hz
1149:Drivers/STM32L4xx_HAL_Driver/Src/stm32l4xx_hal_rcc_ex.c ****   */
1150:Drivers/STM32L4xx_HAL_Driver/Src/stm32l4xx_hal_rcc_ex.c **** uint32_t HAL_RCCEx_GetPeriphCLKFreq(uint32_t PeriphClk)
1151:Drivers/STM32L4xx_HAL_Driver/Src/stm32l4xx_hal_rcc_ex.c **** {
1152:Drivers/STM32L4xx_HAL_Driver/Src/stm32l4xx_hal_rcc_ex.c ****   uint32_t frequency = 0U;
1153:Drivers/STM32L4xx_HAL_Driver/Src/stm32l4xx_hal_rcc_ex.c ****   uint32_t srcclk, pll_oscsource, pllvco, plln;    /* no init needed */
1154:Drivers/STM32L4xx_HAL_Driver/Src/stm32l4xx_hal_rcc_ex.c **** #if defined(SDMMC1) && defined(RCC_CCIPR2_SDMMCSEL)
1155:Drivers/STM32L4xx_HAL_Driver/Src/stm32l4xx_hal_rcc_ex.c ****   uint32_t pllp;  /* no init needed */
1156:Drivers/STM32L4xx_HAL_Driver/Src/stm32l4xx_hal_rcc_ex.c **** #endif
1157:Drivers/STM32L4xx_HAL_Driver/Src/stm32l4xx_hal_rcc_ex.c **** 
1158:Drivers/STM32L4xx_HAL_Driver/Src/stm32l4xx_hal_rcc_ex.c ****   /* Check the parameters */
1159:Drivers/STM32L4xx_HAL_Driver/Src/stm32l4xx_hal_rcc_ex.c ****   assert_param(IS_RCC_PERIPHCLOCK(PeriphClk));
1160:Drivers/STM32L4xx_HAL_Driver/Src/stm32l4xx_hal_rcc_ex.c **** 
1161:Drivers/STM32L4xx_HAL_Driver/Src/stm32l4xx_hal_rcc_ex.c ****   if(PeriphClk == RCC_PERIPHCLK_RTC)
1162:Drivers/STM32L4xx_HAL_Driver/Src/stm32l4xx_hal_rcc_ex.c ****   {
1163:Drivers/STM32L4xx_HAL_Driver/Src/stm32l4xx_hal_rcc_ex.c ****     /* Get the current RTC source */
1164:Drivers/STM32L4xx_HAL_Driver/Src/stm32l4xx_hal_rcc_ex.c ****     srcclk = __HAL_RCC_GET_RTC_SOURCE();
1165:Drivers/STM32L4xx_HAL_Driver/Src/stm32l4xx_hal_rcc_ex.c **** 
1166:Drivers/STM32L4xx_HAL_Driver/Src/stm32l4xx_hal_rcc_ex.c ****     switch(srcclk)
1167:Drivers/STM32L4xx_HAL_Driver/Src/stm32l4xx_hal_rcc_ex.c ****     {
1168:Drivers/STM32L4xx_HAL_Driver/Src/stm32l4xx_hal_rcc_ex.c ****     case RCC_RTCCLKSOURCE_LSE:
1169:Drivers/STM32L4xx_HAL_Driver/Src/stm32l4xx_hal_rcc_ex.c ****       /* Check if LSE is ready */
1170:Drivers/STM32L4xx_HAL_Driver/Src/stm32l4xx_hal_rcc_ex.c ****       if(HAL_IS_BIT_SET(RCC->BDCR, RCC_BDCR_LSERDY))
ARM GAS  /tmp/ccxIXDAo.s 			page 22


1171:Drivers/STM32L4xx_HAL_Driver/Src/stm32l4xx_hal_rcc_ex.c ****       {
1172:Drivers/STM32L4xx_HAL_Driver/Src/stm32l4xx_hal_rcc_ex.c ****         frequency = LSE_VALUE;
1173:Drivers/STM32L4xx_HAL_Driver/Src/stm32l4xx_hal_rcc_ex.c ****       }
1174:Drivers/STM32L4xx_HAL_Driver/Src/stm32l4xx_hal_rcc_ex.c ****       break;
1175:Drivers/STM32L4xx_HAL_Driver/Src/stm32l4xx_hal_rcc_ex.c ****     case RCC_RTCCLKSOURCE_LSI:
1176:Drivers/STM32L4xx_HAL_Driver/Src/stm32l4xx_hal_rcc_ex.c ****       /* Check if LSI is ready */
1177:Drivers/STM32L4xx_HAL_Driver/Src/stm32l4xx_hal_rcc_ex.c ****       if(HAL_IS_BIT_SET(RCC->CSR, RCC_CSR_LSIRDY))
1178:Drivers/STM32L4xx_HAL_Driver/Src/stm32l4xx_hal_rcc_ex.c ****       {
1179:Drivers/STM32L4xx_HAL_Driver/Src/stm32l4xx_hal_rcc_ex.c **** #if defined(RCC_CSR_LSIPREDIV)
1180:Drivers/STM32L4xx_HAL_Driver/Src/stm32l4xx_hal_rcc_ex.c ****         if(HAL_IS_BIT_SET(RCC->CSR, RCC_CSR_LSIPREDIV))
1181:Drivers/STM32L4xx_HAL_Driver/Src/stm32l4xx_hal_rcc_ex.c ****         {
1182:Drivers/STM32L4xx_HAL_Driver/Src/stm32l4xx_hal_rcc_ex.c ****           frequency = LSI_VALUE/128U;
1183:Drivers/STM32L4xx_HAL_Driver/Src/stm32l4xx_hal_rcc_ex.c ****         }
1184:Drivers/STM32L4xx_HAL_Driver/Src/stm32l4xx_hal_rcc_ex.c ****         else
1185:Drivers/STM32L4xx_HAL_Driver/Src/stm32l4xx_hal_rcc_ex.c **** #endif /* RCC_CSR_LSIPREDIV */
1186:Drivers/STM32L4xx_HAL_Driver/Src/stm32l4xx_hal_rcc_ex.c ****         {
1187:Drivers/STM32L4xx_HAL_Driver/Src/stm32l4xx_hal_rcc_ex.c ****           frequency = LSI_VALUE;
1188:Drivers/STM32L4xx_HAL_Driver/Src/stm32l4xx_hal_rcc_ex.c ****         }
1189:Drivers/STM32L4xx_HAL_Driver/Src/stm32l4xx_hal_rcc_ex.c ****       }
1190:Drivers/STM32L4xx_HAL_Driver/Src/stm32l4xx_hal_rcc_ex.c ****       break;
1191:Drivers/STM32L4xx_HAL_Driver/Src/stm32l4xx_hal_rcc_ex.c ****     case RCC_RTCCLKSOURCE_HSE_DIV32:
1192:Drivers/STM32L4xx_HAL_Driver/Src/stm32l4xx_hal_rcc_ex.c ****       /* Check if HSE is ready */
1193:Drivers/STM32L4xx_HAL_Driver/Src/stm32l4xx_hal_rcc_ex.c ****       if(HAL_IS_BIT_SET(RCC->CR, RCC_CR_HSERDY))
1194:Drivers/STM32L4xx_HAL_Driver/Src/stm32l4xx_hal_rcc_ex.c ****       {
1195:Drivers/STM32L4xx_HAL_Driver/Src/stm32l4xx_hal_rcc_ex.c ****         frequency = HSE_VALUE / 32U;
1196:Drivers/STM32L4xx_HAL_Driver/Src/stm32l4xx_hal_rcc_ex.c ****       }
1197:Drivers/STM32L4xx_HAL_Driver/Src/stm32l4xx_hal_rcc_ex.c ****       break;
1198:Drivers/STM32L4xx_HAL_Driver/Src/stm32l4xx_hal_rcc_ex.c ****     default:
1199:Drivers/STM32L4xx_HAL_Driver/Src/stm32l4xx_hal_rcc_ex.c ****       /* No clock source, frequency default init at 0 */
1200:Drivers/STM32L4xx_HAL_Driver/Src/stm32l4xx_hal_rcc_ex.c ****       break;
1201:Drivers/STM32L4xx_HAL_Driver/Src/stm32l4xx_hal_rcc_ex.c ****     }
1202:Drivers/STM32L4xx_HAL_Driver/Src/stm32l4xx_hal_rcc_ex.c ****   }
1203:Drivers/STM32L4xx_HAL_Driver/Src/stm32l4xx_hal_rcc_ex.c ****   else
1204:Drivers/STM32L4xx_HAL_Driver/Src/stm32l4xx_hal_rcc_ex.c ****   {
1205:Drivers/STM32L4xx_HAL_Driver/Src/stm32l4xx_hal_rcc_ex.c ****     /* Other external peripheral clock source than RTC */
1206:Drivers/STM32L4xx_HAL_Driver/Src/stm32l4xx_hal_rcc_ex.c ****     pll_oscsource = __HAL_RCC_GET_PLL_OSCSOURCE();
1207:Drivers/STM32L4xx_HAL_Driver/Src/stm32l4xx_hal_rcc_ex.c **** 
1208:Drivers/STM32L4xx_HAL_Driver/Src/stm32l4xx_hal_rcc_ex.c ****     /* Compute PLL clock input */
1209:Drivers/STM32L4xx_HAL_Driver/Src/stm32l4xx_hal_rcc_ex.c ****     switch(pll_oscsource)
1210:Drivers/STM32L4xx_HAL_Driver/Src/stm32l4xx_hal_rcc_ex.c ****     {
1211:Drivers/STM32L4xx_HAL_Driver/Src/stm32l4xx_hal_rcc_ex.c ****     case RCC_PLLSOURCE_MSI:   /* MSI ? */
1212:Drivers/STM32L4xx_HAL_Driver/Src/stm32l4xx_hal_rcc_ex.c ****       if(HAL_IS_BIT_SET(RCC->CR, RCC_CR_MSIRDY))
1213:Drivers/STM32L4xx_HAL_Driver/Src/stm32l4xx_hal_rcc_ex.c ****       {
1214:Drivers/STM32L4xx_HAL_Driver/Src/stm32l4xx_hal_rcc_ex.c ****         /*MSI frequency range in HZ*/
1215:Drivers/STM32L4xx_HAL_Driver/Src/stm32l4xx_hal_rcc_ex.c ****         pllvco = MSIRangeTable[(__HAL_RCC_GET_MSI_RANGE() >> 4U)];
1216:Drivers/STM32L4xx_HAL_Driver/Src/stm32l4xx_hal_rcc_ex.c ****       }
1217:Drivers/STM32L4xx_HAL_Driver/Src/stm32l4xx_hal_rcc_ex.c ****       else
1218:Drivers/STM32L4xx_HAL_Driver/Src/stm32l4xx_hal_rcc_ex.c ****       {
1219:Drivers/STM32L4xx_HAL_Driver/Src/stm32l4xx_hal_rcc_ex.c ****         pllvco = 0U;
1220:Drivers/STM32L4xx_HAL_Driver/Src/stm32l4xx_hal_rcc_ex.c ****       }
1221:Drivers/STM32L4xx_HAL_Driver/Src/stm32l4xx_hal_rcc_ex.c ****       break;
1222:Drivers/STM32L4xx_HAL_Driver/Src/stm32l4xx_hal_rcc_ex.c ****     case RCC_PLLSOURCE_HSI:   /* HSI ? */
1223:Drivers/STM32L4xx_HAL_Driver/Src/stm32l4xx_hal_rcc_ex.c ****       if(HAL_IS_BIT_SET(RCC->CR, RCC_CR_HSIRDY))
1224:Drivers/STM32L4xx_HAL_Driver/Src/stm32l4xx_hal_rcc_ex.c ****       {
1225:Drivers/STM32L4xx_HAL_Driver/Src/stm32l4xx_hal_rcc_ex.c ****         pllvco = HSI_VALUE;
1226:Drivers/STM32L4xx_HAL_Driver/Src/stm32l4xx_hal_rcc_ex.c ****       }
1227:Drivers/STM32L4xx_HAL_Driver/Src/stm32l4xx_hal_rcc_ex.c ****       else
ARM GAS  /tmp/ccxIXDAo.s 			page 23


1228:Drivers/STM32L4xx_HAL_Driver/Src/stm32l4xx_hal_rcc_ex.c ****       {
1229:Drivers/STM32L4xx_HAL_Driver/Src/stm32l4xx_hal_rcc_ex.c ****         pllvco = 0U;
1230:Drivers/STM32L4xx_HAL_Driver/Src/stm32l4xx_hal_rcc_ex.c ****       }
1231:Drivers/STM32L4xx_HAL_Driver/Src/stm32l4xx_hal_rcc_ex.c ****       break;
1232:Drivers/STM32L4xx_HAL_Driver/Src/stm32l4xx_hal_rcc_ex.c ****     case RCC_PLLSOURCE_HSE:   /* HSE ? */
1233:Drivers/STM32L4xx_HAL_Driver/Src/stm32l4xx_hal_rcc_ex.c ****       if(HAL_IS_BIT_SET(RCC->CR, RCC_CR_HSERDY))
1234:Drivers/STM32L4xx_HAL_Driver/Src/stm32l4xx_hal_rcc_ex.c ****       {
1235:Drivers/STM32L4xx_HAL_Driver/Src/stm32l4xx_hal_rcc_ex.c ****         pllvco = HSE_VALUE;
1236:Drivers/STM32L4xx_HAL_Driver/Src/stm32l4xx_hal_rcc_ex.c ****       }
1237:Drivers/STM32L4xx_HAL_Driver/Src/stm32l4xx_hal_rcc_ex.c ****       else
1238:Drivers/STM32L4xx_HAL_Driver/Src/stm32l4xx_hal_rcc_ex.c ****       {
1239:Drivers/STM32L4xx_HAL_Driver/Src/stm32l4xx_hal_rcc_ex.c ****         pllvco = 0U;
1240:Drivers/STM32L4xx_HAL_Driver/Src/stm32l4xx_hal_rcc_ex.c ****       }
1241:Drivers/STM32L4xx_HAL_Driver/Src/stm32l4xx_hal_rcc_ex.c ****       break;
1242:Drivers/STM32L4xx_HAL_Driver/Src/stm32l4xx_hal_rcc_ex.c ****     default:
1243:Drivers/STM32L4xx_HAL_Driver/Src/stm32l4xx_hal_rcc_ex.c ****       /* No source */
1244:Drivers/STM32L4xx_HAL_Driver/Src/stm32l4xx_hal_rcc_ex.c ****       pllvco = 0U;
1245:Drivers/STM32L4xx_HAL_Driver/Src/stm32l4xx_hal_rcc_ex.c ****       break;
1246:Drivers/STM32L4xx_HAL_Driver/Src/stm32l4xx_hal_rcc_ex.c ****     }
1247:Drivers/STM32L4xx_HAL_Driver/Src/stm32l4xx_hal_rcc_ex.c **** 
1248:Drivers/STM32L4xx_HAL_Driver/Src/stm32l4xx_hal_rcc_ex.c ****     switch(PeriphClk)
1249:Drivers/STM32L4xx_HAL_Driver/Src/stm32l4xx_hal_rcc_ex.c ****     {
1250:Drivers/STM32L4xx_HAL_Driver/Src/stm32l4xx_hal_rcc_ex.c **** #if defined(SAI1)
1251:Drivers/STM32L4xx_HAL_Driver/Src/stm32l4xx_hal_rcc_ex.c **** 
1252:Drivers/STM32L4xx_HAL_Driver/Src/stm32l4xx_hal_rcc_ex.c ****     case RCC_PERIPHCLK_SAI1:
1253:Drivers/STM32L4xx_HAL_Driver/Src/stm32l4xx_hal_rcc_ex.c ****       frequency = RCCEx_GetSAIxPeriphCLKFreq(RCC_PERIPHCLK_SAI1, pllvco);
1254:Drivers/STM32L4xx_HAL_Driver/Src/stm32l4xx_hal_rcc_ex.c ****       break;
1255:Drivers/STM32L4xx_HAL_Driver/Src/stm32l4xx_hal_rcc_ex.c **** 
1256:Drivers/STM32L4xx_HAL_Driver/Src/stm32l4xx_hal_rcc_ex.c **** #endif
1257:Drivers/STM32L4xx_HAL_Driver/Src/stm32l4xx_hal_rcc_ex.c **** 
1258:Drivers/STM32L4xx_HAL_Driver/Src/stm32l4xx_hal_rcc_ex.c **** #if defined(SAI2)
1259:Drivers/STM32L4xx_HAL_Driver/Src/stm32l4xx_hal_rcc_ex.c **** 
1260:Drivers/STM32L4xx_HAL_Driver/Src/stm32l4xx_hal_rcc_ex.c ****     case RCC_PERIPHCLK_SAI2:
1261:Drivers/STM32L4xx_HAL_Driver/Src/stm32l4xx_hal_rcc_ex.c ****       frequency = RCCEx_GetSAIxPeriphCLKFreq(RCC_PERIPHCLK_SAI2, pllvco);
1262:Drivers/STM32L4xx_HAL_Driver/Src/stm32l4xx_hal_rcc_ex.c ****       break;
1263:Drivers/STM32L4xx_HAL_Driver/Src/stm32l4xx_hal_rcc_ex.c **** 
1264:Drivers/STM32L4xx_HAL_Driver/Src/stm32l4xx_hal_rcc_ex.c **** #endif
1265:Drivers/STM32L4xx_HAL_Driver/Src/stm32l4xx_hal_rcc_ex.c **** 
1266:Drivers/STM32L4xx_HAL_Driver/Src/stm32l4xx_hal_rcc_ex.c **** #if defined(USB_OTG_FS) || defined(USB)
1267:Drivers/STM32L4xx_HAL_Driver/Src/stm32l4xx_hal_rcc_ex.c **** 
1268:Drivers/STM32L4xx_HAL_Driver/Src/stm32l4xx_hal_rcc_ex.c ****     case RCC_PERIPHCLK_USB:
1269:Drivers/STM32L4xx_HAL_Driver/Src/stm32l4xx_hal_rcc_ex.c **** 
1270:Drivers/STM32L4xx_HAL_Driver/Src/stm32l4xx_hal_rcc_ex.c **** #endif /* USB_OTG_FS || USB */
1271:Drivers/STM32L4xx_HAL_Driver/Src/stm32l4xx_hal_rcc_ex.c **** 
1272:Drivers/STM32L4xx_HAL_Driver/Src/stm32l4xx_hal_rcc_ex.c ****     case RCC_PERIPHCLK_RNG:
1273:Drivers/STM32L4xx_HAL_Driver/Src/stm32l4xx_hal_rcc_ex.c **** 
1274:Drivers/STM32L4xx_HAL_Driver/Src/stm32l4xx_hal_rcc_ex.c **** #if defined(SDMMC1) && !defined(RCC_CCIPR2_SDMMCSEL)
1275:Drivers/STM32L4xx_HAL_Driver/Src/stm32l4xx_hal_rcc_ex.c **** 
1276:Drivers/STM32L4xx_HAL_Driver/Src/stm32l4xx_hal_rcc_ex.c ****     case RCC_PERIPHCLK_SDMMC1:
1277:Drivers/STM32L4xx_HAL_Driver/Src/stm32l4xx_hal_rcc_ex.c **** 
1278:Drivers/STM32L4xx_HAL_Driver/Src/stm32l4xx_hal_rcc_ex.c **** #endif /* SDMMC1 && !RCC_CCIPR2_SDMMCSEL */
1279:Drivers/STM32L4xx_HAL_Driver/Src/stm32l4xx_hal_rcc_ex.c ****       {
1280:Drivers/STM32L4xx_HAL_Driver/Src/stm32l4xx_hal_rcc_ex.c ****         srcclk = READ_BIT(RCC->CCIPR, RCC_CCIPR_CLK48SEL);
1281:Drivers/STM32L4xx_HAL_Driver/Src/stm32l4xx_hal_rcc_ex.c **** 
1282:Drivers/STM32L4xx_HAL_Driver/Src/stm32l4xx_hal_rcc_ex.c ****         switch(srcclk)
1283:Drivers/STM32L4xx_HAL_Driver/Src/stm32l4xx_hal_rcc_ex.c ****         {
1284:Drivers/STM32L4xx_HAL_Driver/Src/stm32l4xx_hal_rcc_ex.c ****         case RCC_CCIPR_CLK48SEL:   /* MSI ? */
ARM GAS  /tmp/ccxIXDAo.s 			page 24


1285:Drivers/STM32L4xx_HAL_Driver/Src/stm32l4xx_hal_rcc_ex.c ****           if(HAL_IS_BIT_SET(RCC->CR, RCC_CR_MSIRDY))
1286:Drivers/STM32L4xx_HAL_Driver/Src/stm32l4xx_hal_rcc_ex.c ****           {
1287:Drivers/STM32L4xx_HAL_Driver/Src/stm32l4xx_hal_rcc_ex.c ****             /*MSI frequency range in HZ*/
1288:Drivers/STM32L4xx_HAL_Driver/Src/stm32l4xx_hal_rcc_ex.c ****             frequency = MSIRangeTable[(__HAL_RCC_GET_MSI_RANGE() >> 4U)];
1289:Drivers/STM32L4xx_HAL_Driver/Src/stm32l4xx_hal_rcc_ex.c ****           }
1290:Drivers/STM32L4xx_HAL_Driver/Src/stm32l4xx_hal_rcc_ex.c ****           break;
1291:Drivers/STM32L4xx_HAL_Driver/Src/stm32l4xx_hal_rcc_ex.c ****         case RCC_CCIPR_CLK48SEL_1:  /* PLL ? */
1292:Drivers/STM32L4xx_HAL_Driver/Src/stm32l4xx_hal_rcc_ex.c ****           if(HAL_IS_BIT_SET(RCC->CR, RCC_CR_PLLRDY))
1293:Drivers/STM32L4xx_HAL_Driver/Src/stm32l4xx_hal_rcc_ex.c ****           {
1294:Drivers/STM32L4xx_HAL_Driver/Src/stm32l4xx_hal_rcc_ex.c ****             if(HAL_IS_BIT_SET(RCC->PLLCFGR, RCC_PLLCFGR_PLLQEN))
1295:Drivers/STM32L4xx_HAL_Driver/Src/stm32l4xx_hal_rcc_ex.c ****             {
1296:Drivers/STM32L4xx_HAL_Driver/Src/stm32l4xx_hal_rcc_ex.c ****               /* f(PLL Source) * PLLN / PLLM */
1297:Drivers/STM32L4xx_HAL_Driver/Src/stm32l4xx_hal_rcc_ex.c ****               plln = READ_BIT(RCC->PLLCFGR, RCC_PLLCFGR_PLLN) >> RCC_PLLCFGR_PLLN_Pos;
1298:Drivers/STM32L4xx_HAL_Driver/Src/stm32l4xx_hal_rcc_ex.c ****               pllvco = ((pllvco * plln) / ((READ_BIT(RCC->PLLCFGR, RCC_PLLCFGR_PLLM) >> RCC_PLLCFGR
1299:Drivers/STM32L4xx_HAL_Driver/Src/stm32l4xx_hal_rcc_ex.c ****               /* f(PLL48M1CLK) = f(VCO input) / PLLQ */
1300:Drivers/STM32L4xx_HAL_Driver/Src/stm32l4xx_hal_rcc_ex.c ****               frequency = (pllvco / (((READ_BIT(RCC->PLLCFGR, RCC_PLLCFGR_PLLQ) >> RCC_PLLCFGR_PLLQ
1301:Drivers/STM32L4xx_HAL_Driver/Src/stm32l4xx_hal_rcc_ex.c ****             }
1302:Drivers/STM32L4xx_HAL_Driver/Src/stm32l4xx_hal_rcc_ex.c ****           }
1303:Drivers/STM32L4xx_HAL_Driver/Src/stm32l4xx_hal_rcc_ex.c ****           break;
1304:Drivers/STM32L4xx_HAL_Driver/Src/stm32l4xx_hal_rcc_ex.c **** #if defined(RCC_PLLSAI1_SUPPORT)
1305:Drivers/STM32L4xx_HAL_Driver/Src/stm32l4xx_hal_rcc_ex.c ****         case RCC_CCIPR_CLK48SEL_0:  /* PLLSAI1 ? */
1306:Drivers/STM32L4xx_HAL_Driver/Src/stm32l4xx_hal_rcc_ex.c ****           if(HAL_IS_BIT_SET(RCC->CR, RCC_CR_PLLSAI1RDY))
1307:Drivers/STM32L4xx_HAL_Driver/Src/stm32l4xx_hal_rcc_ex.c ****           {
1308:Drivers/STM32L4xx_HAL_Driver/Src/stm32l4xx_hal_rcc_ex.c ****             if(HAL_IS_BIT_SET(RCC->PLLSAI1CFGR, RCC_PLLSAI1CFGR_PLLSAI1QEN))
1309:Drivers/STM32L4xx_HAL_Driver/Src/stm32l4xx_hal_rcc_ex.c ****             {
1310:Drivers/STM32L4xx_HAL_Driver/Src/stm32l4xx_hal_rcc_ex.c ****               plln = READ_BIT(RCC->PLLSAI1CFGR, RCC_PLLSAI1CFGR_PLLSAI1N) >> RCC_PLLSAI1CFGR_PLLSAI
1311:Drivers/STM32L4xx_HAL_Driver/Src/stm32l4xx_hal_rcc_ex.c **** #if defined(RCC_PLLSAI1M_DIV_1_16_SUPPORT)
1312:Drivers/STM32L4xx_HAL_Driver/Src/stm32l4xx_hal_rcc_ex.c ****               /* PLLSAI1M exists: apply PLLSAI1M divider for PLLSAI1 output computation */
1313:Drivers/STM32L4xx_HAL_Driver/Src/stm32l4xx_hal_rcc_ex.c ****               /* f(PLLSAI1 Source) * PLLSAI1N / PLLSAI1M */
1314:Drivers/STM32L4xx_HAL_Driver/Src/stm32l4xx_hal_rcc_ex.c ****               pllvco = ((pllvco * plln) / ((READ_BIT(RCC->PLLSAI1CFGR, RCC_PLLSAI1CFGR_PLLSAI1M) >>
1315:Drivers/STM32L4xx_HAL_Driver/Src/stm32l4xx_hal_rcc_ex.c **** #else
1316:Drivers/STM32L4xx_HAL_Driver/Src/stm32l4xx_hal_rcc_ex.c ****               /* f(PLL Source) * PLLSAI1N / PLLM */
1317:Drivers/STM32L4xx_HAL_Driver/Src/stm32l4xx_hal_rcc_ex.c ****               pllvco = ((pllvco * plln) / ((READ_BIT(RCC->PLLCFGR, RCC_PLLCFGR_PLLM) >> RCC_PLLCFGR
1318:Drivers/STM32L4xx_HAL_Driver/Src/stm32l4xx_hal_rcc_ex.c **** #endif
1319:Drivers/STM32L4xx_HAL_Driver/Src/stm32l4xx_hal_rcc_ex.c ****               /* f(PLL48M2CLK) = f(VCOSAI1 input) / PLLSAI1Q */
1320:Drivers/STM32L4xx_HAL_Driver/Src/stm32l4xx_hal_rcc_ex.c ****               frequency = (pllvco / (((READ_BIT(RCC->PLLSAI1CFGR, RCC_PLLSAI1CFGR_PLLSAI1Q) >> RCC_
1321:Drivers/STM32L4xx_HAL_Driver/Src/stm32l4xx_hal_rcc_ex.c ****             }
1322:Drivers/STM32L4xx_HAL_Driver/Src/stm32l4xx_hal_rcc_ex.c ****           }
1323:Drivers/STM32L4xx_HAL_Driver/Src/stm32l4xx_hal_rcc_ex.c ****           break;
1324:Drivers/STM32L4xx_HAL_Driver/Src/stm32l4xx_hal_rcc_ex.c **** #endif /* RCC_PLLSAI1_SUPPORT */
1325:Drivers/STM32L4xx_HAL_Driver/Src/stm32l4xx_hal_rcc_ex.c **** #if defined(RCC_HSI48_SUPPORT)
1326:Drivers/STM32L4xx_HAL_Driver/Src/stm32l4xx_hal_rcc_ex.c ****         case 0U:
1327:Drivers/STM32L4xx_HAL_Driver/Src/stm32l4xx_hal_rcc_ex.c ****           if(HAL_IS_BIT_SET(RCC->CRRCR, RCC_CRRCR_HSI48RDY)) /* HSI48 ? */
1328:Drivers/STM32L4xx_HAL_Driver/Src/stm32l4xx_hal_rcc_ex.c ****           {
1329:Drivers/STM32L4xx_HAL_Driver/Src/stm32l4xx_hal_rcc_ex.c ****             frequency = HSI48_VALUE;
1330:Drivers/STM32L4xx_HAL_Driver/Src/stm32l4xx_hal_rcc_ex.c ****           }
1331:Drivers/STM32L4xx_HAL_Driver/Src/stm32l4xx_hal_rcc_ex.c ****           break;
1332:Drivers/STM32L4xx_HAL_Driver/Src/stm32l4xx_hal_rcc_ex.c **** #endif /* RCC_HSI48_SUPPORT */
1333:Drivers/STM32L4xx_HAL_Driver/Src/stm32l4xx_hal_rcc_ex.c ****         default:
1334:Drivers/STM32L4xx_HAL_Driver/Src/stm32l4xx_hal_rcc_ex.c ****           /* No clock source, frequency default init at 0 */
1335:Drivers/STM32L4xx_HAL_Driver/Src/stm32l4xx_hal_rcc_ex.c ****           break;
1336:Drivers/STM32L4xx_HAL_Driver/Src/stm32l4xx_hal_rcc_ex.c ****         } /* switch(srcclk) */
1337:Drivers/STM32L4xx_HAL_Driver/Src/stm32l4xx_hal_rcc_ex.c ****         break;
1338:Drivers/STM32L4xx_HAL_Driver/Src/stm32l4xx_hal_rcc_ex.c ****       }
1339:Drivers/STM32L4xx_HAL_Driver/Src/stm32l4xx_hal_rcc_ex.c **** 
1340:Drivers/STM32L4xx_HAL_Driver/Src/stm32l4xx_hal_rcc_ex.c **** #if defined(SDMMC1) && defined(RCC_CCIPR2_SDMMCSEL)
1341:Drivers/STM32L4xx_HAL_Driver/Src/stm32l4xx_hal_rcc_ex.c **** 
ARM GAS  /tmp/ccxIXDAo.s 			page 25


1342:Drivers/STM32L4xx_HAL_Driver/Src/stm32l4xx_hal_rcc_ex.c ****     case RCC_PERIPHCLK_SDMMC1:
1343:Drivers/STM32L4xx_HAL_Driver/Src/stm32l4xx_hal_rcc_ex.c **** 
1344:Drivers/STM32L4xx_HAL_Driver/Src/stm32l4xx_hal_rcc_ex.c ****       if(HAL_IS_BIT_SET(RCC->CCIPR2, RCC_CCIPR2_SDMMCSEL))  /* PLL "P" ? */
1345:Drivers/STM32L4xx_HAL_Driver/Src/stm32l4xx_hal_rcc_ex.c ****       {
1346:Drivers/STM32L4xx_HAL_Driver/Src/stm32l4xx_hal_rcc_ex.c ****         if(HAL_IS_BIT_SET(RCC->CR, RCC_CR_PLLRDY))
1347:Drivers/STM32L4xx_HAL_Driver/Src/stm32l4xx_hal_rcc_ex.c ****         {
1348:Drivers/STM32L4xx_HAL_Driver/Src/stm32l4xx_hal_rcc_ex.c ****           if(HAL_IS_BIT_SET(RCC->PLLCFGR, RCC_PLLCFGR_PLLPEN))
1349:Drivers/STM32L4xx_HAL_Driver/Src/stm32l4xx_hal_rcc_ex.c ****           {
1350:Drivers/STM32L4xx_HAL_Driver/Src/stm32l4xx_hal_rcc_ex.c ****             /* f(PLL Source) * PLLN / PLLM */
1351:Drivers/STM32L4xx_HAL_Driver/Src/stm32l4xx_hal_rcc_ex.c ****             plln = READ_BIT(RCC->PLLCFGR, RCC_PLLCFGR_PLLN) >> RCC_PLLCFGR_PLLN_Pos;
1352:Drivers/STM32L4xx_HAL_Driver/Src/stm32l4xx_hal_rcc_ex.c ****             pllvco = ((pllvco * plln) / ((READ_BIT(RCC->PLLCFGR, RCC_PLLCFGR_PLLM) >> RCC_PLLCFGR_P
1353:Drivers/STM32L4xx_HAL_Driver/Src/stm32l4xx_hal_rcc_ex.c ****             /* f(PLLSAI3CLK) = f(VCO input) / PLLP */
1354:Drivers/STM32L4xx_HAL_Driver/Src/stm32l4xx_hal_rcc_ex.c ****             pllp = READ_BIT(RCC->PLLCFGR, RCC_PLLCFGR_PLLPDIV) >> RCC_PLLCFGR_PLLPDIV_Pos;
1355:Drivers/STM32L4xx_HAL_Driver/Src/stm32l4xx_hal_rcc_ex.c ****             if(pllp == 0U)
1356:Drivers/STM32L4xx_HAL_Driver/Src/stm32l4xx_hal_rcc_ex.c ****             {
1357:Drivers/STM32L4xx_HAL_Driver/Src/stm32l4xx_hal_rcc_ex.c ****               if(READ_BIT(RCC->PLLCFGR, RCC_PLLCFGR_PLLP) != 0U)
1358:Drivers/STM32L4xx_HAL_Driver/Src/stm32l4xx_hal_rcc_ex.c ****               {
1359:Drivers/STM32L4xx_HAL_Driver/Src/stm32l4xx_hal_rcc_ex.c ****                 pllp = 17U;
1360:Drivers/STM32L4xx_HAL_Driver/Src/stm32l4xx_hal_rcc_ex.c ****               }
1361:Drivers/STM32L4xx_HAL_Driver/Src/stm32l4xx_hal_rcc_ex.c ****               else
1362:Drivers/STM32L4xx_HAL_Driver/Src/stm32l4xx_hal_rcc_ex.c ****               {
1363:Drivers/STM32L4xx_HAL_Driver/Src/stm32l4xx_hal_rcc_ex.c ****                 pllp = 7U;
1364:Drivers/STM32L4xx_HAL_Driver/Src/stm32l4xx_hal_rcc_ex.c ****               }
1365:Drivers/STM32L4xx_HAL_Driver/Src/stm32l4xx_hal_rcc_ex.c ****             }
1366:Drivers/STM32L4xx_HAL_Driver/Src/stm32l4xx_hal_rcc_ex.c ****             frequency = (pllvco / pllp);
1367:Drivers/STM32L4xx_HAL_Driver/Src/stm32l4xx_hal_rcc_ex.c ****           }
1368:Drivers/STM32L4xx_HAL_Driver/Src/stm32l4xx_hal_rcc_ex.c ****         }
1369:Drivers/STM32L4xx_HAL_Driver/Src/stm32l4xx_hal_rcc_ex.c ****       }
1370:Drivers/STM32L4xx_HAL_Driver/Src/stm32l4xx_hal_rcc_ex.c ****       else  /* 48MHz from PLL "Q" or MSI or PLLSAI1Q or HSI48 */
1371:Drivers/STM32L4xx_HAL_Driver/Src/stm32l4xx_hal_rcc_ex.c ****       {
1372:Drivers/STM32L4xx_HAL_Driver/Src/stm32l4xx_hal_rcc_ex.c ****         srcclk = READ_BIT(RCC->CCIPR, RCC_CCIPR_CLK48SEL);
1373:Drivers/STM32L4xx_HAL_Driver/Src/stm32l4xx_hal_rcc_ex.c **** 
1374:Drivers/STM32L4xx_HAL_Driver/Src/stm32l4xx_hal_rcc_ex.c ****         switch(srcclk)
1375:Drivers/STM32L4xx_HAL_Driver/Src/stm32l4xx_hal_rcc_ex.c ****         {
1376:Drivers/STM32L4xx_HAL_Driver/Src/stm32l4xx_hal_rcc_ex.c ****         case RCC_CCIPR_CLK48SEL:   /* MSI ? */
1377:Drivers/STM32L4xx_HAL_Driver/Src/stm32l4xx_hal_rcc_ex.c ****           if(HAL_IS_BIT_SET(RCC->CR, RCC_CR_MSIRDY))
1378:Drivers/STM32L4xx_HAL_Driver/Src/stm32l4xx_hal_rcc_ex.c ****           {
1379:Drivers/STM32L4xx_HAL_Driver/Src/stm32l4xx_hal_rcc_ex.c ****             /*MSI frequency range in HZ*/
1380:Drivers/STM32L4xx_HAL_Driver/Src/stm32l4xx_hal_rcc_ex.c ****             frequency = MSIRangeTable[(__HAL_RCC_GET_MSI_RANGE() >> 4U)];
1381:Drivers/STM32L4xx_HAL_Driver/Src/stm32l4xx_hal_rcc_ex.c ****           }
1382:Drivers/STM32L4xx_HAL_Driver/Src/stm32l4xx_hal_rcc_ex.c ****           break;
1383:Drivers/STM32L4xx_HAL_Driver/Src/stm32l4xx_hal_rcc_ex.c ****         case RCC_CCIPR_CLK48SEL_1:  /* PLL "Q" ? */
1384:Drivers/STM32L4xx_HAL_Driver/Src/stm32l4xx_hal_rcc_ex.c ****           if(HAL_IS_BIT_SET(RCC->CR, RCC_CR_PLLRDY))
1385:Drivers/STM32L4xx_HAL_Driver/Src/stm32l4xx_hal_rcc_ex.c ****           {
1386:Drivers/STM32L4xx_HAL_Driver/Src/stm32l4xx_hal_rcc_ex.c ****             if(HAL_IS_BIT_SET(RCC->PLLCFGR, RCC_PLLCFGR_PLLQEN))
1387:Drivers/STM32L4xx_HAL_Driver/Src/stm32l4xx_hal_rcc_ex.c ****             {
1388:Drivers/STM32L4xx_HAL_Driver/Src/stm32l4xx_hal_rcc_ex.c ****               /* f(PLL Source) * PLLN / PLLM */
1389:Drivers/STM32L4xx_HAL_Driver/Src/stm32l4xx_hal_rcc_ex.c ****               plln = READ_BIT(RCC->PLLCFGR, RCC_PLLCFGR_PLLN) >> RCC_PLLCFGR_PLLN_Pos;
1390:Drivers/STM32L4xx_HAL_Driver/Src/stm32l4xx_hal_rcc_ex.c ****               pllvco = ((pllvco * plln) / ((READ_BIT(RCC->PLLCFGR, RCC_PLLCFGR_PLLM) >> RCC_PLLCFGR
1391:Drivers/STM32L4xx_HAL_Driver/Src/stm32l4xx_hal_rcc_ex.c ****               /* f(PLL48M1CLK) = f(VCO input) / PLLQ */
1392:Drivers/STM32L4xx_HAL_Driver/Src/stm32l4xx_hal_rcc_ex.c ****               frequency = (pllvco / (((READ_BIT(RCC->PLLCFGR, RCC_PLLCFGR_PLLQ) >> RCC_PLLCFGR_PLLQ
1393:Drivers/STM32L4xx_HAL_Driver/Src/stm32l4xx_hal_rcc_ex.c ****             }
1394:Drivers/STM32L4xx_HAL_Driver/Src/stm32l4xx_hal_rcc_ex.c ****           }
1395:Drivers/STM32L4xx_HAL_Driver/Src/stm32l4xx_hal_rcc_ex.c ****           break;
1396:Drivers/STM32L4xx_HAL_Driver/Src/stm32l4xx_hal_rcc_ex.c ****         case RCC_CCIPR_CLK48SEL_0:  /* PLLSAI1 ? */
1397:Drivers/STM32L4xx_HAL_Driver/Src/stm32l4xx_hal_rcc_ex.c ****           if(HAL_IS_BIT_SET(RCC->CR, RCC_CR_PLLSAI1RDY))
1398:Drivers/STM32L4xx_HAL_Driver/Src/stm32l4xx_hal_rcc_ex.c ****           {
ARM GAS  /tmp/ccxIXDAo.s 			page 26


1399:Drivers/STM32L4xx_HAL_Driver/Src/stm32l4xx_hal_rcc_ex.c ****             if(HAL_IS_BIT_SET(RCC->PLLSAI1CFGR, RCC_PLLSAI1CFGR_PLLSAI1QEN))
1400:Drivers/STM32L4xx_HAL_Driver/Src/stm32l4xx_hal_rcc_ex.c ****             {
1401:Drivers/STM32L4xx_HAL_Driver/Src/stm32l4xx_hal_rcc_ex.c ****               /* f(PLLSAI1 Source) * PLLSAI1N / PLLSAI1M */
1402:Drivers/STM32L4xx_HAL_Driver/Src/stm32l4xx_hal_rcc_ex.c ****               plln = READ_BIT(RCC->PLLSAI1CFGR, RCC_PLLSAI1CFGR_PLLSAI1N) >> RCC_PLLSAI1CFGR_PLLSAI
1403:Drivers/STM32L4xx_HAL_Driver/Src/stm32l4xx_hal_rcc_ex.c ****               pllvco = ((pllvco * plln) / ((READ_BIT(RCC->PLLSAI1CFGR, RCC_PLLSAI1CFGR_PLLSAI1M) >>
1404:Drivers/STM32L4xx_HAL_Driver/Src/stm32l4xx_hal_rcc_ex.c ****               /* f(PLL48M2CLK) = f(VCOSAI1 input) / PLLSAI1Q */
1405:Drivers/STM32L4xx_HAL_Driver/Src/stm32l4xx_hal_rcc_ex.c ****               frequency = (pllvco / (((READ_BIT(RCC->PLLSAI1CFGR, RCC_PLLSAI1CFGR_PLLSAI1Q) >> RCC_
1406:Drivers/STM32L4xx_HAL_Driver/Src/stm32l4xx_hal_rcc_ex.c ****             }
1407:Drivers/STM32L4xx_HAL_Driver/Src/stm32l4xx_hal_rcc_ex.c ****           }
1408:Drivers/STM32L4xx_HAL_Driver/Src/stm32l4xx_hal_rcc_ex.c ****           break;
1409:Drivers/STM32L4xx_HAL_Driver/Src/stm32l4xx_hal_rcc_ex.c ****         case 0U:
1410:Drivers/STM32L4xx_HAL_Driver/Src/stm32l4xx_hal_rcc_ex.c ****           if(HAL_IS_BIT_SET(RCC->CRRCR, RCC_CRRCR_HSI48RDY)) /* HSI48 ? */
1411:Drivers/STM32L4xx_HAL_Driver/Src/stm32l4xx_hal_rcc_ex.c ****           {
1412:Drivers/STM32L4xx_HAL_Driver/Src/stm32l4xx_hal_rcc_ex.c ****             frequency = HSI48_VALUE;
1413:Drivers/STM32L4xx_HAL_Driver/Src/stm32l4xx_hal_rcc_ex.c ****           }
1414:Drivers/STM32L4xx_HAL_Driver/Src/stm32l4xx_hal_rcc_ex.c ****           break;
1415:Drivers/STM32L4xx_HAL_Driver/Src/stm32l4xx_hal_rcc_ex.c ****         default:
1416:Drivers/STM32L4xx_HAL_Driver/Src/stm32l4xx_hal_rcc_ex.c ****           /* No clock source, frequency default init at 0 */
1417:Drivers/STM32L4xx_HAL_Driver/Src/stm32l4xx_hal_rcc_ex.c ****           break;
1418:Drivers/STM32L4xx_HAL_Driver/Src/stm32l4xx_hal_rcc_ex.c ****         } /* switch(srcclk) */
1419:Drivers/STM32L4xx_HAL_Driver/Src/stm32l4xx_hal_rcc_ex.c ****       }
1420:Drivers/STM32L4xx_HAL_Driver/Src/stm32l4xx_hal_rcc_ex.c ****       break;
1421:Drivers/STM32L4xx_HAL_Driver/Src/stm32l4xx_hal_rcc_ex.c **** 
1422:Drivers/STM32L4xx_HAL_Driver/Src/stm32l4xx_hal_rcc_ex.c **** #endif /* SDMMC1 && RCC_CCIPR2_SDMMCSEL */
1423:Drivers/STM32L4xx_HAL_Driver/Src/stm32l4xx_hal_rcc_ex.c **** 
1424:Drivers/STM32L4xx_HAL_Driver/Src/stm32l4xx_hal_rcc_ex.c ****     case RCC_PERIPHCLK_USART1:
1425:Drivers/STM32L4xx_HAL_Driver/Src/stm32l4xx_hal_rcc_ex.c ****       {
1426:Drivers/STM32L4xx_HAL_Driver/Src/stm32l4xx_hal_rcc_ex.c ****         /* Get the current USART1 source */
1427:Drivers/STM32L4xx_HAL_Driver/Src/stm32l4xx_hal_rcc_ex.c ****         srcclk = __HAL_RCC_GET_USART1_SOURCE();
1428:Drivers/STM32L4xx_HAL_Driver/Src/stm32l4xx_hal_rcc_ex.c **** 
1429:Drivers/STM32L4xx_HAL_Driver/Src/stm32l4xx_hal_rcc_ex.c ****         switch(srcclk)
1430:Drivers/STM32L4xx_HAL_Driver/Src/stm32l4xx_hal_rcc_ex.c ****         {
1431:Drivers/STM32L4xx_HAL_Driver/Src/stm32l4xx_hal_rcc_ex.c ****         case RCC_USART1CLKSOURCE_PCLK2:
1432:Drivers/STM32L4xx_HAL_Driver/Src/stm32l4xx_hal_rcc_ex.c ****           frequency = HAL_RCC_GetPCLK2Freq();
1433:Drivers/STM32L4xx_HAL_Driver/Src/stm32l4xx_hal_rcc_ex.c ****           break;
1434:Drivers/STM32L4xx_HAL_Driver/Src/stm32l4xx_hal_rcc_ex.c ****         case RCC_USART1CLKSOURCE_SYSCLK:
1435:Drivers/STM32L4xx_HAL_Driver/Src/stm32l4xx_hal_rcc_ex.c ****           frequency = HAL_RCC_GetSysClockFreq();
1436:Drivers/STM32L4xx_HAL_Driver/Src/stm32l4xx_hal_rcc_ex.c ****           break;
1437:Drivers/STM32L4xx_HAL_Driver/Src/stm32l4xx_hal_rcc_ex.c ****         case RCC_USART1CLKSOURCE_HSI:
1438:Drivers/STM32L4xx_HAL_Driver/Src/stm32l4xx_hal_rcc_ex.c ****           if(HAL_IS_BIT_SET(RCC->CR, RCC_CR_HSIRDY))
1439:Drivers/STM32L4xx_HAL_Driver/Src/stm32l4xx_hal_rcc_ex.c ****           {
1440:Drivers/STM32L4xx_HAL_Driver/Src/stm32l4xx_hal_rcc_ex.c ****             frequency = HSI_VALUE;
1441:Drivers/STM32L4xx_HAL_Driver/Src/stm32l4xx_hal_rcc_ex.c ****           }
1442:Drivers/STM32L4xx_HAL_Driver/Src/stm32l4xx_hal_rcc_ex.c ****           break;
1443:Drivers/STM32L4xx_HAL_Driver/Src/stm32l4xx_hal_rcc_ex.c ****         case RCC_USART1CLKSOURCE_LSE:
1444:Drivers/STM32L4xx_HAL_Driver/Src/stm32l4xx_hal_rcc_ex.c ****           if(HAL_IS_BIT_SET(RCC->BDCR, RCC_BDCR_LSERDY))
1445:Drivers/STM32L4xx_HAL_Driver/Src/stm32l4xx_hal_rcc_ex.c ****           {
1446:Drivers/STM32L4xx_HAL_Driver/Src/stm32l4xx_hal_rcc_ex.c ****             frequency = LSE_VALUE;
1447:Drivers/STM32L4xx_HAL_Driver/Src/stm32l4xx_hal_rcc_ex.c ****           }
1448:Drivers/STM32L4xx_HAL_Driver/Src/stm32l4xx_hal_rcc_ex.c ****           break;
1449:Drivers/STM32L4xx_HAL_Driver/Src/stm32l4xx_hal_rcc_ex.c ****         default:
1450:Drivers/STM32L4xx_HAL_Driver/Src/stm32l4xx_hal_rcc_ex.c ****           /* No clock source, frequency default init at 0 */
1451:Drivers/STM32L4xx_HAL_Driver/Src/stm32l4xx_hal_rcc_ex.c ****           break;
1452:Drivers/STM32L4xx_HAL_Driver/Src/stm32l4xx_hal_rcc_ex.c ****         }
1453:Drivers/STM32L4xx_HAL_Driver/Src/stm32l4xx_hal_rcc_ex.c **** 
1454:Drivers/STM32L4xx_HAL_Driver/Src/stm32l4xx_hal_rcc_ex.c ****         break;
1455:Drivers/STM32L4xx_HAL_Driver/Src/stm32l4xx_hal_rcc_ex.c ****       }
ARM GAS  /tmp/ccxIXDAo.s 			page 27


1456:Drivers/STM32L4xx_HAL_Driver/Src/stm32l4xx_hal_rcc_ex.c **** 
1457:Drivers/STM32L4xx_HAL_Driver/Src/stm32l4xx_hal_rcc_ex.c ****     case RCC_PERIPHCLK_USART2:
1458:Drivers/STM32L4xx_HAL_Driver/Src/stm32l4xx_hal_rcc_ex.c ****       {
1459:Drivers/STM32L4xx_HAL_Driver/Src/stm32l4xx_hal_rcc_ex.c ****         /* Get the current USART2 source */
1460:Drivers/STM32L4xx_HAL_Driver/Src/stm32l4xx_hal_rcc_ex.c ****         srcclk = __HAL_RCC_GET_USART2_SOURCE();
1461:Drivers/STM32L4xx_HAL_Driver/Src/stm32l4xx_hal_rcc_ex.c **** 
1462:Drivers/STM32L4xx_HAL_Driver/Src/stm32l4xx_hal_rcc_ex.c ****         switch(srcclk)
1463:Drivers/STM32L4xx_HAL_Driver/Src/stm32l4xx_hal_rcc_ex.c ****         {
1464:Drivers/STM32L4xx_HAL_Driver/Src/stm32l4xx_hal_rcc_ex.c ****         case RCC_USART2CLKSOURCE_PCLK1:
1465:Drivers/STM32L4xx_HAL_Driver/Src/stm32l4xx_hal_rcc_ex.c ****           frequency = HAL_RCC_GetPCLK1Freq();
1466:Drivers/STM32L4xx_HAL_Driver/Src/stm32l4xx_hal_rcc_ex.c ****           break;
1467:Drivers/STM32L4xx_HAL_Driver/Src/stm32l4xx_hal_rcc_ex.c ****         case RCC_USART2CLKSOURCE_SYSCLK:
1468:Drivers/STM32L4xx_HAL_Driver/Src/stm32l4xx_hal_rcc_ex.c ****           frequency = HAL_RCC_GetSysClockFreq();
1469:Drivers/STM32L4xx_HAL_Driver/Src/stm32l4xx_hal_rcc_ex.c ****           break;
1470:Drivers/STM32L4xx_HAL_Driver/Src/stm32l4xx_hal_rcc_ex.c ****         case RCC_USART2CLKSOURCE_HSI:
1471:Drivers/STM32L4xx_HAL_Driver/Src/stm32l4xx_hal_rcc_ex.c ****           if(HAL_IS_BIT_SET(RCC->CR, RCC_CR_HSIRDY))
1472:Drivers/STM32L4xx_HAL_Driver/Src/stm32l4xx_hal_rcc_ex.c ****           {
1473:Drivers/STM32L4xx_HAL_Driver/Src/stm32l4xx_hal_rcc_ex.c ****             frequency = HSI_VALUE;
1474:Drivers/STM32L4xx_HAL_Driver/Src/stm32l4xx_hal_rcc_ex.c ****           }
1475:Drivers/STM32L4xx_HAL_Driver/Src/stm32l4xx_hal_rcc_ex.c ****           break;
1476:Drivers/STM32L4xx_HAL_Driver/Src/stm32l4xx_hal_rcc_ex.c ****         case RCC_USART2CLKSOURCE_LSE:
1477:Drivers/STM32L4xx_HAL_Driver/Src/stm32l4xx_hal_rcc_ex.c ****           if(HAL_IS_BIT_SET(RCC->BDCR, RCC_BDCR_LSERDY))
1478:Drivers/STM32L4xx_HAL_Driver/Src/stm32l4xx_hal_rcc_ex.c ****           {
1479:Drivers/STM32L4xx_HAL_Driver/Src/stm32l4xx_hal_rcc_ex.c ****             frequency = LSE_VALUE;
1480:Drivers/STM32L4xx_HAL_Driver/Src/stm32l4xx_hal_rcc_ex.c ****           }
1481:Drivers/STM32L4xx_HAL_Driver/Src/stm32l4xx_hal_rcc_ex.c ****           break;
1482:Drivers/STM32L4xx_HAL_Driver/Src/stm32l4xx_hal_rcc_ex.c ****         default:
1483:Drivers/STM32L4xx_HAL_Driver/Src/stm32l4xx_hal_rcc_ex.c ****           /* No clock source, frequency default init at 0 */
1484:Drivers/STM32L4xx_HAL_Driver/Src/stm32l4xx_hal_rcc_ex.c ****           break;
1485:Drivers/STM32L4xx_HAL_Driver/Src/stm32l4xx_hal_rcc_ex.c ****         }
1486:Drivers/STM32L4xx_HAL_Driver/Src/stm32l4xx_hal_rcc_ex.c **** 
1487:Drivers/STM32L4xx_HAL_Driver/Src/stm32l4xx_hal_rcc_ex.c ****         break;
1488:Drivers/STM32L4xx_HAL_Driver/Src/stm32l4xx_hal_rcc_ex.c ****       }
1489:Drivers/STM32L4xx_HAL_Driver/Src/stm32l4xx_hal_rcc_ex.c **** 
1490:Drivers/STM32L4xx_HAL_Driver/Src/stm32l4xx_hal_rcc_ex.c **** #if defined(USART3)
1491:Drivers/STM32L4xx_HAL_Driver/Src/stm32l4xx_hal_rcc_ex.c **** 
1492:Drivers/STM32L4xx_HAL_Driver/Src/stm32l4xx_hal_rcc_ex.c ****     case RCC_PERIPHCLK_USART3:
1493:Drivers/STM32L4xx_HAL_Driver/Src/stm32l4xx_hal_rcc_ex.c ****       {
1494:Drivers/STM32L4xx_HAL_Driver/Src/stm32l4xx_hal_rcc_ex.c ****         /* Get the current USART3 source */
1495:Drivers/STM32L4xx_HAL_Driver/Src/stm32l4xx_hal_rcc_ex.c ****         srcclk = __HAL_RCC_GET_USART3_SOURCE();
1496:Drivers/STM32L4xx_HAL_Driver/Src/stm32l4xx_hal_rcc_ex.c **** 
1497:Drivers/STM32L4xx_HAL_Driver/Src/stm32l4xx_hal_rcc_ex.c ****         switch(srcclk)
1498:Drivers/STM32L4xx_HAL_Driver/Src/stm32l4xx_hal_rcc_ex.c ****         {
1499:Drivers/STM32L4xx_HAL_Driver/Src/stm32l4xx_hal_rcc_ex.c ****         case RCC_USART3CLKSOURCE_PCLK1:
1500:Drivers/STM32L4xx_HAL_Driver/Src/stm32l4xx_hal_rcc_ex.c ****           frequency = HAL_RCC_GetPCLK1Freq();
1501:Drivers/STM32L4xx_HAL_Driver/Src/stm32l4xx_hal_rcc_ex.c ****           break;
1502:Drivers/STM32L4xx_HAL_Driver/Src/stm32l4xx_hal_rcc_ex.c ****         case RCC_USART3CLKSOURCE_SYSCLK:
1503:Drivers/STM32L4xx_HAL_Driver/Src/stm32l4xx_hal_rcc_ex.c ****           frequency = HAL_RCC_GetSysClockFreq();
1504:Drivers/STM32L4xx_HAL_Driver/Src/stm32l4xx_hal_rcc_ex.c ****           break;
1505:Drivers/STM32L4xx_HAL_Driver/Src/stm32l4xx_hal_rcc_ex.c ****         case RCC_USART3CLKSOURCE_HSI:
1506:Drivers/STM32L4xx_HAL_Driver/Src/stm32l4xx_hal_rcc_ex.c ****           if(HAL_IS_BIT_SET(RCC->CR, RCC_CR_HSIRDY))
1507:Drivers/STM32L4xx_HAL_Driver/Src/stm32l4xx_hal_rcc_ex.c ****           {
1508:Drivers/STM32L4xx_HAL_Driver/Src/stm32l4xx_hal_rcc_ex.c ****             frequency = HSI_VALUE;
1509:Drivers/STM32L4xx_HAL_Driver/Src/stm32l4xx_hal_rcc_ex.c ****           }
1510:Drivers/STM32L4xx_HAL_Driver/Src/stm32l4xx_hal_rcc_ex.c ****           break;
1511:Drivers/STM32L4xx_HAL_Driver/Src/stm32l4xx_hal_rcc_ex.c ****         case RCC_USART3CLKSOURCE_LSE:
1512:Drivers/STM32L4xx_HAL_Driver/Src/stm32l4xx_hal_rcc_ex.c ****           if(HAL_IS_BIT_SET(RCC->BDCR, RCC_BDCR_LSERDY))
ARM GAS  /tmp/ccxIXDAo.s 			page 28


1513:Drivers/STM32L4xx_HAL_Driver/Src/stm32l4xx_hal_rcc_ex.c ****           {
1514:Drivers/STM32L4xx_HAL_Driver/Src/stm32l4xx_hal_rcc_ex.c ****             frequency = LSE_VALUE;
1515:Drivers/STM32L4xx_HAL_Driver/Src/stm32l4xx_hal_rcc_ex.c ****           }
1516:Drivers/STM32L4xx_HAL_Driver/Src/stm32l4xx_hal_rcc_ex.c ****           break;
1517:Drivers/STM32L4xx_HAL_Driver/Src/stm32l4xx_hal_rcc_ex.c ****         default:
1518:Drivers/STM32L4xx_HAL_Driver/Src/stm32l4xx_hal_rcc_ex.c ****           /* No clock source, frequency default init at 0 */
1519:Drivers/STM32L4xx_HAL_Driver/Src/stm32l4xx_hal_rcc_ex.c ****           break;
1520:Drivers/STM32L4xx_HAL_Driver/Src/stm32l4xx_hal_rcc_ex.c ****         }
1521:Drivers/STM32L4xx_HAL_Driver/Src/stm32l4xx_hal_rcc_ex.c **** 
1522:Drivers/STM32L4xx_HAL_Driver/Src/stm32l4xx_hal_rcc_ex.c ****         break;
1523:Drivers/STM32L4xx_HAL_Driver/Src/stm32l4xx_hal_rcc_ex.c ****       }
1524:Drivers/STM32L4xx_HAL_Driver/Src/stm32l4xx_hal_rcc_ex.c **** 
1525:Drivers/STM32L4xx_HAL_Driver/Src/stm32l4xx_hal_rcc_ex.c **** #endif /* USART3 */
1526:Drivers/STM32L4xx_HAL_Driver/Src/stm32l4xx_hal_rcc_ex.c **** 
1527:Drivers/STM32L4xx_HAL_Driver/Src/stm32l4xx_hal_rcc_ex.c **** #if defined(UART4)
1528:Drivers/STM32L4xx_HAL_Driver/Src/stm32l4xx_hal_rcc_ex.c **** 
1529:Drivers/STM32L4xx_HAL_Driver/Src/stm32l4xx_hal_rcc_ex.c ****     case RCC_PERIPHCLK_UART4:
1530:Drivers/STM32L4xx_HAL_Driver/Src/stm32l4xx_hal_rcc_ex.c ****       {
1531:Drivers/STM32L4xx_HAL_Driver/Src/stm32l4xx_hal_rcc_ex.c ****         /* Get the current UART4 source */
1532:Drivers/STM32L4xx_HAL_Driver/Src/stm32l4xx_hal_rcc_ex.c ****         srcclk = __HAL_RCC_GET_UART4_SOURCE();
1533:Drivers/STM32L4xx_HAL_Driver/Src/stm32l4xx_hal_rcc_ex.c **** 
1534:Drivers/STM32L4xx_HAL_Driver/Src/stm32l4xx_hal_rcc_ex.c ****         switch(srcclk)
1535:Drivers/STM32L4xx_HAL_Driver/Src/stm32l4xx_hal_rcc_ex.c ****         {
1536:Drivers/STM32L4xx_HAL_Driver/Src/stm32l4xx_hal_rcc_ex.c ****         case RCC_UART4CLKSOURCE_PCLK1:
1537:Drivers/STM32L4xx_HAL_Driver/Src/stm32l4xx_hal_rcc_ex.c ****           frequency = HAL_RCC_GetPCLK1Freq();
1538:Drivers/STM32L4xx_HAL_Driver/Src/stm32l4xx_hal_rcc_ex.c ****           break;
1539:Drivers/STM32L4xx_HAL_Driver/Src/stm32l4xx_hal_rcc_ex.c ****         case RCC_UART4CLKSOURCE_SYSCLK:
1540:Drivers/STM32L4xx_HAL_Driver/Src/stm32l4xx_hal_rcc_ex.c ****           frequency = HAL_RCC_GetSysClockFreq();
1541:Drivers/STM32L4xx_HAL_Driver/Src/stm32l4xx_hal_rcc_ex.c ****           break;
1542:Drivers/STM32L4xx_HAL_Driver/Src/stm32l4xx_hal_rcc_ex.c ****         case RCC_UART4CLKSOURCE_HSI:
1543:Drivers/STM32L4xx_HAL_Driver/Src/stm32l4xx_hal_rcc_ex.c ****           if(HAL_IS_BIT_SET(RCC->CR, RCC_CR_HSIRDY))
1544:Drivers/STM32L4xx_HAL_Driver/Src/stm32l4xx_hal_rcc_ex.c ****           {
1545:Drivers/STM32L4xx_HAL_Driver/Src/stm32l4xx_hal_rcc_ex.c ****             frequency = HSI_VALUE;
1546:Drivers/STM32L4xx_HAL_Driver/Src/stm32l4xx_hal_rcc_ex.c ****           }
1547:Drivers/STM32L4xx_HAL_Driver/Src/stm32l4xx_hal_rcc_ex.c ****           break;
1548:Drivers/STM32L4xx_HAL_Driver/Src/stm32l4xx_hal_rcc_ex.c ****         case RCC_UART4CLKSOURCE_LSE:
1549:Drivers/STM32L4xx_HAL_Driver/Src/stm32l4xx_hal_rcc_ex.c ****           if(HAL_IS_BIT_SET(RCC->BDCR, RCC_BDCR_LSERDY))
1550:Drivers/STM32L4xx_HAL_Driver/Src/stm32l4xx_hal_rcc_ex.c ****           {
1551:Drivers/STM32L4xx_HAL_Driver/Src/stm32l4xx_hal_rcc_ex.c ****             frequency = LSE_VALUE;
1552:Drivers/STM32L4xx_HAL_Driver/Src/stm32l4xx_hal_rcc_ex.c ****           }
1553:Drivers/STM32L4xx_HAL_Driver/Src/stm32l4xx_hal_rcc_ex.c ****           break;
1554:Drivers/STM32L4xx_HAL_Driver/Src/stm32l4xx_hal_rcc_ex.c ****         default:
1555:Drivers/STM32L4xx_HAL_Driver/Src/stm32l4xx_hal_rcc_ex.c ****           /* No clock source, frequency default init at 0 */
1556:Drivers/STM32L4xx_HAL_Driver/Src/stm32l4xx_hal_rcc_ex.c ****           break;
1557:Drivers/STM32L4xx_HAL_Driver/Src/stm32l4xx_hal_rcc_ex.c ****         }
1558:Drivers/STM32L4xx_HAL_Driver/Src/stm32l4xx_hal_rcc_ex.c **** 
1559:Drivers/STM32L4xx_HAL_Driver/Src/stm32l4xx_hal_rcc_ex.c ****         break;
1560:Drivers/STM32L4xx_HAL_Driver/Src/stm32l4xx_hal_rcc_ex.c ****       }
1561:Drivers/STM32L4xx_HAL_Driver/Src/stm32l4xx_hal_rcc_ex.c **** 
1562:Drivers/STM32L4xx_HAL_Driver/Src/stm32l4xx_hal_rcc_ex.c **** #endif /* UART4 */
1563:Drivers/STM32L4xx_HAL_Driver/Src/stm32l4xx_hal_rcc_ex.c **** 
1564:Drivers/STM32L4xx_HAL_Driver/Src/stm32l4xx_hal_rcc_ex.c **** #if defined(UART5)
1565:Drivers/STM32L4xx_HAL_Driver/Src/stm32l4xx_hal_rcc_ex.c **** 
1566:Drivers/STM32L4xx_HAL_Driver/Src/stm32l4xx_hal_rcc_ex.c ****     case RCC_PERIPHCLK_UART5:
1567:Drivers/STM32L4xx_HAL_Driver/Src/stm32l4xx_hal_rcc_ex.c ****       {
1568:Drivers/STM32L4xx_HAL_Driver/Src/stm32l4xx_hal_rcc_ex.c ****         /* Get the current UART5 source */
1569:Drivers/STM32L4xx_HAL_Driver/Src/stm32l4xx_hal_rcc_ex.c ****         srcclk = __HAL_RCC_GET_UART5_SOURCE();
ARM GAS  /tmp/ccxIXDAo.s 			page 29


1570:Drivers/STM32L4xx_HAL_Driver/Src/stm32l4xx_hal_rcc_ex.c **** 
1571:Drivers/STM32L4xx_HAL_Driver/Src/stm32l4xx_hal_rcc_ex.c ****         switch(srcclk)
1572:Drivers/STM32L4xx_HAL_Driver/Src/stm32l4xx_hal_rcc_ex.c ****         {
1573:Drivers/STM32L4xx_HAL_Driver/Src/stm32l4xx_hal_rcc_ex.c ****         case RCC_UART5CLKSOURCE_PCLK1:
1574:Drivers/STM32L4xx_HAL_Driver/Src/stm32l4xx_hal_rcc_ex.c ****           frequency = HAL_RCC_GetPCLK1Freq();
1575:Drivers/STM32L4xx_HAL_Driver/Src/stm32l4xx_hal_rcc_ex.c ****           break;
1576:Drivers/STM32L4xx_HAL_Driver/Src/stm32l4xx_hal_rcc_ex.c ****         case RCC_UART5CLKSOURCE_SYSCLK:
1577:Drivers/STM32L4xx_HAL_Driver/Src/stm32l4xx_hal_rcc_ex.c ****           frequency = HAL_RCC_GetSysClockFreq();
1578:Drivers/STM32L4xx_HAL_Driver/Src/stm32l4xx_hal_rcc_ex.c ****           break;
1579:Drivers/STM32L4xx_HAL_Driver/Src/stm32l4xx_hal_rcc_ex.c ****         case RCC_UART5CLKSOURCE_HSI:
1580:Drivers/STM32L4xx_HAL_Driver/Src/stm32l4xx_hal_rcc_ex.c ****           if(HAL_IS_BIT_SET(RCC->CR, RCC_CR_HSIRDY))
1581:Drivers/STM32L4xx_HAL_Driver/Src/stm32l4xx_hal_rcc_ex.c ****           {
1582:Drivers/STM32L4xx_HAL_Driver/Src/stm32l4xx_hal_rcc_ex.c ****             frequency = HSI_VALUE;
1583:Drivers/STM32L4xx_HAL_Driver/Src/stm32l4xx_hal_rcc_ex.c ****           }
1584:Drivers/STM32L4xx_HAL_Driver/Src/stm32l4xx_hal_rcc_ex.c ****           break;
1585:Drivers/STM32L4xx_HAL_Driver/Src/stm32l4xx_hal_rcc_ex.c ****         case RCC_UART5CLKSOURCE_LSE:
1586:Drivers/STM32L4xx_HAL_Driver/Src/stm32l4xx_hal_rcc_ex.c ****           if(HAL_IS_BIT_SET(RCC->BDCR, RCC_BDCR_LSERDY))
1587:Drivers/STM32L4xx_HAL_Driver/Src/stm32l4xx_hal_rcc_ex.c ****           {
1588:Drivers/STM32L4xx_HAL_Driver/Src/stm32l4xx_hal_rcc_ex.c ****             frequency = LSE_VALUE;
1589:Drivers/STM32L4xx_HAL_Driver/Src/stm32l4xx_hal_rcc_ex.c ****           }
1590:Drivers/STM32L4xx_HAL_Driver/Src/stm32l4xx_hal_rcc_ex.c ****           break;
1591:Drivers/STM32L4xx_HAL_Driver/Src/stm32l4xx_hal_rcc_ex.c ****         default:
1592:Drivers/STM32L4xx_HAL_Driver/Src/stm32l4xx_hal_rcc_ex.c ****           /* No clock source, frequency default init at 0 */
1593:Drivers/STM32L4xx_HAL_Driver/Src/stm32l4xx_hal_rcc_ex.c ****           break;
1594:Drivers/STM32L4xx_HAL_Driver/Src/stm32l4xx_hal_rcc_ex.c ****         }
1595:Drivers/STM32L4xx_HAL_Driver/Src/stm32l4xx_hal_rcc_ex.c **** 
1596:Drivers/STM32L4xx_HAL_Driver/Src/stm32l4xx_hal_rcc_ex.c ****         break;
1597:Drivers/STM32L4xx_HAL_Driver/Src/stm32l4xx_hal_rcc_ex.c ****       }
1598:Drivers/STM32L4xx_HAL_Driver/Src/stm32l4xx_hal_rcc_ex.c **** 
1599:Drivers/STM32L4xx_HAL_Driver/Src/stm32l4xx_hal_rcc_ex.c **** #endif /* UART5 */
1600:Drivers/STM32L4xx_HAL_Driver/Src/stm32l4xx_hal_rcc_ex.c **** 
1601:Drivers/STM32L4xx_HAL_Driver/Src/stm32l4xx_hal_rcc_ex.c ****     case RCC_PERIPHCLK_LPUART1:
1602:Drivers/STM32L4xx_HAL_Driver/Src/stm32l4xx_hal_rcc_ex.c ****       {
1603:Drivers/STM32L4xx_HAL_Driver/Src/stm32l4xx_hal_rcc_ex.c ****         /* Get the current LPUART1 source */
1604:Drivers/STM32L4xx_HAL_Driver/Src/stm32l4xx_hal_rcc_ex.c ****         srcclk = __HAL_RCC_GET_LPUART1_SOURCE();
1605:Drivers/STM32L4xx_HAL_Driver/Src/stm32l4xx_hal_rcc_ex.c **** 
1606:Drivers/STM32L4xx_HAL_Driver/Src/stm32l4xx_hal_rcc_ex.c ****         switch(srcclk)
1607:Drivers/STM32L4xx_HAL_Driver/Src/stm32l4xx_hal_rcc_ex.c ****         {
1608:Drivers/STM32L4xx_HAL_Driver/Src/stm32l4xx_hal_rcc_ex.c ****         case RCC_LPUART1CLKSOURCE_PCLK1:
1609:Drivers/STM32L4xx_HAL_Driver/Src/stm32l4xx_hal_rcc_ex.c ****           frequency = HAL_RCC_GetPCLK1Freq();
1610:Drivers/STM32L4xx_HAL_Driver/Src/stm32l4xx_hal_rcc_ex.c ****           break;
1611:Drivers/STM32L4xx_HAL_Driver/Src/stm32l4xx_hal_rcc_ex.c ****         case RCC_LPUART1CLKSOURCE_SYSCLK:
1612:Drivers/STM32L4xx_HAL_Driver/Src/stm32l4xx_hal_rcc_ex.c ****           frequency = HAL_RCC_GetSysClockFreq();
1613:Drivers/STM32L4xx_HAL_Driver/Src/stm32l4xx_hal_rcc_ex.c ****           break;
1614:Drivers/STM32L4xx_HAL_Driver/Src/stm32l4xx_hal_rcc_ex.c ****         case RCC_LPUART1CLKSOURCE_HSI:
1615:Drivers/STM32L4xx_HAL_Driver/Src/stm32l4xx_hal_rcc_ex.c ****           if(HAL_IS_BIT_SET(RCC->CR, RCC_CR_HSIRDY))
1616:Drivers/STM32L4xx_HAL_Driver/Src/stm32l4xx_hal_rcc_ex.c ****           {
1617:Drivers/STM32L4xx_HAL_Driver/Src/stm32l4xx_hal_rcc_ex.c ****             frequency = HSI_VALUE;
1618:Drivers/STM32L4xx_HAL_Driver/Src/stm32l4xx_hal_rcc_ex.c ****           }
1619:Drivers/STM32L4xx_HAL_Driver/Src/stm32l4xx_hal_rcc_ex.c ****           break;
1620:Drivers/STM32L4xx_HAL_Driver/Src/stm32l4xx_hal_rcc_ex.c ****         case RCC_LPUART1CLKSOURCE_LSE:
1621:Drivers/STM32L4xx_HAL_Driver/Src/stm32l4xx_hal_rcc_ex.c ****           if(HAL_IS_BIT_SET(RCC->BDCR, RCC_BDCR_LSERDY))
1622:Drivers/STM32L4xx_HAL_Driver/Src/stm32l4xx_hal_rcc_ex.c ****           {
1623:Drivers/STM32L4xx_HAL_Driver/Src/stm32l4xx_hal_rcc_ex.c ****             frequency = LSE_VALUE;
1624:Drivers/STM32L4xx_HAL_Driver/Src/stm32l4xx_hal_rcc_ex.c ****           }
1625:Drivers/STM32L4xx_HAL_Driver/Src/stm32l4xx_hal_rcc_ex.c ****           break;
1626:Drivers/STM32L4xx_HAL_Driver/Src/stm32l4xx_hal_rcc_ex.c ****         default:
ARM GAS  /tmp/ccxIXDAo.s 			page 30


1627:Drivers/STM32L4xx_HAL_Driver/Src/stm32l4xx_hal_rcc_ex.c ****           /* No clock source, frequency default init at 0 */
1628:Drivers/STM32L4xx_HAL_Driver/Src/stm32l4xx_hal_rcc_ex.c ****           break;
1629:Drivers/STM32L4xx_HAL_Driver/Src/stm32l4xx_hal_rcc_ex.c ****         }
1630:Drivers/STM32L4xx_HAL_Driver/Src/stm32l4xx_hal_rcc_ex.c **** 
1631:Drivers/STM32L4xx_HAL_Driver/Src/stm32l4xx_hal_rcc_ex.c ****         break;
1632:Drivers/STM32L4xx_HAL_Driver/Src/stm32l4xx_hal_rcc_ex.c ****       }
1633:Drivers/STM32L4xx_HAL_Driver/Src/stm32l4xx_hal_rcc_ex.c **** 
1634:Drivers/STM32L4xx_HAL_Driver/Src/stm32l4xx_hal_rcc_ex.c ****     case RCC_PERIPHCLK_ADC:
1635:Drivers/STM32L4xx_HAL_Driver/Src/stm32l4xx_hal_rcc_ex.c ****       {
1636:Drivers/STM32L4xx_HAL_Driver/Src/stm32l4xx_hal_rcc_ex.c ****         srcclk = __HAL_RCC_GET_ADC_SOURCE();
1637:Drivers/STM32L4xx_HAL_Driver/Src/stm32l4xx_hal_rcc_ex.c **** 
1638:Drivers/STM32L4xx_HAL_Driver/Src/stm32l4xx_hal_rcc_ex.c ****         switch(srcclk)
1639:Drivers/STM32L4xx_HAL_Driver/Src/stm32l4xx_hal_rcc_ex.c ****         {
1640:Drivers/STM32L4xx_HAL_Driver/Src/stm32l4xx_hal_rcc_ex.c ****         case RCC_ADCCLKSOURCE_SYSCLK:
1641:Drivers/STM32L4xx_HAL_Driver/Src/stm32l4xx_hal_rcc_ex.c ****           frequency = HAL_RCC_GetSysClockFreq();
1642:Drivers/STM32L4xx_HAL_Driver/Src/stm32l4xx_hal_rcc_ex.c ****           break;
1643:Drivers/STM32L4xx_HAL_Driver/Src/stm32l4xx_hal_rcc_ex.c **** #if defined(RCC_PLLSAI1_SUPPORT)
1644:Drivers/STM32L4xx_HAL_Driver/Src/stm32l4xx_hal_rcc_ex.c ****         case RCC_ADCCLKSOURCE_PLLSAI1:
1645:Drivers/STM32L4xx_HAL_Driver/Src/stm32l4xx_hal_rcc_ex.c ****           if(HAL_IS_BIT_SET(RCC->CR, RCC_CR_PLLSAI1RDY) && (__HAL_RCC_GET_PLLSAI1CLKOUT_CONFIG(RCC_
1646:Drivers/STM32L4xx_HAL_Driver/Src/stm32l4xx_hal_rcc_ex.c ****           {
1647:Drivers/STM32L4xx_HAL_Driver/Src/stm32l4xx_hal_rcc_ex.c ****             plln = READ_BIT(RCC->PLLSAI1CFGR, RCC_PLLSAI1CFGR_PLLSAI1N) >> RCC_PLLSAI1CFGR_PLLSAI1N
1648:Drivers/STM32L4xx_HAL_Driver/Src/stm32l4xx_hal_rcc_ex.c **** #if defined(RCC_PLLSAI1M_DIV_1_16_SUPPORT)
1649:Drivers/STM32L4xx_HAL_Driver/Src/stm32l4xx_hal_rcc_ex.c ****             /* PLLSAI1M exists: apply PLLSAI1M divider for PLLSAI1 output computation */
1650:Drivers/STM32L4xx_HAL_Driver/Src/stm32l4xx_hal_rcc_ex.c ****             /* f(PLLSAI1 Source) * PLLSAI1N / PLLSAI1M */
1651:Drivers/STM32L4xx_HAL_Driver/Src/stm32l4xx_hal_rcc_ex.c ****             pllvco = ((pllvco * plln) / ((READ_BIT(RCC->PLLSAI1CFGR, RCC_PLLSAI1CFGR_PLLSAI1M) >> R
1652:Drivers/STM32L4xx_HAL_Driver/Src/stm32l4xx_hal_rcc_ex.c **** #else
1653:Drivers/STM32L4xx_HAL_Driver/Src/stm32l4xx_hal_rcc_ex.c ****             /* f(PLL Source) * PLLSAI1N / PLLM */
1654:Drivers/STM32L4xx_HAL_Driver/Src/stm32l4xx_hal_rcc_ex.c ****             pllvco = ((pllvco * plln) / ((READ_BIT(RCC->PLLCFGR, RCC_PLLCFGR_PLLM) >> RCC_PLLCFGR_P
1655:Drivers/STM32L4xx_HAL_Driver/Src/stm32l4xx_hal_rcc_ex.c **** #endif
1656:Drivers/STM32L4xx_HAL_Driver/Src/stm32l4xx_hal_rcc_ex.c ****             /* f(PLLADC1CLK) = f(VCOSAI1 input) / PLLSAI1R */
1657:Drivers/STM32L4xx_HAL_Driver/Src/stm32l4xx_hal_rcc_ex.c ****             frequency = (pllvco / (((READ_BIT(RCC->PLLSAI1CFGR, RCC_PLLSAI1CFGR_PLLSAI1R) >> RCC_PL
1658:Drivers/STM32L4xx_HAL_Driver/Src/stm32l4xx_hal_rcc_ex.c ****           }
1659:Drivers/STM32L4xx_HAL_Driver/Src/stm32l4xx_hal_rcc_ex.c ****           break;
1660:Drivers/STM32L4xx_HAL_Driver/Src/stm32l4xx_hal_rcc_ex.c **** #endif /* RCC_PLLSAI1_SUPPORT */
1661:Drivers/STM32L4xx_HAL_Driver/Src/stm32l4xx_hal_rcc_ex.c **** #if defined(STM32L471xx) || defined(STM32L475xx) || defined(STM32L476xx) || defined(STM32L485xx) ||
1662:Drivers/STM32L4xx_HAL_Driver/Src/stm32l4xx_hal_rcc_ex.c ****         case RCC_ADCCLKSOURCE_PLLSAI2:
1663:Drivers/STM32L4xx_HAL_Driver/Src/stm32l4xx_hal_rcc_ex.c ****           if(HAL_IS_BIT_SET(RCC->CR, RCC_CR_PLLSAI2RDY) && (__HAL_RCC_GET_PLLSAI2CLKOUT_CONFIG(RCC_
1664:Drivers/STM32L4xx_HAL_Driver/Src/stm32l4xx_hal_rcc_ex.c ****           {
1665:Drivers/STM32L4xx_HAL_Driver/Src/stm32l4xx_hal_rcc_ex.c ****             plln = READ_BIT(RCC->PLLSAI2CFGR, RCC_PLLSAI2CFGR_PLLSAI2N) >> RCC_PLLSAI2CFGR_PLLSAI2N
1666:Drivers/STM32L4xx_HAL_Driver/Src/stm32l4xx_hal_rcc_ex.c **** #if defined(RCC_PLLSAI2M_DIV_1_16_SUPPORT)
1667:Drivers/STM32L4xx_HAL_Driver/Src/stm32l4xx_hal_rcc_ex.c ****             /* PLLSAI2M exists: apply PLLSAI2M divider for PLLSAI2 output computation */
1668:Drivers/STM32L4xx_HAL_Driver/Src/stm32l4xx_hal_rcc_ex.c ****             /* f(PLLSAI2 Source) * PLLSAI2N / PLLSAI2M */
1669:Drivers/STM32L4xx_HAL_Driver/Src/stm32l4xx_hal_rcc_ex.c ****             pllvco = ((pllvco * plln) / ((READ_BIT(RCC->PLLSAI2CFGR, RCC_PLLSAI2CFGR_PLLSAI2M) >> R
1670:Drivers/STM32L4xx_HAL_Driver/Src/stm32l4xx_hal_rcc_ex.c **** #else
1671:Drivers/STM32L4xx_HAL_Driver/Src/stm32l4xx_hal_rcc_ex.c ****             /* f(PLL Source) * PLLSAI2N / PLLM */
1672:Drivers/STM32L4xx_HAL_Driver/Src/stm32l4xx_hal_rcc_ex.c ****             pllvco = ((pllvco * plln) / ((READ_BIT(RCC->PLLCFGR, RCC_PLLCFGR_PLLM) >> RCC_PLLCFGR_P
1673:Drivers/STM32L4xx_HAL_Driver/Src/stm32l4xx_hal_rcc_ex.c **** #endif
1674:Drivers/STM32L4xx_HAL_Driver/Src/stm32l4xx_hal_rcc_ex.c ****             /* f(PLLADC2CLK) = f(VCOSAI2 input) / PLLSAI2R */
1675:Drivers/STM32L4xx_HAL_Driver/Src/stm32l4xx_hal_rcc_ex.c ****             frequency = (pllvco / (((READ_BIT(RCC->PLLSAI2CFGR, RCC_PLLSAI2CFGR_PLLSAI2R) >> RCC_PL
1676:Drivers/STM32L4xx_HAL_Driver/Src/stm32l4xx_hal_rcc_ex.c ****           }
1677:Drivers/STM32L4xx_HAL_Driver/Src/stm32l4xx_hal_rcc_ex.c ****           break;
1678:Drivers/STM32L4xx_HAL_Driver/Src/stm32l4xx_hal_rcc_ex.c **** #endif /* STM32L471xx || STM32L475xx || STM32L476xx || STM32L485xx || STM32L486xx || STM32L496xx ||
1679:Drivers/STM32L4xx_HAL_Driver/Src/stm32l4xx_hal_rcc_ex.c ****         default:
1680:Drivers/STM32L4xx_HAL_Driver/Src/stm32l4xx_hal_rcc_ex.c ****           /* No clock source, frequency default init at 0 */
1681:Drivers/STM32L4xx_HAL_Driver/Src/stm32l4xx_hal_rcc_ex.c ****           break;
1682:Drivers/STM32L4xx_HAL_Driver/Src/stm32l4xx_hal_rcc_ex.c ****         }
1683:Drivers/STM32L4xx_HAL_Driver/Src/stm32l4xx_hal_rcc_ex.c **** 
ARM GAS  /tmp/ccxIXDAo.s 			page 31


1684:Drivers/STM32L4xx_HAL_Driver/Src/stm32l4xx_hal_rcc_ex.c ****         break;
1685:Drivers/STM32L4xx_HAL_Driver/Src/stm32l4xx_hal_rcc_ex.c ****       }
1686:Drivers/STM32L4xx_HAL_Driver/Src/stm32l4xx_hal_rcc_ex.c **** 
1687:Drivers/STM32L4xx_HAL_Driver/Src/stm32l4xx_hal_rcc_ex.c **** #if defined(DFSDM1_Filter0)
1688:Drivers/STM32L4xx_HAL_Driver/Src/stm32l4xx_hal_rcc_ex.c **** 
1689:Drivers/STM32L4xx_HAL_Driver/Src/stm32l4xx_hal_rcc_ex.c ****     case RCC_PERIPHCLK_DFSDM1:
1690:Drivers/STM32L4xx_HAL_Driver/Src/stm32l4xx_hal_rcc_ex.c ****       {
1691:Drivers/STM32L4xx_HAL_Driver/Src/stm32l4xx_hal_rcc_ex.c ****         /* Get the current DFSDM1 source */
1692:Drivers/STM32L4xx_HAL_Driver/Src/stm32l4xx_hal_rcc_ex.c ****         srcclk = __HAL_RCC_GET_DFSDM1_SOURCE();
1693:Drivers/STM32L4xx_HAL_Driver/Src/stm32l4xx_hal_rcc_ex.c **** 
1694:Drivers/STM32L4xx_HAL_Driver/Src/stm32l4xx_hal_rcc_ex.c ****         if(srcclk == RCC_DFSDM1CLKSOURCE_PCLK2)
1695:Drivers/STM32L4xx_HAL_Driver/Src/stm32l4xx_hal_rcc_ex.c ****         {
1696:Drivers/STM32L4xx_HAL_Driver/Src/stm32l4xx_hal_rcc_ex.c ****           frequency = HAL_RCC_GetPCLK2Freq();
1697:Drivers/STM32L4xx_HAL_Driver/Src/stm32l4xx_hal_rcc_ex.c ****         }
1698:Drivers/STM32L4xx_HAL_Driver/Src/stm32l4xx_hal_rcc_ex.c ****         else
1699:Drivers/STM32L4xx_HAL_Driver/Src/stm32l4xx_hal_rcc_ex.c ****         {
1700:Drivers/STM32L4xx_HAL_Driver/Src/stm32l4xx_hal_rcc_ex.c ****           frequency = HAL_RCC_GetSysClockFreq();
1701:Drivers/STM32L4xx_HAL_Driver/Src/stm32l4xx_hal_rcc_ex.c ****         }
1702:Drivers/STM32L4xx_HAL_Driver/Src/stm32l4xx_hal_rcc_ex.c **** 
1703:Drivers/STM32L4xx_HAL_Driver/Src/stm32l4xx_hal_rcc_ex.c ****         break;
1704:Drivers/STM32L4xx_HAL_Driver/Src/stm32l4xx_hal_rcc_ex.c ****       }
1705:Drivers/STM32L4xx_HAL_Driver/Src/stm32l4xx_hal_rcc_ex.c **** 
1706:Drivers/STM32L4xx_HAL_Driver/Src/stm32l4xx_hal_rcc_ex.c **** #if defined(STM32L4R5xx) || defined(STM32L4R7xx) || defined(STM32L4R9xx) || defined(STM32L4S5xx) ||
1707:Drivers/STM32L4xx_HAL_Driver/Src/stm32l4xx_hal_rcc_ex.c **** 
1708:Drivers/STM32L4xx_HAL_Driver/Src/stm32l4xx_hal_rcc_ex.c ****     case RCC_PERIPHCLK_DFSDM1AUDIO:
1709:Drivers/STM32L4xx_HAL_Driver/Src/stm32l4xx_hal_rcc_ex.c ****       {
1710:Drivers/STM32L4xx_HAL_Driver/Src/stm32l4xx_hal_rcc_ex.c ****         /* Get the current DFSDM1 audio source */
1711:Drivers/STM32L4xx_HAL_Driver/Src/stm32l4xx_hal_rcc_ex.c ****         srcclk = __HAL_RCC_GET_DFSDM1AUDIO_SOURCE();
1712:Drivers/STM32L4xx_HAL_Driver/Src/stm32l4xx_hal_rcc_ex.c **** 
1713:Drivers/STM32L4xx_HAL_Driver/Src/stm32l4xx_hal_rcc_ex.c ****         switch(srcclk)
1714:Drivers/STM32L4xx_HAL_Driver/Src/stm32l4xx_hal_rcc_ex.c ****         {
1715:Drivers/STM32L4xx_HAL_Driver/Src/stm32l4xx_hal_rcc_ex.c ****         case RCC_DFSDM1AUDIOCLKSOURCE_SAI1:
1716:Drivers/STM32L4xx_HAL_Driver/Src/stm32l4xx_hal_rcc_ex.c ****           frequency = RCCEx_GetSAIxPeriphCLKFreq(RCC_PERIPHCLK_SAI1, pllvco);
1717:Drivers/STM32L4xx_HAL_Driver/Src/stm32l4xx_hal_rcc_ex.c ****           break;
1718:Drivers/STM32L4xx_HAL_Driver/Src/stm32l4xx_hal_rcc_ex.c ****         case RCC_DFSDM1AUDIOCLKSOURCE_MSI:
1719:Drivers/STM32L4xx_HAL_Driver/Src/stm32l4xx_hal_rcc_ex.c ****           if(HAL_IS_BIT_SET(RCC->CR, RCC_CR_MSIRDY))
1720:Drivers/STM32L4xx_HAL_Driver/Src/stm32l4xx_hal_rcc_ex.c ****           {
1721:Drivers/STM32L4xx_HAL_Driver/Src/stm32l4xx_hal_rcc_ex.c ****             /*MSI frequency range in HZ*/
1722:Drivers/STM32L4xx_HAL_Driver/Src/stm32l4xx_hal_rcc_ex.c ****             frequency = MSIRangeTable[(__HAL_RCC_GET_MSI_RANGE() >> 4U)];
1723:Drivers/STM32L4xx_HAL_Driver/Src/stm32l4xx_hal_rcc_ex.c ****           }
1724:Drivers/STM32L4xx_HAL_Driver/Src/stm32l4xx_hal_rcc_ex.c ****           break;
1725:Drivers/STM32L4xx_HAL_Driver/Src/stm32l4xx_hal_rcc_ex.c ****         case RCC_DFSDM1AUDIOCLKSOURCE_HSI:
1726:Drivers/STM32L4xx_HAL_Driver/Src/stm32l4xx_hal_rcc_ex.c ****           if(HAL_IS_BIT_SET(RCC->CR, RCC_CR_HSIRDY))
1727:Drivers/STM32L4xx_HAL_Driver/Src/stm32l4xx_hal_rcc_ex.c ****           {
1728:Drivers/STM32L4xx_HAL_Driver/Src/stm32l4xx_hal_rcc_ex.c ****             frequency = HSI_VALUE;
1729:Drivers/STM32L4xx_HAL_Driver/Src/stm32l4xx_hal_rcc_ex.c ****           }
1730:Drivers/STM32L4xx_HAL_Driver/Src/stm32l4xx_hal_rcc_ex.c ****           break;
1731:Drivers/STM32L4xx_HAL_Driver/Src/stm32l4xx_hal_rcc_ex.c ****         default:
1732:Drivers/STM32L4xx_HAL_Driver/Src/stm32l4xx_hal_rcc_ex.c ****           /* No clock source, frequency default init at 0 */
1733:Drivers/STM32L4xx_HAL_Driver/Src/stm32l4xx_hal_rcc_ex.c ****           break;
1734:Drivers/STM32L4xx_HAL_Driver/Src/stm32l4xx_hal_rcc_ex.c ****         }
1735:Drivers/STM32L4xx_HAL_Driver/Src/stm32l4xx_hal_rcc_ex.c **** 
1736:Drivers/STM32L4xx_HAL_Driver/Src/stm32l4xx_hal_rcc_ex.c ****         break;
1737:Drivers/STM32L4xx_HAL_Driver/Src/stm32l4xx_hal_rcc_ex.c ****       }
1738:Drivers/STM32L4xx_HAL_Driver/Src/stm32l4xx_hal_rcc_ex.c **** 
1739:Drivers/STM32L4xx_HAL_Driver/Src/stm32l4xx_hal_rcc_ex.c **** #endif /* STM32L4R5xx || STM32L4R7xx || STM32L4R9xx || STM32L4S5xx || STM32L4S7xx || STM32L4S9xx */
1740:Drivers/STM32L4xx_HAL_Driver/Src/stm32l4xx_hal_rcc_ex.c **** 
ARM GAS  /tmp/ccxIXDAo.s 			page 32


1741:Drivers/STM32L4xx_HAL_Driver/Src/stm32l4xx_hal_rcc_ex.c **** #endif /* DFSDM1_Filter0 */
1742:Drivers/STM32L4xx_HAL_Driver/Src/stm32l4xx_hal_rcc_ex.c **** 
1743:Drivers/STM32L4xx_HAL_Driver/Src/stm32l4xx_hal_rcc_ex.c ****     case RCC_PERIPHCLK_I2C1:
1744:Drivers/STM32L4xx_HAL_Driver/Src/stm32l4xx_hal_rcc_ex.c ****       {
1745:Drivers/STM32L4xx_HAL_Driver/Src/stm32l4xx_hal_rcc_ex.c ****         /* Get the current I2C1 source */
1746:Drivers/STM32L4xx_HAL_Driver/Src/stm32l4xx_hal_rcc_ex.c ****         srcclk = __HAL_RCC_GET_I2C1_SOURCE();
1747:Drivers/STM32L4xx_HAL_Driver/Src/stm32l4xx_hal_rcc_ex.c **** 
1748:Drivers/STM32L4xx_HAL_Driver/Src/stm32l4xx_hal_rcc_ex.c ****         switch(srcclk)
1749:Drivers/STM32L4xx_HAL_Driver/Src/stm32l4xx_hal_rcc_ex.c ****         {
1750:Drivers/STM32L4xx_HAL_Driver/Src/stm32l4xx_hal_rcc_ex.c ****         case RCC_I2C1CLKSOURCE_PCLK1:
1751:Drivers/STM32L4xx_HAL_Driver/Src/stm32l4xx_hal_rcc_ex.c ****           frequency = HAL_RCC_GetPCLK1Freq();
1752:Drivers/STM32L4xx_HAL_Driver/Src/stm32l4xx_hal_rcc_ex.c ****           break;
1753:Drivers/STM32L4xx_HAL_Driver/Src/stm32l4xx_hal_rcc_ex.c ****         case RCC_I2C1CLKSOURCE_SYSCLK:
1754:Drivers/STM32L4xx_HAL_Driver/Src/stm32l4xx_hal_rcc_ex.c ****           frequency = HAL_RCC_GetSysClockFreq();
1755:Drivers/STM32L4xx_HAL_Driver/Src/stm32l4xx_hal_rcc_ex.c ****           break;
1756:Drivers/STM32L4xx_HAL_Driver/Src/stm32l4xx_hal_rcc_ex.c ****         case RCC_I2C1CLKSOURCE_HSI:
1757:Drivers/STM32L4xx_HAL_Driver/Src/stm32l4xx_hal_rcc_ex.c ****           if(HAL_IS_BIT_SET(RCC->CR, RCC_CR_HSIRDY))
1758:Drivers/STM32L4xx_HAL_Driver/Src/stm32l4xx_hal_rcc_ex.c ****           {
1759:Drivers/STM32L4xx_HAL_Driver/Src/stm32l4xx_hal_rcc_ex.c ****             frequency = HSI_VALUE;
1760:Drivers/STM32L4xx_HAL_Driver/Src/stm32l4xx_hal_rcc_ex.c ****           }
1761:Drivers/STM32L4xx_HAL_Driver/Src/stm32l4xx_hal_rcc_ex.c ****           break;
1762:Drivers/STM32L4xx_HAL_Driver/Src/stm32l4xx_hal_rcc_ex.c ****         default:
1763:Drivers/STM32L4xx_HAL_Driver/Src/stm32l4xx_hal_rcc_ex.c ****           /* No clock source, frequency default init at 0 */
1764:Drivers/STM32L4xx_HAL_Driver/Src/stm32l4xx_hal_rcc_ex.c ****           break;
1765:Drivers/STM32L4xx_HAL_Driver/Src/stm32l4xx_hal_rcc_ex.c ****         }
1766:Drivers/STM32L4xx_HAL_Driver/Src/stm32l4xx_hal_rcc_ex.c **** 
1767:Drivers/STM32L4xx_HAL_Driver/Src/stm32l4xx_hal_rcc_ex.c ****         break;
1768:Drivers/STM32L4xx_HAL_Driver/Src/stm32l4xx_hal_rcc_ex.c ****       }
1769:Drivers/STM32L4xx_HAL_Driver/Src/stm32l4xx_hal_rcc_ex.c **** 
1770:Drivers/STM32L4xx_HAL_Driver/Src/stm32l4xx_hal_rcc_ex.c **** #if defined(I2C2)
1771:Drivers/STM32L4xx_HAL_Driver/Src/stm32l4xx_hal_rcc_ex.c **** 
1772:Drivers/STM32L4xx_HAL_Driver/Src/stm32l4xx_hal_rcc_ex.c ****     case RCC_PERIPHCLK_I2C2:
1773:Drivers/STM32L4xx_HAL_Driver/Src/stm32l4xx_hal_rcc_ex.c ****       {
1774:Drivers/STM32L4xx_HAL_Driver/Src/stm32l4xx_hal_rcc_ex.c ****         /* Get the current I2C2 source */
1775:Drivers/STM32L4xx_HAL_Driver/Src/stm32l4xx_hal_rcc_ex.c ****         srcclk = __HAL_RCC_GET_I2C2_SOURCE();
1776:Drivers/STM32L4xx_HAL_Driver/Src/stm32l4xx_hal_rcc_ex.c **** 
1777:Drivers/STM32L4xx_HAL_Driver/Src/stm32l4xx_hal_rcc_ex.c ****         switch(srcclk)
1778:Drivers/STM32L4xx_HAL_Driver/Src/stm32l4xx_hal_rcc_ex.c ****         {
1779:Drivers/STM32L4xx_HAL_Driver/Src/stm32l4xx_hal_rcc_ex.c ****         case RCC_I2C2CLKSOURCE_PCLK1:
1780:Drivers/STM32L4xx_HAL_Driver/Src/stm32l4xx_hal_rcc_ex.c ****           frequency = HAL_RCC_GetPCLK1Freq();
1781:Drivers/STM32L4xx_HAL_Driver/Src/stm32l4xx_hal_rcc_ex.c ****           break;
1782:Drivers/STM32L4xx_HAL_Driver/Src/stm32l4xx_hal_rcc_ex.c ****         case RCC_I2C2CLKSOURCE_SYSCLK:
1783:Drivers/STM32L4xx_HAL_Driver/Src/stm32l4xx_hal_rcc_ex.c ****           frequency = HAL_RCC_GetSysClockFreq();
1784:Drivers/STM32L4xx_HAL_Driver/Src/stm32l4xx_hal_rcc_ex.c ****           break;
1785:Drivers/STM32L4xx_HAL_Driver/Src/stm32l4xx_hal_rcc_ex.c ****         case RCC_I2C2CLKSOURCE_HSI:
1786:Drivers/STM32L4xx_HAL_Driver/Src/stm32l4xx_hal_rcc_ex.c ****           if(HAL_IS_BIT_SET(RCC->CR, RCC_CR_HSIRDY))
1787:Drivers/STM32L4xx_HAL_Driver/Src/stm32l4xx_hal_rcc_ex.c ****           {
1788:Drivers/STM32L4xx_HAL_Driver/Src/stm32l4xx_hal_rcc_ex.c ****             frequency = HSI_VALUE;
1789:Drivers/STM32L4xx_HAL_Driver/Src/stm32l4xx_hal_rcc_ex.c ****           }
1790:Drivers/STM32L4xx_HAL_Driver/Src/stm32l4xx_hal_rcc_ex.c ****           break;
1791:Drivers/STM32L4xx_HAL_Driver/Src/stm32l4xx_hal_rcc_ex.c ****         default:
1792:Drivers/STM32L4xx_HAL_Driver/Src/stm32l4xx_hal_rcc_ex.c ****           /* No clock source, frequency default init at 0 */
1793:Drivers/STM32L4xx_HAL_Driver/Src/stm32l4xx_hal_rcc_ex.c ****           break;
1794:Drivers/STM32L4xx_HAL_Driver/Src/stm32l4xx_hal_rcc_ex.c ****         }
1795:Drivers/STM32L4xx_HAL_Driver/Src/stm32l4xx_hal_rcc_ex.c **** 
1796:Drivers/STM32L4xx_HAL_Driver/Src/stm32l4xx_hal_rcc_ex.c ****         break;
1797:Drivers/STM32L4xx_HAL_Driver/Src/stm32l4xx_hal_rcc_ex.c ****       }
ARM GAS  /tmp/ccxIXDAo.s 			page 33


1798:Drivers/STM32L4xx_HAL_Driver/Src/stm32l4xx_hal_rcc_ex.c **** 
1799:Drivers/STM32L4xx_HAL_Driver/Src/stm32l4xx_hal_rcc_ex.c **** #endif /* I2C2 */
1800:Drivers/STM32L4xx_HAL_Driver/Src/stm32l4xx_hal_rcc_ex.c **** 
1801:Drivers/STM32L4xx_HAL_Driver/Src/stm32l4xx_hal_rcc_ex.c ****     case RCC_PERIPHCLK_I2C3:
1802:Drivers/STM32L4xx_HAL_Driver/Src/stm32l4xx_hal_rcc_ex.c ****       {
1803:Drivers/STM32L4xx_HAL_Driver/Src/stm32l4xx_hal_rcc_ex.c ****         /* Get the current I2C3 source */
1804:Drivers/STM32L4xx_HAL_Driver/Src/stm32l4xx_hal_rcc_ex.c ****         srcclk = __HAL_RCC_GET_I2C3_SOURCE();
1805:Drivers/STM32L4xx_HAL_Driver/Src/stm32l4xx_hal_rcc_ex.c **** 
1806:Drivers/STM32L4xx_HAL_Driver/Src/stm32l4xx_hal_rcc_ex.c ****         switch(srcclk)
1807:Drivers/STM32L4xx_HAL_Driver/Src/stm32l4xx_hal_rcc_ex.c ****         {
1808:Drivers/STM32L4xx_HAL_Driver/Src/stm32l4xx_hal_rcc_ex.c ****         case RCC_I2C3CLKSOURCE_PCLK1:
1809:Drivers/STM32L4xx_HAL_Driver/Src/stm32l4xx_hal_rcc_ex.c ****           frequency = HAL_RCC_GetPCLK1Freq();
1810:Drivers/STM32L4xx_HAL_Driver/Src/stm32l4xx_hal_rcc_ex.c ****           break;
1811:Drivers/STM32L4xx_HAL_Driver/Src/stm32l4xx_hal_rcc_ex.c ****         case RCC_I2C3CLKSOURCE_SYSCLK:
1812:Drivers/STM32L4xx_HAL_Driver/Src/stm32l4xx_hal_rcc_ex.c ****           frequency = HAL_RCC_GetSysClockFreq();
1813:Drivers/STM32L4xx_HAL_Driver/Src/stm32l4xx_hal_rcc_ex.c ****           break;
1814:Drivers/STM32L4xx_HAL_Driver/Src/stm32l4xx_hal_rcc_ex.c ****         case RCC_I2C3CLKSOURCE_HSI:
1815:Drivers/STM32L4xx_HAL_Driver/Src/stm32l4xx_hal_rcc_ex.c ****           if(HAL_IS_BIT_SET(RCC->CR, RCC_CR_HSIRDY))
1816:Drivers/STM32L4xx_HAL_Driver/Src/stm32l4xx_hal_rcc_ex.c ****           {
1817:Drivers/STM32L4xx_HAL_Driver/Src/stm32l4xx_hal_rcc_ex.c ****             frequency = HSI_VALUE;
1818:Drivers/STM32L4xx_HAL_Driver/Src/stm32l4xx_hal_rcc_ex.c ****           }
1819:Drivers/STM32L4xx_HAL_Driver/Src/stm32l4xx_hal_rcc_ex.c ****           break;
1820:Drivers/STM32L4xx_HAL_Driver/Src/stm32l4xx_hal_rcc_ex.c ****         default:
1821:Drivers/STM32L4xx_HAL_Driver/Src/stm32l4xx_hal_rcc_ex.c ****           /* No clock source, frequency default init at 0 */
1822:Drivers/STM32L4xx_HAL_Driver/Src/stm32l4xx_hal_rcc_ex.c ****           break;
1823:Drivers/STM32L4xx_HAL_Driver/Src/stm32l4xx_hal_rcc_ex.c ****         }
1824:Drivers/STM32L4xx_HAL_Driver/Src/stm32l4xx_hal_rcc_ex.c **** 
1825:Drivers/STM32L4xx_HAL_Driver/Src/stm32l4xx_hal_rcc_ex.c ****         break;
1826:Drivers/STM32L4xx_HAL_Driver/Src/stm32l4xx_hal_rcc_ex.c ****       }
1827:Drivers/STM32L4xx_HAL_Driver/Src/stm32l4xx_hal_rcc_ex.c **** 
1828:Drivers/STM32L4xx_HAL_Driver/Src/stm32l4xx_hal_rcc_ex.c **** #if defined(I2C4)
1829:Drivers/STM32L4xx_HAL_Driver/Src/stm32l4xx_hal_rcc_ex.c **** 
1830:Drivers/STM32L4xx_HAL_Driver/Src/stm32l4xx_hal_rcc_ex.c ****     case RCC_PERIPHCLK_I2C4:
1831:Drivers/STM32L4xx_HAL_Driver/Src/stm32l4xx_hal_rcc_ex.c ****       {
1832:Drivers/STM32L4xx_HAL_Driver/Src/stm32l4xx_hal_rcc_ex.c ****         /* Get the current I2C4 source */
1833:Drivers/STM32L4xx_HAL_Driver/Src/stm32l4xx_hal_rcc_ex.c ****         srcclk = __HAL_RCC_GET_I2C4_SOURCE();
1834:Drivers/STM32L4xx_HAL_Driver/Src/stm32l4xx_hal_rcc_ex.c **** 
1835:Drivers/STM32L4xx_HAL_Driver/Src/stm32l4xx_hal_rcc_ex.c ****         switch(srcclk)
1836:Drivers/STM32L4xx_HAL_Driver/Src/stm32l4xx_hal_rcc_ex.c ****         {
1837:Drivers/STM32L4xx_HAL_Driver/Src/stm32l4xx_hal_rcc_ex.c ****         case RCC_I2C4CLKSOURCE_PCLK1:
1838:Drivers/STM32L4xx_HAL_Driver/Src/stm32l4xx_hal_rcc_ex.c ****           frequency = HAL_RCC_GetPCLK1Freq();
1839:Drivers/STM32L4xx_HAL_Driver/Src/stm32l4xx_hal_rcc_ex.c ****           break;
1840:Drivers/STM32L4xx_HAL_Driver/Src/stm32l4xx_hal_rcc_ex.c ****         case RCC_I2C4CLKSOURCE_SYSCLK:
1841:Drivers/STM32L4xx_HAL_Driver/Src/stm32l4xx_hal_rcc_ex.c ****           frequency = HAL_RCC_GetSysClockFreq();
1842:Drivers/STM32L4xx_HAL_Driver/Src/stm32l4xx_hal_rcc_ex.c ****           break;
1843:Drivers/STM32L4xx_HAL_Driver/Src/stm32l4xx_hal_rcc_ex.c ****         case RCC_I2C4CLKSOURCE_HSI:
1844:Drivers/STM32L4xx_HAL_Driver/Src/stm32l4xx_hal_rcc_ex.c ****           if(HAL_IS_BIT_SET(RCC->CR, RCC_CR_HSIRDY))
1845:Drivers/STM32L4xx_HAL_Driver/Src/stm32l4xx_hal_rcc_ex.c ****           {
1846:Drivers/STM32L4xx_HAL_Driver/Src/stm32l4xx_hal_rcc_ex.c ****             frequency = HSI_VALUE;
1847:Drivers/STM32L4xx_HAL_Driver/Src/stm32l4xx_hal_rcc_ex.c ****           }
1848:Drivers/STM32L4xx_HAL_Driver/Src/stm32l4xx_hal_rcc_ex.c ****           break;
1849:Drivers/STM32L4xx_HAL_Driver/Src/stm32l4xx_hal_rcc_ex.c ****         default:
1850:Drivers/STM32L4xx_HAL_Driver/Src/stm32l4xx_hal_rcc_ex.c ****           /* No clock source, frequency default init at 0 */
1851:Drivers/STM32L4xx_HAL_Driver/Src/stm32l4xx_hal_rcc_ex.c ****           break;
1852:Drivers/STM32L4xx_HAL_Driver/Src/stm32l4xx_hal_rcc_ex.c ****         }
1853:Drivers/STM32L4xx_HAL_Driver/Src/stm32l4xx_hal_rcc_ex.c **** 
1854:Drivers/STM32L4xx_HAL_Driver/Src/stm32l4xx_hal_rcc_ex.c ****         break;
ARM GAS  /tmp/ccxIXDAo.s 			page 34


1855:Drivers/STM32L4xx_HAL_Driver/Src/stm32l4xx_hal_rcc_ex.c ****       }
1856:Drivers/STM32L4xx_HAL_Driver/Src/stm32l4xx_hal_rcc_ex.c **** 
1857:Drivers/STM32L4xx_HAL_Driver/Src/stm32l4xx_hal_rcc_ex.c **** #endif /* I2C4 */
1858:Drivers/STM32L4xx_HAL_Driver/Src/stm32l4xx_hal_rcc_ex.c **** 
1859:Drivers/STM32L4xx_HAL_Driver/Src/stm32l4xx_hal_rcc_ex.c ****     case RCC_PERIPHCLK_LPTIM1:
1860:Drivers/STM32L4xx_HAL_Driver/Src/stm32l4xx_hal_rcc_ex.c ****       {
1861:Drivers/STM32L4xx_HAL_Driver/Src/stm32l4xx_hal_rcc_ex.c ****         /* Get the current LPTIM1 source */
1862:Drivers/STM32L4xx_HAL_Driver/Src/stm32l4xx_hal_rcc_ex.c ****         srcclk = __HAL_RCC_GET_LPTIM1_SOURCE();
1863:Drivers/STM32L4xx_HAL_Driver/Src/stm32l4xx_hal_rcc_ex.c **** 
1864:Drivers/STM32L4xx_HAL_Driver/Src/stm32l4xx_hal_rcc_ex.c ****         switch(srcclk)
1865:Drivers/STM32L4xx_HAL_Driver/Src/stm32l4xx_hal_rcc_ex.c ****         {
1866:Drivers/STM32L4xx_HAL_Driver/Src/stm32l4xx_hal_rcc_ex.c ****         case RCC_LPTIM1CLKSOURCE_PCLK1:
1867:Drivers/STM32L4xx_HAL_Driver/Src/stm32l4xx_hal_rcc_ex.c ****           frequency = HAL_RCC_GetPCLK1Freq();
1868:Drivers/STM32L4xx_HAL_Driver/Src/stm32l4xx_hal_rcc_ex.c ****           break;
1869:Drivers/STM32L4xx_HAL_Driver/Src/stm32l4xx_hal_rcc_ex.c ****         case RCC_LPTIM1CLKSOURCE_LSI:
1870:Drivers/STM32L4xx_HAL_Driver/Src/stm32l4xx_hal_rcc_ex.c ****           if(HAL_IS_BIT_SET(RCC->CSR, RCC_CSR_LSIRDY))
1871:Drivers/STM32L4xx_HAL_Driver/Src/stm32l4xx_hal_rcc_ex.c ****           {
1872:Drivers/STM32L4xx_HAL_Driver/Src/stm32l4xx_hal_rcc_ex.c **** #if defined(RCC_CSR_LSIPREDIV)
1873:Drivers/STM32L4xx_HAL_Driver/Src/stm32l4xx_hal_rcc_ex.c ****             if(HAL_IS_BIT_SET(RCC->CSR, RCC_CSR_LSIPREDIV))
1874:Drivers/STM32L4xx_HAL_Driver/Src/stm32l4xx_hal_rcc_ex.c ****             {
1875:Drivers/STM32L4xx_HAL_Driver/Src/stm32l4xx_hal_rcc_ex.c ****               frequency = LSI_VALUE/128U;
1876:Drivers/STM32L4xx_HAL_Driver/Src/stm32l4xx_hal_rcc_ex.c ****             }
1877:Drivers/STM32L4xx_HAL_Driver/Src/stm32l4xx_hal_rcc_ex.c ****             else
1878:Drivers/STM32L4xx_HAL_Driver/Src/stm32l4xx_hal_rcc_ex.c **** #endif /* RCC_CSR_LSIPREDIV */
1879:Drivers/STM32L4xx_HAL_Driver/Src/stm32l4xx_hal_rcc_ex.c ****             {
1880:Drivers/STM32L4xx_HAL_Driver/Src/stm32l4xx_hal_rcc_ex.c ****               frequency = LSI_VALUE;
1881:Drivers/STM32L4xx_HAL_Driver/Src/stm32l4xx_hal_rcc_ex.c ****             }
1882:Drivers/STM32L4xx_HAL_Driver/Src/stm32l4xx_hal_rcc_ex.c ****           }
1883:Drivers/STM32L4xx_HAL_Driver/Src/stm32l4xx_hal_rcc_ex.c ****           break;
1884:Drivers/STM32L4xx_HAL_Driver/Src/stm32l4xx_hal_rcc_ex.c ****         case RCC_LPTIM1CLKSOURCE_HSI:
1885:Drivers/STM32L4xx_HAL_Driver/Src/stm32l4xx_hal_rcc_ex.c ****           if(HAL_IS_BIT_SET(RCC->CR, RCC_CR_HSIRDY))
1886:Drivers/STM32L4xx_HAL_Driver/Src/stm32l4xx_hal_rcc_ex.c ****           {
1887:Drivers/STM32L4xx_HAL_Driver/Src/stm32l4xx_hal_rcc_ex.c ****             frequency = HSI_VALUE;
1888:Drivers/STM32L4xx_HAL_Driver/Src/stm32l4xx_hal_rcc_ex.c ****           }
1889:Drivers/STM32L4xx_HAL_Driver/Src/stm32l4xx_hal_rcc_ex.c ****           break;
1890:Drivers/STM32L4xx_HAL_Driver/Src/stm32l4xx_hal_rcc_ex.c ****         case RCC_LPTIM1CLKSOURCE_LSE:
1891:Drivers/STM32L4xx_HAL_Driver/Src/stm32l4xx_hal_rcc_ex.c ****           if(HAL_IS_BIT_SET(RCC->BDCR, RCC_BDCR_LSERDY))
1892:Drivers/STM32L4xx_HAL_Driver/Src/stm32l4xx_hal_rcc_ex.c ****           {
1893:Drivers/STM32L4xx_HAL_Driver/Src/stm32l4xx_hal_rcc_ex.c ****             frequency = LSE_VALUE;
1894:Drivers/STM32L4xx_HAL_Driver/Src/stm32l4xx_hal_rcc_ex.c ****           }
1895:Drivers/STM32L4xx_HAL_Driver/Src/stm32l4xx_hal_rcc_ex.c ****           break;
1896:Drivers/STM32L4xx_HAL_Driver/Src/stm32l4xx_hal_rcc_ex.c ****         default:
1897:Drivers/STM32L4xx_HAL_Driver/Src/stm32l4xx_hal_rcc_ex.c ****           /* No clock source, frequency default init at 0 */
1898:Drivers/STM32L4xx_HAL_Driver/Src/stm32l4xx_hal_rcc_ex.c ****           break;
1899:Drivers/STM32L4xx_HAL_Driver/Src/stm32l4xx_hal_rcc_ex.c ****         }
1900:Drivers/STM32L4xx_HAL_Driver/Src/stm32l4xx_hal_rcc_ex.c **** 
1901:Drivers/STM32L4xx_HAL_Driver/Src/stm32l4xx_hal_rcc_ex.c ****         break;
1902:Drivers/STM32L4xx_HAL_Driver/Src/stm32l4xx_hal_rcc_ex.c ****       }
1903:Drivers/STM32L4xx_HAL_Driver/Src/stm32l4xx_hal_rcc_ex.c **** 
1904:Drivers/STM32L4xx_HAL_Driver/Src/stm32l4xx_hal_rcc_ex.c ****     case RCC_PERIPHCLK_LPTIM2:
1905:Drivers/STM32L4xx_HAL_Driver/Src/stm32l4xx_hal_rcc_ex.c ****       {
1906:Drivers/STM32L4xx_HAL_Driver/Src/stm32l4xx_hal_rcc_ex.c ****         /* Get the current LPTIM2 source */
1907:Drivers/STM32L4xx_HAL_Driver/Src/stm32l4xx_hal_rcc_ex.c ****        srcclk = __HAL_RCC_GET_LPTIM2_SOURCE();
1908:Drivers/STM32L4xx_HAL_Driver/Src/stm32l4xx_hal_rcc_ex.c **** 
1909:Drivers/STM32L4xx_HAL_Driver/Src/stm32l4xx_hal_rcc_ex.c ****         switch(srcclk)
1910:Drivers/STM32L4xx_HAL_Driver/Src/stm32l4xx_hal_rcc_ex.c ****         {
1911:Drivers/STM32L4xx_HAL_Driver/Src/stm32l4xx_hal_rcc_ex.c ****         case RCC_LPTIM2CLKSOURCE_PCLK1:
ARM GAS  /tmp/ccxIXDAo.s 			page 35


1912:Drivers/STM32L4xx_HAL_Driver/Src/stm32l4xx_hal_rcc_ex.c ****           frequency = HAL_RCC_GetPCLK1Freq();
1913:Drivers/STM32L4xx_HAL_Driver/Src/stm32l4xx_hal_rcc_ex.c ****           break;
1914:Drivers/STM32L4xx_HAL_Driver/Src/stm32l4xx_hal_rcc_ex.c ****         case RCC_LPTIM2CLKSOURCE_LSI:
1915:Drivers/STM32L4xx_HAL_Driver/Src/stm32l4xx_hal_rcc_ex.c ****           if(HAL_IS_BIT_SET(RCC->CSR, RCC_CSR_LSIRDY))
1916:Drivers/STM32L4xx_HAL_Driver/Src/stm32l4xx_hal_rcc_ex.c ****           {
1917:Drivers/STM32L4xx_HAL_Driver/Src/stm32l4xx_hal_rcc_ex.c **** #if defined(RCC_CSR_LSIPREDIV)
1918:Drivers/STM32L4xx_HAL_Driver/Src/stm32l4xx_hal_rcc_ex.c ****             if(HAL_IS_BIT_SET(RCC->CSR, RCC_CSR_LSIPREDIV))
1919:Drivers/STM32L4xx_HAL_Driver/Src/stm32l4xx_hal_rcc_ex.c ****             {
1920:Drivers/STM32L4xx_HAL_Driver/Src/stm32l4xx_hal_rcc_ex.c ****               frequency = LSI_VALUE/128U;
1921:Drivers/STM32L4xx_HAL_Driver/Src/stm32l4xx_hal_rcc_ex.c ****             }
1922:Drivers/STM32L4xx_HAL_Driver/Src/stm32l4xx_hal_rcc_ex.c ****             else
1923:Drivers/STM32L4xx_HAL_Driver/Src/stm32l4xx_hal_rcc_ex.c **** #endif /* RCC_CSR_LSIPREDIV */
1924:Drivers/STM32L4xx_HAL_Driver/Src/stm32l4xx_hal_rcc_ex.c ****             {
1925:Drivers/STM32L4xx_HAL_Driver/Src/stm32l4xx_hal_rcc_ex.c ****               frequency = LSI_VALUE;
1926:Drivers/STM32L4xx_HAL_Driver/Src/stm32l4xx_hal_rcc_ex.c ****             }
1927:Drivers/STM32L4xx_HAL_Driver/Src/stm32l4xx_hal_rcc_ex.c ****           }
1928:Drivers/STM32L4xx_HAL_Driver/Src/stm32l4xx_hal_rcc_ex.c ****           break;
1929:Drivers/STM32L4xx_HAL_Driver/Src/stm32l4xx_hal_rcc_ex.c ****         case RCC_LPTIM2CLKSOURCE_HSI:
1930:Drivers/STM32L4xx_HAL_Driver/Src/stm32l4xx_hal_rcc_ex.c ****           if(HAL_IS_BIT_SET(RCC->CR, RCC_CR_HSIRDY))
1931:Drivers/STM32L4xx_HAL_Driver/Src/stm32l4xx_hal_rcc_ex.c ****           {
1932:Drivers/STM32L4xx_HAL_Driver/Src/stm32l4xx_hal_rcc_ex.c ****             frequency = HSI_VALUE;
1933:Drivers/STM32L4xx_HAL_Driver/Src/stm32l4xx_hal_rcc_ex.c ****           }
1934:Drivers/STM32L4xx_HAL_Driver/Src/stm32l4xx_hal_rcc_ex.c ****           break;
1935:Drivers/STM32L4xx_HAL_Driver/Src/stm32l4xx_hal_rcc_ex.c ****         case RCC_LPTIM2CLKSOURCE_LSE:
1936:Drivers/STM32L4xx_HAL_Driver/Src/stm32l4xx_hal_rcc_ex.c ****           if(HAL_IS_BIT_SET(RCC->BDCR, RCC_BDCR_LSERDY))
1937:Drivers/STM32L4xx_HAL_Driver/Src/stm32l4xx_hal_rcc_ex.c ****           {
1938:Drivers/STM32L4xx_HAL_Driver/Src/stm32l4xx_hal_rcc_ex.c ****             frequency = LSE_VALUE;
1939:Drivers/STM32L4xx_HAL_Driver/Src/stm32l4xx_hal_rcc_ex.c ****           }
1940:Drivers/STM32L4xx_HAL_Driver/Src/stm32l4xx_hal_rcc_ex.c ****           break;
1941:Drivers/STM32L4xx_HAL_Driver/Src/stm32l4xx_hal_rcc_ex.c ****         default:
1942:Drivers/STM32L4xx_HAL_Driver/Src/stm32l4xx_hal_rcc_ex.c ****           /* No clock source, frequency default init at 0 */
1943:Drivers/STM32L4xx_HAL_Driver/Src/stm32l4xx_hal_rcc_ex.c ****           break;
1944:Drivers/STM32L4xx_HAL_Driver/Src/stm32l4xx_hal_rcc_ex.c ****         }
1945:Drivers/STM32L4xx_HAL_Driver/Src/stm32l4xx_hal_rcc_ex.c **** 
1946:Drivers/STM32L4xx_HAL_Driver/Src/stm32l4xx_hal_rcc_ex.c ****         break;
1947:Drivers/STM32L4xx_HAL_Driver/Src/stm32l4xx_hal_rcc_ex.c ****       }
1948:Drivers/STM32L4xx_HAL_Driver/Src/stm32l4xx_hal_rcc_ex.c **** 
1949:Drivers/STM32L4xx_HAL_Driver/Src/stm32l4xx_hal_rcc_ex.c **** #if defined(SWPMI1)
1950:Drivers/STM32L4xx_HAL_Driver/Src/stm32l4xx_hal_rcc_ex.c **** 
1951:Drivers/STM32L4xx_HAL_Driver/Src/stm32l4xx_hal_rcc_ex.c ****     case RCC_PERIPHCLK_SWPMI1:
1952:Drivers/STM32L4xx_HAL_Driver/Src/stm32l4xx_hal_rcc_ex.c ****       {
1953:Drivers/STM32L4xx_HAL_Driver/Src/stm32l4xx_hal_rcc_ex.c ****         /* Get the current SWPMI1 source */
1954:Drivers/STM32L4xx_HAL_Driver/Src/stm32l4xx_hal_rcc_ex.c ****         srcclk = __HAL_RCC_GET_SWPMI1_SOURCE();
1955:Drivers/STM32L4xx_HAL_Driver/Src/stm32l4xx_hal_rcc_ex.c **** 
1956:Drivers/STM32L4xx_HAL_Driver/Src/stm32l4xx_hal_rcc_ex.c ****         switch(srcclk)
1957:Drivers/STM32L4xx_HAL_Driver/Src/stm32l4xx_hal_rcc_ex.c ****         {
1958:Drivers/STM32L4xx_HAL_Driver/Src/stm32l4xx_hal_rcc_ex.c ****         case RCC_SWPMI1CLKSOURCE_PCLK1:
1959:Drivers/STM32L4xx_HAL_Driver/Src/stm32l4xx_hal_rcc_ex.c ****           frequency = HAL_RCC_GetPCLK1Freq();
1960:Drivers/STM32L4xx_HAL_Driver/Src/stm32l4xx_hal_rcc_ex.c ****           break;
1961:Drivers/STM32L4xx_HAL_Driver/Src/stm32l4xx_hal_rcc_ex.c ****         case RCC_SWPMI1CLKSOURCE_HSI:
1962:Drivers/STM32L4xx_HAL_Driver/Src/stm32l4xx_hal_rcc_ex.c ****           if(HAL_IS_BIT_SET(RCC->CR, RCC_CR_HSIRDY))
1963:Drivers/STM32L4xx_HAL_Driver/Src/stm32l4xx_hal_rcc_ex.c ****           {
1964:Drivers/STM32L4xx_HAL_Driver/Src/stm32l4xx_hal_rcc_ex.c ****             frequency = HSI_VALUE;
1965:Drivers/STM32L4xx_HAL_Driver/Src/stm32l4xx_hal_rcc_ex.c ****           }
1966:Drivers/STM32L4xx_HAL_Driver/Src/stm32l4xx_hal_rcc_ex.c ****           break;
1967:Drivers/STM32L4xx_HAL_Driver/Src/stm32l4xx_hal_rcc_ex.c ****         default:
1968:Drivers/STM32L4xx_HAL_Driver/Src/stm32l4xx_hal_rcc_ex.c ****           /* No clock source, frequency default init at 0 */
ARM GAS  /tmp/ccxIXDAo.s 			page 36


1969:Drivers/STM32L4xx_HAL_Driver/Src/stm32l4xx_hal_rcc_ex.c ****           break;
1970:Drivers/STM32L4xx_HAL_Driver/Src/stm32l4xx_hal_rcc_ex.c ****         }
1971:Drivers/STM32L4xx_HAL_Driver/Src/stm32l4xx_hal_rcc_ex.c **** 
1972:Drivers/STM32L4xx_HAL_Driver/Src/stm32l4xx_hal_rcc_ex.c ****         break;
1973:Drivers/STM32L4xx_HAL_Driver/Src/stm32l4xx_hal_rcc_ex.c ****       }
1974:Drivers/STM32L4xx_HAL_Driver/Src/stm32l4xx_hal_rcc_ex.c **** 
1975:Drivers/STM32L4xx_HAL_Driver/Src/stm32l4xx_hal_rcc_ex.c **** #endif /* SWPMI1 */
1976:Drivers/STM32L4xx_HAL_Driver/Src/stm32l4xx_hal_rcc_ex.c **** 
1977:Drivers/STM32L4xx_HAL_Driver/Src/stm32l4xx_hal_rcc_ex.c **** #if defined(OCTOSPI1) || defined(OCTOSPI2)
1978:Drivers/STM32L4xx_HAL_Driver/Src/stm32l4xx_hal_rcc_ex.c **** 
1979:Drivers/STM32L4xx_HAL_Driver/Src/stm32l4xx_hal_rcc_ex.c ****     case RCC_PERIPHCLK_OSPI:
1980:Drivers/STM32L4xx_HAL_Driver/Src/stm32l4xx_hal_rcc_ex.c ****       {
1981:Drivers/STM32L4xx_HAL_Driver/Src/stm32l4xx_hal_rcc_ex.c ****         /* Get the current OctoSPI clock source */
1982:Drivers/STM32L4xx_HAL_Driver/Src/stm32l4xx_hal_rcc_ex.c ****         srcclk = __HAL_RCC_GET_OSPI_SOURCE();
1983:Drivers/STM32L4xx_HAL_Driver/Src/stm32l4xx_hal_rcc_ex.c **** 
1984:Drivers/STM32L4xx_HAL_Driver/Src/stm32l4xx_hal_rcc_ex.c ****         switch(srcclk)
1985:Drivers/STM32L4xx_HAL_Driver/Src/stm32l4xx_hal_rcc_ex.c ****         {
1986:Drivers/STM32L4xx_HAL_Driver/Src/stm32l4xx_hal_rcc_ex.c ****         case RCC_OSPICLKSOURCE_SYSCLK:
1987:Drivers/STM32L4xx_HAL_Driver/Src/stm32l4xx_hal_rcc_ex.c ****           frequency = HAL_RCC_GetSysClockFreq();
1988:Drivers/STM32L4xx_HAL_Driver/Src/stm32l4xx_hal_rcc_ex.c ****           break;
1989:Drivers/STM32L4xx_HAL_Driver/Src/stm32l4xx_hal_rcc_ex.c ****         case RCC_OSPICLKSOURCE_MSI:
1990:Drivers/STM32L4xx_HAL_Driver/Src/stm32l4xx_hal_rcc_ex.c ****           if(HAL_IS_BIT_SET(RCC->CR, RCC_CR_MSIRDY))
1991:Drivers/STM32L4xx_HAL_Driver/Src/stm32l4xx_hal_rcc_ex.c ****           {
1992:Drivers/STM32L4xx_HAL_Driver/Src/stm32l4xx_hal_rcc_ex.c ****             /*MSI frequency range in HZ*/
1993:Drivers/STM32L4xx_HAL_Driver/Src/stm32l4xx_hal_rcc_ex.c ****             frequency = MSIRangeTable[(__HAL_RCC_GET_MSI_RANGE() >> 4U)];
1994:Drivers/STM32L4xx_HAL_Driver/Src/stm32l4xx_hal_rcc_ex.c ****           }
1995:Drivers/STM32L4xx_HAL_Driver/Src/stm32l4xx_hal_rcc_ex.c ****           break;
1996:Drivers/STM32L4xx_HAL_Driver/Src/stm32l4xx_hal_rcc_ex.c ****         case RCC_OSPICLKSOURCE_PLL:
1997:Drivers/STM32L4xx_HAL_Driver/Src/stm32l4xx_hal_rcc_ex.c ****           if(HAL_IS_BIT_SET(RCC->CR, RCC_CR_PLLRDY))
1998:Drivers/STM32L4xx_HAL_Driver/Src/stm32l4xx_hal_rcc_ex.c ****           {
1999:Drivers/STM32L4xx_HAL_Driver/Src/stm32l4xx_hal_rcc_ex.c ****             if(HAL_IS_BIT_SET(RCC->PLLCFGR, RCC_PLLCFGR_PLLQEN))
2000:Drivers/STM32L4xx_HAL_Driver/Src/stm32l4xx_hal_rcc_ex.c ****             {
2001:Drivers/STM32L4xx_HAL_Driver/Src/stm32l4xx_hal_rcc_ex.c ****               /* f(PLL Source) * PLLN / PLLM */
2002:Drivers/STM32L4xx_HAL_Driver/Src/stm32l4xx_hal_rcc_ex.c ****               plln = READ_BIT(RCC->PLLCFGR, RCC_PLLCFGR_PLLN) >> RCC_PLLCFGR_PLLN_Pos;
2003:Drivers/STM32L4xx_HAL_Driver/Src/stm32l4xx_hal_rcc_ex.c ****               pllvco = ((pllvco * plln) / ((READ_BIT(RCC->PLLCFGR, RCC_PLLCFGR_PLLM) >> RCC_PLLCFGR
2004:Drivers/STM32L4xx_HAL_Driver/Src/stm32l4xx_hal_rcc_ex.c ****               /* f(PLL48M1CLK) = f(VCO input) / PLLQ */
2005:Drivers/STM32L4xx_HAL_Driver/Src/stm32l4xx_hal_rcc_ex.c ****               frequency = (pllvco / (((READ_BIT(RCC->PLLCFGR, RCC_PLLCFGR_PLLQ) >> RCC_PLLCFGR_PLLQ
2006:Drivers/STM32L4xx_HAL_Driver/Src/stm32l4xx_hal_rcc_ex.c ****             }
2007:Drivers/STM32L4xx_HAL_Driver/Src/stm32l4xx_hal_rcc_ex.c ****           }
2008:Drivers/STM32L4xx_HAL_Driver/Src/stm32l4xx_hal_rcc_ex.c ****           break;
2009:Drivers/STM32L4xx_HAL_Driver/Src/stm32l4xx_hal_rcc_ex.c ****         default:
2010:Drivers/STM32L4xx_HAL_Driver/Src/stm32l4xx_hal_rcc_ex.c ****           /* No clock source, frequency default init at 0 */
2011:Drivers/STM32L4xx_HAL_Driver/Src/stm32l4xx_hal_rcc_ex.c ****           break;
2012:Drivers/STM32L4xx_HAL_Driver/Src/stm32l4xx_hal_rcc_ex.c ****         }
2013:Drivers/STM32L4xx_HAL_Driver/Src/stm32l4xx_hal_rcc_ex.c **** 
2014:Drivers/STM32L4xx_HAL_Driver/Src/stm32l4xx_hal_rcc_ex.c ****         break;
2015:Drivers/STM32L4xx_HAL_Driver/Src/stm32l4xx_hal_rcc_ex.c ****       }
2016:Drivers/STM32L4xx_HAL_Driver/Src/stm32l4xx_hal_rcc_ex.c **** 
2017:Drivers/STM32L4xx_HAL_Driver/Src/stm32l4xx_hal_rcc_ex.c **** #endif /* OCTOSPI1 || OCTOSPI2 */
2018:Drivers/STM32L4xx_HAL_Driver/Src/stm32l4xx_hal_rcc_ex.c **** 
2019:Drivers/STM32L4xx_HAL_Driver/Src/stm32l4xx_hal_rcc_ex.c ****     default:
2020:Drivers/STM32L4xx_HAL_Driver/Src/stm32l4xx_hal_rcc_ex.c ****       break;
2021:Drivers/STM32L4xx_HAL_Driver/Src/stm32l4xx_hal_rcc_ex.c ****     }
2022:Drivers/STM32L4xx_HAL_Driver/Src/stm32l4xx_hal_rcc_ex.c ****   }
2023:Drivers/STM32L4xx_HAL_Driver/Src/stm32l4xx_hal_rcc_ex.c **** 
2024:Drivers/STM32L4xx_HAL_Driver/Src/stm32l4xx_hal_rcc_ex.c ****   return(frequency);
2025:Drivers/STM32L4xx_HAL_Driver/Src/stm32l4xx_hal_rcc_ex.c **** }
ARM GAS  /tmp/ccxIXDAo.s 			page 37


2026:Drivers/STM32L4xx_HAL_Driver/Src/stm32l4xx_hal_rcc_ex.c **** 
2027:Drivers/STM32L4xx_HAL_Driver/Src/stm32l4xx_hal_rcc_ex.c **** /**
2028:Drivers/STM32L4xx_HAL_Driver/Src/stm32l4xx_hal_rcc_ex.c ****   * @}
2029:Drivers/STM32L4xx_HAL_Driver/Src/stm32l4xx_hal_rcc_ex.c ****   */
2030:Drivers/STM32L4xx_HAL_Driver/Src/stm32l4xx_hal_rcc_ex.c **** 
2031:Drivers/STM32L4xx_HAL_Driver/Src/stm32l4xx_hal_rcc_ex.c **** /** @defgroup RCCEx_Exported_Functions_Group2 Extended Clock management functions
2032:Drivers/STM32L4xx_HAL_Driver/Src/stm32l4xx_hal_rcc_ex.c ****  *  @brief  Extended Clock management functions
2033:Drivers/STM32L4xx_HAL_Driver/Src/stm32l4xx_hal_rcc_ex.c ****  *
2034:Drivers/STM32L4xx_HAL_Driver/Src/stm32l4xx_hal_rcc_ex.c **** @verbatim
2035:Drivers/STM32L4xx_HAL_Driver/Src/stm32l4xx_hal_rcc_ex.c ****  ===============================================================================
2036:Drivers/STM32L4xx_HAL_Driver/Src/stm32l4xx_hal_rcc_ex.c ****                 ##### Extended clock management functions  #####
2037:Drivers/STM32L4xx_HAL_Driver/Src/stm32l4xx_hal_rcc_ex.c ****  ===============================================================================
2038:Drivers/STM32L4xx_HAL_Driver/Src/stm32l4xx_hal_rcc_ex.c ****     [..]
2039:Drivers/STM32L4xx_HAL_Driver/Src/stm32l4xx_hal_rcc_ex.c ****     This subsection provides a set of functions allowing to control the
2040:Drivers/STM32L4xx_HAL_Driver/Src/stm32l4xx_hal_rcc_ex.c ****     activation or deactivation of MSI PLL-mode, PLLSAI1, PLLSAI2, LSE CSS,
2041:Drivers/STM32L4xx_HAL_Driver/Src/stm32l4xx_hal_rcc_ex.c ****     Low speed clock output and clock after wake-up from STOP mode.
2042:Drivers/STM32L4xx_HAL_Driver/Src/stm32l4xx_hal_rcc_ex.c **** @endverbatim
2043:Drivers/STM32L4xx_HAL_Driver/Src/stm32l4xx_hal_rcc_ex.c ****   * @{
2044:Drivers/STM32L4xx_HAL_Driver/Src/stm32l4xx_hal_rcc_ex.c ****   */
2045:Drivers/STM32L4xx_HAL_Driver/Src/stm32l4xx_hal_rcc_ex.c **** 
2046:Drivers/STM32L4xx_HAL_Driver/Src/stm32l4xx_hal_rcc_ex.c **** #if defined(RCC_PLLSAI1_SUPPORT)
2047:Drivers/STM32L4xx_HAL_Driver/Src/stm32l4xx_hal_rcc_ex.c **** 
2048:Drivers/STM32L4xx_HAL_Driver/Src/stm32l4xx_hal_rcc_ex.c **** /**
2049:Drivers/STM32L4xx_HAL_Driver/Src/stm32l4xx_hal_rcc_ex.c ****   * @brief  Enable PLLSAI1.
2050:Drivers/STM32L4xx_HAL_Driver/Src/stm32l4xx_hal_rcc_ex.c ****   * @param  PLLSAI1Init  pointer to an RCC_PLLSAI1InitTypeDef structure that
2051:Drivers/STM32L4xx_HAL_Driver/Src/stm32l4xx_hal_rcc_ex.c ****   *         contains the configuration information for the PLLSAI1
2052:Drivers/STM32L4xx_HAL_Driver/Src/stm32l4xx_hal_rcc_ex.c ****   * @retval HAL status
2053:Drivers/STM32L4xx_HAL_Driver/Src/stm32l4xx_hal_rcc_ex.c ****   */
2054:Drivers/STM32L4xx_HAL_Driver/Src/stm32l4xx_hal_rcc_ex.c **** HAL_StatusTypeDef HAL_RCCEx_EnablePLLSAI1(RCC_PLLSAI1InitTypeDef  *PLLSAI1Init)
2055:Drivers/STM32L4xx_HAL_Driver/Src/stm32l4xx_hal_rcc_ex.c **** {
2056:Drivers/STM32L4xx_HAL_Driver/Src/stm32l4xx_hal_rcc_ex.c ****   uint32_t tickstart;
2057:Drivers/STM32L4xx_HAL_Driver/Src/stm32l4xx_hal_rcc_ex.c ****   HAL_StatusTypeDef status = HAL_OK;
2058:Drivers/STM32L4xx_HAL_Driver/Src/stm32l4xx_hal_rcc_ex.c **** 
2059:Drivers/STM32L4xx_HAL_Driver/Src/stm32l4xx_hal_rcc_ex.c ****   /* check for PLLSAI1 Parameters used to output PLLSAI1CLK */
2060:Drivers/STM32L4xx_HAL_Driver/Src/stm32l4xx_hal_rcc_ex.c ****   assert_param(IS_RCC_PLLSAI1SOURCE(PLLSAI1Init->PLLSAI1Source));
2061:Drivers/STM32L4xx_HAL_Driver/Src/stm32l4xx_hal_rcc_ex.c ****   assert_param(IS_RCC_PLLSAI1M_VALUE(PLLSAI1Init->PLLSAI1M));
2062:Drivers/STM32L4xx_HAL_Driver/Src/stm32l4xx_hal_rcc_ex.c ****   assert_param(IS_RCC_PLLSAI1N_VALUE(PLLSAI1Init->PLLSAI1N));
2063:Drivers/STM32L4xx_HAL_Driver/Src/stm32l4xx_hal_rcc_ex.c ****   assert_param(IS_RCC_PLLSAI1P_VALUE(PLLSAI1Init->PLLSAI1P));
2064:Drivers/STM32L4xx_HAL_Driver/Src/stm32l4xx_hal_rcc_ex.c ****   assert_param(IS_RCC_PLLSAI1Q_VALUE(PLLSAI1Init->PLLSAI1Q));
2065:Drivers/STM32L4xx_HAL_Driver/Src/stm32l4xx_hal_rcc_ex.c ****   assert_param(IS_RCC_PLLSAI1R_VALUE(PLLSAI1Init->PLLSAI1R));
2066:Drivers/STM32L4xx_HAL_Driver/Src/stm32l4xx_hal_rcc_ex.c ****   assert_param(IS_RCC_PLLSAI1CLOCKOUT_VALUE(PLLSAI1Init->PLLSAI1ClockOut));
2067:Drivers/STM32L4xx_HAL_Driver/Src/stm32l4xx_hal_rcc_ex.c **** 
2068:Drivers/STM32L4xx_HAL_Driver/Src/stm32l4xx_hal_rcc_ex.c ****   /* Disable the PLLSAI1 */
2069:Drivers/STM32L4xx_HAL_Driver/Src/stm32l4xx_hal_rcc_ex.c ****   __HAL_RCC_PLLSAI1_DISABLE();
2070:Drivers/STM32L4xx_HAL_Driver/Src/stm32l4xx_hal_rcc_ex.c **** 
2071:Drivers/STM32L4xx_HAL_Driver/Src/stm32l4xx_hal_rcc_ex.c ****   /* Get Start Tick*/
2072:Drivers/STM32L4xx_HAL_Driver/Src/stm32l4xx_hal_rcc_ex.c ****   tickstart = HAL_GetTick();
2073:Drivers/STM32L4xx_HAL_Driver/Src/stm32l4xx_hal_rcc_ex.c **** 
2074:Drivers/STM32L4xx_HAL_Driver/Src/stm32l4xx_hal_rcc_ex.c ****   /* Wait till PLLSAI1 is ready to be updated */
2075:Drivers/STM32L4xx_HAL_Driver/Src/stm32l4xx_hal_rcc_ex.c ****   while(READ_BIT(RCC->CR, RCC_CR_PLLSAI1RDY) != 0U)
2076:Drivers/STM32L4xx_HAL_Driver/Src/stm32l4xx_hal_rcc_ex.c ****   {
2077:Drivers/STM32L4xx_HAL_Driver/Src/stm32l4xx_hal_rcc_ex.c ****     if((HAL_GetTick() - tickstart) > PLLSAI1_TIMEOUT_VALUE)
2078:Drivers/STM32L4xx_HAL_Driver/Src/stm32l4xx_hal_rcc_ex.c ****     {
2079:Drivers/STM32L4xx_HAL_Driver/Src/stm32l4xx_hal_rcc_ex.c ****       status = HAL_TIMEOUT;
2080:Drivers/STM32L4xx_HAL_Driver/Src/stm32l4xx_hal_rcc_ex.c ****       break;
2081:Drivers/STM32L4xx_HAL_Driver/Src/stm32l4xx_hal_rcc_ex.c ****     }
2082:Drivers/STM32L4xx_HAL_Driver/Src/stm32l4xx_hal_rcc_ex.c ****   }
ARM GAS  /tmp/ccxIXDAo.s 			page 38


2083:Drivers/STM32L4xx_HAL_Driver/Src/stm32l4xx_hal_rcc_ex.c **** 
2084:Drivers/STM32L4xx_HAL_Driver/Src/stm32l4xx_hal_rcc_ex.c ****   if(status == HAL_OK)
2085:Drivers/STM32L4xx_HAL_Driver/Src/stm32l4xx_hal_rcc_ex.c ****   {
2086:Drivers/STM32L4xx_HAL_Driver/Src/stm32l4xx_hal_rcc_ex.c **** #if defined(RCC_PLLSAI1M_DIV_1_16_SUPPORT)
2087:Drivers/STM32L4xx_HAL_Driver/Src/stm32l4xx_hal_rcc_ex.c ****     /* Configure the PLLSAI1 Multiplication factor N */
2088:Drivers/STM32L4xx_HAL_Driver/Src/stm32l4xx_hal_rcc_ex.c ****     /* Configure the PLLSAI1 Division factors M, P, Q and R */
2089:Drivers/STM32L4xx_HAL_Driver/Src/stm32l4xx_hal_rcc_ex.c ****     __HAL_RCC_PLLSAI1_CONFIG(PLLSAI1Init->PLLSAI1M, PLLSAI1Init->PLLSAI1N, PLLSAI1Init->PLLSAI1P, P
2090:Drivers/STM32L4xx_HAL_Driver/Src/stm32l4xx_hal_rcc_ex.c **** #else
2091:Drivers/STM32L4xx_HAL_Driver/Src/stm32l4xx_hal_rcc_ex.c ****     /* Configure the PLLSAI1 Multiplication factor N */
2092:Drivers/STM32L4xx_HAL_Driver/Src/stm32l4xx_hal_rcc_ex.c ****     /* Configure the PLLSAI1 Division factors P, Q and R */
2093:Drivers/STM32L4xx_HAL_Driver/Src/stm32l4xx_hal_rcc_ex.c ****     __HAL_RCC_PLLSAI1_CONFIG(PLLSAI1Init->PLLSAI1N, PLLSAI1Init->PLLSAI1P, PLLSAI1Init->PLLSAI1Q, P
2094:Drivers/STM32L4xx_HAL_Driver/Src/stm32l4xx_hal_rcc_ex.c **** #endif /* RCC_PLLSAI1M_DIV_1_16_SUPPORT */
2095:Drivers/STM32L4xx_HAL_Driver/Src/stm32l4xx_hal_rcc_ex.c ****     /* Configure the PLLSAI1 Clock output(s) */
2096:Drivers/STM32L4xx_HAL_Driver/Src/stm32l4xx_hal_rcc_ex.c ****     __HAL_RCC_PLLSAI1CLKOUT_ENABLE(PLLSAI1Init->PLLSAI1ClockOut);
2097:Drivers/STM32L4xx_HAL_Driver/Src/stm32l4xx_hal_rcc_ex.c **** 
2098:Drivers/STM32L4xx_HAL_Driver/Src/stm32l4xx_hal_rcc_ex.c ****     /* Enable the PLLSAI1 again by setting PLLSAI1ON to 1*/
2099:Drivers/STM32L4xx_HAL_Driver/Src/stm32l4xx_hal_rcc_ex.c ****     __HAL_RCC_PLLSAI1_ENABLE();
2100:Drivers/STM32L4xx_HAL_Driver/Src/stm32l4xx_hal_rcc_ex.c **** 
2101:Drivers/STM32L4xx_HAL_Driver/Src/stm32l4xx_hal_rcc_ex.c ****     /* Get Start Tick*/
2102:Drivers/STM32L4xx_HAL_Driver/Src/stm32l4xx_hal_rcc_ex.c ****     tickstart = HAL_GetTick();
2103:Drivers/STM32L4xx_HAL_Driver/Src/stm32l4xx_hal_rcc_ex.c **** 
2104:Drivers/STM32L4xx_HAL_Driver/Src/stm32l4xx_hal_rcc_ex.c ****     /* Wait till PLLSAI1 is ready */
2105:Drivers/STM32L4xx_HAL_Driver/Src/stm32l4xx_hal_rcc_ex.c ****     while(READ_BIT(RCC->CR, RCC_CR_PLLSAI1RDY) == 0U)
2106:Drivers/STM32L4xx_HAL_Driver/Src/stm32l4xx_hal_rcc_ex.c ****     {
2107:Drivers/STM32L4xx_HAL_Driver/Src/stm32l4xx_hal_rcc_ex.c ****       if((HAL_GetTick() - tickstart) > PLLSAI1_TIMEOUT_VALUE)
2108:Drivers/STM32L4xx_HAL_Driver/Src/stm32l4xx_hal_rcc_ex.c ****       {
2109:Drivers/STM32L4xx_HAL_Driver/Src/stm32l4xx_hal_rcc_ex.c ****         status = HAL_TIMEOUT;
2110:Drivers/STM32L4xx_HAL_Driver/Src/stm32l4xx_hal_rcc_ex.c ****         break;
2111:Drivers/STM32L4xx_HAL_Driver/Src/stm32l4xx_hal_rcc_ex.c ****       }
2112:Drivers/STM32L4xx_HAL_Driver/Src/stm32l4xx_hal_rcc_ex.c ****     }
2113:Drivers/STM32L4xx_HAL_Driver/Src/stm32l4xx_hal_rcc_ex.c ****   }
2114:Drivers/STM32L4xx_HAL_Driver/Src/stm32l4xx_hal_rcc_ex.c **** 
2115:Drivers/STM32L4xx_HAL_Driver/Src/stm32l4xx_hal_rcc_ex.c ****   return status;
2116:Drivers/STM32L4xx_HAL_Driver/Src/stm32l4xx_hal_rcc_ex.c **** }
2117:Drivers/STM32L4xx_HAL_Driver/Src/stm32l4xx_hal_rcc_ex.c **** 
2118:Drivers/STM32L4xx_HAL_Driver/Src/stm32l4xx_hal_rcc_ex.c **** /**
2119:Drivers/STM32L4xx_HAL_Driver/Src/stm32l4xx_hal_rcc_ex.c ****   * @brief  Disable PLLSAI1.
2120:Drivers/STM32L4xx_HAL_Driver/Src/stm32l4xx_hal_rcc_ex.c ****   * @retval HAL status
2121:Drivers/STM32L4xx_HAL_Driver/Src/stm32l4xx_hal_rcc_ex.c ****   */
2122:Drivers/STM32L4xx_HAL_Driver/Src/stm32l4xx_hal_rcc_ex.c **** HAL_StatusTypeDef HAL_RCCEx_DisablePLLSAI1(void)
2123:Drivers/STM32L4xx_HAL_Driver/Src/stm32l4xx_hal_rcc_ex.c **** {
2124:Drivers/STM32L4xx_HAL_Driver/Src/stm32l4xx_hal_rcc_ex.c ****   uint32_t tickstart;
2125:Drivers/STM32L4xx_HAL_Driver/Src/stm32l4xx_hal_rcc_ex.c ****   HAL_StatusTypeDef status = HAL_OK;
2126:Drivers/STM32L4xx_HAL_Driver/Src/stm32l4xx_hal_rcc_ex.c **** 
2127:Drivers/STM32L4xx_HAL_Driver/Src/stm32l4xx_hal_rcc_ex.c ****   /* Disable the PLLSAI1 */
2128:Drivers/STM32L4xx_HAL_Driver/Src/stm32l4xx_hal_rcc_ex.c ****   __HAL_RCC_PLLSAI1_DISABLE();
2129:Drivers/STM32L4xx_HAL_Driver/Src/stm32l4xx_hal_rcc_ex.c **** 
2130:Drivers/STM32L4xx_HAL_Driver/Src/stm32l4xx_hal_rcc_ex.c ****   /* Get Start Tick*/
2131:Drivers/STM32L4xx_HAL_Driver/Src/stm32l4xx_hal_rcc_ex.c ****   tickstart = HAL_GetTick();
2132:Drivers/STM32L4xx_HAL_Driver/Src/stm32l4xx_hal_rcc_ex.c **** 
2133:Drivers/STM32L4xx_HAL_Driver/Src/stm32l4xx_hal_rcc_ex.c ****   /* Wait till PLLSAI1 is ready */
2134:Drivers/STM32L4xx_HAL_Driver/Src/stm32l4xx_hal_rcc_ex.c ****   while(READ_BIT(RCC->CR, RCC_CR_PLLSAI1RDY) != 0U)
2135:Drivers/STM32L4xx_HAL_Driver/Src/stm32l4xx_hal_rcc_ex.c ****   {
2136:Drivers/STM32L4xx_HAL_Driver/Src/stm32l4xx_hal_rcc_ex.c ****     if((HAL_GetTick() - tickstart) > PLLSAI1_TIMEOUT_VALUE)
2137:Drivers/STM32L4xx_HAL_Driver/Src/stm32l4xx_hal_rcc_ex.c ****     {
2138:Drivers/STM32L4xx_HAL_Driver/Src/stm32l4xx_hal_rcc_ex.c ****       status = HAL_TIMEOUT;
2139:Drivers/STM32L4xx_HAL_Driver/Src/stm32l4xx_hal_rcc_ex.c ****       break;
ARM GAS  /tmp/ccxIXDAo.s 			page 39


2140:Drivers/STM32L4xx_HAL_Driver/Src/stm32l4xx_hal_rcc_ex.c ****     }
2141:Drivers/STM32L4xx_HAL_Driver/Src/stm32l4xx_hal_rcc_ex.c ****   }
2142:Drivers/STM32L4xx_HAL_Driver/Src/stm32l4xx_hal_rcc_ex.c **** 
2143:Drivers/STM32L4xx_HAL_Driver/Src/stm32l4xx_hal_rcc_ex.c ****   /* Disable the PLLSAI1 Clock outputs */
2144:Drivers/STM32L4xx_HAL_Driver/Src/stm32l4xx_hal_rcc_ex.c ****   __HAL_RCC_PLLSAI1CLKOUT_DISABLE(RCC_PLLSAI1CFGR_PLLSAI1PEN|RCC_PLLSAI1CFGR_PLLSAI1QEN|RCC_PLLSAI1
2145:Drivers/STM32L4xx_HAL_Driver/Src/stm32l4xx_hal_rcc_ex.c **** 
2146:Drivers/STM32L4xx_HAL_Driver/Src/stm32l4xx_hal_rcc_ex.c ****   /* Reset PLL source to save power if no PLLs on */
2147:Drivers/STM32L4xx_HAL_Driver/Src/stm32l4xx_hal_rcc_ex.c **** #if defined(RCC_PLLSAI2_SUPPORT)
2148:Drivers/STM32L4xx_HAL_Driver/Src/stm32l4xx_hal_rcc_ex.c ****   if(READ_BIT(RCC->CR, (RCC_CR_PLLRDY | RCC_CR_PLLSAI2RDY)) == 0U)
2149:Drivers/STM32L4xx_HAL_Driver/Src/stm32l4xx_hal_rcc_ex.c ****   {
2150:Drivers/STM32L4xx_HAL_Driver/Src/stm32l4xx_hal_rcc_ex.c ****     MODIFY_REG(RCC->PLLCFGR, RCC_PLLCFGR_PLLSRC, RCC_PLLSOURCE_NONE);
2151:Drivers/STM32L4xx_HAL_Driver/Src/stm32l4xx_hal_rcc_ex.c ****   }
2152:Drivers/STM32L4xx_HAL_Driver/Src/stm32l4xx_hal_rcc_ex.c **** #else
2153:Drivers/STM32L4xx_HAL_Driver/Src/stm32l4xx_hal_rcc_ex.c ****   if(READ_BIT(RCC->CR, RCC_CR_PLLRDY) == 0U)
2154:Drivers/STM32L4xx_HAL_Driver/Src/stm32l4xx_hal_rcc_ex.c ****   {
2155:Drivers/STM32L4xx_HAL_Driver/Src/stm32l4xx_hal_rcc_ex.c ****     MODIFY_REG(RCC->PLLCFGR, RCC_PLLCFGR_PLLSRC, RCC_PLLSOURCE_NONE);
2156:Drivers/STM32L4xx_HAL_Driver/Src/stm32l4xx_hal_rcc_ex.c ****   }
2157:Drivers/STM32L4xx_HAL_Driver/Src/stm32l4xx_hal_rcc_ex.c **** #endif /* RCC_PLLSAI2_SUPPORT */
2158:Drivers/STM32L4xx_HAL_Driver/Src/stm32l4xx_hal_rcc_ex.c **** 
2159:Drivers/STM32L4xx_HAL_Driver/Src/stm32l4xx_hal_rcc_ex.c ****   return status;
2160:Drivers/STM32L4xx_HAL_Driver/Src/stm32l4xx_hal_rcc_ex.c **** }
2161:Drivers/STM32L4xx_HAL_Driver/Src/stm32l4xx_hal_rcc_ex.c **** 
2162:Drivers/STM32L4xx_HAL_Driver/Src/stm32l4xx_hal_rcc_ex.c **** #endif /* RCC_PLLSAI1_SUPPORT */
2163:Drivers/STM32L4xx_HAL_Driver/Src/stm32l4xx_hal_rcc_ex.c **** 
2164:Drivers/STM32L4xx_HAL_Driver/Src/stm32l4xx_hal_rcc_ex.c **** #if defined(RCC_PLLSAI2_SUPPORT)
2165:Drivers/STM32L4xx_HAL_Driver/Src/stm32l4xx_hal_rcc_ex.c **** 
2166:Drivers/STM32L4xx_HAL_Driver/Src/stm32l4xx_hal_rcc_ex.c **** /**
2167:Drivers/STM32L4xx_HAL_Driver/Src/stm32l4xx_hal_rcc_ex.c ****   * @brief  Enable PLLSAI2.
2168:Drivers/STM32L4xx_HAL_Driver/Src/stm32l4xx_hal_rcc_ex.c ****   * @param  PLLSAI2Init  pointer to an RCC_PLLSAI2InitTypeDef structure that
2169:Drivers/STM32L4xx_HAL_Driver/Src/stm32l4xx_hal_rcc_ex.c ****   *         contains the configuration information for the PLLSAI2
2170:Drivers/STM32L4xx_HAL_Driver/Src/stm32l4xx_hal_rcc_ex.c ****   * @retval HAL status
2171:Drivers/STM32L4xx_HAL_Driver/Src/stm32l4xx_hal_rcc_ex.c ****   */
2172:Drivers/STM32L4xx_HAL_Driver/Src/stm32l4xx_hal_rcc_ex.c **** HAL_StatusTypeDef HAL_RCCEx_EnablePLLSAI2(RCC_PLLSAI2InitTypeDef  *PLLSAI2Init)
2173:Drivers/STM32L4xx_HAL_Driver/Src/stm32l4xx_hal_rcc_ex.c **** {
2174:Drivers/STM32L4xx_HAL_Driver/Src/stm32l4xx_hal_rcc_ex.c ****   uint32_t tickstart;
2175:Drivers/STM32L4xx_HAL_Driver/Src/stm32l4xx_hal_rcc_ex.c ****   HAL_StatusTypeDef status = HAL_OK;
2176:Drivers/STM32L4xx_HAL_Driver/Src/stm32l4xx_hal_rcc_ex.c **** 
2177:Drivers/STM32L4xx_HAL_Driver/Src/stm32l4xx_hal_rcc_ex.c ****   /* check for PLLSAI2 Parameters used to output PLLSAI2CLK */
2178:Drivers/STM32L4xx_HAL_Driver/Src/stm32l4xx_hal_rcc_ex.c ****   assert_param(IS_RCC_PLLSAI2SOURCE(PLLSAI2Init->PLLSAI2Source));
2179:Drivers/STM32L4xx_HAL_Driver/Src/stm32l4xx_hal_rcc_ex.c ****   assert_param(IS_RCC_PLLSAI2M_VALUE(PLLSAI2Init->PLLSAI2M));
2180:Drivers/STM32L4xx_HAL_Driver/Src/stm32l4xx_hal_rcc_ex.c ****   assert_param(IS_RCC_PLLSAI2N_VALUE(PLLSAI2Init->PLLSAI2N));
2181:Drivers/STM32L4xx_HAL_Driver/Src/stm32l4xx_hal_rcc_ex.c ****   assert_param(IS_RCC_PLLSAI2P_VALUE(PLLSAI2Init->PLLSAI2P));
2182:Drivers/STM32L4xx_HAL_Driver/Src/stm32l4xx_hal_rcc_ex.c **** #if defined(RCC_PLLSAI2Q_DIV_SUPPORT)
2183:Drivers/STM32L4xx_HAL_Driver/Src/stm32l4xx_hal_rcc_ex.c ****   assert_param(IS_RCC_PLLSAI2Q_VALUE(PLLSAI2Init->PLLSAI2Q));
2184:Drivers/STM32L4xx_HAL_Driver/Src/stm32l4xx_hal_rcc_ex.c **** #endif /* RCC_PLLSAI2Q_DIV_SUPPORT */
2185:Drivers/STM32L4xx_HAL_Driver/Src/stm32l4xx_hal_rcc_ex.c ****   assert_param(IS_RCC_PLLSAI2R_VALUE(PLLSAI2Init->PLLSAI2R));
2186:Drivers/STM32L4xx_HAL_Driver/Src/stm32l4xx_hal_rcc_ex.c ****   assert_param(IS_RCC_PLLSAI2CLOCKOUT_VALUE(PLLSAI2Init->PLLSAI2ClockOut));
2187:Drivers/STM32L4xx_HAL_Driver/Src/stm32l4xx_hal_rcc_ex.c **** 
2188:Drivers/STM32L4xx_HAL_Driver/Src/stm32l4xx_hal_rcc_ex.c ****   /* Disable the PLLSAI2 */
2189:Drivers/STM32L4xx_HAL_Driver/Src/stm32l4xx_hal_rcc_ex.c ****   __HAL_RCC_PLLSAI2_DISABLE();
2190:Drivers/STM32L4xx_HAL_Driver/Src/stm32l4xx_hal_rcc_ex.c **** 
2191:Drivers/STM32L4xx_HAL_Driver/Src/stm32l4xx_hal_rcc_ex.c ****   /* Get Start Tick*/
2192:Drivers/STM32L4xx_HAL_Driver/Src/stm32l4xx_hal_rcc_ex.c ****   tickstart = HAL_GetTick();
2193:Drivers/STM32L4xx_HAL_Driver/Src/stm32l4xx_hal_rcc_ex.c **** 
2194:Drivers/STM32L4xx_HAL_Driver/Src/stm32l4xx_hal_rcc_ex.c ****   /* Wait till PLLSAI2 is ready to be updated */
2195:Drivers/STM32L4xx_HAL_Driver/Src/stm32l4xx_hal_rcc_ex.c ****   while(READ_BIT(RCC->CR, RCC_CR_PLLSAI2RDY) != 0U)
2196:Drivers/STM32L4xx_HAL_Driver/Src/stm32l4xx_hal_rcc_ex.c ****   {
ARM GAS  /tmp/ccxIXDAo.s 			page 40


2197:Drivers/STM32L4xx_HAL_Driver/Src/stm32l4xx_hal_rcc_ex.c ****     if((HAL_GetTick() - tickstart) > PLLSAI2_TIMEOUT_VALUE)
2198:Drivers/STM32L4xx_HAL_Driver/Src/stm32l4xx_hal_rcc_ex.c ****     {
2199:Drivers/STM32L4xx_HAL_Driver/Src/stm32l4xx_hal_rcc_ex.c ****       status = HAL_TIMEOUT;
2200:Drivers/STM32L4xx_HAL_Driver/Src/stm32l4xx_hal_rcc_ex.c ****       break;
2201:Drivers/STM32L4xx_HAL_Driver/Src/stm32l4xx_hal_rcc_ex.c ****     }
2202:Drivers/STM32L4xx_HAL_Driver/Src/stm32l4xx_hal_rcc_ex.c ****   }
2203:Drivers/STM32L4xx_HAL_Driver/Src/stm32l4xx_hal_rcc_ex.c **** 
2204:Drivers/STM32L4xx_HAL_Driver/Src/stm32l4xx_hal_rcc_ex.c ****   if(status == HAL_OK)
2205:Drivers/STM32L4xx_HAL_Driver/Src/stm32l4xx_hal_rcc_ex.c ****   {
2206:Drivers/STM32L4xx_HAL_Driver/Src/stm32l4xx_hal_rcc_ex.c **** #if defined(RCC_PLLSAI2M_DIV_1_16_SUPPORT) && defined(RCC_PLLSAI2Q_DIV_SUPPORT)
2207:Drivers/STM32L4xx_HAL_Driver/Src/stm32l4xx_hal_rcc_ex.c ****     /* Configure the PLLSAI2 Multiplication factor N */
2208:Drivers/STM32L4xx_HAL_Driver/Src/stm32l4xx_hal_rcc_ex.c ****     /* Configure the PLLSAI2 Division factors M, P, Q and R */
2209:Drivers/STM32L4xx_HAL_Driver/Src/stm32l4xx_hal_rcc_ex.c ****     __HAL_RCC_PLLSAI2_CONFIG(PLLSAI2Init->PLLSAI2M, PLLSAI2Init->PLLSAI2N, PLLSAI2Init->PLLSAI2P, P
2210:Drivers/STM32L4xx_HAL_Driver/Src/stm32l4xx_hal_rcc_ex.c **** #elif defined(RCC_PLLSAI2M_DIV_1_16_SUPPORT)
2211:Drivers/STM32L4xx_HAL_Driver/Src/stm32l4xx_hal_rcc_ex.c ****     /* Configure the PLLSAI2 Multiplication factor N */
2212:Drivers/STM32L4xx_HAL_Driver/Src/stm32l4xx_hal_rcc_ex.c ****     /* Configure the PLLSAI2 Division factors M, P and R */
2213:Drivers/STM32L4xx_HAL_Driver/Src/stm32l4xx_hal_rcc_ex.c ****     __HAL_RCC_PLLSAI2_CONFIG(PLLSAI2Init->PLLSAI2M, PLLSAI2Init->PLLSAI2N, PLLSAI2Init->PLLSAI2P, P
2214:Drivers/STM32L4xx_HAL_Driver/Src/stm32l4xx_hal_rcc_ex.c **** #elif defined(RCC_PLLSAI2Q_DIV_SUPPORT)
2215:Drivers/STM32L4xx_HAL_Driver/Src/stm32l4xx_hal_rcc_ex.c ****     /* Configure the PLLSAI2 Multiplication factor N */
2216:Drivers/STM32L4xx_HAL_Driver/Src/stm32l4xx_hal_rcc_ex.c ****     /* Configure the PLLSAI2 Division factors P, Q and R */
2217:Drivers/STM32L4xx_HAL_Driver/Src/stm32l4xx_hal_rcc_ex.c ****     __HAL_RCC_PLLSAI2_CONFIG(PLLSAI2Init->PLLSAI2N, PLLSAI2Init->PLLSAI2P, PLLSAI2Init->PLLSAI2Q, P
2218:Drivers/STM32L4xx_HAL_Driver/Src/stm32l4xx_hal_rcc_ex.c **** #else
2219:Drivers/STM32L4xx_HAL_Driver/Src/stm32l4xx_hal_rcc_ex.c ****     /* Configure the PLLSAI2 Multiplication factor N */
2220:Drivers/STM32L4xx_HAL_Driver/Src/stm32l4xx_hal_rcc_ex.c ****     /* Configure the PLLSAI2 Division factors P and R */
2221:Drivers/STM32L4xx_HAL_Driver/Src/stm32l4xx_hal_rcc_ex.c ****     __HAL_RCC_PLLSAI2_CONFIG(PLLSAI2Init->PLLSAI2N, PLLSAI2Init->PLLSAI2P, PLLSAI2Init->PLLSAI2R);
2222:Drivers/STM32L4xx_HAL_Driver/Src/stm32l4xx_hal_rcc_ex.c **** #endif /* RCC_PLLSAI2M_DIV_1_16_SUPPORT && RCC_PLLSAI2Q_DIV_SUPPORT */
2223:Drivers/STM32L4xx_HAL_Driver/Src/stm32l4xx_hal_rcc_ex.c ****     /* Configure the PLLSAI2 Clock output(s) */
2224:Drivers/STM32L4xx_HAL_Driver/Src/stm32l4xx_hal_rcc_ex.c ****     __HAL_RCC_PLLSAI2CLKOUT_ENABLE(PLLSAI2Init->PLLSAI2ClockOut);
2225:Drivers/STM32L4xx_HAL_Driver/Src/stm32l4xx_hal_rcc_ex.c **** 
2226:Drivers/STM32L4xx_HAL_Driver/Src/stm32l4xx_hal_rcc_ex.c ****     /* Enable the PLLSAI2 again by setting PLLSAI2ON to 1*/
2227:Drivers/STM32L4xx_HAL_Driver/Src/stm32l4xx_hal_rcc_ex.c ****     __HAL_RCC_PLLSAI2_ENABLE();
2228:Drivers/STM32L4xx_HAL_Driver/Src/stm32l4xx_hal_rcc_ex.c **** 
2229:Drivers/STM32L4xx_HAL_Driver/Src/stm32l4xx_hal_rcc_ex.c ****     /* Get Start Tick*/
2230:Drivers/STM32L4xx_HAL_Driver/Src/stm32l4xx_hal_rcc_ex.c ****     tickstart = HAL_GetTick();
2231:Drivers/STM32L4xx_HAL_Driver/Src/stm32l4xx_hal_rcc_ex.c **** 
2232:Drivers/STM32L4xx_HAL_Driver/Src/stm32l4xx_hal_rcc_ex.c ****     /* Wait till PLLSAI2 is ready */
2233:Drivers/STM32L4xx_HAL_Driver/Src/stm32l4xx_hal_rcc_ex.c ****     while(READ_BIT(RCC->CR, RCC_CR_PLLSAI2RDY) == 0U)
2234:Drivers/STM32L4xx_HAL_Driver/Src/stm32l4xx_hal_rcc_ex.c ****     {
2235:Drivers/STM32L4xx_HAL_Driver/Src/stm32l4xx_hal_rcc_ex.c ****       if((HAL_GetTick() - tickstart) > PLLSAI2_TIMEOUT_VALUE)
2236:Drivers/STM32L4xx_HAL_Driver/Src/stm32l4xx_hal_rcc_ex.c ****       {
2237:Drivers/STM32L4xx_HAL_Driver/Src/stm32l4xx_hal_rcc_ex.c ****         status = HAL_TIMEOUT;
2238:Drivers/STM32L4xx_HAL_Driver/Src/stm32l4xx_hal_rcc_ex.c ****         break;
2239:Drivers/STM32L4xx_HAL_Driver/Src/stm32l4xx_hal_rcc_ex.c ****       }
2240:Drivers/STM32L4xx_HAL_Driver/Src/stm32l4xx_hal_rcc_ex.c ****     }
2241:Drivers/STM32L4xx_HAL_Driver/Src/stm32l4xx_hal_rcc_ex.c ****   }
2242:Drivers/STM32L4xx_HAL_Driver/Src/stm32l4xx_hal_rcc_ex.c **** 
2243:Drivers/STM32L4xx_HAL_Driver/Src/stm32l4xx_hal_rcc_ex.c ****   return status;
2244:Drivers/STM32L4xx_HAL_Driver/Src/stm32l4xx_hal_rcc_ex.c **** }
2245:Drivers/STM32L4xx_HAL_Driver/Src/stm32l4xx_hal_rcc_ex.c **** 
2246:Drivers/STM32L4xx_HAL_Driver/Src/stm32l4xx_hal_rcc_ex.c **** /**
2247:Drivers/STM32L4xx_HAL_Driver/Src/stm32l4xx_hal_rcc_ex.c ****   * @brief  Disable PLLISAI2.
2248:Drivers/STM32L4xx_HAL_Driver/Src/stm32l4xx_hal_rcc_ex.c ****   * @retval HAL status
2249:Drivers/STM32L4xx_HAL_Driver/Src/stm32l4xx_hal_rcc_ex.c ****   */
2250:Drivers/STM32L4xx_HAL_Driver/Src/stm32l4xx_hal_rcc_ex.c **** HAL_StatusTypeDef HAL_RCCEx_DisablePLLSAI2(void)
2251:Drivers/STM32L4xx_HAL_Driver/Src/stm32l4xx_hal_rcc_ex.c **** {
2252:Drivers/STM32L4xx_HAL_Driver/Src/stm32l4xx_hal_rcc_ex.c ****   uint32_t tickstart;
2253:Drivers/STM32L4xx_HAL_Driver/Src/stm32l4xx_hal_rcc_ex.c ****   HAL_StatusTypeDef status = HAL_OK;
ARM GAS  /tmp/ccxIXDAo.s 			page 41


2254:Drivers/STM32L4xx_HAL_Driver/Src/stm32l4xx_hal_rcc_ex.c **** 
2255:Drivers/STM32L4xx_HAL_Driver/Src/stm32l4xx_hal_rcc_ex.c ****   /* Disable the PLLSAI2 */
2256:Drivers/STM32L4xx_HAL_Driver/Src/stm32l4xx_hal_rcc_ex.c ****   __HAL_RCC_PLLSAI2_DISABLE();
2257:Drivers/STM32L4xx_HAL_Driver/Src/stm32l4xx_hal_rcc_ex.c **** 
2258:Drivers/STM32L4xx_HAL_Driver/Src/stm32l4xx_hal_rcc_ex.c ****   /* Get Start Tick*/
2259:Drivers/STM32L4xx_HAL_Driver/Src/stm32l4xx_hal_rcc_ex.c ****   tickstart = HAL_GetTick();
2260:Drivers/STM32L4xx_HAL_Driver/Src/stm32l4xx_hal_rcc_ex.c **** 
2261:Drivers/STM32L4xx_HAL_Driver/Src/stm32l4xx_hal_rcc_ex.c ****   /* Wait till PLLSAI2 is ready */
2262:Drivers/STM32L4xx_HAL_Driver/Src/stm32l4xx_hal_rcc_ex.c ****   while(READ_BIT(RCC->CR, RCC_CR_PLLSAI2RDY) != 0U)
2263:Drivers/STM32L4xx_HAL_Driver/Src/stm32l4xx_hal_rcc_ex.c ****   {
2264:Drivers/STM32L4xx_HAL_Driver/Src/stm32l4xx_hal_rcc_ex.c ****     if((HAL_GetTick() - tickstart) > PLLSAI2_TIMEOUT_VALUE)
2265:Drivers/STM32L4xx_HAL_Driver/Src/stm32l4xx_hal_rcc_ex.c ****     {
2266:Drivers/STM32L4xx_HAL_Driver/Src/stm32l4xx_hal_rcc_ex.c ****       status = HAL_TIMEOUT;
2267:Drivers/STM32L4xx_HAL_Driver/Src/stm32l4xx_hal_rcc_ex.c ****       break;
2268:Drivers/STM32L4xx_HAL_Driver/Src/stm32l4xx_hal_rcc_ex.c ****     }
2269:Drivers/STM32L4xx_HAL_Driver/Src/stm32l4xx_hal_rcc_ex.c ****   }
2270:Drivers/STM32L4xx_HAL_Driver/Src/stm32l4xx_hal_rcc_ex.c **** 
2271:Drivers/STM32L4xx_HAL_Driver/Src/stm32l4xx_hal_rcc_ex.c ****   /* Disable the PLLSAI2 Clock outputs */
2272:Drivers/STM32L4xx_HAL_Driver/Src/stm32l4xx_hal_rcc_ex.c **** #if defined(RCC_PLLSAI2Q_DIV_SUPPORT)
2273:Drivers/STM32L4xx_HAL_Driver/Src/stm32l4xx_hal_rcc_ex.c ****   __HAL_RCC_PLLSAI2CLKOUT_DISABLE(RCC_PLLSAI2CFGR_PLLSAI2PEN|RCC_PLLSAI2CFGR_PLLSAI2QEN|RCC_PLLSAI2
2274:Drivers/STM32L4xx_HAL_Driver/Src/stm32l4xx_hal_rcc_ex.c **** #else
2275:Drivers/STM32L4xx_HAL_Driver/Src/stm32l4xx_hal_rcc_ex.c ****   __HAL_RCC_PLLSAI2CLKOUT_DISABLE(RCC_PLLSAI2CFGR_PLLSAI2PEN|RCC_PLLSAI2CFGR_PLLSAI2REN);
2276:Drivers/STM32L4xx_HAL_Driver/Src/stm32l4xx_hal_rcc_ex.c **** #endif /* RCC_PLLSAI2M_DIV_1_16_SUPPORT && RCC_PLLSAI2Q_DIV_SUPPORT */
2277:Drivers/STM32L4xx_HAL_Driver/Src/stm32l4xx_hal_rcc_ex.c **** 
2278:Drivers/STM32L4xx_HAL_Driver/Src/stm32l4xx_hal_rcc_ex.c ****   /* Reset PLL source to save power if no PLLs on */
2279:Drivers/STM32L4xx_HAL_Driver/Src/stm32l4xx_hal_rcc_ex.c ****   if(READ_BIT(RCC->CR, (RCC_CR_PLLRDY | RCC_CR_PLLSAI1RDY)) == 0U)
2280:Drivers/STM32L4xx_HAL_Driver/Src/stm32l4xx_hal_rcc_ex.c ****   {
2281:Drivers/STM32L4xx_HAL_Driver/Src/stm32l4xx_hal_rcc_ex.c ****     MODIFY_REG(RCC->PLLCFGR, RCC_PLLCFGR_PLLSRC, RCC_PLLSOURCE_NONE);
2282:Drivers/STM32L4xx_HAL_Driver/Src/stm32l4xx_hal_rcc_ex.c ****   }
2283:Drivers/STM32L4xx_HAL_Driver/Src/stm32l4xx_hal_rcc_ex.c **** 
2284:Drivers/STM32L4xx_HAL_Driver/Src/stm32l4xx_hal_rcc_ex.c ****   return status;
2285:Drivers/STM32L4xx_HAL_Driver/Src/stm32l4xx_hal_rcc_ex.c **** }
2286:Drivers/STM32L4xx_HAL_Driver/Src/stm32l4xx_hal_rcc_ex.c **** 
2287:Drivers/STM32L4xx_HAL_Driver/Src/stm32l4xx_hal_rcc_ex.c **** #endif /* RCC_PLLSAI2_SUPPORT */
2288:Drivers/STM32L4xx_HAL_Driver/Src/stm32l4xx_hal_rcc_ex.c **** 
2289:Drivers/STM32L4xx_HAL_Driver/Src/stm32l4xx_hal_rcc_ex.c **** /**
2290:Drivers/STM32L4xx_HAL_Driver/Src/stm32l4xx_hal_rcc_ex.c ****   * @brief  Configure the oscillator clock source for wakeup from Stop and CSS backup clock.
2291:Drivers/STM32L4xx_HAL_Driver/Src/stm32l4xx_hal_rcc_ex.c ****   * @param  WakeUpClk  Wakeup clock
2292:Drivers/STM32L4xx_HAL_Driver/Src/stm32l4xx_hal_rcc_ex.c ****   *         This parameter can be one of the following values:
2293:Drivers/STM32L4xx_HAL_Driver/Src/stm32l4xx_hal_rcc_ex.c ****   *            @arg @ref RCC_STOP_WAKEUPCLOCK_MSI  MSI oscillator selection
2294:Drivers/STM32L4xx_HAL_Driver/Src/stm32l4xx_hal_rcc_ex.c ****   *            @arg @ref RCC_STOP_WAKEUPCLOCK_HSI  HSI oscillator selection
2295:Drivers/STM32L4xx_HAL_Driver/Src/stm32l4xx_hal_rcc_ex.c ****   * @note   This function shall not be called after the Clock Security System on HSE has been
2296:Drivers/STM32L4xx_HAL_Driver/Src/stm32l4xx_hal_rcc_ex.c ****   *         enabled.
2297:Drivers/STM32L4xx_HAL_Driver/Src/stm32l4xx_hal_rcc_ex.c ****   * @retval None
2298:Drivers/STM32L4xx_HAL_Driver/Src/stm32l4xx_hal_rcc_ex.c ****   */
2299:Drivers/STM32L4xx_HAL_Driver/Src/stm32l4xx_hal_rcc_ex.c **** void HAL_RCCEx_WakeUpStopCLKConfig(uint32_t WakeUpClk)
2300:Drivers/STM32L4xx_HAL_Driver/Src/stm32l4xx_hal_rcc_ex.c **** {
2301:Drivers/STM32L4xx_HAL_Driver/Src/stm32l4xx_hal_rcc_ex.c ****   assert_param(IS_RCC_STOP_WAKEUPCLOCK(WakeUpClk));
2302:Drivers/STM32L4xx_HAL_Driver/Src/stm32l4xx_hal_rcc_ex.c **** 
2303:Drivers/STM32L4xx_HAL_Driver/Src/stm32l4xx_hal_rcc_ex.c ****   __HAL_RCC_WAKEUPSTOP_CLK_CONFIG(WakeUpClk);
2304:Drivers/STM32L4xx_HAL_Driver/Src/stm32l4xx_hal_rcc_ex.c **** }
2305:Drivers/STM32L4xx_HAL_Driver/Src/stm32l4xx_hal_rcc_ex.c **** 
2306:Drivers/STM32L4xx_HAL_Driver/Src/stm32l4xx_hal_rcc_ex.c **** /**
2307:Drivers/STM32L4xx_HAL_Driver/Src/stm32l4xx_hal_rcc_ex.c ****   * @brief  Configure the MSI range after standby mode.
2308:Drivers/STM32L4xx_HAL_Driver/Src/stm32l4xx_hal_rcc_ex.c ****   * @note   After Standby its frequency can be selected between 4 possible values (1, 2, 4 or 8 MHz
2309:Drivers/STM32L4xx_HAL_Driver/Src/stm32l4xx_hal_rcc_ex.c ****   * @param  MSIRange  MSI range
2310:Drivers/STM32L4xx_HAL_Driver/Src/stm32l4xx_hal_rcc_ex.c ****   *         This parameter can be one of the following values:
ARM GAS  /tmp/ccxIXDAo.s 			page 42


2311:Drivers/STM32L4xx_HAL_Driver/Src/stm32l4xx_hal_rcc_ex.c ****   *            @arg @ref RCC_MSIRANGE_4  Range 4 around 1 MHz
2312:Drivers/STM32L4xx_HAL_Driver/Src/stm32l4xx_hal_rcc_ex.c ****   *            @arg @ref RCC_MSIRANGE_5  Range 5 around 2 MHz
2313:Drivers/STM32L4xx_HAL_Driver/Src/stm32l4xx_hal_rcc_ex.c ****   *            @arg @ref RCC_MSIRANGE_6  Range 6 around 4 MHz (reset value)
2314:Drivers/STM32L4xx_HAL_Driver/Src/stm32l4xx_hal_rcc_ex.c ****   *            @arg @ref RCC_MSIRANGE_7  Range 7 around 8 MHz
2315:Drivers/STM32L4xx_HAL_Driver/Src/stm32l4xx_hal_rcc_ex.c ****   * @retval None
2316:Drivers/STM32L4xx_HAL_Driver/Src/stm32l4xx_hal_rcc_ex.c ****   */
2317:Drivers/STM32L4xx_HAL_Driver/Src/stm32l4xx_hal_rcc_ex.c **** void HAL_RCCEx_StandbyMSIRangeConfig(uint32_t MSIRange)
2318:Drivers/STM32L4xx_HAL_Driver/Src/stm32l4xx_hal_rcc_ex.c **** {
2319:Drivers/STM32L4xx_HAL_Driver/Src/stm32l4xx_hal_rcc_ex.c ****   assert_param(IS_RCC_MSI_STANDBY_CLOCK_RANGE(MSIRange));
2320:Drivers/STM32L4xx_HAL_Driver/Src/stm32l4xx_hal_rcc_ex.c **** 
2321:Drivers/STM32L4xx_HAL_Driver/Src/stm32l4xx_hal_rcc_ex.c ****   __HAL_RCC_MSI_STANDBY_RANGE_CONFIG(MSIRange);
2322:Drivers/STM32L4xx_HAL_Driver/Src/stm32l4xx_hal_rcc_ex.c **** }
2323:Drivers/STM32L4xx_HAL_Driver/Src/stm32l4xx_hal_rcc_ex.c **** 
2324:Drivers/STM32L4xx_HAL_Driver/Src/stm32l4xx_hal_rcc_ex.c **** /**
2325:Drivers/STM32L4xx_HAL_Driver/Src/stm32l4xx_hal_rcc_ex.c ****   * @brief  Enable the LSE Clock Security System.
2326:Drivers/STM32L4xx_HAL_Driver/Src/stm32l4xx_hal_rcc_ex.c ****   * @note   Prior to enable the LSE Clock Security System, LSE oscillator is to be enabled
2327:Drivers/STM32L4xx_HAL_Driver/Src/stm32l4xx_hal_rcc_ex.c ****   *         with HAL_RCC_OscConfig() and the LSE oscillator clock is to be selected as RTC
2328:Drivers/STM32L4xx_HAL_Driver/Src/stm32l4xx_hal_rcc_ex.c ****   *         clock with HAL_RCCEx_PeriphCLKConfig().
2329:Drivers/STM32L4xx_HAL_Driver/Src/stm32l4xx_hal_rcc_ex.c ****   * @retval None
2330:Drivers/STM32L4xx_HAL_Driver/Src/stm32l4xx_hal_rcc_ex.c ****   */
2331:Drivers/STM32L4xx_HAL_Driver/Src/stm32l4xx_hal_rcc_ex.c **** void HAL_RCCEx_EnableLSECSS(void)
2332:Drivers/STM32L4xx_HAL_Driver/Src/stm32l4xx_hal_rcc_ex.c **** {
2333:Drivers/STM32L4xx_HAL_Driver/Src/stm32l4xx_hal_rcc_ex.c ****   SET_BIT(RCC->BDCR, RCC_BDCR_LSECSSON);
2334:Drivers/STM32L4xx_HAL_Driver/Src/stm32l4xx_hal_rcc_ex.c **** }
2335:Drivers/STM32L4xx_HAL_Driver/Src/stm32l4xx_hal_rcc_ex.c **** 
2336:Drivers/STM32L4xx_HAL_Driver/Src/stm32l4xx_hal_rcc_ex.c **** /**
2337:Drivers/STM32L4xx_HAL_Driver/Src/stm32l4xx_hal_rcc_ex.c ****   * @brief  Disable the LSE Clock Security System.
2338:Drivers/STM32L4xx_HAL_Driver/Src/stm32l4xx_hal_rcc_ex.c ****   * @note   LSE Clock Security System can only be disabled after a LSE failure detection.
2339:Drivers/STM32L4xx_HAL_Driver/Src/stm32l4xx_hal_rcc_ex.c ****   * @retval None
2340:Drivers/STM32L4xx_HAL_Driver/Src/stm32l4xx_hal_rcc_ex.c ****   */
2341:Drivers/STM32L4xx_HAL_Driver/Src/stm32l4xx_hal_rcc_ex.c **** void HAL_RCCEx_DisableLSECSS(void)
2342:Drivers/STM32L4xx_HAL_Driver/Src/stm32l4xx_hal_rcc_ex.c **** {
2343:Drivers/STM32L4xx_HAL_Driver/Src/stm32l4xx_hal_rcc_ex.c ****   CLEAR_BIT(RCC->BDCR, RCC_BDCR_LSECSSON) ;
2344:Drivers/STM32L4xx_HAL_Driver/Src/stm32l4xx_hal_rcc_ex.c **** 
2345:Drivers/STM32L4xx_HAL_Driver/Src/stm32l4xx_hal_rcc_ex.c ****   /* Disable LSE CSS IT if any */
2346:Drivers/STM32L4xx_HAL_Driver/Src/stm32l4xx_hal_rcc_ex.c ****   __HAL_RCC_DISABLE_IT(RCC_IT_LSECSS);
2347:Drivers/STM32L4xx_HAL_Driver/Src/stm32l4xx_hal_rcc_ex.c **** }
2348:Drivers/STM32L4xx_HAL_Driver/Src/stm32l4xx_hal_rcc_ex.c **** 
2349:Drivers/STM32L4xx_HAL_Driver/Src/stm32l4xx_hal_rcc_ex.c **** /**
2350:Drivers/STM32L4xx_HAL_Driver/Src/stm32l4xx_hal_rcc_ex.c ****   * @brief  Enable the LSE Clock Security System Interrupt & corresponding EXTI line.
2351:Drivers/STM32L4xx_HAL_Driver/Src/stm32l4xx_hal_rcc_ex.c ****   * @note   LSE Clock Security System Interrupt is mapped on RTC EXTI line 19
2352:Drivers/STM32L4xx_HAL_Driver/Src/stm32l4xx_hal_rcc_ex.c ****   * @retval None
2353:Drivers/STM32L4xx_HAL_Driver/Src/stm32l4xx_hal_rcc_ex.c ****   */
2354:Drivers/STM32L4xx_HAL_Driver/Src/stm32l4xx_hal_rcc_ex.c **** void HAL_RCCEx_EnableLSECSS_IT(void)
2355:Drivers/STM32L4xx_HAL_Driver/Src/stm32l4xx_hal_rcc_ex.c **** {
2356:Drivers/STM32L4xx_HAL_Driver/Src/stm32l4xx_hal_rcc_ex.c ****   /* Enable LSE CSS */
2357:Drivers/STM32L4xx_HAL_Driver/Src/stm32l4xx_hal_rcc_ex.c ****   SET_BIT(RCC->BDCR, RCC_BDCR_LSECSSON) ;
2358:Drivers/STM32L4xx_HAL_Driver/Src/stm32l4xx_hal_rcc_ex.c **** 
2359:Drivers/STM32L4xx_HAL_Driver/Src/stm32l4xx_hal_rcc_ex.c ****   /* Enable LSE CSS IT */
2360:Drivers/STM32L4xx_HAL_Driver/Src/stm32l4xx_hal_rcc_ex.c ****   __HAL_RCC_ENABLE_IT(RCC_IT_LSECSS);
2361:Drivers/STM32L4xx_HAL_Driver/Src/stm32l4xx_hal_rcc_ex.c **** 
2362:Drivers/STM32L4xx_HAL_Driver/Src/stm32l4xx_hal_rcc_ex.c ****   /* Enable IT on EXTI Line 19 */
2363:Drivers/STM32L4xx_HAL_Driver/Src/stm32l4xx_hal_rcc_ex.c ****   __HAL_RCC_LSECSS_EXTI_ENABLE_IT();
2364:Drivers/STM32L4xx_HAL_Driver/Src/stm32l4xx_hal_rcc_ex.c ****   __HAL_RCC_LSECSS_EXTI_ENABLE_RISING_EDGE();
2365:Drivers/STM32L4xx_HAL_Driver/Src/stm32l4xx_hal_rcc_ex.c **** }
2366:Drivers/STM32L4xx_HAL_Driver/Src/stm32l4xx_hal_rcc_ex.c **** 
2367:Drivers/STM32L4xx_HAL_Driver/Src/stm32l4xx_hal_rcc_ex.c **** /**
ARM GAS  /tmp/ccxIXDAo.s 			page 43


2368:Drivers/STM32L4xx_HAL_Driver/Src/stm32l4xx_hal_rcc_ex.c ****   * @brief Handle the RCC LSE Clock Security System interrupt request.
2369:Drivers/STM32L4xx_HAL_Driver/Src/stm32l4xx_hal_rcc_ex.c ****   * @retval None
2370:Drivers/STM32L4xx_HAL_Driver/Src/stm32l4xx_hal_rcc_ex.c ****   */
2371:Drivers/STM32L4xx_HAL_Driver/Src/stm32l4xx_hal_rcc_ex.c **** void HAL_RCCEx_LSECSS_IRQHandler(void)
2372:Drivers/STM32L4xx_HAL_Driver/Src/stm32l4xx_hal_rcc_ex.c **** {
2373:Drivers/STM32L4xx_HAL_Driver/Src/stm32l4xx_hal_rcc_ex.c ****   /* Check RCC LSE CSSF flag  */
2374:Drivers/STM32L4xx_HAL_Driver/Src/stm32l4xx_hal_rcc_ex.c ****   if(__HAL_RCC_GET_IT(RCC_IT_LSECSS))
2375:Drivers/STM32L4xx_HAL_Driver/Src/stm32l4xx_hal_rcc_ex.c ****   {
2376:Drivers/STM32L4xx_HAL_Driver/Src/stm32l4xx_hal_rcc_ex.c ****     /* RCC LSE Clock Security System interrupt user callback */
2377:Drivers/STM32L4xx_HAL_Driver/Src/stm32l4xx_hal_rcc_ex.c ****     HAL_RCCEx_LSECSS_Callback();
2378:Drivers/STM32L4xx_HAL_Driver/Src/stm32l4xx_hal_rcc_ex.c **** 
2379:Drivers/STM32L4xx_HAL_Driver/Src/stm32l4xx_hal_rcc_ex.c ****     /* Clear RCC LSE CSS pending bit */
2380:Drivers/STM32L4xx_HAL_Driver/Src/stm32l4xx_hal_rcc_ex.c ****     __HAL_RCC_CLEAR_IT(RCC_IT_LSECSS);
2381:Drivers/STM32L4xx_HAL_Driver/Src/stm32l4xx_hal_rcc_ex.c ****   }
2382:Drivers/STM32L4xx_HAL_Driver/Src/stm32l4xx_hal_rcc_ex.c **** }
2383:Drivers/STM32L4xx_HAL_Driver/Src/stm32l4xx_hal_rcc_ex.c **** 
2384:Drivers/STM32L4xx_HAL_Driver/Src/stm32l4xx_hal_rcc_ex.c **** /**
2385:Drivers/STM32L4xx_HAL_Driver/Src/stm32l4xx_hal_rcc_ex.c ****   * @brief  RCCEx LSE Clock Security System interrupt callback.
2386:Drivers/STM32L4xx_HAL_Driver/Src/stm32l4xx_hal_rcc_ex.c ****   * @retval none
2387:Drivers/STM32L4xx_HAL_Driver/Src/stm32l4xx_hal_rcc_ex.c ****   */
2388:Drivers/STM32L4xx_HAL_Driver/Src/stm32l4xx_hal_rcc_ex.c **** __weak void HAL_RCCEx_LSECSS_Callback(void)
2389:Drivers/STM32L4xx_HAL_Driver/Src/stm32l4xx_hal_rcc_ex.c **** {
2390:Drivers/STM32L4xx_HAL_Driver/Src/stm32l4xx_hal_rcc_ex.c ****   /* NOTE : This function should not be modified, when the callback is needed,
2391:Drivers/STM32L4xx_HAL_Driver/Src/stm32l4xx_hal_rcc_ex.c ****             the @ref HAL_RCCEx_LSECSS_Callback should be implemented in the user file
2392:Drivers/STM32L4xx_HAL_Driver/Src/stm32l4xx_hal_rcc_ex.c ****    */
2393:Drivers/STM32L4xx_HAL_Driver/Src/stm32l4xx_hal_rcc_ex.c **** }
2394:Drivers/STM32L4xx_HAL_Driver/Src/stm32l4xx_hal_rcc_ex.c **** 
2395:Drivers/STM32L4xx_HAL_Driver/Src/stm32l4xx_hal_rcc_ex.c **** /**
2396:Drivers/STM32L4xx_HAL_Driver/Src/stm32l4xx_hal_rcc_ex.c ****   * @brief  Select the Low Speed clock source to output on LSCO pin (PA2).
2397:Drivers/STM32L4xx_HAL_Driver/Src/stm32l4xx_hal_rcc_ex.c ****   * @param  LSCOSource  specifies the Low Speed clock source to output.
2398:Drivers/STM32L4xx_HAL_Driver/Src/stm32l4xx_hal_rcc_ex.c ****   *          This parameter can be one of the following values:
2399:Drivers/STM32L4xx_HAL_Driver/Src/stm32l4xx_hal_rcc_ex.c ****   *            @arg @ref RCC_LSCOSOURCE_LSI  LSI clock selected as LSCO source
2400:Drivers/STM32L4xx_HAL_Driver/Src/stm32l4xx_hal_rcc_ex.c ****   *            @arg @ref RCC_LSCOSOURCE_LSE  LSE clock selected as LSCO source
2401:Drivers/STM32L4xx_HAL_Driver/Src/stm32l4xx_hal_rcc_ex.c ****   * @retval None
2402:Drivers/STM32L4xx_HAL_Driver/Src/stm32l4xx_hal_rcc_ex.c ****   */
2403:Drivers/STM32L4xx_HAL_Driver/Src/stm32l4xx_hal_rcc_ex.c **** void HAL_RCCEx_EnableLSCO(uint32_t LSCOSource)
2404:Drivers/STM32L4xx_HAL_Driver/Src/stm32l4xx_hal_rcc_ex.c **** {
2405:Drivers/STM32L4xx_HAL_Driver/Src/stm32l4xx_hal_rcc_ex.c ****   GPIO_InitTypeDef GPIO_InitStruct;
2406:Drivers/STM32L4xx_HAL_Driver/Src/stm32l4xx_hal_rcc_ex.c ****   FlagStatus       pwrclkchanged = RESET;
2407:Drivers/STM32L4xx_HAL_Driver/Src/stm32l4xx_hal_rcc_ex.c ****   FlagStatus       backupchanged = RESET;
2408:Drivers/STM32L4xx_HAL_Driver/Src/stm32l4xx_hal_rcc_ex.c **** 
2409:Drivers/STM32L4xx_HAL_Driver/Src/stm32l4xx_hal_rcc_ex.c ****   /* Check the parameters */
2410:Drivers/STM32L4xx_HAL_Driver/Src/stm32l4xx_hal_rcc_ex.c ****   assert_param(IS_RCC_LSCOSOURCE(LSCOSource));
2411:Drivers/STM32L4xx_HAL_Driver/Src/stm32l4xx_hal_rcc_ex.c **** 
2412:Drivers/STM32L4xx_HAL_Driver/Src/stm32l4xx_hal_rcc_ex.c ****   /* LSCO Pin Clock Enable */
2413:Drivers/STM32L4xx_HAL_Driver/Src/stm32l4xx_hal_rcc_ex.c ****   __LSCO_CLK_ENABLE();
2414:Drivers/STM32L4xx_HAL_Driver/Src/stm32l4xx_hal_rcc_ex.c **** 
2415:Drivers/STM32L4xx_HAL_Driver/Src/stm32l4xx_hal_rcc_ex.c ****   /* Configure the LSCO pin in analog mode */
2416:Drivers/STM32L4xx_HAL_Driver/Src/stm32l4xx_hal_rcc_ex.c ****   GPIO_InitStruct.Pin = LSCO_PIN;
2417:Drivers/STM32L4xx_HAL_Driver/Src/stm32l4xx_hal_rcc_ex.c ****   GPIO_InitStruct.Mode = GPIO_MODE_ANALOG;
2418:Drivers/STM32L4xx_HAL_Driver/Src/stm32l4xx_hal_rcc_ex.c ****   GPIO_InitStruct.Speed = GPIO_SPEED_FREQ_HIGH;
2419:Drivers/STM32L4xx_HAL_Driver/Src/stm32l4xx_hal_rcc_ex.c ****   GPIO_InitStruct.Pull = GPIO_NOPULL;
2420:Drivers/STM32L4xx_HAL_Driver/Src/stm32l4xx_hal_rcc_ex.c ****   HAL_GPIO_Init(LSCO_GPIO_PORT, &GPIO_InitStruct);
2421:Drivers/STM32L4xx_HAL_Driver/Src/stm32l4xx_hal_rcc_ex.c **** 
2422:Drivers/STM32L4xx_HAL_Driver/Src/stm32l4xx_hal_rcc_ex.c ****   /* Update LSCOSEL clock source in Backup Domain control register */
2423:Drivers/STM32L4xx_HAL_Driver/Src/stm32l4xx_hal_rcc_ex.c ****   if(__HAL_RCC_PWR_IS_CLK_DISABLED())
2424:Drivers/STM32L4xx_HAL_Driver/Src/stm32l4xx_hal_rcc_ex.c ****   {
ARM GAS  /tmp/ccxIXDAo.s 			page 44


2425:Drivers/STM32L4xx_HAL_Driver/Src/stm32l4xx_hal_rcc_ex.c ****     __HAL_RCC_PWR_CLK_ENABLE();
2426:Drivers/STM32L4xx_HAL_Driver/Src/stm32l4xx_hal_rcc_ex.c ****     pwrclkchanged = SET;
2427:Drivers/STM32L4xx_HAL_Driver/Src/stm32l4xx_hal_rcc_ex.c ****   }
2428:Drivers/STM32L4xx_HAL_Driver/Src/stm32l4xx_hal_rcc_ex.c ****   if(HAL_IS_BIT_CLR(PWR->CR1, PWR_CR1_DBP))
2429:Drivers/STM32L4xx_HAL_Driver/Src/stm32l4xx_hal_rcc_ex.c ****   {
2430:Drivers/STM32L4xx_HAL_Driver/Src/stm32l4xx_hal_rcc_ex.c ****     HAL_PWR_EnableBkUpAccess();
2431:Drivers/STM32L4xx_HAL_Driver/Src/stm32l4xx_hal_rcc_ex.c ****     backupchanged = SET;
2432:Drivers/STM32L4xx_HAL_Driver/Src/stm32l4xx_hal_rcc_ex.c ****   }
2433:Drivers/STM32L4xx_HAL_Driver/Src/stm32l4xx_hal_rcc_ex.c **** 
2434:Drivers/STM32L4xx_HAL_Driver/Src/stm32l4xx_hal_rcc_ex.c ****   MODIFY_REG(RCC->BDCR, RCC_BDCR_LSCOSEL | RCC_BDCR_LSCOEN, LSCOSource | RCC_BDCR_LSCOEN);
2435:Drivers/STM32L4xx_HAL_Driver/Src/stm32l4xx_hal_rcc_ex.c **** 
2436:Drivers/STM32L4xx_HAL_Driver/Src/stm32l4xx_hal_rcc_ex.c ****   if(backupchanged == SET)
2437:Drivers/STM32L4xx_HAL_Driver/Src/stm32l4xx_hal_rcc_ex.c ****   {
2438:Drivers/STM32L4xx_HAL_Driver/Src/stm32l4xx_hal_rcc_ex.c ****     HAL_PWR_DisableBkUpAccess();
2439:Drivers/STM32L4xx_HAL_Driver/Src/stm32l4xx_hal_rcc_ex.c ****   }
2440:Drivers/STM32L4xx_HAL_Driver/Src/stm32l4xx_hal_rcc_ex.c ****   if(pwrclkchanged == SET)
2441:Drivers/STM32L4xx_HAL_Driver/Src/stm32l4xx_hal_rcc_ex.c ****   {
2442:Drivers/STM32L4xx_HAL_Driver/Src/stm32l4xx_hal_rcc_ex.c ****     __HAL_RCC_PWR_CLK_DISABLE();
2443:Drivers/STM32L4xx_HAL_Driver/Src/stm32l4xx_hal_rcc_ex.c ****   }
2444:Drivers/STM32L4xx_HAL_Driver/Src/stm32l4xx_hal_rcc_ex.c **** }
2445:Drivers/STM32L4xx_HAL_Driver/Src/stm32l4xx_hal_rcc_ex.c **** 
2446:Drivers/STM32L4xx_HAL_Driver/Src/stm32l4xx_hal_rcc_ex.c **** /**
2447:Drivers/STM32L4xx_HAL_Driver/Src/stm32l4xx_hal_rcc_ex.c ****   * @brief  Disable the Low Speed clock output.
2448:Drivers/STM32L4xx_HAL_Driver/Src/stm32l4xx_hal_rcc_ex.c ****   * @retval None
2449:Drivers/STM32L4xx_HAL_Driver/Src/stm32l4xx_hal_rcc_ex.c ****   */
2450:Drivers/STM32L4xx_HAL_Driver/Src/stm32l4xx_hal_rcc_ex.c **** void HAL_RCCEx_DisableLSCO(void)
2451:Drivers/STM32L4xx_HAL_Driver/Src/stm32l4xx_hal_rcc_ex.c **** {
2452:Drivers/STM32L4xx_HAL_Driver/Src/stm32l4xx_hal_rcc_ex.c ****   FlagStatus       pwrclkchanged = RESET;
2453:Drivers/STM32L4xx_HAL_Driver/Src/stm32l4xx_hal_rcc_ex.c ****   FlagStatus       backupchanged = RESET;
2454:Drivers/STM32L4xx_HAL_Driver/Src/stm32l4xx_hal_rcc_ex.c **** 
2455:Drivers/STM32L4xx_HAL_Driver/Src/stm32l4xx_hal_rcc_ex.c ****   /* Update LSCOEN bit in Backup Domain control register */
2456:Drivers/STM32L4xx_HAL_Driver/Src/stm32l4xx_hal_rcc_ex.c ****   if(__HAL_RCC_PWR_IS_CLK_DISABLED())
2457:Drivers/STM32L4xx_HAL_Driver/Src/stm32l4xx_hal_rcc_ex.c ****   {
2458:Drivers/STM32L4xx_HAL_Driver/Src/stm32l4xx_hal_rcc_ex.c ****     __HAL_RCC_PWR_CLK_ENABLE();
2459:Drivers/STM32L4xx_HAL_Driver/Src/stm32l4xx_hal_rcc_ex.c ****     pwrclkchanged = SET;
2460:Drivers/STM32L4xx_HAL_Driver/Src/stm32l4xx_hal_rcc_ex.c ****   }
2461:Drivers/STM32L4xx_HAL_Driver/Src/stm32l4xx_hal_rcc_ex.c ****   if(HAL_IS_BIT_CLR(PWR->CR1, PWR_CR1_DBP))
2462:Drivers/STM32L4xx_HAL_Driver/Src/stm32l4xx_hal_rcc_ex.c ****   {
2463:Drivers/STM32L4xx_HAL_Driver/Src/stm32l4xx_hal_rcc_ex.c ****     /* Enable access to the backup domain */
2464:Drivers/STM32L4xx_HAL_Driver/Src/stm32l4xx_hal_rcc_ex.c ****     HAL_PWR_EnableBkUpAccess();
2465:Drivers/STM32L4xx_HAL_Driver/Src/stm32l4xx_hal_rcc_ex.c ****     backupchanged = SET;
2466:Drivers/STM32L4xx_HAL_Driver/Src/stm32l4xx_hal_rcc_ex.c ****   }
2467:Drivers/STM32L4xx_HAL_Driver/Src/stm32l4xx_hal_rcc_ex.c **** 
2468:Drivers/STM32L4xx_HAL_Driver/Src/stm32l4xx_hal_rcc_ex.c ****   CLEAR_BIT(RCC->BDCR, RCC_BDCR_LSCOEN);
2469:Drivers/STM32L4xx_HAL_Driver/Src/stm32l4xx_hal_rcc_ex.c **** 
2470:Drivers/STM32L4xx_HAL_Driver/Src/stm32l4xx_hal_rcc_ex.c ****   /* Restore previous configuration */
2471:Drivers/STM32L4xx_HAL_Driver/Src/stm32l4xx_hal_rcc_ex.c ****   if(backupchanged == SET)
2472:Drivers/STM32L4xx_HAL_Driver/Src/stm32l4xx_hal_rcc_ex.c ****   {
2473:Drivers/STM32L4xx_HAL_Driver/Src/stm32l4xx_hal_rcc_ex.c ****     /* Disable access to the backup domain */
2474:Drivers/STM32L4xx_HAL_Driver/Src/stm32l4xx_hal_rcc_ex.c ****     HAL_PWR_DisableBkUpAccess();
2475:Drivers/STM32L4xx_HAL_Driver/Src/stm32l4xx_hal_rcc_ex.c ****   }
2476:Drivers/STM32L4xx_HAL_Driver/Src/stm32l4xx_hal_rcc_ex.c ****   if(pwrclkchanged == SET)
2477:Drivers/STM32L4xx_HAL_Driver/Src/stm32l4xx_hal_rcc_ex.c ****   {
2478:Drivers/STM32L4xx_HAL_Driver/Src/stm32l4xx_hal_rcc_ex.c ****     __HAL_RCC_PWR_CLK_DISABLE();
2479:Drivers/STM32L4xx_HAL_Driver/Src/stm32l4xx_hal_rcc_ex.c ****   }
2480:Drivers/STM32L4xx_HAL_Driver/Src/stm32l4xx_hal_rcc_ex.c **** }
2481:Drivers/STM32L4xx_HAL_Driver/Src/stm32l4xx_hal_rcc_ex.c **** 
ARM GAS  /tmp/ccxIXDAo.s 			page 45


2482:Drivers/STM32L4xx_HAL_Driver/Src/stm32l4xx_hal_rcc_ex.c **** /**
2483:Drivers/STM32L4xx_HAL_Driver/Src/stm32l4xx_hal_rcc_ex.c ****   * @brief  Enable the PLL-mode of the MSI.
2484:Drivers/STM32L4xx_HAL_Driver/Src/stm32l4xx_hal_rcc_ex.c ****   * @note   Prior to enable the PLL-mode of the MSI for automatic hardware
2485:Drivers/STM32L4xx_HAL_Driver/Src/stm32l4xx_hal_rcc_ex.c ****   *         calibration LSE oscillator is to be enabled with HAL_RCC_OscConfig().
2486:Drivers/STM32L4xx_HAL_Driver/Src/stm32l4xx_hal_rcc_ex.c ****   * @retval None
2487:Drivers/STM32L4xx_HAL_Driver/Src/stm32l4xx_hal_rcc_ex.c ****   */
2488:Drivers/STM32L4xx_HAL_Driver/Src/stm32l4xx_hal_rcc_ex.c **** void HAL_RCCEx_EnableMSIPLLMode(void)
2489:Drivers/STM32L4xx_HAL_Driver/Src/stm32l4xx_hal_rcc_ex.c **** {
2490:Drivers/STM32L4xx_HAL_Driver/Src/stm32l4xx_hal_rcc_ex.c ****   SET_BIT(RCC->CR, RCC_CR_MSIPLLEN) ;
2491:Drivers/STM32L4xx_HAL_Driver/Src/stm32l4xx_hal_rcc_ex.c **** }
2492:Drivers/STM32L4xx_HAL_Driver/Src/stm32l4xx_hal_rcc_ex.c **** 
2493:Drivers/STM32L4xx_HAL_Driver/Src/stm32l4xx_hal_rcc_ex.c **** /**
2494:Drivers/STM32L4xx_HAL_Driver/Src/stm32l4xx_hal_rcc_ex.c ****   * @brief  Disable the PLL-mode of the MSI.
2495:Drivers/STM32L4xx_HAL_Driver/Src/stm32l4xx_hal_rcc_ex.c ****   * @note   PLL-mode of the MSI is automatically reset when LSE oscillator is disabled.
2496:Drivers/STM32L4xx_HAL_Driver/Src/stm32l4xx_hal_rcc_ex.c ****   * @retval None
2497:Drivers/STM32L4xx_HAL_Driver/Src/stm32l4xx_hal_rcc_ex.c ****   */
2498:Drivers/STM32L4xx_HAL_Driver/Src/stm32l4xx_hal_rcc_ex.c **** void HAL_RCCEx_DisableMSIPLLMode(void)
2499:Drivers/STM32L4xx_HAL_Driver/Src/stm32l4xx_hal_rcc_ex.c **** {
2500:Drivers/STM32L4xx_HAL_Driver/Src/stm32l4xx_hal_rcc_ex.c ****   CLEAR_BIT(RCC->CR, RCC_CR_MSIPLLEN) ;
2501:Drivers/STM32L4xx_HAL_Driver/Src/stm32l4xx_hal_rcc_ex.c **** }
2502:Drivers/STM32L4xx_HAL_Driver/Src/stm32l4xx_hal_rcc_ex.c **** 
2503:Drivers/STM32L4xx_HAL_Driver/Src/stm32l4xx_hal_rcc_ex.c **** #if defined (OCTOSPI1) && defined (OCTOSPI2)
2504:Drivers/STM32L4xx_HAL_Driver/Src/stm32l4xx_hal_rcc_ex.c **** /**
2505:Drivers/STM32L4xx_HAL_Driver/Src/stm32l4xx_hal_rcc_ex.c ****   * @brief  Configure OCTOSPI instances DQS delays.
2506:Drivers/STM32L4xx_HAL_Driver/Src/stm32l4xx_hal_rcc_ex.c ****   * @param  Delay1  OCTOSPI1 DQS delay
2507:Drivers/STM32L4xx_HAL_Driver/Src/stm32l4xx_hal_rcc_ex.c ****   * @param  Delay2  OCTOSPI2 DQS delay
2508:Drivers/STM32L4xx_HAL_Driver/Src/stm32l4xx_hal_rcc_ex.c ****   * @note   Delay parameters stand for unitary delays from 0 to 15. Actual delay is Delay1 or Delay
2509:Drivers/STM32L4xx_HAL_Driver/Src/stm32l4xx_hal_rcc_ex.c ****   * @retval None
2510:Drivers/STM32L4xx_HAL_Driver/Src/stm32l4xx_hal_rcc_ex.c ****   */
2511:Drivers/STM32L4xx_HAL_Driver/Src/stm32l4xx_hal_rcc_ex.c **** void HAL_RCCEx_OCTOSPIDelayConfig(uint32_t Delay1, uint32_t Delay2)
2512:Drivers/STM32L4xx_HAL_Driver/Src/stm32l4xx_hal_rcc_ex.c **** {
2513:Drivers/STM32L4xx_HAL_Driver/Src/stm32l4xx_hal_rcc_ex.c ****   assert_param(IS_RCC_OCTOSPIDELAY(Delay1));
2514:Drivers/STM32L4xx_HAL_Driver/Src/stm32l4xx_hal_rcc_ex.c ****   assert_param(IS_RCC_OCTOSPIDELAY(Delay2));
2515:Drivers/STM32L4xx_HAL_Driver/Src/stm32l4xx_hal_rcc_ex.c **** 
2516:Drivers/STM32L4xx_HAL_Driver/Src/stm32l4xx_hal_rcc_ex.c ****   MODIFY_REG(RCC->DLYCFGR, RCC_DLYCFGR_OCTOSPI1_DLY|RCC_DLYCFGR_OCTOSPI2_DLY, (Delay1 | (Delay2 << 
2517:Drivers/STM32L4xx_HAL_Driver/Src/stm32l4xx_hal_rcc_ex.c **** }
2518:Drivers/STM32L4xx_HAL_Driver/Src/stm32l4xx_hal_rcc_ex.c **** #endif /* OCTOSPI1 && OCTOSPI2 */
2519:Drivers/STM32L4xx_HAL_Driver/Src/stm32l4xx_hal_rcc_ex.c **** 
2520:Drivers/STM32L4xx_HAL_Driver/Src/stm32l4xx_hal_rcc_ex.c **** /**
2521:Drivers/STM32L4xx_HAL_Driver/Src/stm32l4xx_hal_rcc_ex.c ****   * @}
2522:Drivers/STM32L4xx_HAL_Driver/Src/stm32l4xx_hal_rcc_ex.c ****   */
2523:Drivers/STM32L4xx_HAL_Driver/Src/stm32l4xx_hal_rcc_ex.c **** 
2524:Drivers/STM32L4xx_HAL_Driver/Src/stm32l4xx_hal_rcc_ex.c **** #if defined(CRS)
2525:Drivers/STM32L4xx_HAL_Driver/Src/stm32l4xx_hal_rcc_ex.c **** 
2526:Drivers/STM32L4xx_HAL_Driver/Src/stm32l4xx_hal_rcc_ex.c **** /** @defgroup RCCEx_Exported_Functions_Group3 Extended Clock Recovery System Control functions
2527:Drivers/STM32L4xx_HAL_Driver/Src/stm32l4xx_hal_rcc_ex.c ****  *  @brief  Extended Clock Recovery System Control functions
2528:Drivers/STM32L4xx_HAL_Driver/Src/stm32l4xx_hal_rcc_ex.c ****  *
2529:Drivers/STM32L4xx_HAL_Driver/Src/stm32l4xx_hal_rcc_ex.c **** @verbatim
2530:Drivers/STM32L4xx_HAL_Driver/Src/stm32l4xx_hal_rcc_ex.c ****  ===============================================================================
2531:Drivers/STM32L4xx_HAL_Driver/Src/stm32l4xx_hal_rcc_ex.c ****                 ##### Extended Clock Recovery System Control functions  #####
2532:Drivers/STM32L4xx_HAL_Driver/Src/stm32l4xx_hal_rcc_ex.c ****  ===============================================================================
2533:Drivers/STM32L4xx_HAL_Driver/Src/stm32l4xx_hal_rcc_ex.c ****     [..]
2534:Drivers/STM32L4xx_HAL_Driver/Src/stm32l4xx_hal_rcc_ex.c ****       For devices with Clock Recovery System feature (CRS), RCC Extension HAL driver can be used as
2535:Drivers/STM32L4xx_HAL_Driver/Src/stm32l4xx_hal_rcc_ex.c **** 
2536:Drivers/STM32L4xx_HAL_Driver/Src/stm32l4xx_hal_rcc_ex.c ****       (#) In System clock config, HSI48 needs to be enabled
2537:Drivers/STM32L4xx_HAL_Driver/Src/stm32l4xx_hal_rcc_ex.c **** 
2538:Drivers/STM32L4xx_HAL_Driver/Src/stm32l4xx_hal_rcc_ex.c ****       (#) Enable CRS clock in IP MSP init which will use CRS functions
ARM GAS  /tmp/ccxIXDAo.s 			page 46


2539:Drivers/STM32L4xx_HAL_Driver/Src/stm32l4xx_hal_rcc_ex.c **** 
2540:Drivers/STM32L4xx_HAL_Driver/Src/stm32l4xx_hal_rcc_ex.c ****       (#) Call CRS functions as follows:
2541:Drivers/STM32L4xx_HAL_Driver/Src/stm32l4xx_hal_rcc_ex.c ****           (##) Prepare synchronization configuration necessary for HSI48 calibration
2542:Drivers/STM32L4xx_HAL_Driver/Src/stm32l4xx_hal_rcc_ex.c ****               (+++) Default values can be set for frequency Error Measurement (reload and error lim
2543:Drivers/STM32L4xx_HAL_Driver/Src/stm32l4xx_hal_rcc_ex.c ****                         and also HSI48 oscillator smooth trimming.
2544:Drivers/STM32L4xx_HAL_Driver/Src/stm32l4xx_hal_rcc_ex.c ****               (+++) Macro __HAL_RCC_CRS_RELOADVALUE_CALCULATE can be also used to calculate
2545:Drivers/STM32L4xx_HAL_Driver/Src/stm32l4xx_hal_rcc_ex.c ****                         directly reload value with target and sychronization frequencies values
2546:Drivers/STM32L4xx_HAL_Driver/Src/stm32l4xx_hal_rcc_ex.c ****           (##) Call function HAL_RCCEx_CRSConfig which
2547:Drivers/STM32L4xx_HAL_Driver/Src/stm32l4xx_hal_rcc_ex.c ****               (+++) Resets CRS registers to their default values.
2548:Drivers/STM32L4xx_HAL_Driver/Src/stm32l4xx_hal_rcc_ex.c ****               (+++) Configures CRS registers with synchronization configuration
2549:Drivers/STM32L4xx_HAL_Driver/Src/stm32l4xx_hal_rcc_ex.c ****               (+++) Enables automatic calibration and frequency error counter feature
2550:Drivers/STM32L4xx_HAL_Driver/Src/stm32l4xx_hal_rcc_ex.c ****            Note: When using USB LPM (Link Power Management) and the device is in Sleep mode, the
2551:Drivers/STM32L4xx_HAL_Driver/Src/stm32l4xx_hal_rcc_ex.c ****            periodic USB SOF will not be generated by the host. No SYNC signal will therefore be
2552:Drivers/STM32L4xx_HAL_Driver/Src/stm32l4xx_hal_rcc_ex.c ****            provided to the CRS to calibrate the HSI48 on the run. To guarantee the required clock
2553:Drivers/STM32L4xx_HAL_Driver/Src/stm32l4xx_hal_rcc_ex.c ****            precision after waking up from Sleep mode, the LSE or reference clock on the GPIOs
2554:Drivers/STM32L4xx_HAL_Driver/Src/stm32l4xx_hal_rcc_ex.c ****            should be used as SYNC signal.
2555:Drivers/STM32L4xx_HAL_Driver/Src/stm32l4xx_hal_rcc_ex.c **** 
2556:Drivers/STM32L4xx_HAL_Driver/Src/stm32l4xx_hal_rcc_ex.c ****           (##) A polling function is provided to wait for complete synchronization
2557:Drivers/STM32L4xx_HAL_Driver/Src/stm32l4xx_hal_rcc_ex.c ****               (+++) Call function HAL_RCCEx_CRSWaitSynchronization()
2558:Drivers/STM32L4xx_HAL_Driver/Src/stm32l4xx_hal_rcc_ex.c ****               (+++) According to CRS status, user can decide to adjust again the calibration or con
2559:Drivers/STM32L4xx_HAL_Driver/Src/stm32l4xx_hal_rcc_ex.c ****                         application if synchronization is OK
2560:Drivers/STM32L4xx_HAL_Driver/Src/stm32l4xx_hal_rcc_ex.c **** 
2561:Drivers/STM32L4xx_HAL_Driver/Src/stm32l4xx_hal_rcc_ex.c ****       (#) User can retrieve information related to synchronization in calling function
2562:Drivers/STM32L4xx_HAL_Driver/Src/stm32l4xx_hal_rcc_ex.c ****             HAL_RCCEx_CRSGetSynchronizationInfo()
2563:Drivers/STM32L4xx_HAL_Driver/Src/stm32l4xx_hal_rcc_ex.c **** 
2564:Drivers/STM32L4xx_HAL_Driver/Src/stm32l4xx_hal_rcc_ex.c ****       (#) Regarding synchronization status and synchronization information, user can try a new cali
2565:Drivers/STM32L4xx_HAL_Driver/Src/stm32l4xx_hal_rcc_ex.c ****            in changing synchronization configuration and call again HAL_RCCEx_CRSConfig.
2566:Drivers/STM32L4xx_HAL_Driver/Src/stm32l4xx_hal_rcc_ex.c ****            Note: When the SYNC event is detected during the downcounting phase (before reaching the
2567:Drivers/STM32L4xx_HAL_Driver/Src/stm32l4xx_hal_rcc_ex.c ****            it means that the actual frequency is lower than the target (and so, that the TRIM value
2568:Drivers/STM32L4xx_HAL_Driver/Src/stm32l4xx_hal_rcc_ex.c ****            incremented), while when it is detected during the upcounting phase it means that the ac
2569:Drivers/STM32L4xx_HAL_Driver/Src/stm32l4xx_hal_rcc_ex.c ****            is higher (and that the TRIM value should be decremented).
2570:Drivers/STM32L4xx_HAL_Driver/Src/stm32l4xx_hal_rcc_ex.c **** 
2571:Drivers/STM32L4xx_HAL_Driver/Src/stm32l4xx_hal_rcc_ex.c ****       (#) In interrupt mode, user can resort to the available macros (__HAL_RCC_CRS_XXX_IT). Interr
2572:Drivers/STM32L4xx_HAL_Driver/Src/stm32l4xx_hal_rcc_ex.c ****           through CRS Handler (CRS_IRQn/CRS_IRQHandler)
2573:Drivers/STM32L4xx_HAL_Driver/Src/stm32l4xx_hal_rcc_ex.c ****               (++) Call function HAL_RCCEx_CRSConfig()
2574:Drivers/STM32L4xx_HAL_Driver/Src/stm32l4xx_hal_rcc_ex.c ****               (++) Enable CRS_IRQn (thanks to NVIC functions)
2575:Drivers/STM32L4xx_HAL_Driver/Src/stm32l4xx_hal_rcc_ex.c ****               (++) Enable CRS interrupt (__HAL_RCC_CRS_ENABLE_IT)
2576:Drivers/STM32L4xx_HAL_Driver/Src/stm32l4xx_hal_rcc_ex.c ****               (++) Implement CRS status management in the following user callbacks called from
2577:Drivers/STM32L4xx_HAL_Driver/Src/stm32l4xx_hal_rcc_ex.c ****                    HAL_RCCEx_CRS_IRQHandler():
2578:Drivers/STM32L4xx_HAL_Driver/Src/stm32l4xx_hal_rcc_ex.c ****                    (+++) HAL_RCCEx_CRS_SyncOkCallback()
2579:Drivers/STM32L4xx_HAL_Driver/Src/stm32l4xx_hal_rcc_ex.c ****                    (+++) HAL_RCCEx_CRS_SyncWarnCallback()
2580:Drivers/STM32L4xx_HAL_Driver/Src/stm32l4xx_hal_rcc_ex.c ****                    (+++) HAL_RCCEx_CRS_ExpectedSyncCallback()
2581:Drivers/STM32L4xx_HAL_Driver/Src/stm32l4xx_hal_rcc_ex.c ****                    (+++) HAL_RCCEx_CRS_ErrorCallback()
2582:Drivers/STM32L4xx_HAL_Driver/Src/stm32l4xx_hal_rcc_ex.c **** 
2583:Drivers/STM32L4xx_HAL_Driver/Src/stm32l4xx_hal_rcc_ex.c ****       (#) To force a SYNC EVENT, user can use the function HAL_RCCEx_CRSSoftwareSynchronizationGene
2584:Drivers/STM32L4xx_HAL_Driver/Src/stm32l4xx_hal_rcc_ex.c ****           This function can be called before calling HAL_RCCEx_CRSConfig (for instance in Systick h
2585:Drivers/STM32L4xx_HAL_Driver/Src/stm32l4xx_hal_rcc_ex.c **** 
2586:Drivers/STM32L4xx_HAL_Driver/Src/stm32l4xx_hal_rcc_ex.c **** @endverbatim
2587:Drivers/STM32L4xx_HAL_Driver/Src/stm32l4xx_hal_rcc_ex.c ****  * @{
2588:Drivers/STM32L4xx_HAL_Driver/Src/stm32l4xx_hal_rcc_ex.c ****  */
2589:Drivers/STM32L4xx_HAL_Driver/Src/stm32l4xx_hal_rcc_ex.c **** 
2590:Drivers/STM32L4xx_HAL_Driver/Src/stm32l4xx_hal_rcc_ex.c **** /**
2591:Drivers/STM32L4xx_HAL_Driver/Src/stm32l4xx_hal_rcc_ex.c ****   * @brief  Start automatic synchronization for polling mode
2592:Drivers/STM32L4xx_HAL_Driver/Src/stm32l4xx_hal_rcc_ex.c ****   * @param  pInit Pointer on RCC_CRSInitTypeDef structure
2593:Drivers/STM32L4xx_HAL_Driver/Src/stm32l4xx_hal_rcc_ex.c ****   * @retval None
2594:Drivers/STM32L4xx_HAL_Driver/Src/stm32l4xx_hal_rcc_ex.c ****   */
2595:Drivers/STM32L4xx_HAL_Driver/Src/stm32l4xx_hal_rcc_ex.c **** void HAL_RCCEx_CRSConfig(RCC_CRSInitTypeDef *pInit)
ARM GAS  /tmp/ccxIXDAo.s 			page 47


2596:Drivers/STM32L4xx_HAL_Driver/Src/stm32l4xx_hal_rcc_ex.c **** {
2597:Drivers/STM32L4xx_HAL_Driver/Src/stm32l4xx_hal_rcc_ex.c ****   uint32_t value;  /* no init needed */
2598:Drivers/STM32L4xx_HAL_Driver/Src/stm32l4xx_hal_rcc_ex.c **** 
2599:Drivers/STM32L4xx_HAL_Driver/Src/stm32l4xx_hal_rcc_ex.c ****   /* Check the parameters */
2600:Drivers/STM32L4xx_HAL_Driver/Src/stm32l4xx_hal_rcc_ex.c ****   assert_param(IS_RCC_CRS_SYNC_DIV(pInit->Prescaler));
2601:Drivers/STM32L4xx_HAL_Driver/Src/stm32l4xx_hal_rcc_ex.c ****   assert_param(IS_RCC_CRS_SYNC_SOURCE(pInit->Source));
2602:Drivers/STM32L4xx_HAL_Driver/Src/stm32l4xx_hal_rcc_ex.c ****   assert_param(IS_RCC_CRS_SYNC_POLARITY(pInit->Polarity));
2603:Drivers/STM32L4xx_HAL_Driver/Src/stm32l4xx_hal_rcc_ex.c ****   assert_param(IS_RCC_CRS_RELOADVALUE(pInit->ReloadValue));
2604:Drivers/STM32L4xx_HAL_Driver/Src/stm32l4xx_hal_rcc_ex.c ****   assert_param(IS_RCC_CRS_ERRORLIMIT(pInit->ErrorLimitValue));
2605:Drivers/STM32L4xx_HAL_Driver/Src/stm32l4xx_hal_rcc_ex.c ****   assert_param(IS_RCC_CRS_HSI48CALIBRATION(pInit->HSI48CalibrationValue));
2606:Drivers/STM32L4xx_HAL_Driver/Src/stm32l4xx_hal_rcc_ex.c **** 
2607:Drivers/STM32L4xx_HAL_Driver/Src/stm32l4xx_hal_rcc_ex.c ****   /* CONFIGURATION */
2608:Drivers/STM32L4xx_HAL_Driver/Src/stm32l4xx_hal_rcc_ex.c **** 
2609:Drivers/STM32L4xx_HAL_Driver/Src/stm32l4xx_hal_rcc_ex.c ****   /* Before configuration, reset CRS registers to their default values*/
2610:Drivers/STM32L4xx_HAL_Driver/Src/stm32l4xx_hal_rcc_ex.c ****   __HAL_RCC_CRS_FORCE_RESET();
2611:Drivers/STM32L4xx_HAL_Driver/Src/stm32l4xx_hal_rcc_ex.c ****   __HAL_RCC_CRS_RELEASE_RESET();
2612:Drivers/STM32L4xx_HAL_Driver/Src/stm32l4xx_hal_rcc_ex.c **** 
2613:Drivers/STM32L4xx_HAL_Driver/Src/stm32l4xx_hal_rcc_ex.c ****   /* Set the SYNCDIV[2:0] bits according to Prescaler value */
2614:Drivers/STM32L4xx_HAL_Driver/Src/stm32l4xx_hal_rcc_ex.c ****   /* Set the SYNCSRC[1:0] bits according to Source value */
2615:Drivers/STM32L4xx_HAL_Driver/Src/stm32l4xx_hal_rcc_ex.c ****   /* Set the SYNCSPOL bit according to Polarity value */
2616:Drivers/STM32L4xx_HAL_Driver/Src/stm32l4xx_hal_rcc_ex.c ****   value = (pInit->Prescaler | pInit->Source | pInit->Polarity);
2617:Drivers/STM32L4xx_HAL_Driver/Src/stm32l4xx_hal_rcc_ex.c ****   /* Set the RELOAD[15:0] bits according to ReloadValue value */
2618:Drivers/STM32L4xx_HAL_Driver/Src/stm32l4xx_hal_rcc_ex.c ****   value |= pInit->ReloadValue;
2619:Drivers/STM32L4xx_HAL_Driver/Src/stm32l4xx_hal_rcc_ex.c ****   /* Set the FELIM[7:0] bits according to ErrorLimitValue value */
2620:Drivers/STM32L4xx_HAL_Driver/Src/stm32l4xx_hal_rcc_ex.c ****   value |= (pInit->ErrorLimitValue << CRS_CFGR_FELIM_Pos);
2621:Drivers/STM32L4xx_HAL_Driver/Src/stm32l4xx_hal_rcc_ex.c ****   WRITE_REG(CRS->CFGR, value);
2622:Drivers/STM32L4xx_HAL_Driver/Src/stm32l4xx_hal_rcc_ex.c **** 
2623:Drivers/STM32L4xx_HAL_Driver/Src/stm32l4xx_hal_rcc_ex.c ****   /* Adjust HSI48 oscillator smooth trimming */
2624:Drivers/STM32L4xx_HAL_Driver/Src/stm32l4xx_hal_rcc_ex.c ****   /* Set the TRIM[6:0] bits for STM32L412xx/L422xx or TRIM[5:0] bits otherwise
2625:Drivers/STM32L4xx_HAL_Driver/Src/stm32l4xx_hal_rcc_ex.c ****      according to RCC_CRS_HSI48CalibrationValue value */
2626:Drivers/STM32L4xx_HAL_Driver/Src/stm32l4xx_hal_rcc_ex.c ****   MODIFY_REG(CRS->CR, CRS_CR_TRIM, (pInit->HSI48CalibrationValue << CRS_CR_TRIM_Pos));
2627:Drivers/STM32L4xx_HAL_Driver/Src/stm32l4xx_hal_rcc_ex.c **** 
2628:Drivers/STM32L4xx_HAL_Driver/Src/stm32l4xx_hal_rcc_ex.c ****   /* START AUTOMATIC SYNCHRONIZATION*/
2629:Drivers/STM32L4xx_HAL_Driver/Src/stm32l4xx_hal_rcc_ex.c **** 
2630:Drivers/STM32L4xx_HAL_Driver/Src/stm32l4xx_hal_rcc_ex.c ****   /* Enable Automatic trimming & Frequency error counter */
2631:Drivers/STM32L4xx_HAL_Driver/Src/stm32l4xx_hal_rcc_ex.c ****   SET_BIT(CRS->CR, CRS_CR_AUTOTRIMEN | CRS_CR_CEN);
2632:Drivers/STM32L4xx_HAL_Driver/Src/stm32l4xx_hal_rcc_ex.c **** }
2633:Drivers/STM32L4xx_HAL_Driver/Src/stm32l4xx_hal_rcc_ex.c **** 
2634:Drivers/STM32L4xx_HAL_Driver/Src/stm32l4xx_hal_rcc_ex.c **** /**
2635:Drivers/STM32L4xx_HAL_Driver/Src/stm32l4xx_hal_rcc_ex.c ****   * @brief  Generate the software synchronization event
2636:Drivers/STM32L4xx_HAL_Driver/Src/stm32l4xx_hal_rcc_ex.c ****   * @retval None
2637:Drivers/STM32L4xx_HAL_Driver/Src/stm32l4xx_hal_rcc_ex.c ****   */
2638:Drivers/STM32L4xx_HAL_Driver/Src/stm32l4xx_hal_rcc_ex.c **** void HAL_RCCEx_CRSSoftwareSynchronizationGenerate(void)
2639:Drivers/STM32L4xx_HAL_Driver/Src/stm32l4xx_hal_rcc_ex.c **** {
2640:Drivers/STM32L4xx_HAL_Driver/Src/stm32l4xx_hal_rcc_ex.c ****   SET_BIT(CRS->CR, CRS_CR_SWSYNC);
2641:Drivers/STM32L4xx_HAL_Driver/Src/stm32l4xx_hal_rcc_ex.c **** }
2642:Drivers/STM32L4xx_HAL_Driver/Src/stm32l4xx_hal_rcc_ex.c **** 
2643:Drivers/STM32L4xx_HAL_Driver/Src/stm32l4xx_hal_rcc_ex.c **** /**
2644:Drivers/STM32L4xx_HAL_Driver/Src/stm32l4xx_hal_rcc_ex.c ****   * @brief  Return synchronization info
2645:Drivers/STM32L4xx_HAL_Driver/Src/stm32l4xx_hal_rcc_ex.c ****   * @param  pSynchroInfo Pointer on RCC_CRSSynchroInfoTypeDef structure
2646:Drivers/STM32L4xx_HAL_Driver/Src/stm32l4xx_hal_rcc_ex.c ****   * @retval None
2647:Drivers/STM32L4xx_HAL_Driver/Src/stm32l4xx_hal_rcc_ex.c ****   */
2648:Drivers/STM32L4xx_HAL_Driver/Src/stm32l4xx_hal_rcc_ex.c **** void HAL_RCCEx_CRSGetSynchronizationInfo(RCC_CRSSynchroInfoTypeDef *pSynchroInfo)
2649:Drivers/STM32L4xx_HAL_Driver/Src/stm32l4xx_hal_rcc_ex.c **** {
2650:Drivers/STM32L4xx_HAL_Driver/Src/stm32l4xx_hal_rcc_ex.c ****   /* Check the parameter */
2651:Drivers/STM32L4xx_HAL_Driver/Src/stm32l4xx_hal_rcc_ex.c ****   assert_param(pSynchroInfo != (void *)NULL);
2652:Drivers/STM32L4xx_HAL_Driver/Src/stm32l4xx_hal_rcc_ex.c **** 
ARM GAS  /tmp/ccxIXDAo.s 			page 48


2653:Drivers/STM32L4xx_HAL_Driver/Src/stm32l4xx_hal_rcc_ex.c ****   /* Get the reload value */
2654:Drivers/STM32L4xx_HAL_Driver/Src/stm32l4xx_hal_rcc_ex.c ****   pSynchroInfo->ReloadValue = (READ_BIT(CRS->CFGR, CRS_CFGR_RELOAD));
2655:Drivers/STM32L4xx_HAL_Driver/Src/stm32l4xx_hal_rcc_ex.c **** 
2656:Drivers/STM32L4xx_HAL_Driver/Src/stm32l4xx_hal_rcc_ex.c ****   /* Get HSI48 oscillator smooth trimming */
2657:Drivers/STM32L4xx_HAL_Driver/Src/stm32l4xx_hal_rcc_ex.c ****   pSynchroInfo->HSI48CalibrationValue = (READ_BIT(CRS->CR, CRS_CR_TRIM) >> CRS_CR_TRIM_Pos);
2658:Drivers/STM32L4xx_HAL_Driver/Src/stm32l4xx_hal_rcc_ex.c **** 
2659:Drivers/STM32L4xx_HAL_Driver/Src/stm32l4xx_hal_rcc_ex.c ****   /* Get Frequency error capture */
2660:Drivers/STM32L4xx_HAL_Driver/Src/stm32l4xx_hal_rcc_ex.c ****   pSynchroInfo->FreqErrorCapture = (READ_BIT(CRS->ISR, CRS_ISR_FECAP) >> CRS_ISR_FECAP_Pos);
2661:Drivers/STM32L4xx_HAL_Driver/Src/stm32l4xx_hal_rcc_ex.c **** 
2662:Drivers/STM32L4xx_HAL_Driver/Src/stm32l4xx_hal_rcc_ex.c ****   /* Get Frequency error direction */
2663:Drivers/STM32L4xx_HAL_Driver/Src/stm32l4xx_hal_rcc_ex.c ****   pSynchroInfo->FreqErrorDirection = (READ_BIT(CRS->ISR, CRS_ISR_FEDIR));
2664:Drivers/STM32L4xx_HAL_Driver/Src/stm32l4xx_hal_rcc_ex.c **** }
2665:Drivers/STM32L4xx_HAL_Driver/Src/stm32l4xx_hal_rcc_ex.c **** 
2666:Drivers/STM32L4xx_HAL_Driver/Src/stm32l4xx_hal_rcc_ex.c **** /**
2667:Drivers/STM32L4xx_HAL_Driver/Src/stm32l4xx_hal_rcc_ex.c **** * @brief Wait for CRS Synchronization status.
2668:Drivers/STM32L4xx_HAL_Driver/Src/stm32l4xx_hal_rcc_ex.c **** * @param Timeout  Duration of the timeout
2669:Drivers/STM32L4xx_HAL_Driver/Src/stm32l4xx_hal_rcc_ex.c **** * @note  Timeout is based on the maximum time to receive a SYNC event based on synchronization
2670:Drivers/STM32L4xx_HAL_Driver/Src/stm32l4xx_hal_rcc_ex.c **** *        frequency.
2671:Drivers/STM32L4xx_HAL_Driver/Src/stm32l4xx_hal_rcc_ex.c **** * @note    If Timeout set to HAL_MAX_DELAY, HAL_TIMEOUT will be never returned.
2672:Drivers/STM32L4xx_HAL_Driver/Src/stm32l4xx_hal_rcc_ex.c **** * @retval Combination of Synchronization status
2673:Drivers/STM32L4xx_HAL_Driver/Src/stm32l4xx_hal_rcc_ex.c **** *          This parameter can be a combination of the following values:
2674:Drivers/STM32L4xx_HAL_Driver/Src/stm32l4xx_hal_rcc_ex.c **** *            @arg @ref RCC_CRS_TIMEOUT
2675:Drivers/STM32L4xx_HAL_Driver/Src/stm32l4xx_hal_rcc_ex.c **** *            @arg @ref RCC_CRS_SYNCOK
2676:Drivers/STM32L4xx_HAL_Driver/Src/stm32l4xx_hal_rcc_ex.c **** *            @arg @ref RCC_CRS_SYNCWARN
2677:Drivers/STM32L4xx_HAL_Driver/Src/stm32l4xx_hal_rcc_ex.c **** *            @arg @ref RCC_CRS_SYNCERR
2678:Drivers/STM32L4xx_HAL_Driver/Src/stm32l4xx_hal_rcc_ex.c **** *            @arg @ref RCC_CRS_SYNCMISS
2679:Drivers/STM32L4xx_HAL_Driver/Src/stm32l4xx_hal_rcc_ex.c **** *            @arg @ref RCC_CRS_TRIMOVF
2680:Drivers/STM32L4xx_HAL_Driver/Src/stm32l4xx_hal_rcc_ex.c **** */
2681:Drivers/STM32L4xx_HAL_Driver/Src/stm32l4xx_hal_rcc_ex.c **** uint32_t HAL_RCCEx_CRSWaitSynchronization(uint32_t Timeout)
2682:Drivers/STM32L4xx_HAL_Driver/Src/stm32l4xx_hal_rcc_ex.c **** {
2683:Drivers/STM32L4xx_HAL_Driver/Src/stm32l4xx_hal_rcc_ex.c ****   uint32_t crsstatus = RCC_CRS_NONE;
2684:Drivers/STM32L4xx_HAL_Driver/Src/stm32l4xx_hal_rcc_ex.c ****   uint32_t tickstart;
2685:Drivers/STM32L4xx_HAL_Driver/Src/stm32l4xx_hal_rcc_ex.c **** 
2686:Drivers/STM32L4xx_HAL_Driver/Src/stm32l4xx_hal_rcc_ex.c ****   /* Get timeout */
2687:Drivers/STM32L4xx_HAL_Driver/Src/stm32l4xx_hal_rcc_ex.c ****   tickstart = HAL_GetTick();
2688:Drivers/STM32L4xx_HAL_Driver/Src/stm32l4xx_hal_rcc_ex.c **** 
2689:Drivers/STM32L4xx_HAL_Driver/Src/stm32l4xx_hal_rcc_ex.c ****   /* Wait for CRS flag or timeout detection */
2690:Drivers/STM32L4xx_HAL_Driver/Src/stm32l4xx_hal_rcc_ex.c ****   do
2691:Drivers/STM32L4xx_HAL_Driver/Src/stm32l4xx_hal_rcc_ex.c ****   {
2692:Drivers/STM32L4xx_HAL_Driver/Src/stm32l4xx_hal_rcc_ex.c ****     if(Timeout != HAL_MAX_DELAY)
2693:Drivers/STM32L4xx_HAL_Driver/Src/stm32l4xx_hal_rcc_ex.c ****     {
2694:Drivers/STM32L4xx_HAL_Driver/Src/stm32l4xx_hal_rcc_ex.c ****       if(((HAL_GetTick() - tickstart) > Timeout) || (Timeout == 0U))
2695:Drivers/STM32L4xx_HAL_Driver/Src/stm32l4xx_hal_rcc_ex.c ****       {
2696:Drivers/STM32L4xx_HAL_Driver/Src/stm32l4xx_hal_rcc_ex.c ****         crsstatus = RCC_CRS_TIMEOUT;
2697:Drivers/STM32L4xx_HAL_Driver/Src/stm32l4xx_hal_rcc_ex.c ****       }
2698:Drivers/STM32L4xx_HAL_Driver/Src/stm32l4xx_hal_rcc_ex.c ****     }
2699:Drivers/STM32L4xx_HAL_Driver/Src/stm32l4xx_hal_rcc_ex.c ****     /* Check CRS SYNCOK flag  */
2700:Drivers/STM32L4xx_HAL_Driver/Src/stm32l4xx_hal_rcc_ex.c ****     if(__HAL_RCC_CRS_GET_FLAG(RCC_CRS_FLAG_SYNCOK))
2701:Drivers/STM32L4xx_HAL_Driver/Src/stm32l4xx_hal_rcc_ex.c ****     {
2702:Drivers/STM32L4xx_HAL_Driver/Src/stm32l4xx_hal_rcc_ex.c ****       /* CRS SYNC event OK */
2703:Drivers/STM32L4xx_HAL_Driver/Src/stm32l4xx_hal_rcc_ex.c ****       crsstatus |= RCC_CRS_SYNCOK;
2704:Drivers/STM32L4xx_HAL_Driver/Src/stm32l4xx_hal_rcc_ex.c **** 
2705:Drivers/STM32L4xx_HAL_Driver/Src/stm32l4xx_hal_rcc_ex.c ****       /* Clear CRS SYNC event OK bit */
2706:Drivers/STM32L4xx_HAL_Driver/Src/stm32l4xx_hal_rcc_ex.c ****       __HAL_RCC_CRS_CLEAR_FLAG(RCC_CRS_FLAG_SYNCOK);
2707:Drivers/STM32L4xx_HAL_Driver/Src/stm32l4xx_hal_rcc_ex.c ****     }
2708:Drivers/STM32L4xx_HAL_Driver/Src/stm32l4xx_hal_rcc_ex.c **** 
2709:Drivers/STM32L4xx_HAL_Driver/Src/stm32l4xx_hal_rcc_ex.c ****     /* Check CRS SYNCWARN flag  */
ARM GAS  /tmp/ccxIXDAo.s 			page 49


2710:Drivers/STM32L4xx_HAL_Driver/Src/stm32l4xx_hal_rcc_ex.c ****     if(__HAL_RCC_CRS_GET_FLAG(RCC_CRS_FLAG_SYNCWARN))
2711:Drivers/STM32L4xx_HAL_Driver/Src/stm32l4xx_hal_rcc_ex.c ****     {
2712:Drivers/STM32L4xx_HAL_Driver/Src/stm32l4xx_hal_rcc_ex.c ****       /* CRS SYNC warning */
2713:Drivers/STM32L4xx_HAL_Driver/Src/stm32l4xx_hal_rcc_ex.c ****       crsstatus |= RCC_CRS_SYNCWARN;
2714:Drivers/STM32L4xx_HAL_Driver/Src/stm32l4xx_hal_rcc_ex.c **** 
2715:Drivers/STM32L4xx_HAL_Driver/Src/stm32l4xx_hal_rcc_ex.c ****       /* Clear CRS SYNCWARN bit */
2716:Drivers/STM32L4xx_HAL_Driver/Src/stm32l4xx_hal_rcc_ex.c ****       __HAL_RCC_CRS_CLEAR_FLAG(RCC_CRS_FLAG_SYNCWARN);
2717:Drivers/STM32L4xx_HAL_Driver/Src/stm32l4xx_hal_rcc_ex.c ****     }
2718:Drivers/STM32L4xx_HAL_Driver/Src/stm32l4xx_hal_rcc_ex.c **** 
2719:Drivers/STM32L4xx_HAL_Driver/Src/stm32l4xx_hal_rcc_ex.c ****     /* Check CRS TRIM overflow flag  */
2720:Drivers/STM32L4xx_HAL_Driver/Src/stm32l4xx_hal_rcc_ex.c ****     if(__HAL_RCC_CRS_GET_FLAG(RCC_CRS_FLAG_TRIMOVF))
2721:Drivers/STM32L4xx_HAL_Driver/Src/stm32l4xx_hal_rcc_ex.c ****     {
2722:Drivers/STM32L4xx_HAL_Driver/Src/stm32l4xx_hal_rcc_ex.c ****       /* CRS SYNC Error */
2723:Drivers/STM32L4xx_HAL_Driver/Src/stm32l4xx_hal_rcc_ex.c ****       crsstatus |= RCC_CRS_TRIMOVF;
2724:Drivers/STM32L4xx_HAL_Driver/Src/stm32l4xx_hal_rcc_ex.c **** 
2725:Drivers/STM32L4xx_HAL_Driver/Src/stm32l4xx_hal_rcc_ex.c ****       /* Clear CRS Error bit */
2726:Drivers/STM32L4xx_HAL_Driver/Src/stm32l4xx_hal_rcc_ex.c ****       __HAL_RCC_CRS_CLEAR_FLAG(RCC_CRS_FLAG_TRIMOVF);
2727:Drivers/STM32L4xx_HAL_Driver/Src/stm32l4xx_hal_rcc_ex.c ****     }
2728:Drivers/STM32L4xx_HAL_Driver/Src/stm32l4xx_hal_rcc_ex.c **** 
2729:Drivers/STM32L4xx_HAL_Driver/Src/stm32l4xx_hal_rcc_ex.c ****     /* Check CRS Error flag  */
2730:Drivers/STM32L4xx_HAL_Driver/Src/stm32l4xx_hal_rcc_ex.c ****     if(__HAL_RCC_CRS_GET_FLAG(RCC_CRS_FLAG_SYNCERR))
2731:Drivers/STM32L4xx_HAL_Driver/Src/stm32l4xx_hal_rcc_ex.c ****     {
2732:Drivers/STM32L4xx_HAL_Driver/Src/stm32l4xx_hal_rcc_ex.c ****       /* CRS SYNC Error */
2733:Drivers/STM32L4xx_HAL_Driver/Src/stm32l4xx_hal_rcc_ex.c ****       crsstatus |= RCC_CRS_SYNCERR;
2734:Drivers/STM32L4xx_HAL_Driver/Src/stm32l4xx_hal_rcc_ex.c **** 
2735:Drivers/STM32L4xx_HAL_Driver/Src/stm32l4xx_hal_rcc_ex.c ****       /* Clear CRS Error bit */
2736:Drivers/STM32L4xx_HAL_Driver/Src/stm32l4xx_hal_rcc_ex.c ****       __HAL_RCC_CRS_CLEAR_FLAG(RCC_CRS_FLAG_SYNCERR);
2737:Drivers/STM32L4xx_HAL_Driver/Src/stm32l4xx_hal_rcc_ex.c ****     }
2738:Drivers/STM32L4xx_HAL_Driver/Src/stm32l4xx_hal_rcc_ex.c **** 
2739:Drivers/STM32L4xx_HAL_Driver/Src/stm32l4xx_hal_rcc_ex.c ****     /* Check CRS SYNC Missed flag  */
2740:Drivers/STM32L4xx_HAL_Driver/Src/stm32l4xx_hal_rcc_ex.c ****     if(__HAL_RCC_CRS_GET_FLAG(RCC_CRS_FLAG_SYNCMISS))
2741:Drivers/STM32L4xx_HAL_Driver/Src/stm32l4xx_hal_rcc_ex.c ****     {
2742:Drivers/STM32L4xx_HAL_Driver/Src/stm32l4xx_hal_rcc_ex.c ****       /* CRS SYNC Missed */
2743:Drivers/STM32L4xx_HAL_Driver/Src/stm32l4xx_hal_rcc_ex.c ****       crsstatus |= RCC_CRS_SYNCMISS;
2744:Drivers/STM32L4xx_HAL_Driver/Src/stm32l4xx_hal_rcc_ex.c **** 
2745:Drivers/STM32L4xx_HAL_Driver/Src/stm32l4xx_hal_rcc_ex.c ****       /* Clear CRS SYNC Missed bit */
2746:Drivers/STM32L4xx_HAL_Driver/Src/stm32l4xx_hal_rcc_ex.c ****       __HAL_RCC_CRS_CLEAR_FLAG(RCC_CRS_FLAG_SYNCMISS);
2747:Drivers/STM32L4xx_HAL_Driver/Src/stm32l4xx_hal_rcc_ex.c ****     }
2748:Drivers/STM32L4xx_HAL_Driver/Src/stm32l4xx_hal_rcc_ex.c **** 
2749:Drivers/STM32L4xx_HAL_Driver/Src/stm32l4xx_hal_rcc_ex.c ****     /* Check CRS Expected SYNC flag  */
2750:Drivers/STM32L4xx_HAL_Driver/Src/stm32l4xx_hal_rcc_ex.c ****     if(__HAL_RCC_CRS_GET_FLAG(RCC_CRS_FLAG_ESYNC))
2751:Drivers/STM32L4xx_HAL_Driver/Src/stm32l4xx_hal_rcc_ex.c ****     {
2752:Drivers/STM32L4xx_HAL_Driver/Src/stm32l4xx_hal_rcc_ex.c ****       /* frequency error counter reached a zero value */
2753:Drivers/STM32L4xx_HAL_Driver/Src/stm32l4xx_hal_rcc_ex.c ****       __HAL_RCC_CRS_CLEAR_FLAG(RCC_CRS_FLAG_ESYNC);
2754:Drivers/STM32L4xx_HAL_Driver/Src/stm32l4xx_hal_rcc_ex.c ****     }
2755:Drivers/STM32L4xx_HAL_Driver/Src/stm32l4xx_hal_rcc_ex.c ****   } while(RCC_CRS_NONE == crsstatus);
2756:Drivers/STM32L4xx_HAL_Driver/Src/stm32l4xx_hal_rcc_ex.c **** 
2757:Drivers/STM32L4xx_HAL_Driver/Src/stm32l4xx_hal_rcc_ex.c ****   return crsstatus;
2758:Drivers/STM32L4xx_HAL_Driver/Src/stm32l4xx_hal_rcc_ex.c **** }
2759:Drivers/STM32L4xx_HAL_Driver/Src/stm32l4xx_hal_rcc_ex.c **** 
2760:Drivers/STM32L4xx_HAL_Driver/Src/stm32l4xx_hal_rcc_ex.c **** /**
2761:Drivers/STM32L4xx_HAL_Driver/Src/stm32l4xx_hal_rcc_ex.c ****   * @brief Handle the Clock Recovery System interrupt request.
2762:Drivers/STM32L4xx_HAL_Driver/Src/stm32l4xx_hal_rcc_ex.c ****   * @retval None
2763:Drivers/STM32L4xx_HAL_Driver/Src/stm32l4xx_hal_rcc_ex.c ****   */
2764:Drivers/STM32L4xx_HAL_Driver/Src/stm32l4xx_hal_rcc_ex.c **** void HAL_RCCEx_CRS_IRQHandler(void)
2765:Drivers/STM32L4xx_HAL_Driver/Src/stm32l4xx_hal_rcc_ex.c **** {
2766:Drivers/STM32L4xx_HAL_Driver/Src/stm32l4xx_hal_rcc_ex.c ****   uint32_t crserror = RCC_CRS_NONE;
ARM GAS  /tmp/ccxIXDAo.s 			page 50


2767:Drivers/STM32L4xx_HAL_Driver/Src/stm32l4xx_hal_rcc_ex.c ****   /* Get current IT flags and IT sources values */
2768:Drivers/STM32L4xx_HAL_Driver/Src/stm32l4xx_hal_rcc_ex.c ****   uint32_t itflags = READ_REG(CRS->ISR);
2769:Drivers/STM32L4xx_HAL_Driver/Src/stm32l4xx_hal_rcc_ex.c ****   uint32_t itsources = READ_REG(CRS->CR);
2770:Drivers/STM32L4xx_HAL_Driver/Src/stm32l4xx_hal_rcc_ex.c **** 
2771:Drivers/STM32L4xx_HAL_Driver/Src/stm32l4xx_hal_rcc_ex.c ****   /* Check CRS SYNCOK flag  */
2772:Drivers/STM32L4xx_HAL_Driver/Src/stm32l4xx_hal_rcc_ex.c ****   if(((itflags & RCC_CRS_FLAG_SYNCOK) != 0U) && ((itsources & RCC_CRS_IT_SYNCOK) != 0U))
2773:Drivers/STM32L4xx_HAL_Driver/Src/stm32l4xx_hal_rcc_ex.c ****   {
2774:Drivers/STM32L4xx_HAL_Driver/Src/stm32l4xx_hal_rcc_ex.c ****     /* Clear CRS SYNC event OK flag */
2775:Drivers/STM32L4xx_HAL_Driver/Src/stm32l4xx_hal_rcc_ex.c ****     WRITE_REG(CRS->ICR, CRS_ICR_SYNCOKC);
2776:Drivers/STM32L4xx_HAL_Driver/Src/stm32l4xx_hal_rcc_ex.c **** 
2777:Drivers/STM32L4xx_HAL_Driver/Src/stm32l4xx_hal_rcc_ex.c ****     /* user callback */
2778:Drivers/STM32L4xx_HAL_Driver/Src/stm32l4xx_hal_rcc_ex.c ****     HAL_RCCEx_CRS_SyncOkCallback();
2779:Drivers/STM32L4xx_HAL_Driver/Src/stm32l4xx_hal_rcc_ex.c ****   }
2780:Drivers/STM32L4xx_HAL_Driver/Src/stm32l4xx_hal_rcc_ex.c ****   /* Check CRS SYNCWARN flag  */
2781:Drivers/STM32L4xx_HAL_Driver/Src/stm32l4xx_hal_rcc_ex.c ****   else if(((itflags & RCC_CRS_FLAG_SYNCWARN) != 0U) && ((itsources & RCC_CRS_IT_SYNCWARN) != 0U))
2782:Drivers/STM32L4xx_HAL_Driver/Src/stm32l4xx_hal_rcc_ex.c ****   {
2783:Drivers/STM32L4xx_HAL_Driver/Src/stm32l4xx_hal_rcc_ex.c ****     /* Clear CRS SYNCWARN flag */
2784:Drivers/STM32L4xx_HAL_Driver/Src/stm32l4xx_hal_rcc_ex.c ****     WRITE_REG(CRS->ICR, CRS_ICR_SYNCWARNC);
2785:Drivers/STM32L4xx_HAL_Driver/Src/stm32l4xx_hal_rcc_ex.c **** 
2786:Drivers/STM32L4xx_HAL_Driver/Src/stm32l4xx_hal_rcc_ex.c ****     /* user callback */
2787:Drivers/STM32L4xx_HAL_Driver/Src/stm32l4xx_hal_rcc_ex.c ****     HAL_RCCEx_CRS_SyncWarnCallback();
2788:Drivers/STM32L4xx_HAL_Driver/Src/stm32l4xx_hal_rcc_ex.c ****   }
2789:Drivers/STM32L4xx_HAL_Driver/Src/stm32l4xx_hal_rcc_ex.c ****   /* Check CRS Expected SYNC flag  */
2790:Drivers/STM32L4xx_HAL_Driver/Src/stm32l4xx_hal_rcc_ex.c ****   else if(((itflags & RCC_CRS_FLAG_ESYNC) != 0U) && ((itsources & RCC_CRS_IT_ESYNC) != 0U))
2791:Drivers/STM32L4xx_HAL_Driver/Src/stm32l4xx_hal_rcc_ex.c ****   {
2792:Drivers/STM32L4xx_HAL_Driver/Src/stm32l4xx_hal_rcc_ex.c ****     /* frequency error counter reached a zero value */
2793:Drivers/STM32L4xx_HAL_Driver/Src/stm32l4xx_hal_rcc_ex.c ****     WRITE_REG(CRS->ICR, CRS_ICR_ESYNCC);
2794:Drivers/STM32L4xx_HAL_Driver/Src/stm32l4xx_hal_rcc_ex.c **** 
2795:Drivers/STM32L4xx_HAL_Driver/Src/stm32l4xx_hal_rcc_ex.c ****     /* user callback */
2796:Drivers/STM32L4xx_HAL_Driver/Src/stm32l4xx_hal_rcc_ex.c ****     HAL_RCCEx_CRS_ExpectedSyncCallback();
2797:Drivers/STM32L4xx_HAL_Driver/Src/stm32l4xx_hal_rcc_ex.c ****   }
2798:Drivers/STM32L4xx_HAL_Driver/Src/stm32l4xx_hal_rcc_ex.c ****   /* Check CRS Error flags  */
2799:Drivers/STM32L4xx_HAL_Driver/Src/stm32l4xx_hal_rcc_ex.c ****   else
2800:Drivers/STM32L4xx_HAL_Driver/Src/stm32l4xx_hal_rcc_ex.c ****   {
2801:Drivers/STM32L4xx_HAL_Driver/Src/stm32l4xx_hal_rcc_ex.c ****     if(((itflags & RCC_CRS_FLAG_ERR) != 0U) && ((itsources & RCC_CRS_IT_ERR) != 0U))
2802:Drivers/STM32L4xx_HAL_Driver/Src/stm32l4xx_hal_rcc_ex.c ****     {
2803:Drivers/STM32L4xx_HAL_Driver/Src/stm32l4xx_hal_rcc_ex.c ****       if((itflags & RCC_CRS_FLAG_SYNCERR) != 0U)
2804:Drivers/STM32L4xx_HAL_Driver/Src/stm32l4xx_hal_rcc_ex.c ****       {
2805:Drivers/STM32L4xx_HAL_Driver/Src/stm32l4xx_hal_rcc_ex.c ****         crserror |= RCC_CRS_SYNCERR;
2806:Drivers/STM32L4xx_HAL_Driver/Src/stm32l4xx_hal_rcc_ex.c ****       }
2807:Drivers/STM32L4xx_HAL_Driver/Src/stm32l4xx_hal_rcc_ex.c ****       if((itflags & RCC_CRS_FLAG_SYNCMISS) != 0U)
2808:Drivers/STM32L4xx_HAL_Driver/Src/stm32l4xx_hal_rcc_ex.c ****       {
2809:Drivers/STM32L4xx_HAL_Driver/Src/stm32l4xx_hal_rcc_ex.c ****         crserror |= RCC_CRS_SYNCMISS;
2810:Drivers/STM32L4xx_HAL_Driver/Src/stm32l4xx_hal_rcc_ex.c ****       }
2811:Drivers/STM32L4xx_HAL_Driver/Src/stm32l4xx_hal_rcc_ex.c ****       if((itflags & RCC_CRS_FLAG_TRIMOVF) != 0U)
2812:Drivers/STM32L4xx_HAL_Driver/Src/stm32l4xx_hal_rcc_ex.c ****       {
2813:Drivers/STM32L4xx_HAL_Driver/Src/stm32l4xx_hal_rcc_ex.c ****         crserror |= RCC_CRS_TRIMOVF;
2814:Drivers/STM32L4xx_HAL_Driver/Src/stm32l4xx_hal_rcc_ex.c ****       }
2815:Drivers/STM32L4xx_HAL_Driver/Src/stm32l4xx_hal_rcc_ex.c **** 
2816:Drivers/STM32L4xx_HAL_Driver/Src/stm32l4xx_hal_rcc_ex.c ****       /* Clear CRS Error flags */
2817:Drivers/STM32L4xx_HAL_Driver/Src/stm32l4xx_hal_rcc_ex.c ****       WRITE_REG(CRS->ICR, CRS_ICR_ERRC);
2818:Drivers/STM32L4xx_HAL_Driver/Src/stm32l4xx_hal_rcc_ex.c **** 
2819:Drivers/STM32L4xx_HAL_Driver/Src/stm32l4xx_hal_rcc_ex.c ****       /* user error callback */
2820:Drivers/STM32L4xx_HAL_Driver/Src/stm32l4xx_hal_rcc_ex.c ****       HAL_RCCEx_CRS_ErrorCallback(crserror);
2821:Drivers/STM32L4xx_HAL_Driver/Src/stm32l4xx_hal_rcc_ex.c ****     }
2822:Drivers/STM32L4xx_HAL_Driver/Src/stm32l4xx_hal_rcc_ex.c ****   }
2823:Drivers/STM32L4xx_HAL_Driver/Src/stm32l4xx_hal_rcc_ex.c **** }
ARM GAS  /tmp/ccxIXDAo.s 			page 51


2824:Drivers/STM32L4xx_HAL_Driver/Src/stm32l4xx_hal_rcc_ex.c **** 
2825:Drivers/STM32L4xx_HAL_Driver/Src/stm32l4xx_hal_rcc_ex.c **** /**
2826:Drivers/STM32L4xx_HAL_Driver/Src/stm32l4xx_hal_rcc_ex.c ****   * @brief  RCCEx Clock Recovery System SYNCOK interrupt callback.
2827:Drivers/STM32L4xx_HAL_Driver/Src/stm32l4xx_hal_rcc_ex.c ****   * @retval none
2828:Drivers/STM32L4xx_HAL_Driver/Src/stm32l4xx_hal_rcc_ex.c ****   */
2829:Drivers/STM32L4xx_HAL_Driver/Src/stm32l4xx_hal_rcc_ex.c **** __weak void HAL_RCCEx_CRS_SyncOkCallback(void)
2830:Drivers/STM32L4xx_HAL_Driver/Src/stm32l4xx_hal_rcc_ex.c **** {
2831:Drivers/STM32L4xx_HAL_Driver/Src/stm32l4xx_hal_rcc_ex.c ****   /* NOTE : This function should not be modified, when the callback is needed,
2832:Drivers/STM32L4xx_HAL_Driver/Src/stm32l4xx_hal_rcc_ex.c ****             the @ref HAL_RCCEx_CRS_SyncOkCallback should be implemented in the user file
2833:Drivers/STM32L4xx_HAL_Driver/Src/stm32l4xx_hal_rcc_ex.c ****    */
2834:Drivers/STM32L4xx_HAL_Driver/Src/stm32l4xx_hal_rcc_ex.c **** }
2835:Drivers/STM32L4xx_HAL_Driver/Src/stm32l4xx_hal_rcc_ex.c **** 
2836:Drivers/STM32L4xx_HAL_Driver/Src/stm32l4xx_hal_rcc_ex.c **** /**
2837:Drivers/STM32L4xx_HAL_Driver/Src/stm32l4xx_hal_rcc_ex.c ****   * @brief  RCCEx Clock Recovery System SYNCWARN interrupt callback.
2838:Drivers/STM32L4xx_HAL_Driver/Src/stm32l4xx_hal_rcc_ex.c ****   * @retval none
2839:Drivers/STM32L4xx_HAL_Driver/Src/stm32l4xx_hal_rcc_ex.c ****   */
2840:Drivers/STM32L4xx_HAL_Driver/Src/stm32l4xx_hal_rcc_ex.c **** __weak void HAL_RCCEx_CRS_SyncWarnCallback(void)
2841:Drivers/STM32L4xx_HAL_Driver/Src/stm32l4xx_hal_rcc_ex.c **** {
2842:Drivers/STM32L4xx_HAL_Driver/Src/stm32l4xx_hal_rcc_ex.c ****   /* NOTE : This function should not be modified, when the callback is needed,
2843:Drivers/STM32L4xx_HAL_Driver/Src/stm32l4xx_hal_rcc_ex.c ****             the @ref HAL_RCCEx_CRS_SyncWarnCallback should be implemented in the user file
2844:Drivers/STM32L4xx_HAL_Driver/Src/stm32l4xx_hal_rcc_ex.c ****    */
2845:Drivers/STM32L4xx_HAL_Driver/Src/stm32l4xx_hal_rcc_ex.c **** }
2846:Drivers/STM32L4xx_HAL_Driver/Src/stm32l4xx_hal_rcc_ex.c **** 
2847:Drivers/STM32L4xx_HAL_Driver/Src/stm32l4xx_hal_rcc_ex.c **** /**
2848:Drivers/STM32L4xx_HAL_Driver/Src/stm32l4xx_hal_rcc_ex.c ****   * @brief  RCCEx Clock Recovery System Expected SYNC interrupt callback.
2849:Drivers/STM32L4xx_HAL_Driver/Src/stm32l4xx_hal_rcc_ex.c ****   * @retval none
2850:Drivers/STM32L4xx_HAL_Driver/Src/stm32l4xx_hal_rcc_ex.c ****   */
2851:Drivers/STM32L4xx_HAL_Driver/Src/stm32l4xx_hal_rcc_ex.c **** __weak void HAL_RCCEx_CRS_ExpectedSyncCallback(void)
2852:Drivers/STM32L4xx_HAL_Driver/Src/stm32l4xx_hal_rcc_ex.c **** {
2853:Drivers/STM32L4xx_HAL_Driver/Src/stm32l4xx_hal_rcc_ex.c ****   /* NOTE : This function should not be modified, when the callback is needed,
2854:Drivers/STM32L4xx_HAL_Driver/Src/stm32l4xx_hal_rcc_ex.c ****             the @ref HAL_RCCEx_CRS_ExpectedSyncCallback should be implemented in the user file
2855:Drivers/STM32L4xx_HAL_Driver/Src/stm32l4xx_hal_rcc_ex.c ****    */
2856:Drivers/STM32L4xx_HAL_Driver/Src/stm32l4xx_hal_rcc_ex.c **** }
2857:Drivers/STM32L4xx_HAL_Driver/Src/stm32l4xx_hal_rcc_ex.c **** 
2858:Drivers/STM32L4xx_HAL_Driver/Src/stm32l4xx_hal_rcc_ex.c **** /**
2859:Drivers/STM32L4xx_HAL_Driver/Src/stm32l4xx_hal_rcc_ex.c ****   * @brief  RCCEx Clock Recovery System Error interrupt callback.
2860:Drivers/STM32L4xx_HAL_Driver/Src/stm32l4xx_hal_rcc_ex.c ****   * @param  Error Combination of Error status.
2861:Drivers/STM32L4xx_HAL_Driver/Src/stm32l4xx_hal_rcc_ex.c ****   *         This parameter can be a combination of the following values:
2862:Drivers/STM32L4xx_HAL_Driver/Src/stm32l4xx_hal_rcc_ex.c ****   *           @arg @ref RCC_CRS_SYNCERR
2863:Drivers/STM32L4xx_HAL_Driver/Src/stm32l4xx_hal_rcc_ex.c ****   *           @arg @ref RCC_CRS_SYNCMISS
2864:Drivers/STM32L4xx_HAL_Driver/Src/stm32l4xx_hal_rcc_ex.c ****   *           @arg @ref RCC_CRS_TRIMOVF
2865:Drivers/STM32L4xx_HAL_Driver/Src/stm32l4xx_hal_rcc_ex.c ****   * @retval none
2866:Drivers/STM32L4xx_HAL_Driver/Src/stm32l4xx_hal_rcc_ex.c ****   */
2867:Drivers/STM32L4xx_HAL_Driver/Src/stm32l4xx_hal_rcc_ex.c **** __weak void HAL_RCCEx_CRS_ErrorCallback(uint32_t Error)
2868:Drivers/STM32L4xx_HAL_Driver/Src/stm32l4xx_hal_rcc_ex.c **** {
2869:Drivers/STM32L4xx_HAL_Driver/Src/stm32l4xx_hal_rcc_ex.c ****   /* Prevent unused argument(s) compilation warning */
2870:Drivers/STM32L4xx_HAL_Driver/Src/stm32l4xx_hal_rcc_ex.c ****   UNUSED(Error);
2871:Drivers/STM32L4xx_HAL_Driver/Src/stm32l4xx_hal_rcc_ex.c **** 
2872:Drivers/STM32L4xx_HAL_Driver/Src/stm32l4xx_hal_rcc_ex.c ****   /* NOTE : This function should not be modified, when the callback is needed,
2873:Drivers/STM32L4xx_HAL_Driver/Src/stm32l4xx_hal_rcc_ex.c ****             the @ref HAL_RCCEx_CRS_ErrorCallback should be implemented in the user file
2874:Drivers/STM32L4xx_HAL_Driver/Src/stm32l4xx_hal_rcc_ex.c ****    */
2875:Drivers/STM32L4xx_HAL_Driver/Src/stm32l4xx_hal_rcc_ex.c **** }
2876:Drivers/STM32L4xx_HAL_Driver/Src/stm32l4xx_hal_rcc_ex.c **** 
2877:Drivers/STM32L4xx_HAL_Driver/Src/stm32l4xx_hal_rcc_ex.c **** /**
2878:Drivers/STM32L4xx_HAL_Driver/Src/stm32l4xx_hal_rcc_ex.c ****   * @}
2879:Drivers/STM32L4xx_HAL_Driver/Src/stm32l4xx_hal_rcc_ex.c ****   */
2880:Drivers/STM32L4xx_HAL_Driver/Src/stm32l4xx_hal_rcc_ex.c **** 
ARM GAS  /tmp/ccxIXDAo.s 			page 52


2881:Drivers/STM32L4xx_HAL_Driver/Src/stm32l4xx_hal_rcc_ex.c **** #endif /* CRS */
2882:Drivers/STM32L4xx_HAL_Driver/Src/stm32l4xx_hal_rcc_ex.c **** 
2883:Drivers/STM32L4xx_HAL_Driver/Src/stm32l4xx_hal_rcc_ex.c **** /**
2884:Drivers/STM32L4xx_HAL_Driver/Src/stm32l4xx_hal_rcc_ex.c ****   * @}
2885:Drivers/STM32L4xx_HAL_Driver/Src/stm32l4xx_hal_rcc_ex.c ****   */
2886:Drivers/STM32L4xx_HAL_Driver/Src/stm32l4xx_hal_rcc_ex.c **** 
2887:Drivers/STM32L4xx_HAL_Driver/Src/stm32l4xx_hal_rcc_ex.c **** /** @addtogroup RCCEx_Private_Functions
2888:Drivers/STM32L4xx_HAL_Driver/Src/stm32l4xx_hal_rcc_ex.c ****  * @{
2889:Drivers/STM32L4xx_HAL_Driver/Src/stm32l4xx_hal_rcc_ex.c ****  */
2890:Drivers/STM32L4xx_HAL_Driver/Src/stm32l4xx_hal_rcc_ex.c **** 
2891:Drivers/STM32L4xx_HAL_Driver/Src/stm32l4xx_hal_rcc_ex.c **** #if defined(RCC_PLLSAI1_SUPPORT)
2892:Drivers/STM32L4xx_HAL_Driver/Src/stm32l4xx_hal_rcc_ex.c **** 
2893:Drivers/STM32L4xx_HAL_Driver/Src/stm32l4xx_hal_rcc_ex.c **** /**
2894:Drivers/STM32L4xx_HAL_Driver/Src/stm32l4xx_hal_rcc_ex.c ****   * @brief  Configure the parameters N & P & optionally M of PLLSAI1 and enable PLLSAI1 output cloc
2895:Drivers/STM32L4xx_HAL_Driver/Src/stm32l4xx_hal_rcc_ex.c ****   * @param  PllSai1  pointer to an RCC_PLLSAI1InitTypeDef structure that
2896:Drivers/STM32L4xx_HAL_Driver/Src/stm32l4xx_hal_rcc_ex.c ****   *         contains the configuration parameters N & P & optionally M as well as PLLSAI1 output cl
2897:Drivers/STM32L4xx_HAL_Driver/Src/stm32l4xx_hal_rcc_ex.c ****   * @param  Divider  divider parameter to be updated
2898:Drivers/STM32L4xx_HAL_Driver/Src/stm32l4xx_hal_rcc_ex.c ****   *
2899:Drivers/STM32L4xx_HAL_Driver/Src/stm32l4xx_hal_rcc_ex.c ****   * @note   PLLSAI1 is temporary disable to apply new parameters
2900:Drivers/STM32L4xx_HAL_Driver/Src/stm32l4xx_hal_rcc_ex.c ****   *
2901:Drivers/STM32L4xx_HAL_Driver/Src/stm32l4xx_hal_rcc_ex.c ****   * @retval HAL status
2902:Drivers/STM32L4xx_HAL_Driver/Src/stm32l4xx_hal_rcc_ex.c ****   */
2903:Drivers/STM32L4xx_HAL_Driver/Src/stm32l4xx_hal_rcc_ex.c **** static HAL_StatusTypeDef RCCEx_PLLSAI1_Config(RCC_PLLSAI1InitTypeDef *PllSai1, uint32_t Divider)
2904:Drivers/STM32L4xx_HAL_Driver/Src/stm32l4xx_hal_rcc_ex.c **** {
2905:Drivers/STM32L4xx_HAL_Driver/Src/stm32l4xx_hal_rcc_ex.c ****   uint32_t tickstart;
2906:Drivers/STM32L4xx_HAL_Driver/Src/stm32l4xx_hal_rcc_ex.c ****   HAL_StatusTypeDef status = HAL_OK;
2907:Drivers/STM32L4xx_HAL_Driver/Src/stm32l4xx_hal_rcc_ex.c **** 
2908:Drivers/STM32L4xx_HAL_Driver/Src/stm32l4xx_hal_rcc_ex.c ****   /* check for PLLSAI1 Parameters used to output PLLSAI1CLK */
2909:Drivers/STM32L4xx_HAL_Driver/Src/stm32l4xx_hal_rcc_ex.c ****   /* P, Q and R dividers are verified in each specific divider case below */
2910:Drivers/STM32L4xx_HAL_Driver/Src/stm32l4xx_hal_rcc_ex.c ****   assert_param(IS_RCC_PLLSAI1SOURCE(PllSai1->PLLSAI1Source));
2911:Drivers/STM32L4xx_HAL_Driver/Src/stm32l4xx_hal_rcc_ex.c ****   assert_param(IS_RCC_PLLSAI1M_VALUE(PllSai1->PLLSAI1M));
2912:Drivers/STM32L4xx_HAL_Driver/Src/stm32l4xx_hal_rcc_ex.c ****   assert_param(IS_RCC_PLLSAI1N_VALUE(PllSai1->PLLSAI1N));
2913:Drivers/STM32L4xx_HAL_Driver/Src/stm32l4xx_hal_rcc_ex.c ****   assert_param(IS_RCC_PLLSAI1CLOCKOUT_VALUE(PllSai1->PLLSAI1ClockOut));
2914:Drivers/STM32L4xx_HAL_Driver/Src/stm32l4xx_hal_rcc_ex.c **** 
2915:Drivers/STM32L4xx_HAL_Driver/Src/stm32l4xx_hal_rcc_ex.c ****   /* Check that PLLSAI1 clock source and divider M can be applied */
2916:Drivers/STM32L4xx_HAL_Driver/Src/stm32l4xx_hal_rcc_ex.c ****   if(__HAL_RCC_GET_PLL_OSCSOURCE() != RCC_PLLSOURCE_NONE)
2917:Drivers/STM32L4xx_HAL_Driver/Src/stm32l4xx_hal_rcc_ex.c ****   {
2918:Drivers/STM32L4xx_HAL_Driver/Src/stm32l4xx_hal_rcc_ex.c ****     /* PLL clock source and divider M already set, check that no request for change  */
2919:Drivers/STM32L4xx_HAL_Driver/Src/stm32l4xx_hal_rcc_ex.c ****     if((__HAL_RCC_GET_PLL_OSCSOURCE() != PllSai1->PLLSAI1Source)
2920:Drivers/STM32L4xx_HAL_Driver/Src/stm32l4xx_hal_rcc_ex.c ****        ||
2921:Drivers/STM32L4xx_HAL_Driver/Src/stm32l4xx_hal_rcc_ex.c ****        (PllSai1->PLLSAI1Source == RCC_PLLSOURCE_NONE)
2922:Drivers/STM32L4xx_HAL_Driver/Src/stm32l4xx_hal_rcc_ex.c **** #if !defined(RCC_PLLSAI1M_DIV_1_16_SUPPORT)
2923:Drivers/STM32L4xx_HAL_Driver/Src/stm32l4xx_hal_rcc_ex.c ****        ||
2924:Drivers/STM32L4xx_HAL_Driver/Src/stm32l4xx_hal_rcc_ex.c ****        (((READ_BIT(RCC->PLLCFGR, RCC_PLLCFGR_PLLM) >> RCC_PLLCFGR_PLLM_Pos) + 1U) != PllSai1->PLLSA
2925:Drivers/STM32L4xx_HAL_Driver/Src/stm32l4xx_hal_rcc_ex.c **** #endif
2926:Drivers/STM32L4xx_HAL_Driver/Src/stm32l4xx_hal_rcc_ex.c ****       )
2927:Drivers/STM32L4xx_HAL_Driver/Src/stm32l4xx_hal_rcc_ex.c ****     {
2928:Drivers/STM32L4xx_HAL_Driver/Src/stm32l4xx_hal_rcc_ex.c ****       status = HAL_ERROR;
2929:Drivers/STM32L4xx_HAL_Driver/Src/stm32l4xx_hal_rcc_ex.c ****     }
2930:Drivers/STM32L4xx_HAL_Driver/Src/stm32l4xx_hal_rcc_ex.c ****   }
2931:Drivers/STM32L4xx_HAL_Driver/Src/stm32l4xx_hal_rcc_ex.c ****   else
2932:Drivers/STM32L4xx_HAL_Driver/Src/stm32l4xx_hal_rcc_ex.c ****   {
2933:Drivers/STM32L4xx_HAL_Driver/Src/stm32l4xx_hal_rcc_ex.c ****     /* Check PLLSAI1 clock source availability */
2934:Drivers/STM32L4xx_HAL_Driver/Src/stm32l4xx_hal_rcc_ex.c ****     switch(PllSai1->PLLSAI1Source)
2935:Drivers/STM32L4xx_HAL_Driver/Src/stm32l4xx_hal_rcc_ex.c ****     {
2936:Drivers/STM32L4xx_HAL_Driver/Src/stm32l4xx_hal_rcc_ex.c ****     case RCC_PLLSOURCE_MSI:
2937:Drivers/STM32L4xx_HAL_Driver/Src/stm32l4xx_hal_rcc_ex.c ****       if(HAL_IS_BIT_CLR(RCC->CR, RCC_CR_MSIRDY))
ARM GAS  /tmp/ccxIXDAo.s 			page 53


2938:Drivers/STM32L4xx_HAL_Driver/Src/stm32l4xx_hal_rcc_ex.c ****       {
2939:Drivers/STM32L4xx_HAL_Driver/Src/stm32l4xx_hal_rcc_ex.c ****         status = HAL_ERROR;
2940:Drivers/STM32L4xx_HAL_Driver/Src/stm32l4xx_hal_rcc_ex.c ****       }
2941:Drivers/STM32L4xx_HAL_Driver/Src/stm32l4xx_hal_rcc_ex.c ****       break;
2942:Drivers/STM32L4xx_HAL_Driver/Src/stm32l4xx_hal_rcc_ex.c ****     case RCC_PLLSOURCE_HSI:
2943:Drivers/STM32L4xx_HAL_Driver/Src/stm32l4xx_hal_rcc_ex.c ****       if(HAL_IS_BIT_CLR(RCC->CR, RCC_CR_HSIRDY))
2944:Drivers/STM32L4xx_HAL_Driver/Src/stm32l4xx_hal_rcc_ex.c ****       {
2945:Drivers/STM32L4xx_HAL_Driver/Src/stm32l4xx_hal_rcc_ex.c ****         status = HAL_ERROR;
2946:Drivers/STM32L4xx_HAL_Driver/Src/stm32l4xx_hal_rcc_ex.c ****       }
2947:Drivers/STM32L4xx_HAL_Driver/Src/stm32l4xx_hal_rcc_ex.c ****       break;
2948:Drivers/STM32L4xx_HAL_Driver/Src/stm32l4xx_hal_rcc_ex.c ****     case RCC_PLLSOURCE_HSE:
2949:Drivers/STM32L4xx_HAL_Driver/Src/stm32l4xx_hal_rcc_ex.c ****       if(HAL_IS_BIT_CLR(RCC->CR, RCC_CR_HSERDY))
2950:Drivers/STM32L4xx_HAL_Driver/Src/stm32l4xx_hal_rcc_ex.c ****       {
2951:Drivers/STM32L4xx_HAL_Driver/Src/stm32l4xx_hal_rcc_ex.c ****         if(HAL_IS_BIT_CLR(RCC->CR, RCC_CR_HSEBYP))
2952:Drivers/STM32L4xx_HAL_Driver/Src/stm32l4xx_hal_rcc_ex.c ****         {
2953:Drivers/STM32L4xx_HAL_Driver/Src/stm32l4xx_hal_rcc_ex.c ****           status = HAL_ERROR;
2954:Drivers/STM32L4xx_HAL_Driver/Src/stm32l4xx_hal_rcc_ex.c ****         }
2955:Drivers/STM32L4xx_HAL_Driver/Src/stm32l4xx_hal_rcc_ex.c ****       }
2956:Drivers/STM32L4xx_HAL_Driver/Src/stm32l4xx_hal_rcc_ex.c ****       break;
2957:Drivers/STM32L4xx_HAL_Driver/Src/stm32l4xx_hal_rcc_ex.c ****     default:
2958:Drivers/STM32L4xx_HAL_Driver/Src/stm32l4xx_hal_rcc_ex.c ****       status = HAL_ERROR;
2959:Drivers/STM32L4xx_HAL_Driver/Src/stm32l4xx_hal_rcc_ex.c ****       break;
2960:Drivers/STM32L4xx_HAL_Driver/Src/stm32l4xx_hal_rcc_ex.c ****     }
2961:Drivers/STM32L4xx_HAL_Driver/Src/stm32l4xx_hal_rcc_ex.c **** 
2962:Drivers/STM32L4xx_HAL_Driver/Src/stm32l4xx_hal_rcc_ex.c ****     if(status == HAL_OK)
2963:Drivers/STM32L4xx_HAL_Driver/Src/stm32l4xx_hal_rcc_ex.c ****     {
2964:Drivers/STM32L4xx_HAL_Driver/Src/stm32l4xx_hal_rcc_ex.c **** #if defined(RCC_PLLSAI1M_DIV_1_16_SUPPORT)
2965:Drivers/STM32L4xx_HAL_Driver/Src/stm32l4xx_hal_rcc_ex.c ****       /* Set PLLSAI1 clock source */
2966:Drivers/STM32L4xx_HAL_Driver/Src/stm32l4xx_hal_rcc_ex.c ****       MODIFY_REG(RCC->PLLCFGR, RCC_PLLCFGR_PLLSRC, PllSai1->PLLSAI1Source);
2967:Drivers/STM32L4xx_HAL_Driver/Src/stm32l4xx_hal_rcc_ex.c **** #else
2968:Drivers/STM32L4xx_HAL_Driver/Src/stm32l4xx_hal_rcc_ex.c ****       /* Set PLLSAI1 clock source and divider M */
2969:Drivers/STM32L4xx_HAL_Driver/Src/stm32l4xx_hal_rcc_ex.c ****       MODIFY_REG(RCC->PLLCFGR, RCC_PLLCFGR_PLLSRC | RCC_PLLCFGR_PLLM, PllSai1->PLLSAI1Source | (Pll
2970:Drivers/STM32L4xx_HAL_Driver/Src/stm32l4xx_hal_rcc_ex.c **** #endif
2971:Drivers/STM32L4xx_HAL_Driver/Src/stm32l4xx_hal_rcc_ex.c ****     }
2972:Drivers/STM32L4xx_HAL_Driver/Src/stm32l4xx_hal_rcc_ex.c ****   }
2973:Drivers/STM32L4xx_HAL_Driver/Src/stm32l4xx_hal_rcc_ex.c **** 
2974:Drivers/STM32L4xx_HAL_Driver/Src/stm32l4xx_hal_rcc_ex.c ****   if(status == HAL_OK)
2975:Drivers/STM32L4xx_HAL_Driver/Src/stm32l4xx_hal_rcc_ex.c ****   {
2976:Drivers/STM32L4xx_HAL_Driver/Src/stm32l4xx_hal_rcc_ex.c ****     /* Disable the PLLSAI1 */
2977:Drivers/STM32L4xx_HAL_Driver/Src/stm32l4xx_hal_rcc_ex.c ****     __HAL_RCC_PLLSAI1_DISABLE();
2978:Drivers/STM32L4xx_HAL_Driver/Src/stm32l4xx_hal_rcc_ex.c **** 
2979:Drivers/STM32L4xx_HAL_Driver/Src/stm32l4xx_hal_rcc_ex.c ****     /* Get Start Tick*/
2980:Drivers/STM32L4xx_HAL_Driver/Src/stm32l4xx_hal_rcc_ex.c ****     tickstart = HAL_GetTick();
2981:Drivers/STM32L4xx_HAL_Driver/Src/stm32l4xx_hal_rcc_ex.c **** 
2982:Drivers/STM32L4xx_HAL_Driver/Src/stm32l4xx_hal_rcc_ex.c ****     /* Wait till PLLSAI1 is ready to be updated */
2983:Drivers/STM32L4xx_HAL_Driver/Src/stm32l4xx_hal_rcc_ex.c ****     while(READ_BIT(RCC->CR, RCC_CR_PLLSAI1RDY) != 0U)
2984:Drivers/STM32L4xx_HAL_Driver/Src/stm32l4xx_hal_rcc_ex.c ****     {
2985:Drivers/STM32L4xx_HAL_Driver/Src/stm32l4xx_hal_rcc_ex.c ****       if((HAL_GetTick() - tickstart) > PLLSAI1_TIMEOUT_VALUE)
2986:Drivers/STM32L4xx_HAL_Driver/Src/stm32l4xx_hal_rcc_ex.c ****       {
2987:Drivers/STM32L4xx_HAL_Driver/Src/stm32l4xx_hal_rcc_ex.c ****         status = HAL_TIMEOUT;
2988:Drivers/STM32L4xx_HAL_Driver/Src/stm32l4xx_hal_rcc_ex.c ****         break;
2989:Drivers/STM32L4xx_HAL_Driver/Src/stm32l4xx_hal_rcc_ex.c ****       }
2990:Drivers/STM32L4xx_HAL_Driver/Src/stm32l4xx_hal_rcc_ex.c ****     }
2991:Drivers/STM32L4xx_HAL_Driver/Src/stm32l4xx_hal_rcc_ex.c **** 
2992:Drivers/STM32L4xx_HAL_Driver/Src/stm32l4xx_hal_rcc_ex.c ****     if(status == HAL_OK)
2993:Drivers/STM32L4xx_HAL_Driver/Src/stm32l4xx_hal_rcc_ex.c ****     {
2994:Drivers/STM32L4xx_HAL_Driver/Src/stm32l4xx_hal_rcc_ex.c ****       if(Divider == DIVIDER_P_UPDATE)
ARM GAS  /tmp/ccxIXDAo.s 			page 54


2995:Drivers/STM32L4xx_HAL_Driver/Src/stm32l4xx_hal_rcc_ex.c ****       {
2996:Drivers/STM32L4xx_HAL_Driver/Src/stm32l4xx_hal_rcc_ex.c ****         assert_param(IS_RCC_PLLSAI1P_VALUE(PllSai1->PLLSAI1P));
2997:Drivers/STM32L4xx_HAL_Driver/Src/stm32l4xx_hal_rcc_ex.c **** #if defined(RCC_PLLSAI1M_DIV_1_16_SUPPORT)
2998:Drivers/STM32L4xx_HAL_Driver/Src/stm32l4xx_hal_rcc_ex.c **** 
2999:Drivers/STM32L4xx_HAL_Driver/Src/stm32l4xx_hal_rcc_ex.c ****         /* Configure the PLLSAI1 Division factor M, P and Multiplication factor N*/
3000:Drivers/STM32L4xx_HAL_Driver/Src/stm32l4xx_hal_rcc_ex.c **** #if defined(RCC_PLLSAI1P_DIV_2_31_SUPPORT)
3001:Drivers/STM32L4xx_HAL_Driver/Src/stm32l4xx_hal_rcc_ex.c ****         MODIFY_REG(RCC->PLLSAI1CFGR,
3002:Drivers/STM32L4xx_HAL_Driver/Src/stm32l4xx_hal_rcc_ex.c ****                    RCC_PLLSAI1CFGR_PLLSAI1N | RCC_PLLSAI1CFGR_PLLSAI1PDIV | RCC_PLLSAI1CFGR_PLLSAI1
3003:Drivers/STM32L4xx_HAL_Driver/Src/stm32l4xx_hal_rcc_ex.c ****                    (PllSai1->PLLSAI1N << RCC_PLLSAI1CFGR_PLLSAI1N_Pos) |
3004:Drivers/STM32L4xx_HAL_Driver/Src/stm32l4xx_hal_rcc_ex.c ****                    (PllSai1->PLLSAI1P << RCC_PLLSAI1CFGR_PLLSAI1PDIV_Pos) |
3005:Drivers/STM32L4xx_HAL_Driver/Src/stm32l4xx_hal_rcc_ex.c ****                    ((PllSai1->PLLSAI1M - 1U) << RCC_PLLSAI1CFGR_PLLSAI1M_Pos));
3006:Drivers/STM32L4xx_HAL_Driver/Src/stm32l4xx_hal_rcc_ex.c **** #else
3007:Drivers/STM32L4xx_HAL_Driver/Src/stm32l4xx_hal_rcc_ex.c ****         MODIFY_REG(RCC->PLLSAI1CFGR,
3008:Drivers/STM32L4xx_HAL_Driver/Src/stm32l4xx_hal_rcc_ex.c ****                    RCC_PLLSAI1CFGR_PLLSAI1N | RCC_PLLSAI1CFGR_PLLSAI1P | RCC_PLLSAI1CFGR_PLLSAI1M,
3009:Drivers/STM32L4xx_HAL_Driver/Src/stm32l4xx_hal_rcc_ex.c ****                    (PllSai1->PLLSAI1N << RCC_PLLSAI1CFGR_PLLSAI1N_Pos) |
3010:Drivers/STM32L4xx_HAL_Driver/Src/stm32l4xx_hal_rcc_ex.c ****                    ((PllSai1->PLLSAI1P >> 4U) << RCC_PLLSAI1CFGR_PLLSAI1P_Pos) |
3011:Drivers/STM32L4xx_HAL_Driver/Src/stm32l4xx_hal_rcc_ex.c ****                    ((PllSai1->PLLSAI1M - 1U) << RCC_PLLSAI1CFGR_PLLSAI1M_Pos));
3012:Drivers/STM32L4xx_HAL_Driver/Src/stm32l4xx_hal_rcc_ex.c **** #endif /* RCC_PLLSAI1P_DIV_2_31_SUPPORT */
3013:Drivers/STM32L4xx_HAL_Driver/Src/stm32l4xx_hal_rcc_ex.c **** 
3014:Drivers/STM32L4xx_HAL_Driver/Src/stm32l4xx_hal_rcc_ex.c **** #else
3015:Drivers/STM32L4xx_HAL_Driver/Src/stm32l4xx_hal_rcc_ex.c ****         /* Configure the PLLSAI1 Division factor P and Multiplication factor N*/
3016:Drivers/STM32L4xx_HAL_Driver/Src/stm32l4xx_hal_rcc_ex.c **** #if defined(RCC_PLLSAI1P_DIV_2_31_SUPPORT)
3017:Drivers/STM32L4xx_HAL_Driver/Src/stm32l4xx_hal_rcc_ex.c ****         MODIFY_REG(RCC->PLLSAI1CFGR,
3018:Drivers/STM32L4xx_HAL_Driver/Src/stm32l4xx_hal_rcc_ex.c ****                    RCC_PLLSAI1CFGR_PLLSAI1N | RCC_PLLSAI1CFGR_PLLSAI1PDIV,
3019:Drivers/STM32L4xx_HAL_Driver/Src/stm32l4xx_hal_rcc_ex.c ****                    (PllSai1->PLLSAI1N << RCC_PLLSAI1CFGR_PLLSAI1N_Pos) |
3020:Drivers/STM32L4xx_HAL_Driver/Src/stm32l4xx_hal_rcc_ex.c ****                    (PllSai1->PLLSAI1P << RCC_PLLSAI1CFGR_PLLSAI1PDIV_Pos));
3021:Drivers/STM32L4xx_HAL_Driver/Src/stm32l4xx_hal_rcc_ex.c **** #else
3022:Drivers/STM32L4xx_HAL_Driver/Src/stm32l4xx_hal_rcc_ex.c ****         MODIFY_REG(RCC->PLLSAI1CFGR,
3023:Drivers/STM32L4xx_HAL_Driver/Src/stm32l4xx_hal_rcc_ex.c ****                    RCC_PLLSAI1CFGR_PLLSAI1N | RCC_PLLSAI1CFGR_PLLSAI1P,
3024:Drivers/STM32L4xx_HAL_Driver/Src/stm32l4xx_hal_rcc_ex.c ****                    (PllSai1->PLLSAI1N << RCC_PLLSAI1CFGR_PLLSAI1N_Pos) |
3025:Drivers/STM32L4xx_HAL_Driver/Src/stm32l4xx_hal_rcc_ex.c ****                    ((PllSai1->PLLSAI1P >> 4U) << RCC_PLLSAI1CFGR_PLLSAI1P_Pos));
3026:Drivers/STM32L4xx_HAL_Driver/Src/stm32l4xx_hal_rcc_ex.c **** #endif /* RCC_PLLSAI1P_DIV_2_31_SUPPORT */
3027:Drivers/STM32L4xx_HAL_Driver/Src/stm32l4xx_hal_rcc_ex.c **** 
3028:Drivers/STM32L4xx_HAL_Driver/Src/stm32l4xx_hal_rcc_ex.c **** #endif /* RCC_PLLSAI1M_DIV_1_16_SUPPORT */
3029:Drivers/STM32L4xx_HAL_Driver/Src/stm32l4xx_hal_rcc_ex.c ****       }
3030:Drivers/STM32L4xx_HAL_Driver/Src/stm32l4xx_hal_rcc_ex.c ****       else if(Divider == DIVIDER_Q_UPDATE)
3031:Drivers/STM32L4xx_HAL_Driver/Src/stm32l4xx_hal_rcc_ex.c ****       {
3032:Drivers/STM32L4xx_HAL_Driver/Src/stm32l4xx_hal_rcc_ex.c ****         assert_param(IS_RCC_PLLSAI1Q_VALUE(PllSai1->PLLSAI1Q));
3033:Drivers/STM32L4xx_HAL_Driver/Src/stm32l4xx_hal_rcc_ex.c **** #if defined(RCC_PLLSAI1M_DIV_1_16_SUPPORT)
3034:Drivers/STM32L4xx_HAL_Driver/Src/stm32l4xx_hal_rcc_ex.c ****         /* Configure the PLLSAI1 Division factor M, Q and Multiplication factor N*/
3035:Drivers/STM32L4xx_HAL_Driver/Src/stm32l4xx_hal_rcc_ex.c ****         MODIFY_REG(RCC->PLLSAI1CFGR,
3036:Drivers/STM32L4xx_HAL_Driver/Src/stm32l4xx_hal_rcc_ex.c ****                    RCC_PLLSAI1CFGR_PLLSAI1N | RCC_PLLSAI1CFGR_PLLSAI1Q | RCC_PLLSAI1CFGR_PLLSAI1M,
3037:Drivers/STM32L4xx_HAL_Driver/Src/stm32l4xx_hal_rcc_ex.c ****                    (PllSai1->PLLSAI1N << RCC_PLLSAI1CFGR_PLLSAI1N_Pos) |
3038:Drivers/STM32L4xx_HAL_Driver/Src/stm32l4xx_hal_rcc_ex.c ****                    (((PllSai1->PLLSAI1Q >> 1U) - 1U) << RCC_PLLSAI1CFGR_PLLSAI1Q_Pos) |
3039:Drivers/STM32L4xx_HAL_Driver/Src/stm32l4xx_hal_rcc_ex.c ****                    ((PllSai1->PLLSAI1M - 1U) << RCC_PLLSAI1CFGR_PLLSAI1M_Pos));
3040:Drivers/STM32L4xx_HAL_Driver/Src/stm32l4xx_hal_rcc_ex.c **** #else
3041:Drivers/STM32L4xx_HAL_Driver/Src/stm32l4xx_hal_rcc_ex.c ****         /* Configure the PLLSAI1 Division factor Q and Multiplication factor N*/
3042:Drivers/STM32L4xx_HAL_Driver/Src/stm32l4xx_hal_rcc_ex.c ****         MODIFY_REG(RCC->PLLSAI1CFGR,
3043:Drivers/STM32L4xx_HAL_Driver/Src/stm32l4xx_hal_rcc_ex.c ****                    RCC_PLLSAI1CFGR_PLLSAI1N | RCC_PLLSAI1CFGR_PLLSAI1Q,
3044:Drivers/STM32L4xx_HAL_Driver/Src/stm32l4xx_hal_rcc_ex.c ****                    (PllSai1->PLLSAI1N << RCC_PLLSAI1CFGR_PLLSAI1N_Pos) |
3045:Drivers/STM32L4xx_HAL_Driver/Src/stm32l4xx_hal_rcc_ex.c ****                    (((PllSai1->PLLSAI1Q >> 1U) - 1U) << RCC_PLLSAI1CFGR_PLLSAI1Q_Pos));
3046:Drivers/STM32L4xx_HAL_Driver/Src/stm32l4xx_hal_rcc_ex.c **** #endif /* RCC_PLLSAI1M_DIV_1_16_SUPPORT */
3047:Drivers/STM32L4xx_HAL_Driver/Src/stm32l4xx_hal_rcc_ex.c ****       }
3048:Drivers/STM32L4xx_HAL_Driver/Src/stm32l4xx_hal_rcc_ex.c ****       else
3049:Drivers/STM32L4xx_HAL_Driver/Src/stm32l4xx_hal_rcc_ex.c ****       {
3050:Drivers/STM32L4xx_HAL_Driver/Src/stm32l4xx_hal_rcc_ex.c ****         assert_param(IS_RCC_PLLSAI1R_VALUE(PllSai1->PLLSAI1R));
3051:Drivers/STM32L4xx_HAL_Driver/Src/stm32l4xx_hal_rcc_ex.c **** #if defined(RCC_PLLSAI1M_DIV_1_16_SUPPORT)
ARM GAS  /tmp/ccxIXDAo.s 			page 55


3052:Drivers/STM32L4xx_HAL_Driver/Src/stm32l4xx_hal_rcc_ex.c ****         /* Configure the PLLSAI1 Division factor M, R and Multiplication factor N*/
3053:Drivers/STM32L4xx_HAL_Driver/Src/stm32l4xx_hal_rcc_ex.c ****         MODIFY_REG(RCC->PLLSAI1CFGR,
3054:Drivers/STM32L4xx_HAL_Driver/Src/stm32l4xx_hal_rcc_ex.c ****                    RCC_PLLSAI1CFGR_PLLSAI1N | RCC_PLLSAI1CFGR_PLLSAI1R | RCC_PLLSAI1CFGR_PLLSAI1M,
3055:Drivers/STM32L4xx_HAL_Driver/Src/stm32l4xx_hal_rcc_ex.c ****                    (PllSai1->PLLSAI1N << RCC_PLLSAI1CFGR_PLLSAI1N_Pos) |
3056:Drivers/STM32L4xx_HAL_Driver/Src/stm32l4xx_hal_rcc_ex.c ****                    (((PllSai1->PLLSAI1R >> 1U) - 1U) << RCC_PLLSAI1CFGR_PLLSAI1R_Pos) |
3057:Drivers/STM32L4xx_HAL_Driver/Src/stm32l4xx_hal_rcc_ex.c ****                    ((PllSai1->PLLSAI1M - 1U) << RCC_PLLSAI1CFGR_PLLSAI1M_Pos));
3058:Drivers/STM32L4xx_HAL_Driver/Src/stm32l4xx_hal_rcc_ex.c **** #else
3059:Drivers/STM32L4xx_HAL_Driver/Src/stm32l4xx_hal_rcc_ex.c ****         /* Configure the PLLSAI1 Division factor R and Multiplication factor N*/
3060:Drivers/STM32L4xx_HAL_Driver/Src/stm32l4xx_hal_rcc_ex.c ****         MODIFY_REG(RCC->PLLSAI1CFGR,
3061:Drivers/STM32L4xx_HAL_Driver/Src/stm32l4xx_hal_rcc_ex.c ****                    RCC_PLLSAI1CFGR_PLLSAI1N | RCC_PLLSAI1CFGR_PLLSAI1R,
3062:Drivers/STM32L4xx_HAL_Driver/Src/stm32l4xx_hal_rcc_ex.c ****                    (PllSai1->PLLSAI1N << RCC_PLLSAI1CFGR_PLLSAI1N_Pos) |
3063:Drivers/STM32L4xx_HAL_Driver/Src/stm32l4xx_hal_rcc_ex.c ****                    (((PllSai1->PLLSAI1R >> 1U) - 1U) << RCC_PLLSAI1CFGR_PLLSAI1R_Pos));
3064:Drivers/STM32L4xx_HAL_Driver/Src/stm32l4xx_hal_rcc_ex.c **** #endif /* RCC_PLLSAI1M_DIV_1_16_SUPPORT */
3065:Drivers/STM32L4xx_HAL_Driver/Src/stm32l4xx_hal_rcc_ex.c ****       }
3066:Drivers/STM32L4xx_HAL_Driver/Src/stm32l4xx_hal_rcc_ex.c **** 
3067:Drivers/STM32L4xx_HAL_Driver/Src/stm32l4xx_hal_rcc_ex.c ****       /* Enable the PLLSAI1 again by setting PLLSAI1ON to 1*/
3068:Drivers/STM32L4xx_HAL_Driver/Src/stm32l4xx_hal_rcc_ex.c ****       __HAL_RCC_PLLSAI1_ENABLE();
3069:Drivers/STM32L4xx_HAL_Driver/Src/stm32l4xx_hal_rcc_ex.c **** 
3070:Drivers/STM32L4xx_HAL_Driver/Src/stm32l4xx_hal_rcc_ex.c ****       /* Get Start Tick*/
3071:Drivers/STM32L4xx_HAL_Driver/Src/stm32l4xx_hal_rcc_ex.c ****       tickstart = HAL_GetTick();
3072:Drivers/STM32L4xx_HAL_Driver/Src/stm32l4xx_hal_rcc_ex.c **** 
3073:Drivers/STM32L4xx_HAL_Driver/Src/stm32l4xx_hal_rcc_ex.c ****       /* Wait till PLLSAI1 is ready */
3074:Drivers/STM32L4xx_HAL_Driver/Src/stm32l4xx_hal_rcc_ex.c ****       while(READ_BIT(RCC->CR, RCC_CR_PLLSAI1RDY) == 0U)
3075:Drivers/STM32L4xx_HAL_Driver/Src/stm32l4xx_hal_rcc_ex.c ****       {
3076:Drivers/STM32L4xx_HAL_Driver/Src/stm32l4xx_hal_rcc_ex.c ****         if((HAL_GetTick() - tickstart) > PLLSAI1_TIMEOUT_VALUE)
3077:Drivers/STM32L4xx_HAL_Driver/Src/stm32l4xx_hal_rcc_ex.c ****         {
3078:Drivers/STM32L4xx_HAL_Driver/Src/stm32l4xx_hal_rcc_ex.c ****           status = HAL_TIMEOUT;
3079:Drivers/STM32L4xx_HAL_Driver/Src/stm32l4xx_hal_rcc_ex.c ****           break;
3080:Drivers/STM32L4xx_HAL_Driver/Src/stm32l4xx_hal_rcc_ex.c ****         }
3081:Drivers/STM32L4xx_HAL_Driver/Src/stm32l4xx_hal_rcc_ex.c ****       }
3082:Drivers/STM32L4xx_HAL_Driver/Src/stm32l4xx_hal_rcc_ex.c **** 
3083:Drivers/STM32L4xx_HAL_Driver/Src/stm32l4xx_hal_rcc_ex.c ****       if(status == HAL_OK)
3084:Drivers/STM32L4xx_HAL_Driver/Src/stm32l4xx_hal_rcc_ex.c ****       {
3085:Drivers/STM32L4xx_HAL_Driver/Src/stm32l4xx_hal_rcc_ex.c ****         /* Configure the PLLSAI1 Clock output(s) */
3086:Drivers/STM32L4xx_HAL_Driver/Src/stm32l4xx_hal_rcc_ex.c ****         __HAL_RCC_PLLSAI1CLKOUT_ENABLE(PllSai1->PLLSAI1ClockOut);
3087:Drivers/STM32L4xx_HAL_Driver/Src/stm32l4xx_hal_rcc_ex.c ****       }
3088:Drivers/STM32L4xx_HAL_Driver/Src/stm32l4xx_hal_rcc_ex.c ****     }
3089:Drivers/STM32L4xx_HAL_Driver/Src/stm32l4xx_hal_rcc_ex.c ****   }
3090:Drivers/STM32L4xx_HAL_Driver/Src/stm32l4xx_hal_rcc_ex.c **** 
3091:Drivers/STM32L4xx_HAL_Driver/Src/stm32l4xx_hal_rcc_ex.c ****   return status;
3092:Drivers/STM32L4xx_HAL_Driver/Src/stm32l4xx_hal_rcc_ex.c **** }
3093:Drivers/STM32L4xx_HAL_Driver/Src/stm32l4xx_hal_rcc_ex.c **** 
3094:Drivers/STM32L4xx_HAL_Driver/Src/stm32l4xx_hal_rcc_ex.c **** #endif /* RCC_PLLSAI1_SUPPORT */
3095:Drivers/STM32L4xx_HAL_Driver/Src/stm32l4xx_hal_rcc_ex.c **** 
3096:Drivers/STM32L4xx_HAL_Driver/Src/stm32l4xx_hal_rcc_ex.c **** #if defined(RCC_PLLSAI2_SUPPORT)
3097:Drivers/STM32L4xx_HAL_Driver/Src/stm32l4xx_hal_rcc_ex.c **** 
3098:Drivers/STM32L4xx_HAL_Driver/Src/stm32l4xx_hal_rcc_ex.c **** /**
3099:Drivers/STM32L4xx_HAL_Driver/Src/stm32l4xx_hal_rcc_ex.c ****   * @brief  Configure the parameters N & P & optionally M of PLLSAI2 and enable PLLSAI2 output cloc
3100:Drivers/STM32L4xx_HAL_Driver/Src/stm32l4xx_hal_rcc_ex.c ****   * @param  PllSai2  pointer to an RCC_PLLSAI2InitTypeDef structure that
3101:Drivers/STM32L4xx_HAL_Driver/Src/stm32l4xx_hal_rcc_ex.c ****   *         contains the configuration parameters N & P & optionally M as well as PLLSAI2 output cl
3102:Drivers/STM32L4xx_HAL_Driver/Src/stm32l4xx_hal_rcc_ex.c ****   * @param  Divider  divider parameter to be updated
3103:Drivers/STM32L4xx_HAL_Driver/Src/stm32l4xx_hal_rcc_ex.c ****   *
3104:Drivers/STM32L4xx_HAL_Driver/Src/stm32l4xx_hal_rcc_ex.c ****   * @note   PLLSAI2 is temporary disable to apply new parameters
3105:Drivers/STM32L4xx_HAL_Driver/Src/stm32l4xx_hal_rcc_ex.c ****   *
3106:Drivers/STM32L4xx_HAL_Driver/Src/stm32l4xx_hal_rcc_ex.c ****   * @retval HAL status
3107:Drivers/STM32L4xx_HAL_Driver/Src/stm32l4xx_hal_rcc_ex.c ****   */
3108:Drivers/STM32L4xx_HAL_Driver/Src/stm32l4xx_hal_rcc_ex.c **** static HAL_StatusTypeDef RCCEx_PLLSAI2_Config(RCC_PLLSAI2InitTypeDef *PllSai2, uint32_t Divider)
ARM GAS  /tmp/ccxIXDAo.s 			page 56


3109:Drivers/STM32L4xx_HAL_Driver/Src/stm32l4xx_hal_rcc_ex.c **** {
3110:Drivers/STM32L4xx_HAL_Driver/Src/stm32l4xx_hal_rcc_ex.c ****   uint32_t tickstart;
3111:Drivers/STM32L4xx_HAL_Driver/Src/stm32l4xx_hal_rcc_ex.c ****   HAL_StatusTypeDef status = HAL_OK;
3112:Drivers/STM32L4xx_HAL_Driver/Src/stm32l4xx_hal_rcc_ex.c **** 
3113:Drivers/STM32L4xx_HAL_Driver/Src/stm32l4xx_hal_rcc_ex.c ****   /* check for PLLSAI2 Parameters used to output PLLSAI2CLK */
3114:Drivers/STM32L4xx_HAL_Driver/Src/stm32l4xx_hal_rcc_ex.c ****   /* P, Q and R dividers are verified in each specific divider case below */
3115:Drivers/STM32L4xx_HAL_Driver/Src/stm32l4xx_hal_rcc_ex.c ****   assert_param(IS_RCC_PLLSAI2SOURCE(PllSai2->PLLSAI2Source));
3116:Drivers/STM32L4xx_HAL_Driver/Src/stm32l4xx_hal_rcc_ex.c ****   assert_param(IS_RCC_PLLSAI2M_VALUE(PllSai2->PLLSAI2M));
3117:Drivers/STM32L4xx_HAL_Driver/Src/stm32l4xx_hal_rcc_ex.c ****   assert_param(IS_RCC_PLLSAI2N_VALUE(PllSai2->PLLSAI2N));
3118:Drivers/STM32L4xx_HAL_Driver/Src/stm32l4xx_hal_rcc_ex.c ****   assert_param(IS_RCC_PLLSAI2CLOCKOUT_VALUE(PllSai2->PLLSAI2ClockOut));
3119:Drivers/STM32L4xx_HAL_Driver/Src/stm32l4xx_hal_rcc_ex.c **** 
3120:Drivers/STM32L4xx_HAL_Driver/Src/stm32l4xx_hal_rcc_ex.c ****   /* Check that PLLSAI2 clock source and divider M can be applied */
3121:Drivers/STM32L4xx_HAL_Driver/Src/stm32l4xx_hal_rcc_ex.c ****   if(__HAL_RCC_GET_PLL_OSCSOURCE() != RCC_PLLSOURCE_NONE)
3122:Drivers/STM32L4xx_HAL_Driver/Src/stm32l4xx_hal_rcc_ex.c ****   {
3123:Drivers/STM32L4xx_HAL_Driver/Src/stm32l4xx_hal_rcc_ex.c ****     /* PLL clock source and divider M already set, check that no request for change  */
3124:Drivers/STM32L4xx_HAL_Driver/Src/stm32l4xx_hal_rcc_ex.c ****     if((__HAL_RCC_GET_PLL_OSCSOURCE() != PllSai2->PLLSAI2Source)
3125:Drivers/STM32L4xx_HAL_Driver/Src/stm32l4xx_hal_rcc_ex.c ****        ||
3126:Drivers/STM32L4xx_HAL_Driver/Src/stm32l4xx_hal_rcc_ex.c ****        (PllSai2->PLLSAI2Source == RCC_PLLSOURCE_NONE)
3127:Drivers/STM32L4xx_HAL_Driver/Src/stm32l4xx_hal_rcc_ex.c **** #if !defined(RCC_PLLSAI2M_DIV_1_16_SUPPORT)
3128:Drivers/STM32L4xx_HAL_Driver/Src/stm32l4xx_hal_rcc_ex.c ****        ||
3129:Drivers/STM32L4xx_HAL_Driver/Src/stm32l4xx_hal_rcc_ex.c ****        (((READ_BIT(RCC->PLLCFGR, RCC_PLLCFGR_PLLM) >> RCC_PLLCFGR_PLLM_Pos) + 1U) != PllSai2->PLLSA
3130:Drivers/STM32L4xx_HAL_Driver/Src/stm32l4xx_hal_rcc_ex.c **** #endif
3131:Drivers/STM32L4xx_HAL_Driver/Src/stm32l4xx_hal_rcc_ex.c ****       )
3132:Drivers/STM32L4xx_HAL_Driver/Src/stm32l4xx_hal_rcc_ex.c ****     {
3133:Drivers/STM32L4xx_HAL_Driver/Src/stm32l4xx_hal_rcc_ex.c ****       status = HAL_ERROR;
3134:Drivers/STM32L4xx_HAL_Driver/Src/stm32l4xx_hal_rcc_ex.c ****     }
3135:Drivers/STM32L4xx_HAL_Driver/Src/stm32l4xx_hal_rcc_ex.c ****   }
3136:Drivers/STM32L4xx_HAL_Driver/Src/stm32l4xx_hal_rcc_ex.c ****   else
3137:Drivers/STM32L4xx_HAL_Driver/Src/stm32l4xx_hal_rcc_ex.c ****   {
3138:Drivers/STM32L4xx_HAL_Driver/Src/stm32l4xx_hal_rcc_ex.c ****     /* Check PLLSAI2 clock source availability */
3139:Drivers/STM32L4xx_HAL_Driver/Src/stm32l4xx_hal_rcc_ex.c ****     switch(PllSai2->PLLSAI2Source)
3140:Drivers/STM32L4xx_HAL_Driver/Src/stm32l4xx_hal_rcc_ex.c ****     {
3141:Drivers/STM32L4xx_HAL_Driver/Src/stm32l4xx_hal_rcc_ex.c ****     case RCC_PLLSOURCE_MSI:
3142:Drivers/STM32L4xx_HAL_Driver/Src/stm32l4xx_hal_rcc_ex.c ****       if(HAL_IS_BIT_CLR(RCC->CR, RCC_CR_MSIRDY))
3143:Drivers/STM32L4xx_HAL_Driver/Src/stm32l4xx_hal_rcc_ex.c ****       {
3144:Drivers/STM32L4xx_HAL_Driver/Src/stm32l4xx_hal_rcc_ex.c ****         status = HAL_ERROR;
3145:Drivers/STM32L4xx_HAL_Driver/Src/stm32l4xx_hal_rcc_ex.c ****       }
3146:Drivers/STM32L4xx_HAL_Driver/Src/stm32l4xx_hal_rcc_ex.c ****       break;
3147:Drivers/STM32L4xx_HAL_Driver/Src/stm32l4xx_hal_rcc_ex.c ****     case RCC_PLLSOURCE_HSI:
3148:Drivers/STM32L4xx_HAL_Driver/Src/stm32l4xx_hal_rcc_ex.c ****       if(HAL_IS_BIT_CLR(RCC->CR, RCC_CR_HSIRDY))
3149:Drivers/STM32L4xx_HAL_Driver/Src/stm32l4xx_hal_rcc_ex.c ****       {
3150:Drivers/STM32L4xx_HAL_Driver/Src/stm32l4xx_hal_rcc_ex.c ****         status = HAL_ERROR;
3151:Drivers/STM32L4xx_HAL_Driver/Src/stm32l4xx_hal_rcc_ex.c ****       }
3152:Drivers/STM32L4xx_HAL_Driver/Src/stm32l4xx_hal_rcc_ex.c ****       break;
3153:Drivers/STM32L4xx_HAL_Driver/Src/stm32l4xx_hal_rcc_ex.c ****     case RCC_PLLSOURCE_HSE:
3154:Drivers/STM32L4xx_HAL_Driver/Src/stm32l4xx_hal_rcc_ex.c ****       if(HAL_IS_BIT_CLR(RCC->CR, RCC_CR_HSERDY))
3155:Drivers/STM32L4xx_HAL_Driver/Src/stm32l4xx_hal_rcc_ex.c ****       {
3156:Drivers/STM32L4xx_HAL_Driver/Src/stm32l4xx_hal_rcc_ex.c ****         if(HAL_IS_BIT_CLR(RCC->CR, RCC_CR_HSEBYP))
3157:Drivers/STM32L4xx_HAL_Driver/Src/stm32l4xx_hal_rcc_ex.c ****         {
3158:Drivers/STM32L4xx_HAL_Driver/Src/stm32l4xx_hal_rcc_ex.c ****           status = HAL_ERROR;
3159:Drivers/STM32L4xx_HAL_Driver/Src/stm32l4xx_hal_rcc_ex.c ****         }
3160:Drivers/STM32L4xx_HAL_Driver/Src/stm32l4xx_hal_rcc_ex.c ****       }
3161:Drivers/STM32L4xx_HAL_Driver/Src/stm32l4xx_hal_rcc_ex.c ****       break;
3162:Drivers/STM32L4xx_HAL_Driver/Src/stm32l4xx_hal_rcc_ex.c ****     default:
3163:Drivers/STM32L4xx_HAL_Driver/Src/stm32l4xx_hal_rcc_ex.c ****       status = HAL_ERROR;
3164:Drivers/STM32L4xx_HAL_Driver/Src/stm32l4xx_hal_rcc_ex.c ****       break;
3165:Drivers/STM32L4xx_HAL_Driver/Src/stm32l4xx_hal_rcc_ex.c ****     }
ARM GAS  /tmp/ccxIXDAo.s 			page 57


3166:Drivers/STM32L4xx_HAL_Driver/Src/stm32l4xx_hal_rcc_ex.c **** 
3167:Drivers/STM32L4xx_HAL_Driver/Src/stm32l4xx_hal_rcc_ex.c ****     if(status == HAL_OK)
3168:Drivers/STM32L4xx_HAL_Driver/Src/stm32l4xx_hal_rcc_ex.c ****     {
3169:Drivers/STM32L4xx_HAL_Driver/Src/stm32l4xx_hal_rcc_ex.c **** #if defined(RCC_PLLSAI2M_DIV_1_16_SUPPORT)
3170:Drivers/STM32L4xx_HAL_Driver/Src/stm32l4xx_hal_rcc_ex.c ****       /* Set PLLSAI2 clock source */
3171:Drivers/STM32L4xx_HAL_Driver/Src/stm32l4xx_hal_rcc_ex.c ****       MODIFY_REG(RCC->PLLCFGR, RCC_PLLCFGR_PLLSRC, PllSai2->PLLSAI2Source);
3172:Drivers/STM32L4xx_HAL_Driver/Src/stm32l4xx_hal_rcc_ex.c **** #else
3173:Drivers/STM32L4xx_HAL_Driver/Src/stm32l4xx_hal_rcc_ex.c ****       /* Set PLLSAI2 clock source and divider M */
3174:Drivers/STM32L4xx_HAL_Driver/Src/stm32l4xx_hal_rcc_ex.c ****       MODIFY_REG(RCC->PLLCFGR, RCC_PLLCFGR_PLLSRC | RCC_PLLCFGR_PLLM, PllSai2->PLLSAI2Source | (Pll
3175:Drivers/STM32L4xx_HAL_Driver/Src/stm32l4xx_hal_rcc_ex.c **** #endif
3176:Drivers/STM32L4xx_HAL_Driver/Src/stm32l4xx_hal_rcc_ex.c ****     }
3177:Drivers/STM32L4xx_HAL_Driver/Src/stm32l4xx_hal_rcc_ex.c ****   }
3178:Drivers/STM32L4xx_HAL_Driver/Src/stm32l4xx_hal_rcc_ex.c **** 
3179:Drivers/STM32L4xx_HAL_Driver/Src/stm32l4xx_hal_rcc_ex.c ****   if(status == HAL_OK)
3180:Drivers/STM32L4xx_HAL_Driver/Src/stm32l4xx_hal_rcc_ex.c ****   {
3181:Drivers/STM32L4xx_HAL_Driver/Src/stm32l4xx_hal_rcc_ex.c ****     /* Disable the PLLSAI2 */
3182:Drivers/STM32L4xx_HAL_Driver/Src/stm32l4xx_hal_rcc_ex.c ****     __HAL_RCC_PLLSAI2_DISABLE();
3183:Drivers/STM32L4xx_HAL_Driver/Src/stm32l4xx_hal_rcc_ex.c **** 
3184:Drivers/STM32L4xx_HAL_Driver/Src/stm32l4xx_hal_rcc_ex.c ****     /* Get Start Tick*/
3185:Drivers/STM32L4xx_HAL_Driver/Src/stm32l4xx_hal_rcc_ex.c ****     tickstart = HAL_GetTick();
3186:Drivers/STM32L4xx_HAL_Driver/Src/stm32l4xx_hal_rcc_ex.c **** 
3187:Drivers/STM32L4xx_HAL_Driver/Src/stm32l4xx_hal_rcc_ex.c ****     /* Wait till PLLSAI2 is ready to be updated */
3188:Drivers/STM32L4xx_HAL_Driver/Src/stm32l4xx_hal_rcc_ex.c ****     while(READ_BIT(RCC->CR, RCC_CR_PLLSAI2RDY) != 0U)
3189:Drivers/STM32L4xx_HAL_Driver/Src/stm32l4xx_hal_rcc_ex.c ****     {
3190:Drivers/STM32L4xx_HAL_Driver/Src/stm32l4xx_hal_rcc_ex.c ****       if((HAL_GetTick() - tickstart) > PLLSAI2_TIMEOUT_VALUE)
3191:Drivers/STM32L4xx_HAL_Driver/Src/stm32l4xx_hal_rcc_ex.c ****       {
3192:Drivers/STM32L4xx_HAL_Driver/Src/stm32l4xx_hal_rcc_ex.c ****         status = HAL_TIMEOUT;
3193:Drivers/STM32L4xx_HAL_Driver/Src/stm32l4xx_hal_rcc_ex.c ****         break;
3194:Drivers/STM32L4xx_HAL_Driver/Src/stm32l4xx_hal_rcc_ex.c ****       }
3195:Drivers/STM32L4xx_HAL_Driver/Src/stm32l4xx_hal_rcc_ex.c ****     }
3196:Drivers/STM32L4xx_HAL_Driver/Src/stm32l4xx_hal_rcc_ex.c **** 
3197:Drivers/STM32L4xx_HAL_Driver/Src/stm32l4xx_hal_rcc_ex.c ****     if(status == HAL_OK)
3198:Drivers/STM32L4xx_HAL_Driver/Src/stm32l4xx_hal_rcc_ex.c ****     {
3199:Drivers/STM32L4xx_HAL_Driver/Src/stm32l4xx_hal_rcc_ex.c ****       if(Divider == DIVIDER_P_UPDATE)
3200:Drivers/STM32L4xx_HAL_Driver/Src/stm32l4xx_hal_rcc_ex.c ****       {
3201:Drivers/STM32L4xx_HAL_Driver/Src/stm32l4xx_hal_rcc_ex.c ****         assert_param(IS_RCC_PLLSAI2P_VALUE(PllSai2->PLLSAI2P));
3202:Drivers/STM32L4xx_HAL_Driver/Src/stm32l4xx_hal_rcc_ex.c **** #if defined(RCC_PLLSAI2M_DIV_1_16_SUPPORT)
3203:Drivers/STM32L4xx_HAL_Driver/Src/stm32l4xx_hal_rcc_ex.c **** 
3204:Drivers/STM32L4xx_HAL_Driver/Src/stm32l4xx_hal_rcc_ex.c ****         /* Configure the PLLSAI2 Division factor M, P and Multiplication factor N*/
3205:Drivers/STM32L4xx_HAL_Driver/Src/stm32l4xx_hal_rcc_ex.c **** #if defined(RCC_PLLSAI2P_DIV_2_31_SUPPORT)
3206:Drivers/STM32L4xx_HAL_Driver/Src/stm32l4xx_hal_rcc_ex.c ****         MODIFY_REG(RCC->PLLSAI2CFGR,
3207:Drivers/STM32L4xx_HAL_Driver/Src/stm32l4xx_hal_rcc_ex.c ****                    RCC_PLLSAI2CFGR_PLLSAI2N | RCC_PLLSAI2CFGR_PLLSAI2PDIV | RCC_PLLSAI2CFGR_PLLSAI2
3208:Drivers/STM32L4xx_HAL_Driver/Src/stm32l4xx_hal_rcc_ex.c ****                    (PllSai2->PLLSAI2N << RCC_PLLSAI2CFGR_PLLSAI2N_Pos) |
3209:Drivers/STM32L4xx_HAL_Driver/Src/stm32l4xx_hal_rcc_ex.c ****                    (PllSai2->PLLSAI2P << RCC_PLLSAI2CFGR_PLLSAI2PDIV_Pos) |
3210:Drivers/STM32L4xx_HAL_Driver/Src/stm32l4xx_hal_rcc_ex.c ****                    ((PllSai2->PLLSAI2M - 1U) << RCC_PLLSAI2CFGR_PLLSAI2M_Pos));
3211:Drivers/STM32L4xx_HAL_Driver/Src/stm32l4xx_hal_rcc_ex.c **** #else
3212:Drivers/STM32L4xx_HAL_Driver/Src/stm32l4xx_hal_rcc_ex.c ****         MODIFY_REG(RCC->PLLSAI2CFGR,
3213:Drivers/STM32L4xx_HAL_Driver/Src/stm32l4xx_hal_rcc_ex.c ****                    RCC_PLLSAI2CFGR_PLLSAI2N | RCC_PLLSAI2CFGR_PLLSAI2P | RCC_PLLSAI2CFGR_PLLSAI2M,
3214:Drivers/STM32L4xx_HAL_Driver/Src/stm32l4xx_hal_rcc_ex.c ****                    (PllSai2->PLLSAI2N << RCC_PLLSAI2CFGR_PLLSAI2N_Pos) |
3215:Drivers/STM32L4xx_HAL_Driver/Src/stm32l4xx_hal_rcc_ex.c ****                    ((PllSai2->PLLSAI2P >> 4U) << RCC_PLLSAI2CFGR_PLLSAI2P_Pos) |
3216:Drivers/STM32L4xx_HAL_Driver/Src/stm32l4xx_hal_rcc_ex.c ****                    ((PllSai2->PLLSAI2M - 1U) << RCC_PLLSAI2CFGR_PLLSAI2M_Pos));
3217:Drivers/STM32L4xx_HAL_Driver/Src/stm32l4xx_hal_rcc_ex.c **** #endif /* RCC_PLLSAI2P_DIV_2_31_SUPPORT */
3218:Drivers/STM32L4xx_HAL_Driver/Src/stm32l4xx_hal_rcc_ex.c **** 
3219:Drivers/STM32L4xx_HAL_Driver/Src/stm32l4xx_hal_rcc_ex.c **** #else
3220:Drivers/STM32L4xx_HAL_Driver/Src/stm32l4xx_hal_rcc_ex.c ****         /* Configure the PLLSAI2 Division factor P and Multiplication factor N*/
3221:Drivers/STM32L4xx_HAL_Driver/Src/stm32l4xx_hal_rcc_ex.c **** #if defined(RCC_PLLSAI2P_DIV_2_31_SUPPORT)
3222:Drivers/STM32L4xx_HAL_Driver/Src/stm32l4xx_hal_rcc_ex.c ****         MODIFY_REG(RCC->PLLSAI2CFGR,
ARM GAS  /tmp/ccxIXDAo.s 			page 58


3223:Drivers/STM32L4xx_HAL_Driver/Src/stm32l4xx_hal_rcc_ex.c ****                    RCC_PLLSAI2CFGR_PLLSAI2N | RCC_PLLSAI2CFGR_PLLSAI2PDIV,
3224:Drivers/STM32L4xx_HAL_Driver/Src/stm32l4xx_hal_rcc_ex.c ****                    (PllSai2->PLLSAI2N << RCC_PLLSAI2CFGR_PLLSAI2N_Pos) |
3225:Drivers/STM32L4xx_HAL_Driver/Src/stm32l4xx_hal_rcc_ex.c ****                    (PllSai2->PLLSAI2P << RCC_PLLSAI2CFGR_PLLSAI2PDIV_Pos));
3226:Drivers/STM32L4xx_HAL_Driver/Src/stm32l4xx_hal_rcc_ex.c **** #else
3227:Drivers/STM32L4xx_HAL_Driver/Src/stm32l4xx_hal_rcc_ex.c ****         MODIFY_REG(RCC->PLLSAI2CFGR,
3228:Drivers/STM32L4xx_HAL_Driver/Src/stm32l4xx_hal_rcc_ex.c ****                    RCC_PLLSAI2CFGR_PLLSAI2N | RCC_PLLSAI2CFGR_PLLSAI2P,
3229:Drivers/STM32L4xx_HAL_Driver/Src/stm32l4xx_hal_rcc_ex.c ****                    (PllSai2->PLLSAI2N << RCC_PLLSAI2CFGR_PLLSAI2N_Pos) |
3230:Drivers/STM32L4xx_HAL_Driver/Src/stm32l4xx_hal_rcc_ex.c ****                    ((PllSai2->PLLSAI2P >> 4U) << RCC_PLLSAI2CFGR_PLLSAI2P_Pos));
3231:Drivers/STM32L4xx_HAL_Driver/Src/stm32l4xx_hal_rcc_ex.c **** #endif /* RCC_PLLSAI2P_DIV_2_31_SUPPORT */
3232:Drivers/STM32L4xx_HAL_Driver/Src/stm32l4xx_hal_rcc_ex.c **** 
3233:Drivers/STM32L4xx_HAL_Driver/Src/stm32l4xx_hal_rcc_ex.c **** #endif /* RCC_PLLSAI2M_DIV_1_16_SUPPORT */
3234:Drivers/STM32L4xx_HAL_Driver/Src/stm32l4xx_hal_rcc_ex.c ****       }
3235:Drivers/STM32L4xx_HAL_Driver/Src/stm32l4xx_hal_rcc_ex.c **** #if defined(RCC_PLLSAI2Q_DIV_SUPPORT)
3236:Drivers/STM32L4xx_HAL_Driver/Src/stm32l4xx_hal_rcc_ex.c ****       else if(Divider == DIVIDER_Q_UPDATE)
3237:Drivers/STM32L4xx_HAL_Driver/Src/stm32l4xx_hal_rcc_ex.c ****       {
3238:Drivers/STM32L4xx_HAL_Driver/Src/stm32l4xx_hal_rcc_ex.c ****         assert_param(IS_RCC_PLLSAI2Q_VALUE(PllSai2->PLLSAI2Q));
3239:Drivers/STM32L4xx_HAL_Driver/Src/stm32l4xx_hal_rcc_ex.c **** #if defined(RCC_PLLSAI2M_DIV_1_16_SUPPORT)
3240:Drivers/STM32L4xx_HAL_Driver/Src/stm32l4xx_hal_rcc_ex.c ****         /* Configure the PLLSAI2 Division factor M, Q and Multiplication factor N*/
3241:Drivers/STM32L4xx_HAL_Driver/Src/stm32l4xx_hal_rcc_ex.c ****         MODIFY_REG(RCC->PLLSAI2CFGR,
3242:Drivers/STM32L4xx_HAL_Driver/Src/stm32l4xx_hal_rcc_ex.c ****                    RCC_PLLSAI2CFGR_PLLSAI2N | RCC_PLLSAI2CFGR_PLLSAI2Q | RCC_PLLSAI2CFGR_PLLSAI2M,
3243:Drivers/STM32L4xx_HAL_Driver/Src/stm32l4xx_hal_rcc_ex.c ****                    (PllSai2->PLLSAI2N << RCC_PLLSAI2CFGR_PLLSAI2N_Pos) |
3244:Drivers/STM32L4xx_HAL_Driver/Src/stm32l4xx_hal_rcc_ex.c ****                    (((PllSai2->PLLSAI2Q >> 1U) - 1U) << RCC_PLLSAI2CFGR_PLLSAI2Q_Pos) |
3245:Drivers/STM32L4xx_HAL_Driver/Src/stm32l4xx_hal_rcc_ex.c ****                    ((PllSai2->PLLSAI2M - 1U) << RCC_PLLSAI2CFGR_PLLSAI2M_Pos));
3246:Drivers/STM32L4xx_HAL_Driver/Src/stm32l4xx_hal_rcc_ex.c **** #else
3247:Drivers/STM32L4xx_HAL_Driver/Src/stm32l4xx_hal_rcc_ex.c ****         /* Configure the PLLSAI2 Division factor Q and Multiplication factor N*/
3248:Drivers/STM32L4xx_HAL_Driver/Src/stm32l4xx_hal_rcc_ex.c ****         MODIFY_REG(RCC->PLLSAI2CFGR,
3249:Drivers/STM32L4xx_HAL_Driver/Src/stm32l4xx_hal_rcc_ex.c ****                    RCC_PLLSAI2CFGR_PLLSAI2N | RCC_PLLSAI2CFGR_PLLSAI2Q,
3250:Drivers/STM32L4xx_HAL_Driver/Src/stm32l4xx_hal_rcc_ex.c ****                    (PllSai2->PLLSAI2N << RCC_PLLSAI2CFGR_PLLSAI2N_Pos) |
3251:Drivers/STM32L4xx_HAL_Driver/Src/stm32l4xx_hal_rcc_ex.c ****                    (((PllSai2->PLLSAI2Q >> 1U) - 1U) << RCC_PLLSAI2CFGR_PLLSAI2Q_Pos));
3252:Drivers/STM32L4xx_HAL_Driver/Src/stm32l4xx_hal_rcc_ex.c **** #endif /* RCC_PLLSAI2M_DIV_1_16_SUPPORT */
3253:Drivers/STM32L4xx_HAL_Driver/Src/stm32l4xx_hal_rcc_ex.c ****       }
3254:Drivers/STM32L4xx_HAL_Driver/Src/stm32l4xx_hal_rcc_ex.c **** #endif /* RCC_PLLSAI2Q_DIV_SUPPORT */
3255:Drivers/STM32L4xx_HAL_Driver/Src/stm32l4xx_hal_rcc_ex.c ****       else
3256:Drivers/STM32L4xx_HAL_Driver/Src/stm32l4xx_hal_rcc_ex.c ****       {
3257:Drivers/STM32L4xx_HAL_Driver/Src/stm32l4xx_hal_rcc_ex.c ****         assert_param(IS_RCC_PLLSAI2R_VALUE(PllSai2->PLLSAI2R));
3258:Drivers/STM32L4xx_HAL_Driver/Src/stm32l4xx_hal_rcc_ex.c **** #if defined(RCC_PLLSAI2M_DIV_1_16_SUPPORT)
3259:Drivers/STM32L4xx_HAL_Driver/Src/stm32l4xx_hal_rcc_ex.c ****         /* Configure the PLLSAI2 Division factor M, R and Multiplication factor N*/
3260:Drivers/STM32L4xx_HAL_Driver/Src/stm32l4xx_hal_rcc_ex.c ****         MODIFY_REG(RCC->PLLSAI2CFGR,
3261:Drivers/STM32L4xx_HAL_Driver/Src/stm32l4xx_hal_rcc_ex.c ****                    RCC_PLLSAI2CFGR_PLLSAI2N | RCC_PLLSAI2CFGR_PLLSAI2R | RCC_PLLSAI2CFGR_PLLSAI2M,
3262:Drivers/STM32L4xx_HAL_Driver/Src/stm32l4xx_hal_rcc_ex.c ****                    (PllSai2->PLLSAI2N << RCC_PLLSAI2CFGR_PLLSAI2N_Pos) |
3263:Drivers/STM32L4xx_HAL_Driver/Src/stm32l4xx_hal_rcc_ex.c ****                    (((PllSai2->PLLSAI2R >> 1U) - 1U) << RCC_PLLSAI2CFGR_PLLSAI2R_Pos) |
3264:Drivers/STM32L4xx_HAL_Driver/Src/stm32l4xx_hal_rcc_ex.c ****                    ((PllSai2->PLLSAI2M - 1U) << RCC_PLLSAI2CFGR_PLLSAI2M_Pos));
3265:Drivers/STM32L4xx_HAL_Driver/Src/stm32l4xx_hal_rcc_ex.c **** #else
3266:Drivers/STM32L4xx_HAL_Driver/Src/stm32l4xx_hal_rcc_ex.c ****         /* Configure the PLLSAI2 Division factor R and Multiplication factor N*/
3267:Drivers/STM32L4xx_HAL_Driver/Src/stm32l4xx_hal_rcc_ex.c ****         MODIFY_REG(RCC->PLLSAI2CFGR,
3268:Drivers/STM32L4xx_HAL_Driver/Src/stm32l4xx_hal_rcc_ex.c ****                    RCC_PLLSAI2CFGR_PLLSAI2N | RCC_PLLSAI2CFGR_PLLSAI2R,
3269:Drivers/STM32L4xx_HAL_Driver/Src/stm32l4xx_hal_rcc_ex.c ****                    (PllSai2->PLLSAI2N << RCC_PLLSAI2CFGR_PLLSAI2N_Pos) |
3270:Drivers/STM32L4xx_HAL_Driver/Src/stm32l4xx_hal_rcc_ex.c ****                    (((PllSai2->PLLSAI2R >> 1U) - 1U) << RCC_PLLSAI2CFGR_PLLSAI2R_Pos));
3271:Drivers/STM32L4xx_HAL_Driver/Src/stm32l4xx_hal_rcc_ex.c **** #endif /* RCC_PLLSAI2M_DIV_1_16_SUPPORT */
3272:Drivers/STM32L4xx_HAL_Driver/Src/stm32l4xx_hal_rcc_ex.c ****       }
3273:Drivers/STM32L4xx_HAL_Driver/Src/stm32l4xx_hal_rcc_ex.c **** 
3274:Drivers/STM32L4xx_HAL_Driver/Src/stm32l4xx_hal_rcc_ex.c ****       /* Enable the PLLSAI2 again by setting PLLSAI2ON to 1*/
3275:Drivers/STM32L4xx_HAL_Driver/Src/stm32l4xx_hal_rcc_ex.c ****       __HAL_RCC_PLLSAI2_ENABLE();
3276:Drivers/STM32L4xx_HAL_Driver/Src/stm32l4xx_hal_rcc_ex.c **** 
3277:Drivers/STM32L4xx_HAL_Driver/Src/stm32l4xx_hal_rcc_ex.c ****       /* Get Start Tick*/
3278:Drivers/STM32L4xx_HAL_Driver/Src/stm32l4xx_hal_rcc_ex.c ****       tickstart = HAL_GetTick();
3279:Drivers/STM32L4xx_HAL_Driver/Src/stm32l4xx_hal_rcc_ex.c **** 
ARM GAS  /tmp/ccxIXDAo.s 			page 59


3280:Drivers/STM32L4xx_HAL_Driver/Src/stm32l4xx_hal_rcc_ex.c ****       /* Wait till PLLSAI2 is ready */
3281:Drivers/STM32L4xx_HAL_Driver/Src/stm32l4xx_hal_rcc_ex.c ****       while(READ_BIT(RCC->CR, RCC_CR_PLLSAI2RDY) == 0U)
3282:Drivers/STM32L4xx_HAL_Driver/Src/stm32l4xx_hal_rcc_ex.c ****       {
3283:Drivers/STM32L4xx_HAL_Driver/Src/stm32l4xx_hal_rcc_ex.c ****         if((HAL_GetTick() - tickstart) > PLLSAI2_TIMEOUT_VALUE)
3284:Drivers/STM32L4xx_HAL_Driver/Src/stm32l4xx_hal_rcc_ex.c ****         {
3285:Drivers/STM32L4xx_HAL_Driver/Src/stm32l4xx_hal_rcc_ex.c ****           status = HAL_TIMEOUT;
3286:Drivers/STM32L4xx_HAL_Driver/Src/stm32l4xx_hal_rcc_ex.c ****           break;
3287:Drivers/STM32L4xx_HAL_Driver/Src/stm32l4xx_hal_rcc_ex.c ****         }
3288:Drivers/STM32L4xx_HAL_Driver/Src/stm32l4xx_hal_rcc_ex.c ****       }
3289:Drivers/STM32L4xx_HAL_Driver/Src/stm32l4xx_hal_rcc_ex.c **** 
3290:Drivers/STM32L4xx_HAL_Driver/Src/stm32l4xx_hal_rcc_ex.c ****       if(status == HAL_OK)
3291:Drivers/STM32L4xx_HAL_Driver/Src/stm32l4xx_hal_rcc_ex.c ****       {
3292:Drivers/STM32L4xx_HAL_Driver/Src/stm32l4xx_hal_rcc_ex.c ****         /* Configure the PLLSAI2 Clock output(s) */
3293:Drivers/STM32L4xx_HAL_Driver/Src/stm32l4xx_hal_rcc_ex.c ****         __HAL_RCC_PLLSAI2CLKOUT_ENABLE(PllSai2->PLLSAI2ClockOut);
3294:Drivers/STM32L4xx_HAL_Driver/Src/stm32l4xx_hal_rcc_ex.c ****       }
3295:Drivers/STM32L4xx_HAL_Driver/Src/stm32l4xx_hal_rcc_ex.c ****     }
3296:Drivers/STM32L4xx_HAL_Driver/Src/stm32l4xx_hal_rcc_ex.c ****   }
3297:Drivers/STM32L4xx_HAL_Driver/Src/stm32l4xx_hal_rcc_ex.c **** 
3298:Drivers/STM32L4xx_HAL_Driver/Src/stm32l4xx_hal_rcc_ex.c ****   return status;
3299:Drivers/STM32L4xx_HAL_Driver/Src/stm32l4xx_hal_rcc_ex.c **** }
3300:Drivers/STM32L4xx_HAL_Driver/Src/stm32l4xx_hal_rcc_ex.c **** 
3301:Drivers/STM32L4xx_HAL_Driver/Src/stm32l4xx_hal_rcc_ex.c **** #endif /* RCC_PLLSAI2_SUPPORT */
3302:Drivers/STM32L4xx_HAL_Driver/Src/stm32l4xx_hal_rcc_ex.c **** 
3303:Drivers/STM32L4xx_HAL_Driver/Src/stm32l4xx_hal_rcc_ex.c **** #if defined(SAI1)
3304:Drivers/STM32L4xx_HAL_Driver/Src/stm32l4xx_hal_rcc_ex.c **** 
3305:Drivers/STM32L4xx_HAL_Driver/Src/stm32l4xx_hal_rcc_ex.c **** static uint32_t RCCEx_GetSAIxPeriphCLKFreq(uint32_t PeriphClk, uint32_t InputFrequency)
3306:Drivers/STM32L4xx_HAL_Driver/Src/stm32l4xx_hal_rcc_ex.c **** {
  29              		.loc 1 3306 1 view -0
  30              		.cfi_startproc
  31              		@ args = 0, pretend = 0, frame = 0
  32              		@ frame_needed = 0, uses_anonymous_args = 0
  33              		@ link register save eliminated.
3307:Drivers/STM32L4xx_HAL_Driver/Src/stm32l4xx_hal_rcc_ex.c ****   uint32_t frequency = 0U;
  34              		.loc 1 3307 3 view .LVU1
3308:Drivers/STM32L4xx_HAL_Driver/Src/stm32l4xx_hal_rcc_ex.c ****   uint32_t srcclk = 0U;
  35              		.loc 1 3308 3 view .LVU2
3309:Drivers/STM32L4xx_HAL_Driver/Src/stm32l4xx_hal_rcc_ex.c ****   uint32_t pllvco, plln;    /* no init needed */
  36              		.loc 1 3309 3 view .LVU3
3310:Drivers/STM32L4xx_HAL_Driver/Src/stm32l4xx_hal_rcc_ex.c **** #if defined(RCC_PLLP_SUPPORT)
3311:Drivers/STM32L4xx_HAL_Driver/Src/stm32l4xx_hal_rcc_ex.c ****   uint32_t pllp = 0U;
  37              		.loc 1 3311 3 view .LVU4
3312:Drivers/STM32L4xx_HAL_Driver/Src/stm32l4xx_hal_rcc_ex.c **** #endif /* RCC_PLLP_SUPPORT */
3313:Drivers/STM32L4xx_HAL_Driver/Src/stm32l4xx_hal_rcc_ex.c **** 
3314:Drivers/STM32L4xx_HAL_Driver/Src/stm32l4xx_hal_rcc_ex.c ****   /* Handle SAIs */
3315:Drivers/STM32L4xx_HAL_Driver/Src/stm32l4xx_hal_rcc_ex.c ****   if(PeriphClk == RCC_PERIPHCLK_SAI1)
  38              		.loc 1 3315 3 view .LVU5
  39              		.loc 1 3315 5 is_stmt 0 view .LVU6
  40 0000 B0F5006F 		cmp	r0, #2048
  41 0004 2AD0     		beq	.L19
3308:Drivers/STM32L4xx_HAL_Driver/Src/stm32l4xx_hal_rcc_ex.c ****   uint32_t pllvco, plln;    /* no init needed */
  42              		.loc 1 3308 12 view .LVU7
  43 0006 0023     		movs	r3, #0
  44              	.LVL1:
  45              	.L2:
3306:Drivers/STM32L4xx_HAL_Driver/Src/stm32l4xx_hal_rcc_ex.c ****   uint32_t frequency = 0U;
  46              		.loc 1 3306 1 view .LVU8
  47 0008 10B4     		push	{r4}
ARM GAS  /tmp/ccxIXDAo.s 			page 60


  48              		.cfi_def_cfa_offset 4
  49              		.cfi_offset 4, -4
  50              	.LVL2:
3316:Drivers/STM32L4xx_HAL_Driver/Src/stm32l4xx_hal_rcc_ex.c ****   {
3317:Drivers/STM32L4xx_HAL_Driver/Src/stm32l4xx_hal_rcc_ex.c ****     srcclk = __HAL_RCC_GET_SAI1_SOURCE();
3318:Drivers/STM32L4xx_HAL_Driver/Src/stm32l4xx_hal_rcc_ex.c ****     if(srcclk == RCC_SAI1CLKSOURCE_PIN)
3319:Drivers/STM32L4xx_HAL_Driver/Src/stm32l4xx_hal_rcc_ex.c ****     {
3320:Drivers/STM32L4xx_HAL_Driver/Src/stm32l4xx_hal_rcc_ex.c ****       frequency = EXTERNAL_SAI1_CLOCK_VALUE;
3321:Drivers/STM32L4xx_HAL_Driver/Src/stm32l4xx_hal_rcc_ex.c ****     }
3322:Drivers/STM32L4xx_HAL_Driver/Src/stm32l4xx_hal_rcc_ex.c ****     /* Else, PLL clock output to check below */
3323:Drivers/STM32L4xx_HAL_Driver/Src/stm32l4xx_hal_rcc_ex.c ****   }
3324:Drivers/STM32L4xx_HAL_Driver/Src/stm32l4xx_hal_rcc_ex.c **** #if defined(SAI2)
3325:Drivers/STM32L4xx_HAL_Driver/Src/stm32l4xx_hal_rcc_ex.c ****   else
3326:Drivers/STM32L4xx_HAL_Driver/Src/stm32l4xx_hal_rcc_ex.c ****   {
3327:Drivers/STM32L4xx_HAL_Driver/Src/stm32l4xx_hal_rcc_ex.c ****     if(PeriphClk == RCC_PERIPHCLK_SAI2)
3328:Drivers/STM32L4xx_HAL_Driver/Src/stm32l4xx_hal_rcc_ex.c ****     {
3329:Drivers/STM32L4xx_HAL_Driver/Src/stm32l4xx_hal_rcc_ex.c ****       srcclk = __HAL_RCC_GET_SAI2_SOURCE();
3330:Drivers/STM32L4xx_HAL_Driver/Src/stm32l4xx_hal_rcc_ex.c ****       if(srcclk == RCC_SAI2CLKSOURCE_PIN)
3331:Drivers/STM32L4xx_HAL_Driver/Src/stm32l4xx_hal_rcc_ex.c ****       {
3332:Drivers/STM32L4xx_HAL_Driver/Src/stm32l4xx_hal_rcc_ex.c ****         frequency = EXTERNAL_SAI2_CLOCK_VALUE;
3333:Drivers/STM32L4xx_HAL_Driver/Src/stm32l4xx_hal_rcc_ex.c ****       }
3334:Drivers/STM32L4xx_HAL_Driver/Src/stm32l4xx_hal_rcc_ex.c ****       /* Else, PLL clock output to check below */
3335:Drivers/STM32L4xx_HAL_Driver/Src/stm32l4xx_hal_rcc_ex.c ****     }
3336:Drivers/STM32L4xx_HAL_Driver/Src/stm32l4xx_hal_rcc_ex.c ****   }
3337:Drivers/STM32L4xx_HAL_Driver/Src/stm32l4xx_hal_rcc_ex.c **** #endif /* SAI2 */
3338:Drivers/STM32L4xx_HAL_Driver/Src/stm32l4xx_hal_rcc_ex.c **** 
3339:Drivers/STM32L4xx_HAL_Driver/Src/stm32l4xx_hal_rcc_ex.c ****   if(frequency == 0U)
3340:Drivers/STM32L4xx_HAL_Driver/Src/stm32l4xx_hal_rcc_ex.c ****   {
3341:Drivers/STM32L4xx_HAL_Driver/Src/stm32l4xx_hal_rcc_ex.c ****     pllvco = InputFrequency;
  51              		.loc 1 3341 5 is_stmt 1 view .LVU9
3342:Drivers/STM32L4xx_HAL_Driver/Src/stm32l4xx_hal_rcc_ex.c **** 
3343:Drivers/STM32L4xx_HAL_Driver/Src/stm32l4xx_hal_rcc_ex.c **** #if defined(SAI2)
3344:Drivers/STM32L4xx_HAL_Driver/Src/stm32l4xx_hal_rcc_ex.c ****     if((srcclk == RCC_SAI1CLKSOURCE_PLL) || (srcclk == RCC_SAI2CLKSOURCE_PLL))
3345:Drivers/STM32L4xx_HAL_Driver/Src/stm32l4xx_hal_rcc_ex.c ****     {
3346:Drivers/STM32L4xx_HAL_Driver/Src/stm32l4xx_hal_rcc_ex.c ****       if(HAL_IS_BIT_SET(RCC->CR, RCC_CR_PLLRDY) && (__HAL_RCC_GET_PLLCLKOUT_CONFIG(RCC_PLL_SAI3CLK)
3347:Drivers/STM32L4xx_HAL_Driver/Src/stm32l4xx_hal_rcc_ex.c ****       {
3348:Drivers/STM32L4xx_HAL_Driver/Src/stm32l4xx_hal_rcc_ex.c ****         /* f(PLL Source) / PLLM */
3349:Drivers/STM32L4xx_HAL_Driver/Src/stm32l4xx_hal_rcc_ex.c ****         pllvco = (pllvco / ((READ_BIT(RCC->PLLCFGR, RCC_PLLCFGR_PLLM) >> RCC_PLLCFGR_PLLM_Pos) + 1U
3350:Drivers/STM32L4xx_HAL_Driver/Src/stm32l4xx_hal_rcc_ex.c ****         /* f(PLLSAI3CLK) = f(VCO input) * PLLN / PLLP */
3351:Drivers/STM32L4xx_HAL_Driver/Src/stm32l4xx_hal_rcc_ex.c ****         plln = READ_BIT(RCC->PLLCFGR, RCC_PLLCFGR_PLLN) >> RCC_PLLCFGR_PLLN_Pos;
3352:Drivers/STM32L4xx_HAL_Driver/Src/stm32l4xx_hal_rcc_ex.c **** #if defined(RCC_PLLP_DIV_2_31_SUPPORT)
3353:Drivers/STM32L4xx_HAL_Driver/Src/stm32l4xx_hal_rcc_ex.c ****         pllp = READ_BIT(RCC->PLLCFGR, RCC_PLLCFGR_PLLPDIV) >> RCC_PLLCFGR_PLLPDIV_Pos;
3354:Drivers/STM32L4xx_HAL_Driver/Src/stm32l4xx_hal_rcc_ex.c **** #endif
3355:Drivers/STM32L4xx_HAL_Driver/Src/stm32l4xx_hal_rcc_ex.c ****         if(pllp == 0U)
3356:Drivers/STM32L4xx_HAL_Driver/Src/stm32l4xx_hal_rcc_ex.c ****         {
3357:Drivers/STM32L4xx_HAL_Driver/Src/stm32l4xx_hal_rcc_ex.c ****           if(READ_BIT(RCC->PLLCFGR, RCC_PLLCFGR_PLLP) != 0U)
3358:Drivers/STM32L4xx_HAL_Driver/Src/stm32l4xx_hal_rcc_ex.c ****           {
3359:Drivers/STM32L4xx_HAL_Driver/Src/stm32l4xx_hal_rcc_ex.c ****             pllp = 17U;
3360:Drivers/STM32L4xx_HAL_Driver/Src/stm32l4xx_hal_rcc_ex.c ****           }
3361:Drivers/STM32L4xx_HAL_Driver/Src/stm32l4xx_hal_rcc_ex.c ****           else
3362:Drivers/STM32L4xx_HAL_Driver/Src/stm32l4xx_hal_rcc_ex.c ****           {
3363:Drivers/STM32L4xx_HAL_Driver/Src/stm32l4xx_hal_rcc_ex.c ****             pllp = 7U;
3364:Drivers/STM32L4xx_HAL_Driver/Src/stm32l4xx_hal_rcc_ex.c ****           }
3365:Drivers/STM32L4xx_HAL_Driver/Src/stm32l4xx_hal_rcc_ex.c ****         }
3366:Drivers/STM32L4xx_HAL_Driver/Src/stm32l4xx_hal_rcc_ex.c ****         frequency = (pllvco * plln) / pllp;
3367:Drivers/STM32L4xx_HAL_Driver/Src/stm32l4xx_hal_rcc_ex.c ****       }
3368:Drivers/STM32L4xx_HAL_Driver/Src/stm32l4xx_hal_rcc_ex.c ****     }
ARM GAS  /tmp/ccxIXDAo.s 			page 61


3369:Drivers/STM32L4xx_HAL_Driver/Src/stm32l4xx_hal_rcc_ex.c ****     else if(srcclk == 0U)  /* RCC_SAI1CLKSOURCE_PLLSAI1 || RCC_SAI2CLKSOURCE_PLLSAI1 */
3370:Drivers/STM32L4xx_HAL_Driver/Src/stm32l4xx_hal_rcc_ex.c ****     {
3371:Drivers/STM32L4xx_HAL_Driver/Src/stm32l4xx_hal_rcc_ex.c ****       if(HAL_IS_BIT_SET(RCC->CR, RCC_CR_PLLSAI1RDY) && (__HAL_RCC_GET_PLLSAI1CLKOUT_CONFIG(RCC_PLLS
3372:Drivers/STM32L4xx_HAL_Driver/Src/stm32l4xx_hal_rcc_ex.c ****       {
3373:Drivers/STM32L4xx_HAL_Driver/Src/stm32l4xx_hal_rcc_ex.c **** #if defined(RCC_PLLSAI1M_DIV_1_16_SUPPORT)
3374:Drivers/STM32L4xx_HAL_Driver/Src/stm32l4xx_hal_rcc_ex.c ****         /* PLLSAI1M exists: apply PLLSAI1M divider for PLLSAI1 output computation */
3375:Drivers/STM32L4xx_HAL_Driver/Src/stm32l4xx_hal_rcc_ex.c ****         /* f(PLLSAI1 Source) / PLLSAI1M */
3376:Drivers/STM32L4xx_HAL_Driver/Src/stm32l4xx_hal_rcc_ex.c ****         pllvco = (pllvco / ((READ_BIT(RCC->PLLSAI1CFGR, RCC_PLLSAI1CFGR_PLLSAI1M) >> RCC_PLLSAI1CFG
3377:Drivers/STM32L4xx_HAL_Driver/Src/stm32l4xx_hal_rcc_ex.c **** #else
3378:Drivers/STM32L4xx_HAL_Driver/Src/stm32l4xx_hal_rcc_ex.c ****         /* f(PLL Source) / PLLM */
3379:Drivers/STM32L4xx_HAL_Driver/Src/stm32l4xx_hal_rcc_ex.c ****         pllvco = (pllvco / ((READ_BIT(RCC->PLLCFGR, RCC_PLLCFGR_PLLM) >> RCC_PLLCFGR_PLLM_Pos) + 1U
3380:Drivers/STM32L4xx_HAL_Driver/Src/stm32l4xx_hal_rcc_ex.c **** #endif
3381:Drivers/STM32L4xx_HAL_Driver/Src/stm32l4xx_hal_rcc_ex.c ****         /* f(PLLSAI1CLK) = f(VCOSAI1 input) * PLLSAI1N / PLLSAI1P */
3382:Drivers/STM32L4xx_HAL_Driver/Src/stm32l4xx_hal_rcc_ex.c ****         plln = READ_BIT(RCC->PLLSAI1CFGR, RCC_PLLSAI1CFGR_PLLSAI1N) >> RCC_PLLSAI1CFGR_PLLSAI1N_Pos
3383:Drivers/STM32L4xx_HAL_Driver/Src/stm32l4xx_hal_rcc_ex.c **** #if defined(RCC_PLLSAI1P_DIV_2_31_SUPPORT)
3384:Drivers/STM32L4xx_HAL_Driver/Src/stm32l4xx_hal_rcc_ex.c ****         pllp = READ_BIT(RCC->PLLSAI1CFGR, RCC_PLLSAI1CFGR_PLLSAI1PDIV) >> RCC_PLLSAI1CFGR_PLLSAI1PD
3385:Drivers/STM32L4xx_HAL_Driver/Src/stm32l4xx_hal_rcc_ex.c **** #endif
3386:Drivers/STM32L4xx_HAL_Driver/Src/stm32l4xx_hal_rcc_ex.c ****         if(pllp == 0U)
3387:Drivers/STM32L4xx_HAL_Driver/Src/stm32l4xx_hal_rcc_ex.c ****         {
3388:Drivers/STM32L4xx_HAL_Driver/Src/stm32l4xx_hal_rcc_ex.c ****           if(READ_BIT(RCC->PLLSAI1CFGR, RCC_PLLSAI1CFGR_PLLSAI1P) != 0U)
3389:Drivers/STM32L4xx_HAL_Driver/Src/stm32l4xx_hal_rcc_ex.c ****           {
3390:Drivers/STM32L4xx_HAL_Driver/Src/stm32l4xx_hal_rcc_ex.c ****             pllp = 17U;
3391:Drivers/STM32L4xx_HAL_Driver/Src/stm32l4xx_hal_rcc_ex.c ****           }
3392:Drivers/STM32L4xx_HAL_Driver/Src/stm32l4xx_hal_rcc_ex.c ****           else
3393:Drivers/STM32L4xx_HAL_Driver/Src/stm32l4xx_hal_rcc_ex.c ****           {
3394:Drivers/STM32L4xx_HAL_Driver/Src/stm32l4xx_hal_rcc_ex.c ****             pllp = 7U;
3395:Drivers/STM32L4xx_HAL_Driver/Src/stm32l4xx_hal_rcc_ex.c ****           }
3396:Drivers/STM32L4xx_HAL_Driver/Src/stm32l4xx_hal_rcc_ex.c ****         }
3397:Drivers/STM32L4xx_HAL_Driver/Src/stm32l4xx_hal_rcc_ex.c ****         frequency = (pllvco * plln) / pllp;
3398:Drivers/STM32L4xx_HAL_Driver/Src/stm32l4xx_hal_rcc_ex.c ****       }
3399:Drivers/STM32L4xx_HAL_Driver/Src/stm32l4xx_hal_rcc_ex.c ****     }
3400:Drivers/STM32L4xx_HAL_Driver/Src/stm32l4xx_hal_rcc_ex.c **** #if defined(STM32L4P5xx) || defined(STM32L4Q5xx) || defined(STM32L4R5xx) || defined(STM32L4R7xx) ||
3401:Drivers/STM32L4xx_HAL_Driver/Src/stm32l4xx_hal_rcc_ex.c ****     else if((srcclk == RCC_SAI1CLKSOURCE_HSI) || (srcclk == RCC_SAI2CLKSOURCE_HSI))
3402:Drivers/STM32L4xx_HAL_Driver/Src/stm32l4xx_hal_rcc_ex.c ****     {
3403:Drivers/STM32L4xx_HAL_Driver/Src/stm32l4xx_hal_rcc_ex.c ****       if(HAL_IS_BIT_SET(RCC->CR, RCC_CR_HSIRDY))
3404:Drivers/STM32L4xx_HAL_Driver/Src/stm32l4xx_hal_rcc_ex.c ****       {
3405:Drivers/STM32L4xx_HAL_Driver/Src/stm32l4xx_hal_rcc_ex.c ****         frequency = HSI_VALUE;
3406:Drivers/STM32L4xx_HAL_Driver/Src/stm32l4xx_hal_rcc_ex.c ****       }
3407:Drivers/STM32L4xx_HAL_Driver/Src/stm32l4xx_hal_rcc_ex.c ****     }
3408:Drivers/STM32L4xx_HAL_Driver/Src/stm32l4xx_hal_rcc_ex.c **** #endif /* STM32L4P5xx || STM32L4Q5xx || STM32L4R5xx || STM32L4R7xx || STM32L4R9xx || STM32L4S5xx ||
3409:Drivers/STM32L4xx_HAL_Driver/Src/stm32l4xx_hal_rcc_ex.c **** 
3410:Drivers/STM32L4xx_HAL_Driver/Src/stm32l4xx_hal_rcc_ex.c **** #else
3411:Drivers/STM32L4xx_HAL_Driver/Src/stm32l4xx_hal_rcc_ex.c ****     if(srcclk == RCC_SAI1CLKSOURCE_PLL)
  52              		.loc 1 3411 5 view .LVU10
  53              		.loc 1 3411 7 is_stmt 0 view .LVU11
  54 000a B3F5000F 		cmp	r3, #8388608
  55 000e 2FD0     		beq	.L20
3412:Drivers/STM32L4xx_HAL_Driver/Src/stm32l4xx_hal_rcc_ex.c ****     {
3413:Drivers/STM32L4xx_HAL_Driver/Src/stm32l4xx_hal_rcc_ex.c ****       if(HAL_IS_BIT_SET(RCC->CR, RCC_CR_PLLRDY) && (__HAL_RCC_GET_PLLCLKOUT_CONFIG(RCC_PLL_SAI2CLK)
3414:Drivers/STM32L4xx_HAL_Driver/Src/stm32l4xx_hal_rcc_ex.c ****       {
3415:Drivers/STM32L4xx_HAL_Driver/Src/stm32l4xx_hal_rcc_ex.c ****         /* f(PLL Source) / PLLM */
3416:Drivers/STM32L4xx_HAL_Driver/Src/stm32l4xx_hal_rcc_ex.c ****         pllvco = (pllvco / ((READ_BIT(RCC->PLLCFGR, RCC_PLLCFGR_PLLM) >> RCC_PLLCFGR_PLLM_Pos) + 1U
3417:Drivers/STM32L4xx_HAL_Driver/Src/stm32l4xx_hal_rcc_ex.c ****         /* f(PLLSAI2CLK) = f(VCO input) * PLLN / PLLP */
3418:Drivers/STM32L4xx_HAL_Driver/Src/stm32l4xx_hal_rcc_ex.c ****         plln = READ_BIT(RCC->PLLCFGR, RCC_PLLCFGR_PLLN) >> RCC_PLLCFGR_PLLN_Pos;
3419:Drivers/STM32L4xx_HAL_Driver/Src/stm32l4xx_hal_rcc_ex.c **** #if defined(RCC_PLLP_DIV_2_31_SUPPORT)
3420:Drivers/STM32L4xx_HAL_Driver/Src/stm32l4xx_hal_rcc_ex.c ****         pllp = READ_BIT(RCC->PLLCFGR, RCC_PLLCFGR_PLLPDIV) >> RCC_PLLCFGR_PLLPDIV_Pos;
3421:Drivers/STM32L4xx_HAL_Driver/Src/stm32l4xx_hal_rcc_ex.c **** #endif
ARM GAS  /tmp/ccxIXDAo.s 			page 62


3422:Drivers/STM32L4xx_HAL_Driver/Src/stm32l4xx_hal_rcc_ex.c ****         if(pllp == 0U)
3423:Drivers/STM32L4xx_HAL_Driver/Src/stm32l4xx_hal_rcc_ex.c ****         {
3424:Drivers/STM32L4xx_HAL_Driver/Src/stm32l4xx_hal_rcc_ex.c ****           if(READ_BIT(RCC->PLLCFGR, RCC_PLLCFGR_PLLP) != 0U)
3425:Drivers/STM32L4xx_HAL_Driver/Src/stm32l4xx_hal_rcc_ex.c ****           {
3426:Drivers/STM32L4xx_HAL_Driver/Src/stm32l4xx_hal_rcc_ex.c ****             pllp = 17U;
3427:Drivers/STM32L4xx_HAL_Driver/Src/stm32l4xx_hal_rcc_ex.c ****           }
3428:Drivers/STM32L4xx_HAL_Driver/Src/stm32l4xx_hal_rcc_ex.c ****           else
3429:Drivers/STM32L4xx_HAL_Driver/Src/stm32l4xx_hal_rcc_ex.c ****           {
3430:Drivers/STM32L4xx_HAL_Driver/Src/stm32l4xx_hal_rcc_ex.c ****             pllp = 7U;
3431:Drivers/STM32L4xx_HAL_Driver/Src/stm32l4xx_hal_rcc_ex.c ****           }
3432:Drivers/STM32L4xx_HAL_Driver/Src/stm32l4xx_hal_rcc_ex.c ****         }
3433:Drivers/STM32L4xx_HAL_Driver/Src/stm32l4xx_hal_rcc_ex.c ****         frequency = (pllvco * plln) / pllp;
3434:Drivers/STM32L4xx_HAL_Driver/Src/stm32l4xx_hal_rcc_ex.c ****       }
3435:Drivers/STM32L4xx_HAL_Driver/Src/stm32l4xx_hal_rcc_ex.c ****       else if(HAL_IS_BIT_SET(RCC->CR, RCC_CR_HSIRDY))
3436:Drivers/STM32L4xx_HAL_Driver/Src/stm32l4xx_hal_rcc_ex.c ****       {
3437:Drivers/STM32L4xx_HAL_Driver/Src/stm32l4xx_hal_rcc_ex.c ****         /* HSI automatically selected as clock source if PLLs not enabled */
3438:Drivers/STM32L4xx_HAL_Driver/Src/stm32l4xx_hal_rcc_ex.c ****         frequency = HSI_VALUE;
3439:Drivers/STM32L4xx_HAL_Driver/Src/stm32l4xx_hal_rcc_ex.c ****       }
3440:Drivers/STM32L4xx_HAL_Driver/Src/stm32l4xx_hal_rcc_ex.c ****       else
3441:Drivers/STM32L4xx_HAL_Driver/Src/stm32l4xx_hal_rcc_ex.c ****       {
3442:Drivers/STM32L4xx_HAL_Driver/Src/stm32l4xx_hal_rcc_ex.c ****         /* No clock source, frequency default init at 0 */
3443:Drivers/STM32L4xx_HAL_Driver/Src/stm32l4xx_hal_rcc_ex.c ****       }
3444:Drivers/STM32L4xx_HAL_Driver/Src/stm32l4xx_hal_rcc_ex.c ****     }
3445:Drivers/STM32L4xx_HAL_Driver/Src/stm32l4xx_hal_rcc_ex.c ****     else if(srcclk == RCC_SAI1CLKSOURCE_PLLSAI1)
  56              		.loc 1 3445 10 is_stmt 1 view .LVU12
  57              		.loc 1 3445 12 is_stmt 0 view .LVU13
  58 0010 002B     		cmp	r3, #0
  59 0012 63D1     		bne	.L13
3446:Drivers/STM32L4xx_HAL_Driver/Src/stm32l4xx_hal_rcc_ex.c ****     {
3447:Drivers/STM32L4xx_HAL_Driver/Src/stm32l4xx_hal_rcc_ex.c ****       if(HAL_IS_BIT_SET(RCC->CR, RCC_CR_PLLSAI1RDY) && (__HAL_RCC_GET_PLLSAI1CLKOUT_CONFIG(RCC_PLLS
  60              		.loc 1 3447 7 is_stmt 1 view .LVU14
  61              		.loc 1 3447 10 is_stmt 0 view .LVU15
  62 0014 03F18043 		add	r3, r3, #1073741824
  63 0018 03F50433 		add	r3, r3, #135168
  64 001c 1B68     		ldr	r3, [r3]
  65              		.loc 1 3447 9 view .LVU16
  66 001e 13F0006F 		tst	r3, #134217728
  67 0022 54D0     		beq	.L7
  68              		.loc 1 3447 57 discriminator 1 view .LVU17
  69 0024 2F4B     		ldr	r3, .L21
  70 0026 1B69     		ldr	r3, [r3, #16]
  71              		.loc 1 3447 53 discriminator 1 view .LVU18
  72 0028 13F4803F 		tst	r3, #65536
  73 002c 4FD0     		beq	.L7
3448:Drivers/STM32L4xx_HAL_Driver/Src/stm32l4xx_hal_rcc_ex.c ****       {
3449:Drivers/STM32L4xx_HAL_Driver/Src/stm32l4xx_hal_rcc_ex.c **** #if defined(RCC_PLLSAI1M_DIV_1_16_SUPPORT)
3450:Drivers/STM32L4xx_HAL_Driver/Src/stm32l4xx_hal_rcc_ex.c ****         /* PLLSAI1M exists: apply PLLSAI1M divider for PLLSAI1 output computation */
3451:Drivers/STM32L4xx_HAL_Driver/Src/stm32l4xx_hal_rcc_ex.c ****         /* f(PLLSAI1 Source) / PLLSAI1M */
3452:Drivers/STM32L4xx_HAL_Driver/Src/stm32l4xx_hal_rcc_ex.c ****         pllvco = (pllvco / ((READ_BIT(RCC->PLLSAI1CFGR, RCC_PLLSAI1CFGR_PLLSAI1M) >> RCC_PLLSAI1CFG
3453:Drivers/STM32L4xx_HAL_Driver/Src/stm32l4xx_hal_rcc_ex.c **** #else
3454:Drivers/STM32L4xx_HAL_Driver/Src/stm32l4xx_hal_rcc_ex.c ****         /* f(PLL Source) / PLLM */
3455:Drivers/STM32L4xx_HAL_Driver/Src/stm32l4xx_hal_rcc_ex.c ****         pllvco = (pllvco / ((READ_BIT(RCC->PLLCFGR, RCC_PLLCFGR_PLLM) >> RCC_PLLCFGR_PLLM_Pos) + 1U
  74              		.loc 1 3455 9 is_stmt 1 view .LVU19
  75              		.loc 1 3455 30 is_stmt 0 view .LVU20
  76 002e 2D4C     		ldr	r4, .L21
  77 0030 E368     		ldr	r3, [r4, #12]
  78              		.loc 1 3455 71 view .LVU21
ARM GAS  /tmp/ccxIXDAo.s 			page 63


  79 0032 C3F30213 		ubfx	r3, r3, #4, #3
  80              		.loc 1 3455 96 view .LVU22
  81 0036 0133     		adds	r3, r3, #1
  82              		.loc 1 3455 16 view .LVU23
  83 0038 B1FBF3F0 		udiv	r0, r1, r3
  84              	.LVL3:
3456:Drivers/STM32L4xx_HAL_Driver/Src/stm32l4xx_hal_rcc_ex.c **** #endif
3457:Drivers/STM32L4xx_HAL_Driver/Src/stm32l4xx_hal_rcc_ex.c ****         /* f(PLLSAI1CLK) = f(VCOSAI1 input) * PLLSAI1N / PLLSAI1P */
3458:Drivers/STM32L4xx_HAL_Driver/Src/stm32l4xx_hal_rcc_ex.c ****         plln = READ_BIT(RCC->PLLSAI1CFGR, RCC_PLLSAI1CFGR_PLLSAI1N) >> RCC_PLLSAI1CFGR_PLLSAI1N_Pos
  85              		.loc 1 3458 9 is_stmt 1 view .LVU24
  86              		.loc 1 3458 16 is_stmt 0 view .LVU25
  87 003c 2269     		ldr	r2, [r4, #16]
  88              		.loc 1 3458 14 view .LVU26
  89 003e C2F30622 		ubfx	r2, r2, #8, #7
  90              	.LVL4:
3459:Drivers/STM32L4xx_HAL_Driver/Src/stm32l4xx_hal_rcc_ex.c **** #if defined(RCC_PLLSAI1P_DIV_2_31_SUPPORT)
3460:Drivers/STM32L4xx_HAL_Driver/Src/stm32l4xx_hal_rcc_ex.c ****         pllp = READ_BIT(RCC->PLLSAI1CFGR, RCC_PLLSAI1CFGR_PLLSAI1PDIV) >> RCC_PLLSAI1CFGR_PLLSAI1PD
  91              		.loc 1 3460 9 is_stmt 1 view .LVU27
  92              		.loc 1 3460 16 is_stmt 0 view .LVU28
  93 0042 2369     		ldr	r3, [r4, #16]
  94              	.LVL5:
3461:Drivers/STM32L4xx_HAL_Driver/Src/stm32l4xx_hal_rcc_ex.c **** #endif
3462:Drivers/STM32L4xx_HAL_Driver/Src/stm32l4xx_hal_rcc_ex.c ****         if(pllp == 0U)
  95              		.loc 1 3462 9 is_stmt 1 view .LVU29
  96              		.loc 1 3462 11 is_stmt 0 view .LVU30
  97 0044 DB0E     		lsrs	r3, r3, #27
  98              	.LVL6:
  99              		.loc 1 3462 11 view .LVU31
 100 0046 04D1     		bne	.L8
3463:Drivers/STM32L4xx_HAL_Driver/Src/stm32l4xx_hal_rcc_ex.c ****         {
3464:Drivers/STM32L4xx_HAL_Driver/Src/stm32l4xx_hal_rcc_ex.c ****           if(READ_BIT(RCC->PLLSAI1CFGR, RCC_PLLSAI1CFGR_PLLSAI1P) != 0U)
 101              		.loc 1 3464 11 is_stmt 1 view .LVU32
 102              		.loc 1 3464 14 is_stmt 0 view .LVU33
 103 0048 2369     		ldr	r3, [r4, #16]
 104              	.LVL7:
 105              		.loc 1 3464 13 view .LVU34
 106 004a 13F4003F 		tst	r3, #131072
 107 004e 3CD0     		beq	.L14
3465:Drivers/STM32L4xx_HAL_Driver/Src/stm32l4xx_hal_rcc_ex.c ****           {
3466:Drivers/STM32L4xx_HAL_Driver/Src/stm32l4xx_hal_rcc_ex.c ****             pllp = 17U;
 108              		.loc 1 3466 18 view .LVU35
 109 0050 1123     		movs	r3, #17
 110              	.L8:
 111              	.LVL8:
3467:Drivers/STM32L4xx_HAL_Driver/Src/stm32l4xx_hal_rcc_ex.c ****           }
3468:Drivers/STM32L4xx_HAL_Driver/Src/stm32l4xx_hal_rcc_ex.c ****           else
3469:Drivers/STM32L4xx_HAL_Driver/Src/stm32l4xx_hal_rcc_ex.c ****           {
3470:Drivers/STM32L4xx_HAL_Driver/Src/stm32l4xx_hal_rcc_ex.c ****             pllp = 7U;
3471:Drivers/STM32L4xx_HAL_Driver/Src/stm32l4xx_hal_rcc_ex.c ****           }
3472:Drivers/STM32L4xx_HAL_Driver/Src/stm32l4xx_hal_rcc_ex.c ****         }
3473:Drivers/STM32L4xx_HAL_Driver/Src/stm32l4xx_hal_rcc_ex.c ****         frequency = (pllvco * plln) / pllp;
 112              		.loc 1 3473 9 is_stmt 1 view .LVU36
 113              		.loc 1 3473 29 is_stmt 0 view .LVU37
 114 0052 02FB00F0 		mul	r0, r2, r0
 115              	.LVL9:
 116              		.loc 1 3473 19 view .LVU38
 117 0056 B0FBF3F0 		udiv	r0, r0, r3
ARM GAS  /tmp/ccxIXDAo.s 			page 64


 118              	.LVL10:
 119              		.loc 1 3473 19 view .LVU39
 120 005a 40E0     		b	.L1
 121              	.LVL11:
 122              	.L19:
 123              		.cfi_def_cfa_offset 0
 124              		.cfi_restore 4
3317:Drivers/STM32L4xx_HAL_Driver/Src/stm32l4xx_hal_rcc_ex.c ****     if(srcclk == RCC_SAI1CLKSOURCE_PIN)
 125              		.loc 1 3317 5 is_stmt 1 view .LVU40
3317:Drivers/STM32L4xx_HAL_Driver/Src/stm32l4xx_hal_rcc_ex.c ****     if(srcclk == RCC_SAI1CLKSOURCE_PIN)
 126              		.loc 1 3317 14 is_stmt 0 view .LVU41
 127 005c 214B     		ldr	r3, .L21
 128 005e D3F88830 		ldr	r3, [r3, #136]
3317:Drivers/STM32L4xx_HAL_Driver/Src/stm32l4xx_hal_rcc_ex.c ****     if(srcclk == RCC_SAI1CLKSOURCE_PIN)
 129              		.loc 1 3317 12 view .LVU42
 130 0062 03F44003 		and	r3, r3, #12582912
 131              	.LVL12:
3318:Drivers/STM32L4xx_HAL_Driver/Src/stm32l4xx_hal_rcc_ex.c ****     {
 132              		.loc 1 3318 5 is_stmt 1 view .LVU43
3318:Drivers/STM32L4xx_HAL_Driver/Src/stm32l4xx_hal_rcc_ex.c ****     {
 133              		.loc 1 3318 7 is_stmt 0 view .LVU44
 134 0066 B3F5400F 		cmp	r3, #12582912
 135 006a CDD1     		bne	.L2
3320:Drivers/STM32L4xx_HAL_Driver/Src/stm32l4xx_hal_rcc_ex.c ****     }
 136              		.loc 1 3320 17 view .LVU45
 137 006c 1E48     		ldr	r0, .L21+4
 138              	.LVL13:
3474:Drivers/STM32L4xx_HAL_Driver/Src/stm32l4xx_hal_rcc_ex.c ****       }
3475:Drivers/STM32L4xx_HAL_Driver/Src/stm32l4xx_hal_rcc_ex.c ****       else if(HAL_IS_BIT_SET(RCC->CR, RCC_CR_HSIRDY))
3476:Drivers/STM32L4xx_HAL_Driver/Src/stm32l4xx_hal_rcc_ex.c ****       {
3477:Drivers/STM32L4xx_HAL_Driver/Src/stm32l4xx_hal_rcc_ex.c ****         /* HSI automatically selected as clock source if PLLs not enabled */
3478:Drivers/STM32L4xx_HAL_Driver/Src/stm32l4xx_hal_rcc_ex.c ****         frequency = HSI_VALUE;
3479:Drivers/STM32L4xx_HAL_Driver/Src/stm32l4xx_hal_rcc_ex.c ****       }
3480:Drivers/STM32L4xx_HAL_Driver/Src/stm32l4xx_hal_rcc_ex.c ****       else
3481:Drivers/STM32L4xx_HAL_Driver/Src/stm32l4xx_hal_rcc_ex.c ****       {
3482:Drivers/STM32L4xx_HAL_Driver/Src/stm32l4xx_hal_rcc_ex.c ****         /* No clock source, frequency default init at 0 */
3483:Drivers/STM32L4xx_HAL_Driver/Src/stm32l4xx_hal_rcc_ex.c ****       }
3484:Drivers/STM32L4xx_HAL_Driver/Src/stm32l4xx_hal_rcc_ex.c ****     }
3485:Drivers/STM32L4xx_HAL_Driver/Src/stm32l4xx_hal_rcc_ex.c **** #endif /* SAI2 */
3486:Drivers/STM32L4xx_HAL_Driver/Src/stm32l4xx_hal_rcc_ex.c **** 
3487:Drivers/STM32L4xx_HAL_Driver/Src/stm32l4xx_hal_rcc_ex.c **** #if defined(RCC_PLLSAI2_SUPPORT)
3488:Drivers/STM32L4xx_HAL_Driver/Src/stm32l4xx_hal_rcc_ex.c **** 
3489:Drivers/STM32L4xx_HAL_Driver/Src/stm32l4xx_hal_rcc_ex.c ****     else if((srcclk == RCC_SAI1CLKSOURCE_PLLSAI2) || (srcclk == RCC_SAI2CLKSOURCE_PLLSAI2))
3490:Drivers/STM32L4xx_HAL_Driver/Src/stm32l4xx_hal_rcc_ex.c ****     {
3491:Drivers/STM32L4xx_HAL_Driver/Src/stm32l4xx_hal_rcc_ex.c ****       if(HAL_IS_BIT_SET(RCC->CR, RCC_CR_PLLSAI2RDY) && (__HAL_RCC_GET_PLLSAI2CLKOUT_CONFIG(RCC_PLLS
3492:Drivers/STM32L4xx_HAL_Driver/Src/stm32l4xx_hal_rcc_ex.c ****       {
3493:Drivers/STM32L4xx_HAL_Driver/Src/stm32l4xx_hal_rcc_ex.c **** #if defined(RCC_PLLSAI2M_DIV_1_16_SUPPORT)
3494:Drivers/STM32L4xx_HAL_Driver/Src/stm32l4xx_hal_rcc_ex.c ****         /* PLLSAI2M exists: apply PLLSAI2M divider for PLLSAI2 output computation */
3495:Drivers/STM32L4xx_HAL_Driver/Src/stm32l4xx_hal_rcc_ex.c ****         /* f(PLLSAI2 Source) / PLLSAI2M */
3496:Drivers/STM32L4xx_HAL_Driver/Src/stm32l4xx_hal_rcc_ex.c ****         pllvco = (pllvco / ((READ_BIT(RCC->PLLSAI2CFGR, RCC_PLLSAI2CFGR_PLLSAI2M) >> RCC_PLLSAI2CFG
3497:Drivers/STM32L4xx_HAL_Driver/Src/stm32l4xx_hal_rcc_ex.c **** #else
3498:Drivers/STM32L4xx_HAL_Driver/Src/stm32l4xx_hal_rcc_ex.c ****         /* f(PLL Source) / PLLM */
3499:Drivers/STM32L4xx_HAL_Driver/Src/stm32l4xx_hal_rcc_ex.c ****         pllvco = (pllvco / ((READ_BIT(RCC->PLLCFGR, RCC_PLLCFGR_PLLM) >> RCC_PLLCFGR_PLLM_Pos) + 1U
3500:Drivers/STM32L4xx_HAL_Driver/Src/stm32l4xx_hal_rcc_ex.c **** #endif
3501:Drivers/STM32L4xx_HAL_Driver/Src/stm32l4xx_hal_rcc_ex.c ****         /* f(PLLSAI2CLK) = f(VCOSAI2 input) * PLLSAI2N / PLLSAI2P */
3502:Drivers/STM32L4xx_HAL_Driver/Src/stm32l4xx_hal_rcc_ex.c ****         plln = READ_BIT(RCC->PLLSAI2CFGR, RCC_PLLSAI2CFGR_PLLSAI2N) >> RCC_PLLSAI2CFGR_PLLSAI2N_Pos
3503:Drivers/STM32L4xx_HAL_Driver/Src/stm32l4xx_hal_rcc_ex.c **** #if defined(RCC_PLLSAI2P_DIV_2_31_SUPPORT)
ARM GAS  /tmp/ccxIXDAo.s 			page 65


3504:Drivers/STM32L4xx_HAL_Driver/Src/stm32l4xx_hal_rcc_ex.c ****         pllp = READ_BIT(RCC->PLLSAI2CFGR, RCC_PLLSAI2CFGR_PLLSAI2PDIV) >> RCC_PLLSAI2CFGR_PLLSAI2PD
3505:Drivers/STM32L4xx_HAL_Driver/Src/stm32l4xx_hal_rcc_ex.c **** #endif
3506:Drivers/STM32L4xx_HAL_Driver/Src/stm32l4xx_hal_rcc_ex.c ****         if(pllp == 0U)
3507:Drivers/STM32L4xx_HAL_Driver/Src/stm32l4xx_hal_rcc_ex.c ****         {
3508:Drivers/STM32L4xx_HAL_Driver/Src/stm32l4xx_hal_rcc_ex.c ****           if(READ_BIT(RCC->PLLSAI2CFGR, RCC_PLLSAI2CFGR_PLLSAI2P) != 0U)
3509:Drivers/STM32L4xx_HAL_Driver/Src/stm32l4xx_hal_rcc_ex.c ****           {
3510:Drivers/STM32L4xx_HAL_Driver/Src/stm32l4xx_hal_rcc_ex.c ****             pllp = 17U;
3511:Drivers/STM32L4xx_HAL_Driver/Src/stm32l4xx_hal_rcc_ex.c ****           }
3512:Drivers/STM32L4xx_HAL_Driver/Src/stm32l4xx_hal_rcc_ex.c ****           else
3513:Drivers/STM32L4xx_HAL_Driver/Src/stm32l4xx_hal_rcc_ex.c ****           {
3514:Drivers/STM32L4xx_HAL_Driver/Src/stm32l4xx_hal_rcc_ex.c ****             pllp = 7U;
3515:Drivers/STM32L4xx_HAL_Driver/Src/stm32l4xx_hal_rcc_ex.c ****           }
3516:Drivers/STM32L4xx_HAL_Driver/Src/stm32l4xx_hal_rcc_ex.c ****         }
3517:Drivers/STM32L4xx_HAL_Driver/Src/stm32l4xx_hal_rcc_ex.c ****         frequency = (pllvco * plln) / pllp;
3518:Drivers/STM32L4xx_HAL_Driver/Src/stm32l4xx_hal_rcc_ex.c ****       }
3519:Drivers/STM32L4xx_HAL_Driver/Src/stm32l4xx_hal_rcc_ex.c ****     }
3520:Drivers/STM32L4xx_HAL_Driver/Src/stm32l4xx_hal_rcc_ex.c **** 
3521:Drivers/STM32L4xx_HAL_Driver/Src/stm32l4xx_hal_rcc_ex.c **** #endif /* RCC_PLLSAI2_SUPPORT */
3522:Drivers/STM32L4xx_HAL_Driver/Src/stm32l4xx_hal_rcc_ex.c **** 
3523:Drivers/STM32L4xx_HAL_Driver/Src/stm32l4xx_hal_rcc_ex.c ****     else
3524:Drivers/STM32L4xx_HAL_Driver/Src/stm32l4xx_hal_rcc_ex.c ****     {
3525:Drivers/STM32L4xx_HAL_Driver/Src/stm32l4xx_hal_rcc_ex.c ****       /* No clock source, frequency default init at 0 */
3526:Drivers/STM32L4xx_HAL_Driver/Src/stm32l4xx_hal_rcc_ex.c ****     }
3527:Drivers/STM32L4xx_HAL_Driver/Src/stm32l4xx_hal_rcc_ex.c ****   }
3528:Drivers/STM32L4xx_HAL_Driver/Src/stm32l4xx_hal_rcc_ex.c **** 
3529:Drivers/STM32L4xx_HAL_Driver/Src/stm32l4xx_hal_rcc_ex.c **** 
3530:Drivers/STM32L4xx_HAL_Driver/Src/stm32l4xx_hal_rcc_ex.c ****   return frequency;
3531:Drivers/STM32L4xx_HAL_Driver/Src/stm32l4xx_hal_rcc_ex.c **** }
 139              		.loc 1 3531 1 view .LVU46
 140 006e 7047     		bx	lr
 141              	.LVL14:
 142              	.L20:
 143              		.cfi_def_cfa_offset 4
 144              		.cfi_offset 4, -4
3413:Drivers/STM32L4xx_HAL_Driver/Src/stm32l4xx_hal_rcc_ex.c ****       {
 145              		.loc 1 3413 7 is_stmt 1 view .LVU47
3413:Drivers/STM32L4xx_HAL_Driver/Src/stm32l4xx_hal_rcc_ex.c ****       {
 146              		.loc 1 3413 10 is_stmt 0 view .LVU48
 147 0070 03F17E53 		add	r3, r3, #1065353216
 148 0074 03F50433 		add	r3, r3, #135168
 149 0078 1B68     		ldr	r3, [r3]
3413:Drivers/STM32L4xx_HAL_Driver/Src/stm32l4xx_hal_rcc_ex.c ****       {
 150              		.loc 1 3413 9 view .LVU49
 151 007a 13F0007F 		tst	r3, #33554432
 152 007e 1DD0     		beq	.L5
3413:Drivers/STM32L4xx_HAL_Driver/Src/stm32l4xx_hal_rcc_ex.c ****       {
 153              		.loc 1 3413 53 discriminator 1 view .LVU50
 154 0080 184B     		ldr	r3, .L21
 155 0082 DB68     		ldr	r3, [r3, #12]
3413:Drivers/STM32L4xx_HAL_Driver/Src/stm32l4xx_hal_rcc_ex.c ****       {
 156              		.loc 1 3413 49 discriminator 1 view .LVU51
 157 0084 13F4803F 		tst	r3, #65536
 158 0088 18D0     		beq	.L5
3416:Drivers/STM32L4xx_HAL_Driver/Src/stm32l4xx_hal_rcc_ex.c ****         /* f(PLLSAI2CLK) = f(VCO input) * PLLN / PLLP */
 159              		.loc 1 3416 9 is_stmt 1 view .LVU52
3416:Drivers/STM32L4xx_HAL_Driver/Src/stm32l4xx_hal_rcc_ex.c ****         /* f(PLLSAI2CLK) = f(VCO input) * PLLN / PLLP */
 160              		.loc 1 3416 30 is_stmt 0 view .LVU53
ARM GAS  /tmp/ccxIXDAo.s 			page 66


 161 008a 164C     		ldr	r4, .L21
 162 008c E368     		ldr	r3, [r4, #12]
3416:Drivers/STM32L4xx_HAL_Driver/Src/stm32l4xx_hal_rcc_ex.c ****         /* f(PLLSAI2CLK) = f(VCO input) * PLLN / PLLP */
 163              		.loc 1 3416 71 view .LVU54
 164 008e C3F30213 		ubfx	r3, r3, #4, #3
3416:Drivers/STM32L4xx_HAL_Driver/Src/stm32l4xx_hal_rcc_ex.c ****         /* f(PLLSAI2CLK) = f(VCO input) * PLLN / PLLP */
 165              		.loc 1 3416 96 view .LVU55
 166 0092 0133     		adds	r3, r3, #1
3416:Drivers/STM32L4xx_HAL_Driver/Src/stm32l4xx_hal_rcc_ex.c ****         /* f(PLLSAI2CLK) = f(VCO input) * PLLN / PLLP */
 167              		.loc 1 3416 16 view .LVU56
 168 0094 B1FBF3F0 		udiv	r0, r1, r3
 169              	.LVL15:
3418:Drivers/STM32L4xx_HAL_Driver/Src/stm32l4xx_hal_rcc_ex.c **** #if defined(RCC_PLLP_DIV_2_31_SUPPORT)
 170              		.loc 1 3418 9 is_stmt 1 view .LVU57
3418:Drivers/STM32L4xx_HAL_Driver/Src/stm32l4xx_hal_rcc_ex.c **** #if defined(RCC_PLLP_DIV_2_31_SUPPORT)
 171              		.loc 1 3418 16 is_stmt 0 view .LVU58
 172 0098 E268     		ldr	r2, [r4, #12]
3418:Drivers/STM32L4xx_HAL_Driver/Src/stm32l4xx_hal_rcc_ex.c **** #if defined(RCC_PLLP_DIV_2_31_SUPPORT)
 173              		.loc 1 3418 14 view .LVU59
 174 009a C2F30622 		ubfx	r2, r2, #8, #7
 175              	.LVL16:
3420:Drivers/STM32L4xx_HAL_Driver/Src/stm32l4xx_hal_rcc_ex.c **** #endif
 176              		.loc 1 3420 9 is_stmt 1 view .LVU60
3420:Drivers/STM32L4xx_HAL_Driver/Src/stm32l4xx_hal_rcc_ex.c **** #endif
 177              		.loc 1 3420 16 is_stmt 0 view .LVU61
 178 009e E368     		ldr	r3, [r4, #12]
 179              	.LVL17:
3422:Drivers/STM32L4xx_HAL_Driver/Src/stm32l4xx_hal_rcc_ex.c ****         {
 180              		.loc 1 3422 9 is_stmt 1 view .LVU62
3422:Drivers/STM32L4xx_HAL_Driver/Src/stm32l4xx_hal_rcc_ex.c ****         {
 181              		.loc 1 3422 11 is_stmt 0 view .LVU63
 182 00a0 DB0E     		lsrs	r3, r3, #27
 183              	.LVL18:
3422:Drivers/STM32L4xx_HAL_Driver/Src/stm32l4xx_hal_rcc_ex.c ****         {
 184              		.loc 1 3422 11 view .LVU64
 185 00a2 04D1     		bne	.L6
3424:Drivers/STM32L4xx_HAL_Driver/Src/stm32l4xx_hal_rcc_ex.c ****           {
 186              		.loc 1 3424 11 is_stmt 1 view .LVU65
3424:Drivers/STM32L4xx_HAL_Driver/Src/stm32l4xx_hal_rcc_ex.c ****           {
 187              		.loc 1 3424 14 is_stmt 0 view .LVU66
 188 00a4 E368     		ldr	r3, [r4, #12]
 189              	.LVL19:
3424:Drivers/STM32L4xx_HAL_Driver/Src/stm32l4xx_hal_rcc_ex.c ****           {
 190              		.loc 1 3424 13 view .LVU67
 191 00a6 13F4003F 		tst	r3, #131072
 192 00aa 05D0     		beq	.L11
3426:Drivers/STM32L4xx_HAL_Driver/Src/stm32l4xx_hal_rcc_ex.c ****           }
 193              		.loc 1 3426 18 view .LVU68
 194 00ac 1123     		movs	r3, #17
 195              	.L6:
 196              	.LVL20:
3433:Drivers/STM32L4xx_HAL_Driver/Src/stm32l4xx_hal_rcc_ex.c ****       }
 197              		.loc 1 3433 9 is_stmt 1 view .LVU69
3433:Drivers/STM32L4xx_HAL_Driver/Src/stm32l4xx_hal_rcc_ex.c ****       }
 198              		.loc 1 3433 29 is_stmt 0 view .LVU70
 199 00ae 02FB00F0 		mul	r0, r2, r0
 200              	.LVL21:
ARM GAS  /tmp/ccxIXDAo.s 			page 67


3433:Drivers/STM32L4xx_HAL_Driver/Src/stm32l4xx_hal_rcc_ex.c ****       }
 201              		.loc 1 3433 19 view .LVU71
 202 00b2 B0FBF3F0 		udiv	r0, r0, r3
 203              	.LVL22:
3433:Drivers/STM32L4xx_HAL_Driver/Src/stm32l4xx_hal_rcc_ex.c ****       }
 204              		.loc 1 3433 19 view .LVU72
 205 00b6 12E0     		b	.L1
 206              	.LVL23:
 207              	.L11:
3430:Drivers/STM32L4xx_HAL_Driver/Src/stm32l4xx_hal_rcc_ex.c ****           }
 208              		.loc 1 3430 18 view .LVU73
 209 00b8 0723     		movs	r3, #7
 210 00ba F8E7     		b	.L6
 211              	.LVL24:
 212              	.L5:
3435:Drivers/STM32L4xx_HAL_Driver/Src/stm32l4xx_hal_rcc_ex.c ****       {
 213              		.loc 1 3435 12 is_stmt 1 view .LVU74
3435:Drivers/STM32L4xx_HAL_Driver/Src/stm32l4xx_hal_rcc_ex.c ****       {
 214              		.loc 1 3435 15 is_stmt 0 view .LVU75
 215 00bc 094B     		ldr	r3, .L21
 216 00be 1868     		ldr	r0, [r3]
 217              	.LVL25:
3435:Drivers/STM32L4xx_HAL_Driver/Src/stm32l4xx_hal_rcc_ex.c ****       {
 218              		.loc 1 3435 14 view .LVU76
 219 00c0 10F48060 		ands	r0, r0, #1024
 220 00c4 0BD0     		beq	.L1
3438:Drivers/STM32L4xx_HAL_Driver/Src/stm32l4xx_hal_rcc_ex.c ****       }
 221              		.loc 1 3438 19 view .LVU77
 222 00c6 0948     		ldr	r0, .L21+8
 223 00c8 09E0     		b	.L1
 224              	.LVL26:
 225              	.L14:
3470:Drivers/STM32L4xx_HAL_Driver/Src/stm32l4xx_hal_rcc_ex.c ****           }
 226              		.loc 1 3470 18 view .LVU78
 227 00ca 0723     		movs	r3, #7
 228 00cc C1E7     		b	.L8
 229              	.LVL27:
 230              	.L7:
3475:Drivers/STM32L4xx_HAL_Driver/Src/stm32l4xx_hal_rcc_ex.c ****       {
 231              		.loc 1 3475 12 is_stmt 1 view .LVU79
3475:Drivers/STM32L4xx_HAL_Driver/Src/stm32l4xx_hal_rcc_ex.c ****       {
 232              		.loc 1 3475 15 is_stmt 0 view .LVU80
 233 00ce 054B     		ldr	r3, .L21
 234 00d0 1868     		ldr	r0, [r3]
 235              	.LVL28:
3475:Drivers/STM32L4xx_HAL_Driver/Src/stm32l4xx_hal_rcc_ex.c ****       {
 236              		.loc 1 3475 14 view .LVU81
 237 00d2 10F48060 		ands	r0, r0, #1024
 238 00d6 02D0     		beq	.L1
3478:Drivers/STM32L4xx_HAL_Driver/Src/stm32l4xx_hal_rcc_ex.c ****       }
 239              		.loc 1 3478 19 view .LVU82
 240 00d8 0448     		ldr	r0, .L21+8
 241              	.LVL29:
3526:Drivers/STM32L4xx_HAL_Driver/Src/stm32l4xx_hal_rcc_ex.c ****   }
 242              		.loc 1 3526 5 is_stmt 1 view .LVU83
3530:Drivers/STM32L4xx_HAL_Driver/Src/stm32l4xx_hal_rcc_ex.c **** }
 243              		.loc 1 3530 3 view .LVU84
ARM GAS  /tmp/ccxIXDAo.s 			page 68


3530:Drivers/STM32L4xx_HAL_Driver/Src/stm32l4xx_hal_rcc_ex.c **** }
 244              		.loc 1 3530 10 is_stmt 0 view .LVU85
 245 00da 00E0     		b	.L1
 246              	.LVL30:
 247              	.L13:
3530:Drivers/STM32L4xx_HAL_Driver/Src/stm32l4xx_hal_rcc_ex.c **** }
 248              		.loc 1 3530 10 view .LVU86
 249 00dc 0020     		movs	r0, #0
 250              	.LVL31:
 251              	.L1:
 252              		.loc 1 3531 1 view .LVU87
 253 00de 5DF8044B 		ldr	r4, [sp], #4
 254              		.cfi_restore 4
 255              		.cfi_def_cfa_offset 0
 256 00e2 7047     		bx	lr
 257              	.L22:
 258              		.align	2
 259              	.L21:
 260 00e4 00100240 		.word	1073876992
 261 00e8 68FF1F00 		.word	2097000
 262 00ec 0024F400 		.word	16000000
 263              		.cfi_endproc
 264              	.LFE314:
 266              		.section	.text.RCCEx_PLLSAI1_Config,"ax",%progbits
 267              		.align	1
 268              		.syntax unified
 269              		.thumb
 270              		.thumb_func
 272              	RCCEx_PLLSAI1_Config:
 273              	.LVL32:
 274              	.LFB313:
2904:Drivers/STM32L4xx_HAL_Driver/Src/stm32l4xx_hal_rcc_ex.c ****   uint32_t tickstart;
 275              		.loc 1 2904 1 is_stmt 1 view -0
 276              		.cfi_startproc
 277              		@ args = 0, pretend = 0, frame = 0
 278              		@ frame_needed = 0, uses_anonymous_args = 0
2904:Drivers/STM32L4xx_HAL_Driver/Src/stm32l4xx_hal_rcc_ex.c ****   uint32_t tickstart;
 279              		.loc 1 2904 1 is_stmt 0 view .LVU89
 280 0000 F8B5     		push	{r3, r4, r5, r6, r7, lr}
 281              		.cfi_def_cfa_offset 24
 282              		.cfi_offset 3, -24
 283              		.cfi_offset 4, -20
 284              		.cfi_offset 5, -16
 285              		.cfi_offset 6, -12
 286              		.cfi_offset 7, -8
 287              		.cfi_offset 14, -4
 288 0002 0446     		mov	r4, r0
 289 0004 0D46     		mov	r5, r1
2905:Drivers/STM32L4xx_HAL_Driver/Src/stm32l4xx_hal_rcc_ex.c ****   HAL_StatusTypeDef status = HAL_OK;
 290              		.loc 1 2905 3 is_stmt 1 view .LVU90
2906:Drivers/STM32L4xx_HAL_Driver/Src/stm32l4xx_hal_rcc_ex.c **** 
 291              		.loc 1 2906 3 view .LVU91
 292              	.LVL33:
2910:Drivers/STM32L4xx_HAL_Driver/Src/stm32l4xx_hal_rcc_ex.c ****   assert_param(IS_RCC_PLLSAI1M_VALUE(PllSai1->PLLSAI1M));
 293              		.loc 1 2910 3 view .LVU92
2911:Drivers/STM32L4xx_HAL_Driver/Src/stm32l4xx_hal_rcc_ex.c ****   assert_param(IS_RCC_PLLSAI1N_VALUE(PllSai1->PLLSAI1N));
 294              		.loc 1 2911 3 view .LVU93
ARM GAS  /tmp/ccxIXDAo.s 			page 69


2912:Drivers/STM32L4xx_HAL_Driver/Src/stm32l4xx_hal_rcc_ex.c ****   assert_param(IS_RCC_PLLSAI1CLOCKOUT_VALUE(PllSai1->PLLSAI1ClockOut));
 295              		.loc 1 2912 3 view .LVU94
2913:Drivers/STM32L4xx_HAL_Driver/Src/stm32l4xx_hal_rcc_ex.c **** 
 296              		.loc 1 2913 3 view .LVU95
2916:Drivers/STM32L4xx_HAL_Driver/Src/stm32l4xx_hal_rcc_ex.c ****   {
 297              		.loc 1 2916 3 view .LVU96
2916:Drivers/STM32L4xx_HAL_Driver/Src/stm32l4xx_hal_rcc_ex.c ****   {
 298              		.loc 1 2916 6 is_stmt 0 view .LVU97
 299 0006 594B     		ldr	r3, .L53
 300 0008 DB68     		ldr	r3, [r3, #12]
2916:Drivers/STM32L4xx_HAL_Driver/Src/stm32l4xx_hal_rcc_ex.c ****   {
 301              		.loc 1 2916 5 view .LVU98
 302 000a 13F0030F 		tst	r3, #3
 303 000e 18D0     		beq	.L24
2919:Drivers/STM32L4xx_HAL_Driver/Src/stm32l4xx_hal_rcc_ex.c ****        ||
 304              		.loc 1 2919 5 is_stmt 1 view .LVU99
2919:Drivers/STM32L4xx_HAL_Driver/Src/stm32l4xx_hal_rcc_ex.c ****        ||
 305              		.loc 1 2919 9 is_stmt 0 view .LVU100
 306 0010 564B     		ldr	r3, .L53
 307 0012 DB68     		ldr	r3, [r3, #12]
 308 0014 03F00303 		and	r3, r3, #3
2919:Drivers/STM32L4xx_HAL_Driver/Src/stm32l4xx_hal_rcc_ex.c ****        ||
 309              		.loc 1 2919 49 view .LVU101
 310 0018 0268     		ldr	r2, [r0]
2919:Drivers/STM32L4xx_HAL_Driver/Src/stm32l4xx_hal_rcc_ex.c ****        ||
 311              		.loc 1 2919 7 view .LVU102
 312 001a 9342     		cmp	r3, r2
 313 001c 02D0     		beq	.L50
2928:Drivers/STM32L4xx_HAL_Driver/Src/stm32l4xx_hal_rcc_ex.c ****     }
 314              		.loc 1 2928 14 view .LVU103
 315 001e 0126     		movs	r6, #1
 316              	.LVL34:
 317              	.L25:
3091:Drivers/STM32L4xx_HAL_Driver/Src/stm32l4xx_hal_rcc_ex.c **** }
 318              		.loc 1 3091 3 is_stmt 1 view .LVU104
3092:Drivers/STM32L4xx_HAL_Driver/Src/stm32l4xx_hal_rcc_ex.c **** 
 319              		.loc 1 3092 1 is_stmt 0 view .LVU105
 320 0020 3046     		mov	r0, r6
 321 0022 F8BD     		pop	{r3, r4, r5, r6, r7, pc}
 322              	.LVL35:
 323              	.L50:
2920:Drivers/STM32L4xx_HAL_Driver/Src/stm32l4xx_hal_rcc_ex.c ****        (PllSai1->PLLSAI1Source == RCC_PLLSOURCE_NONE)
 324              		.loc 1 2920 8 view .LVU106
 325 0024 002A     		cmp	r2, #0
 326 0026 00F09C80 		beq	.L41
2924:Drivers/STM32L4xx_HAL_Driver/Src/stm32l4xx_hal_rcc_ex.c **** #endif
 327              		.loc 1 2924 11 view .LVU107
 328 002a 504B     		ldr	r3, .L53
 329 002c DB68     		ldr	r3, [r3, #12]
2924:Drivers/STM32L4xx_HAL_Driver/Src/stm32l4xx_hal_rcc_ex.c **** #endif
 330              		.loc 1 2924 52 view .LVU108
 331 002e C3F30213 		ubfx	r3, r3, #4, #3
2924:Drivers/STM32L4xx_HAL_Driver/Src/stm32l4xx_hal_rcc_ex.c **** #endif
 332              		.loc 1 2924 77 view .LVU109
 333 0032 0133     		adds	r3, r3, #1
2924:Drivers/STM32L4xx_HAL_Driver/Src/stm32l4xx_hal_rcc_ex.c **** #endif
 334              		.loc 1 2924 93 view .LVU110
ARM GAS  /tmp/ccxIXDAo.s 			page 70


 335 0034 4268     		ldr	r2, [r0, #4]
2923:Drivers/STM32L4xx_HAL_Driver/Src/stm32l4xx_hal_rcc_ex.c ****        (((READ_BIT(RCC->PLLCFGR, RCC_PLLCFGR_PLLM) >> RCC_PLLCFGR_PLLM_Pos) + 1U) != PllSai1->PLLSA
 336              		.loc 1 2923 8 view .LVU111
 337 0036 9342     		cmp	r3, r2
 338 0038 01D0     		beq	.L51
2928:Drivers/STM32L4xx_HAL_Driver/Src/stm32l4xx_hal_rcc_ex.c ****     }
 339              		.loc 1 2928 14 view .LVU112
 340 003a 0126     		movs	r6, #1
 341 003c F0E7     		b	.L25
 342              	.L51:
2906:Drivers/STM32L4xx_HAL_Driver/Src/stm32l4xx_hal_rcc_ex.c **** 
 343              		.loc 1 2906 21 view .LVU113
 344 003e 0026     		movs	r6, #0
 345 0040 19E0     		b	.L26
 346              	.L24:
2934:Drivers/STM32L4xx_HAL_Driver/Src/stm32l4xx_hal_rcc_ex.c ****     {
 347              		.loc 1 2934 5 is_stmt 1 view .LVU114
2934:Drivers/STM32L4xx_HAL_Driver/Src/stm32l4xx_hal_rcc_ex.c ****     {
 348              		.loc 1 2934 19 is_stmt 0 view .LVU115
 349 0042 0368     		ldr	r3, [r0]
2934:Drivers/STM32L4xx_HAL_Driver/Src/stm32l4xx_hal_rcc_ex.c ****     {
 350              		.loc 1 2934 5 view .LVU116
 351 0044 022B     		cmp	r3, #2
 352 0046 55D0     		beq	.L27
 353 0048 032B     		cmp	r3, #3
 354 004a 5AD0     		beq	.L28
 355 004c 012B     		cmp	r3, #1
 356 004e 40F08A80 		bne	.L43
2937:Drivers/STM32L4xx_HAL_Driver/Src/stm32l4xx_hal_rcc_ex.c ****       {
 357              		.loc 1 2937 7 is_stmt 1 view .LVU117
2937:Drivers/STM32L4xx_HAL_Driver/Src/stm32l4xx_hal_rcc_ex.c ****       {
 358              		.loc 1 2937 10 is_stmt 0 view .LVU118
 359 0052 464A     		ldr	r2, .L53
 360 0054 1268     		ldr	r2, [r2]
2937:Drivers/STM32L4xx_HAL_Driver/Src/stm32l4xx_hal_rcc_ex.c ****       {
 361              		.loc 1 2937 9 view .LVU119
 362 0056 12F0020F 		tst	r2, #2
 363 005a 5ED0     		beq	.L44
 364              	.L30:
 365              	.LVL36:
2969:Drivers/STM32L4xx_HAL_Driver/Src/stm32l4xx_hal_rcc_ex.c **** #endif
 366              		.loc 1 2969 7 is_stmt 1 view .LVU120
 367 005c 4348     		ldr	r0, .L53
 368              	.LVL37:
2969:Drivers/STM32L4xx_HAL_Driver/Src/stm32l4xx_hal_rcc_ex.c **** #endif
 369              		.loc 1 2969 7 is_stmt 0 view .LVU121
 370 005e C268     		ldr	r2, [r0, #12]
 371 0060 22F07302 		bic	r2, r2, #115
 372 0064 6168     		ldr	r1, [r4, #4]
 373              	.LVL38:
2969:Drivers/STM32L4xx_HAL_Driver/Src/stm32l4xx_hal_rcc_ex.c **** #endif
 374              		.loc 1 2969 7 view .LVU122
 375 0066 0139     		subs	r1, r1, #1
 376 0068 43EA0113 		orr	r3, r3, r1, lsl #4
 377 006c 1343     		orrs	r3, r3, r2
 378 006e C360     		str	r3, [r0, #12]
 379 0070 0026     		movs	r6, #0
ARM GAS  /tmp/ccxIXDAo.s 			page 71


 380              	.L29:
 381              	.LVL39:
2974:Drivers/STM32L4xx_HAL_Driver/Src/stm32l4xx_hal_rcc_ex.c ****   {
 382              		.loc 1 2974 3 is_stmt 1 view .LVU123
2974:Drivers/STM32L4xx_HAL_Driver/Src/stm32l4xx_hal_rcc_ex.c ****   {
 383              		.loc 1 2974 5 is_stmt 0 view .LVU124
 384 0072 002E     		cmp	r6, #0
 385 0074 D4D1     		bne	.L25
 386              	.LVL40:
 387              	.L26:
2977:Drivers/STM32L4xx_HAL_Driver/Src/stm32l4xx_hal_rcc_ex.c **** 
 388              		.loc 1 2977 5 is_stmt 1 view .LVU125
 389 0076 3D4A     		ldr	r2, .L53
 390 0078 1368     		ldr	r3, [r2]
 391 007a 23F08063 		bic	r3, r3, #67108864
 392 007e 1360     		str	r3, [r2]
2980:Drivers/STM32L4xx_HAL_Driver/Src/stm32l4xx_hal_rcc_ex.c **** 
 393              		.loc 1 2980 5 view .LVU126
2980:Drivers/STM32L4xx_HAL_Driver/Src/stm32l4xx_hal_rcc_ex.c **** 
 394              		.loc 1 2980 17 is_stmt 0 view .LVU127
 395 0080 FFF7FEFF 		bl	HAL_GetTick
 396              	.LVL41:
 397 0084 0746     		mov	r7, r0
 398              	.LVL42:
2983:Drivers/STM32L4xx_HAL_Driver/Src/stm32l4xx_hal_rcc_ex.c ****     {
 399              		.loc 1 2983 5 is_stmt 1 view .LVU128
 400              	.L31:
2983:Drivers/STM32L4xx_HAL_Driver/Src/stm32l4xx_hal_rcc_ex.c ****     {
 401              		.loc 1 2983 48 view .LVU129
2983:Drivers/STM32L4xx_HAL_Driver/Src/stm32l4xx_hal_rcc_ex.c ****     {
 402              		.loc 1 2983 11 is_stmt 0 view .LVU130
 403 0086 394B     		ldr	r3, .L53
 404 0088 1B68     		ldr	r3, [r3]
2983:Drivers/STM32L4xx_HAL_Driver/Src/stm32l4xx_hal_rcc_ex.c ****     {
 405              		.loc 1 2983 48 view .LVU131
 406 008a 13F0006F 		tst	r3, #134217728
 407 008e 05D0     		beq	.L32
2985:Drivers/STM32L4xx_HAL_Driver/Src/stm32l4xx_hal_rcc_ex.c ****       {
 408              		.loc 1 2985 7 is_stmt 1 view .LVU132
2985:Drivers/STM32L4xx_HAL_Driver/Src/stm32l4xx_hal_rcc_ex.c ****       {
 409              		.loc 1 2985 11 is_stmt 0 view .LVU133
 410 0090 FFF7FEFF 		bl	HAL_GetTick
 411              	.LVL43:
2985:Drivers/STM32L4xx_HAL_Driver/Src/stm32l4xx_hal_rcc_ex.c ****       {
 412              		.loc 1 2985 25 discriminator 1 view .LVU134
 413 0094 C31B     		subs	r3, r0, r7
2985:Drivers/STM32L4xx_HAL_Driver/Src/stm32l4xx_hal_rcc_ex.c ****       {
 414              		.loc 1 2985 9 discriminator 1 view .LVU135
 415 0096 022B     		cmp	r3, #2
 416 0098 F5D9     		bls	.L31
2987:Drivers/STM32L4xx_HAL_Driver/Src/stm32l4xx_hal_rcc_ex.c ****         break;
 417              		.loc 1 2987 16 view .LVU136
 418 009a 0326     		movs	r6, #3
 419              	.L32:
 420              	.LVL44:
2992:Drivers/STM32L4xx_HAL_Driver/Src/stm32l4xx_hal_rcc_ex.c ****     {
 421              		.loc 1 2992 5 is_stmt 1 view .LVU137
ARM GAS  /tmp/ccxIXDAo.s 			page 72


2992:Drivers/STM32L4xx_HAL_Driver/Src/stm32l4xx_hal_rcc_ex.c ****     {
 422              		.loc 1 2992 7 is_stmt 0 view .LVU138
 423 009c 002E     		cmp	r6, #0
 424 009e BFD1     		bne	.L25
2994:Drivers/STM32L4xx_HAL_Driver/Src/stm32l4xx_hal_rcc_ex.c ****       {
 425              		.loc 1 2994 7 is_stmt 1 view .LVU139
2994:Drivers/STM32L4xx_HAL_Driver/Src/stm32l4xx_hal_rcc_ex.c ****       {
 426              		.loc 1 2994 9 is_stmt 0 view .LVU140
 427 00a0 002D     		cmp	r5, #0
 428 00a2 3CD1     		bne	.L34
2996:Drivers/STM32L4xx_HAL_Driver/Src/stm32l4xx_hal_rcc_ex.c **** #if defined(RCC_PLLSAI1M_DIV_1_16_SUPPORT)
 429              		.loc 1 2996 9 is_stmt 1 view .LVU141
3017:Drivers/STM32L4xx_HAL_Driver/Src/stm32l4xx_hal_rcc_ex.c ****                    RCC_PLLSAI1CFGR_PLLSAI1N | RCC_PLLSAI1CFGR_PLLSAI1PDIV,
 430              		.loc 1 3017 9 view .LVU142
 431 00a4 3149     		ldr	r1, .L53
 432 00a6 0B69     		ldr	r3, [r1, #16]
 433 00a8 23F07843 		bic	r3, r3, #-134217728
 434 00ac 23F4FE43 		bic	r3, r3, #32512
 435 00b0 A068     		ldr	r0, [r4, #8]
 436 00b2 E268     		ldr	r2, [r4, #12]
 437 00b4 D206     		lsls	r2, r2, #27
 438 00b6 42EA0022 		orr	r2, r2, r0, lsl #8
 439 00ba 1343     		orrs	r3, r3, r2
 440 00bc 0B61     		str	r3, [r1, #16]
 441              	.L35:
3068:Drivers/STM32L4xx_HAL_Driver/Src/stm32l4xx_hal_rcc_ex.c **** 
 442              		.loc 1 3068 7 view .LVU143
 443 00be 2B4A     		ldr	r2, .L53
 444 00c0 1368     		ldr	r3, [r2]
 445 00c2 43F08063 		orr	r3, r3, #67108864
 446 00c6 1360     		str	r3, [r2]
3071:Drivers/STM32L4xx_HAL_Driver/Src/stm32l4xx_hal_rcc_ex.c **** 
 447              		.loc 1 3071 7 view .LVU144
3071:Drivers/STM32L4xx_HAL_Driver/Src/stm32l4xx_hal_rcc_ex.c **** 
 448              		.loc 1 3071 19 is_stmt 0 view .LVU145
 449 00c8 FFF7FEFF 		bl	HAL_GetTick
 450              	.LVL45:
 451 00cc 0546     		mov	r5, r0
 452              	.LVL46:
3074:Drivers/STM32L4xx_HAL_Driver/Src/stm32l4xx_hal_rcc_ex.c ****       {
 453              		.loc 1 3074 7 is_stmt 1 view .LVU146
 454              	.L37:
3074:Drivers/STM32L4xx_HAL_Driver/Src/stm32l4xx_hal_rcc_ex.c ****       {
 455              		.loc 1 3074 50 view .LVU147
3074:Drivers/STM32L4xx_HAL_Driver/Src/stm32l4xx_hal_rcc_ex.c ****       {
 456              		.loc 1 3074 13 is_stmt 0 view .LVU148
 457 00ce 274B     		ldr	r3, .L53
 458 00d0 1B68     		ldr	r3, [r3]
3074:Drivers/STM32L4xx_HAL_Driver/Src/stm32l4xx_hal_rcc_ex.c ****       {
 459              		.loc 1 3074 50 view .LVU149
 460 00d2 13F0006F 		tst	r3, #134217728
 461 00d6 05D1     		bne	.L38
3076:Drivers/STM32L4xx_HAL_Driver/Src/stm32l4xx_hal_rcc_ex.c ****         {
 462              		.loc 1 3076 9 is_stmt 1 view .LVU150
3076:Drivers/STM32L4xx_HAL_Driver/Src/stm32l4xx_hal_rcc_ex.c ****         {
 463              		.loc 1 3076 13 is_stmt 0 view .LVU151
 464 00d8 FFF7FEFF 		bl	HAL_GetTick
ARM GAS  /tmp/ccxIXDAo.s 			page 73


 465              	.LVL47:
3076:Drivers/STM32L4xx_HAL_Driver/Src/stm32l4xx_hal_rcc_ex.c ****         {
 466              		.loc 1 3076 27 discriminator 1 view .LVU152
 467 00dc 401B     		subs	r0, r0, r5
3076:Drivers/STM32L4xx_HAL_Driver/Src/stm32l4xx_hal_rcc_ex.c ****         {
 468              		.loc 1 3076 11 discriminator 1 view .LVU153
 469 00de 0228     		cmp	r0, #2
 470 00e0 F5D9     		bls	.L37
3078:Drivers/STM32L4xx_HAL_Driver/Src/stm32l4xx_hal_rcc_ex.c ****           break;
 471              		.loc 1 3078 18 view .LVU154
 472 00e2 0326     		movs	r6, #3
 473              	.LVL48:
 474              	.L38:
3083:Drivers/STM32L4xx_HAL_Driver/Src/stm32l4xx_hal_rcc_ex.c ****       {
 475              		.loc 1 3083 7 is_stmt 1 view .LVU155
3083:Drivers/STM32L4xx_HAL_Driver/Src/stm32l4xx_hal_rcc_ex.c ****       {
 476              		.loc 1 3083 9 is_stmt 0 view .LVU156
 477 00e4 002E     		cmp	r6, #0
 478 00e6 9BD1     		bne	.L25
3086:Drivers/STM32L4xx_HAL_Driver/Src/stm32l4xx_hal_rcc_ex.c ****       }
 479              		.loc 1 3086 9 is_stmt 1 view .LVU157
 480 00e8 204A     		ldr	r2, .L53
 481 00ea 1369     		ldr	r3, [r2, #16]
 482 00ec A169     		ldr	r1, [r4, #24]
 483 00ee 0B43     		orrs	r3, r3, r1
 484 00f0 1361     		str	r3, [r2, #16]
 485 00f2 95E7     		b	.L25
 486              	.LVL49:
 487              	.L27:
2943:Drivers/STM32L4xx_HAL_Driver/Src/stm32l4xx_hal_rcc_ex.c ****       {
 488              		.loc 1 2943 7 view .LVU158
2943:Drivers/STM32L4xx_HAL_Driver/Src/stm32l4xx_hal_rcc_ex.c ****       {
 489              		.loc 1 2943 10 is_stmt 0 view .LVU159
 490 00f4 1D4A     		ldr	r2, .L53
 491 00f6 1268     		ldr	r2, [r2]
2943:Drivers/STM32L4xx_HAL_Driver/Src/stm32l4xx_hal_rcc_ex.c ****       {
 492              		.loc 1 2943 9 view .LVU160
 493 00f8 12F4806F 		tst	r2, #1024
 494 00fc AED1     		bne	.L30
 495 00fe 0126     		movs	r6, #1
 496 0100 8EE7     		b	.L25
 497              	.L28:
2949:Drivers/STM32L4xx_HAL_Driver/Src/stm32l4xx_hal_rcc_ex.c ****       {
 498              		.loc 1 2949 7 is_stmt 1 view .LVU161
2949:Drivers/STM32L4xx_HAL_Driver/Src/stm32l4xx_hal_rcc_ex.c ****       {
 499              		.loc 1 2949 10 is_stmt 0 view .LVU162
 500 0102 1A4A     		ldr	r2, .L53
 501 0104 1268     		ldr	r2, [r2]
2949:Drivers/STM32L4xx_HAL_Driver/Src/stm32l4xx_hal_rcc_ex.c ****       {
 502              		.loc 1 2949 9 view .LVU163
 503 0106 12F4003F 		tst	r2, #131072
 504 010a A7D1     		bne	.L30
2951:Drivers/STM32L4xx_HAL_Driver/Src/stm32l4xx_hal_rcc_ex.c ****         {
 505              		.loc 1 2951 9 is_stmt 1 view .LVU164
2951:Drivers/STM32L4xx_HAL_Driver/Src/stm32l4xx_hal_rcc_ex.c ****         {
 506              		.loc 1 2951 12 is_stmt 0 view .LVU165
 507 010c 174A     		ldr	r2, .L53
ARM GAS  /tmp/ccxIXDAo.s 			page 74


 508 010e 1268     		ldr	r2, [r2]
2951:Drivers/STM32L4xx_HAL_Driver/Src/stm32l4xx_hal_rcc_ex.c ****         {
 509              		.loc 1 2951 11 view .LVU166
 510 0110 12F4802F 		tst	r2, #262144
 511 0114 A2D1     		bne	.L30
 512 0116 0126     		movs	r6, #1
 513 0118 82E7     		b	.L25
 514              	.L44:
2939:Drivers/STM32L4xx_HAL_Driver/Src/stm32l4xx_hal_rcc_ex.c ****       }
 515              		.loc 1 2939 16 view .LVU167
 516 011a 0126     		movs	r6, #1
 517 011c A9E7     		b	.L29
 518              	.LVL50:
 519              	.L34:
3030:Drivers/STM32L4xx_HAL_Driver/Src/stm32l4xx_hal_rcc_ex.c ****       {
 520              		.loc 1 3030 12 is_stmt 1 view .LVU168
3030:Drivers/STM32L4xx_HAL_Driver/Src/stm32l4xx_hal_rcc_ex.c ****       {
 521              		.loc 1 3030 14 is_stmt 0 view .LVU169
 522 011e 012D     		cmp	r5, #1
 523 0120 0FD0     		beq	.L52
3050:Drivers/STM32L4xx_HAL_Driver/Src/stm32l4xx_hal_rcc_ex.c **** #if defined(RCC_PLLSAI1M_DIV_1_16_SUPPORT)
 524              		.loc 1 3050 9 is_stmt 1 view .LVU170
3060:Drivers/STM32L4xx_HAL_Driver/Src/stm32l4xx_hal_rcc_ex.c ****                    RCC_PLLSAI1CFGR_PLLSAI1N | RCC_PLLSAI1CFGR_PLLSAI1R,
 525              		.loc 1 3060 9 view .LVU171
 526 0122 1248     		ldr	r0, .L53
 527 0124 0269     		ldr	r2, [r0, #16]
 528 0126 22F0C062 		bic	r2, r2, #100663296
 529 012a 22F4FE42 		bic	r2, r2, #32512
 530 012e A168     		ldr	r1, [r4, #8]
 531 0130 6369     		ldr	r3, [r4, #20]
 532 0132 5B08     		lsrs	r3, r3, #1
 533 0134 013B     		subs	r3, r3, #1
 534 0136 5B06     		lsls	r3, r3, #25
 535 0138 43EA0123 		orr	r3, r3, r1, lsl #8
 536 013c 1A43     		orrs	r2, r2, r3
 537 013e 0261     		str	r2, [r0, #16]
 538 0140 BDE7     		b	.L35
 539              	.L52:
3032:Drivers/STM32L4xx_HAL_Driver/Src/stm32l4xx_hal_rcc_ex.c **** #if defined(RCC_PLLSAI1M_DIV_1_16_SUPPORT)
 540              		.loc 1 3032 9 view .LVU172
3042:Drivers/STM32L4xx_HAL_Driver/Src/stm32l4xx_hal_rcc_ex.c ****                    RCC_PLLSAI1CFGR_PLLSAI1N | RCC_PLLSAI1CFGR_PLLSAI1Q,
 541              		.loc 1 3042 9 view .LVU173
 542 0142 0A48     		ldr	r0, .L53
 543 0144 0269     		ldr	r2, [r0, #16]
 544 0146 22F4C002 		bic	r2, r2, #6291456
 545 014a 22F4FE42 		bic	r2, r2, #32512
 546 014e A168     		ldr	r1, [r4, #8]
 547 0150 2369     		ldr	r3, [r4, #16]
 548 0152 5B08     		lsrs	r3, r3, #1
 549 0154 013B     		subs	r3, r3, #1
 550 0156 5B05     		lsls	r3, r3, #21
 551 0158 43EA0123 		orr	r3, r3, r1, lsl #8
 552 015c 1A43     		orrs	r2, r2, r3
 553 015e 0261     		str	r2, [r0, #16]
 554 0160 ADE7     		b	.L35
 555              	.LVL51:
 556              	.L41:
ARM GAS  /tmp/ccxIXDAo.s 			page 75


2928:Drivers/STM32L4xx_HAL_Driver/Src/stm32l4xx_hal_rcc_ex.c ****     }
 557              		.loc 1 2928 14 is_stmt 0 view .LVU174
 558 0162 0126     		movs	r6, #1
 559 0164 5CE7     		b	.L25
 560              	.L43:
2934:Drivers/STM32L4xx_HAL_Driver/Src/stm32l4xx_hal_rcc_ex.c ****     {
 561              		.loc 1 2934 5 view .LVU175
 562 0166 0126     		movs	r6, #1
 563 0168 5AE7     		b	.L25
 564              	.L54:
 565 016a 00BF     		.align	2
 566              	.L53:
 567 016c 00100240 		.word	1073876992
 568              		.cfi_endproc
 569              	.LFE313:
 571              		.section	.text.HAL_RCCEx_PeriphCLKConfig,"ax",%progbits
 572              		.align	1
 573              		.global	HAL_RCCEx_PeriphCLKConfig
 574              		.syntax unified
 575              		.thumb
 576              		.thumb_func
 578              	HAL_RCCEx_PeriphCLKConfig:
 579              	.LVL52:
 580              	.LFB288:
 195:Drivers/STM32L4xx_HAL_Driver/Src/stm32l4xx_hal_rcc_ex.c ****   uint32_t tmpregister, tickstart;     /* no init needed */
 581              		.loc 1 195 1 is_stmt 1 view -0
 582              		.cfi_startproc
 583              		@ args = 0, pretend = 0, frame = 8
 584              		@ frame_needed = 0, uses_anonymous_args = 0
 195:Drivers/STM32L4xx_HAL_Driver/Src/stm32l4xx_hal_rcc_ex.c ****   uint32_t tmpregister, tickstart;     /* no init needed */
 585              		.loc 1 195 1 is_stmt 0 view .LVU177
 586 0000 2DE9F041 		push	{r4, r5, r6, r7, r8, lr}
 587              		.cfi_def_cfa_offset 24
 588              		.cfi_offset 4, -24
 589              		.cfi_offset 5, -20
 590              		.cfi_offset 6, -16
 591              		.cfi_offset 7, -12
 592              		.cfi_offset 8, -8
 593              		.cfi_offset 14, -4
 594 0004 82B0     		sub	sp, sp, #8
 595              		.cfi_def_cfa_offset 32
 596 0006 0446     		mov	r4, r0
 196:Drivers/STM32L4xx_HAL_Driver/Src/stm32l4xx_hal_rcc_ex.c ****   HAL_StatusTypeDef ret = HAL_OK;      /* Intermediate status */
 597              		.loc 1 196 3 is_stmt 1 view .LVU178
 197:Drivers/STM32L4xx_HAL_Driver/Src/stm32l4xx_hal_rcc_ex.c ****   HAL_StatusTypeDef status = HAL_OK;   /* Final status */
 598              		.loc 1 197 3 view .LVU179
 599              	.LVL53:
 198:Drivers/STM32L4xx_HAL_Driver/Src/stm32l4xx_hal_rcc_ex.c **** 
 600              		.loc 1 198 3 view .LVU180
 201:Drivers/STM32L4xx_HAL_Driver/Src/stm32l4xx_hal_rcc_ex.c **** 
 601              		.loc 1 201 3 view .LVU181
 206:Drivers/STM32L4xx_HAL_Driver/Src/stm32l4xx_hal_rcc_ex.c ****   {
 602              		.loc 1 206 3 view .LVU182
 206:Drivers/STM32L4xx_HAL_Driver/Src/stm32l4xx_hal_rcc_ex.c ****   {
 603              		.loc 1 206 22 is_stmt 0 view .LVU183
 604 0008 0368     		ldr	r3, [r0]
 206:Drivers/STM32L4xx_HAL_Driver/Src/stm32l4xx_hal_rcc_ex.c ****   {
ARM GAS  /tmp/ccxIXDAo.s 			page 76


 605              		.loc 1 206 5 view .LVU184
 606 000a 13F4006F 		tst	r3, #2048
 607 000e 26D0     		beq	.L85
 209:Drivers/STM32L4xx_HAL_Driver/Src/stm32l4xx_hal_rcc_ex.c **** 
 608              		.loc 1 209 5 is_stmt 1 view .LVU185
 211:Drivers/STM32L4xx_HAL_Driver/Src/stm32l4xx_hal_rcc_ex.c ****     {
 609              		.loc 1 211 5 view .LVU186
 211:Drivers/STM32L4xx_HAL_Driver/Src/stm32l4xx_hal_rcc_ex.c ****     {
 610              		.loc 1 211 25 is_stmt 0 view .LVU187
 611 0010 436C     		ldr	r3, [r0, #68]
 211:Drivers/STM32L4xx_HAL_Driver/Src/stm32l4xx_hal_rcc_ex.c ****     {
 612              		.loc 1 211 5 view .LVU188
 613 0012 B3F5000F 		cmp	r3, #8388608
 614 0016 06D0     		beq	.L57
 615 0018 B3F5400F 		cmp	r3, #12582912
 616 001c 1DD0     		beq	.L86
 617 001e 9BB1     		cbz	r3, .L59
 618 0020 0126     		movs	r6, #1
 619 0022 3746     		mov	r7, r6
 620 0024 1DE0     		b	.L56
 621              	.L57:
 218:Drivers/STM32L4xx_HAL_Driver/Src/stm32l4xx_hal_rcc_ex.c **** #endif /* RCC_PLLSAI2_SUPPORT */
 622              		.loc 1 218 7 is_stmt 1 view .LVU189
 623 0026 B34A     		ldr	r2, .L104
 624 0028 D368     		ldr	r3, [r2, #12]
 625 002a 43F48033 		orr	r3, r3, #65536
 626 002e D360     		str	r3, [r2, #12]
 221:Drivers/STM32L4xx_HAL_Driver/Src/stm32l4xx_hal_rcc_ex.c **** 
 627              		.loc 1 221 7 view .LVU190
 251:Drivers/STM32L4xx_HAL_Driver/Src/stm32l4xx_hal_rcc_ex.c ****     {
 628              		.loc 1 251 5 view .LVU191
 197:Drivers/STM32L4xx_HAL_Driver/Src/stm32l4xx_hal_rcc_ex.c ****   HAL_StatusTypeDef status = HAL_OK;   /* Final status */
 629              		.loc 1 197 21 is_stmt 0 view .LVU192
 630 0030 0027     		movs	r7, #0
 631              	.LVL54:
 632              	.L58:
 254:Drivers/STM32L4xx_HAL_Driver/Src/stm32l4xx_hal_rcc_ex.c ****     }
 633              		.loc 1 254 7 is_stmt 1 view .LVU193
 634 0032 B04A     		ldr	r2, .L104
 635 0034 D2F88830 		ldr	r3, [r2, #136]
 636 0038 23F44003 		bic	r3, r3, #12582912
 637 003c 616C     		ldr	r1, [r4, #68]
 638 003e 0B43     		orrs	r3, r3, r1
 639 0040 C2F88830 		str	r3, [r2, #136]
 198:Drivers/STM32L4xx_HAL_Driver/Src/stm32l4xx_hal_rcc_ex.c **** 
 640              		.loc 1 198 21 is_stmt 0 view .LVU194
 641 0044 0026     		movs	r6, #0
 642 0046 0CE0     		b	.L56
 643              	.LVL55:
 644              	.L59:
 225:Drivers/STM32L4xx_HAL_Driver/Src/stm32l4xx_hal_rcc_ex.c ****       /* SAI1 clock source config set later after clock selection check */
 645              		.loc 1 225 7 is_stmt 1 view .LVU195
 225:Drivers/STM32L4xx_HAL_Driver/Src/stm32l4xx_hal_rcc_ex.c ****       /* SAI1 clock source config set later after clock selection check */
 646              		.loc 1 225 13 is_stmt 0 view .LVU196
 647 0048 0021     		movs	r1, #0
 648 004a 0430     		adds	r0, r0, #4
 649              	.LVL56:
ARM GAS  /tmp/ccxIXDAo.s 			page 77


 225:Drivers/STM32L4xx_HAL_Driver/Src/stm32l4xx_hal_rcc_ex.c ****       /* SAI1 clock source config set later after clock selection check */
 650              		.loc 1 225 13 view .LVU197
 651 004c FFF7FEFF 		bl	RCCEx_PLLSAI1_Config
 652              	.LVL57:
 227:Drivers/STM32L4xx_HAL_Driver/Src/stm32l4xx_hal_rcc_ex.c **** 
 653              		.loc 1 227 7 is_stmt 1 view .LVU198
 251:Drivers/STM32L4xx_HAL_Driver/Src/stm32l4xx_hal_rcc_ex.c ****     {
 654              		.loc 1 251 5 view .LVU199
 251:Drivers/STM32L4xx_HAL_Driver/Src/stm32l4xx_hal_rcc_ex.c ****     {
 655              		.loc 1 251 7 is_stmt 0 view .LVU200
 656 0050 0746     		mov	r7, r0
 657 0052 0028     		cmp	r0, #0
 658 0054 EDD0     		beq	.L58
 259:Drivers/STM32L4xx_HAL_Driver/Src/stm32l4xx_hal_rcc_ex.c ****     }
 659              		.loc 1 259 14 view .LVU201
 660 0056 0646     		mov	r6, r0
 661 0058 03E0     		b	.L56
 662              	.LVL58:
 663              	.L86:
 211:Drivers/STM32L4xx_HAL_Driver/Src/stm32l4xx_hal_rcc_ex.c ****     {
 664              		.loc 1 211 5 view .LVU202
 665 005a 0027     		movs	r7, #0
 666 005c E9E7     		b	.L58
 667              	.L85:
 198:Drivers/STM32L4xx_HAL_Driver/Src/stm32l4xx_hal_rcc_ex.c **** 
 668              		.loc 1 198 21 view .LVU203
 669 005e 0026     		movs	r6, #0
 197:Drivers/STM32L4xx_HAL_Driver/Src/stm32l4xx_hal_rcc_ex.c ****   HAL_StatusTypeDef status = HAL_OK;   /* Final status */
 670              		.loc 1 197 21 view .LVU204
 671 0060 3746     		mov	r7, r6
 672              	.LVL59:
 673              	.L56:
 319:Drivers/STM32L4xx_HAL_Driver/Src/stm32l4xx_hal_rcc_ex.c ****   {
 674              		.loc 1 319 3 is_stmt 1 view .LVU205
 319:Drivers/STM32L4xx_HAL_Driver/Src/stm32l4xx_hal_rcc_ex.c ****   {
 675              		.loc 1 319 20 is_stmt 0 view .LVU206
 676 0062 2368     		ldr	r3, [r4]
 319:Drivers/STM32L4xx_HAL_Driver/Src/stm32l4xx_hal_rcc_ex.c ****   {
 677              		.loc 1 319 5 view .LVU207
 678 0064 13F4003F 		tst	r3, #131072
 679 0068 6BD0     		beq	.L60
 680              	.LBB2:
 321:Drivers/STM32L4xx_HAL_Driver/Src/stm32l4xx_hal_rcc_ex.c **** 
 681              		.loc 1 321 5 is_stmt 1 view .LVU208
 682              	.LVL60:
 324:Drivers/STM32L4xx_HAL_Driver/Src/stm32l4xx_hal_rcc_ex.c **** 
 683              		.loc 1 324 5 view .LVU209
 327:Drivers/STM32L4xx_HAL_Driver/Src/stm32l4xx_hal_rcc_ex.c ****     {
 684              		.loc 1 327 5 view .LVU210
 327:Drivers/STM32L4xx_HAL_Driver/Src/stm32l4xx_hal_rcc_ex.c ****     {
 685              		.loc 1 327 8 is_stmt 0 view .LVU211
 686 006a A24B     		ldr	r3, .L104
 687 006c 9B6D     		ldr	r3, [r3, #88]
 327:Drivers/STM32L4xx_HAL_Driver/Src/stm32l4xx_hal_rcc_ex.c ****     {
 688              		.loc 1 327 40 view .LVU212
 689 006e 13F0805F 		tst	r3, #268435456
 690 0072 4CD1     		bne	.L88
ARM GAS  /tmp/ccxIXDAo.s 			page 78


 329:Drivers/STM32L4xx_HAL_Driver/Src/stm32l4xx_hal_rcc_ex.c ****       pwrclkchanged = SET;
 691              		.loc 1 329 7 is_stmt 1 view .LVU213
 692              	.LBB3:
 329:Drivers/STM32L4xx_HAL_Driver/Src/stm32l4xx_hal_rcc_ex.c ****       pwrclkchanged = SET;
 693              		.loc 1 329 7 view .LVU214
 329:Drivers/STM32L4xx_HAL_Driver/Src/stm32l4xx_hal_rcc_ex.c ****       pwrclkchanged = SET;
 694              		.loc 1 329 7 view .LVU215
 695 0074 9F4B     		ldr	r3, .L104
 696 0076 9A6D     		ldr	r2, [r3, #88]
 697 0078 42F08052 		orr	r2, r2, #268435456
 698 007c 9A65     		str	r2, [r3, #88]
 329:Drivers/STM32L4xx_HAL_Driver/Src/stm32l4xx_hal_rcc_ex.c ****       pwrclkchanged = SET;
 699              		.loc 1 329 7 view .LVU216
 700 007e 9B6D     		ldr	r3, [r3, #88]
 701 0080 03F08053 		and	r3, r3, #268435456
 702 0084 0193     		str	r3, [sp, #4]
 329:Drivers/STM32L4xx_HAL_Driver/Src/stm32l4xx_hal_rcc_ex.c ****       pwrclkchanged = SET;
 703              		.loc 1 329 7 view .LVU217
 704 0086 019B     		ldr	r3, [sp, #4]
 705              	.LBE3:
 329:Drivers/STM32L4xx_HAL_Driver/Src/stm32l4xx_hal_rcc_ex.c ****       pwrclkchanged = SET;
 706              		.loc 1 329 7 view .LVU218
 330:Drivers/STM32L4xx_HAL_Driver/Src/stm32l4xx_hal_rcc_ex.c ****     }
 707              		.loc 1 330 7 view .LVU219
 708              	.LVL61:
 330:Drivers/STM32L4xx_HAL_Driver/Src/stm32l4xx_hal_rcc_ex.c ****     }
 709              		.loc 1 330 21 is_stmt 0 view .LVU220
 710 0088 4FF00108 		mov	r8, #1
 711              	.LVL62:
 712              	.L61:
 334:Drivers/STM32L4xx_HAL_Driver/Src/stm32l4xx_hal_rcc_ex.c **** 
 713              		.loc 1 334 5 is_stmt 1 view .LVU221
 714 008c 9A4A     		ldr	r2, .L104+4
 715 008e 1368     		ldr	r3, [r2]
 716 0090 43F48073 		orr	r3, r3, #256
 717 0094 1360     		str	r3, [r2]
 337:Drivers/STM32L4xx_HAL_Driver/Src/stm32l4xx_hal_rcc_ex.c **** 
 718              		.loc 1 337 5 view .LVU222
 337:Drivers/STM32L4xx_HAL_Driver/Src/stm32l4xx_hal_rcc_ex.c **** 
 719              		.loc 1 337 17 is_stmt 0 view .LVU223
 720 0096 FFF7FEFF 		bl	HAL_GetTick
 721              	.LVL63:
 722 009a 0546     		mov	r5, r0
 723              	.LVL64:
 339:Drivers/STM32L4xx_HAL_Driver/Src/stm32l4xx_hal_rcc_ex.c ****     {
 724              		.loc 1 339 5 is_stmt 1 view .LVU224
 725              	.L62:
 339:Drivers/STM32L4xx_HAL_Driver/Src/stm32l4xx_hal_rcc_ex.c ****     {
 726              		.loc 1 339 43 view .LVU225
 339:Drivers/STM32L4xx_HAL_Driver/Src/stm32l4xx_hal_rcc_ex.c ****     {
 727              		.loc 1 339 11 is_stmt 0 view .LVU226
 728 009c 964B     		ldr	r3, .L104+4
 729 009e 1B68     		ldr	r3, [r3]
 339:Drivers/STM32L4xx_HAL_Driver/Src/stm32l4xx_hal_rcc_ex.c ****     {
 730              		.loc 1 339 43 view .LVU227
 731 00a0 13F4807F 		tst	r3, #256
 732 00a4 05D1     		bne	.L63
ARM GAS  /tmp/ccxIXDAo.s 			page 79


 341:Drivers/STM32L4xx_HAL_Driver/Src/stm32l4xx_hal_rcc_ex.c ****       {
 733              		.loc 1 341 7 is_stmt 1 view .LVU228
 341:Drivers/STM32L4xx_HAL_Driver/Src/stm32l4xx_hal_rcc_ex.c ****       {
 734              		.loc 1 341 11 is_stmt 0 view .LVU229
 735 00a6 FFF7FEFF 		bl	HAL_GetTick
 736              	.LVL65:
 341:Drivers/STM32L4xx_HAL_Driver/Src/stm32l4xx_hal_rcc_ex.c ****       {
 737              		.loc 1 341 25 discriminator 1 view .LVU230
 738 00aa 401B     		subs	r0, r0, r5
 341:Drivers/STM32L4xx_HAL_Driver/Src/stm32l4xx_hal_rcc_ex.c ****       {
 739              		.loc 1 341 9 discriminator 1 view .LVU231
 740 00ac 0228     		cmp	r0, #2
 741 00ae F5D9     		bls	.L62
 343:Drivers/STM32L4xx_HAL_Driver/Src/stm32l4xx_hal_rcc_ex.c ****         break;
 742              		.loc 1 343 13 view .LVU232
 743 00b0 0327     		movs	r7, #3
 744              	.LVL66:
 745              	.L63:
 348:Drivers/STM32L4xx_HAL_Driver/Src/stm32l4xx_hal_rcc_ex.c ****     {
 746              		.loc 1 348 5 is_stmt 1 view .LVU233
 348:Drivers/STM32L4xx_HAL_Driver/Src/stm32l4xx_hal_rcc_ex.c ****     {
 747              		.loc 1 348 7 is_stmt 0 view .LVU234
 748 00b2 002F     		cmp	r7, #0
 749 00b4 40D1     		bne	.L90
 351:Drivers/STM32L4xx_HAL_Driver/Src/stm32l4xx_hal_rcc_ex.c **** 
 750              		.loc 1 351 7 is_stmt 1 view .LVU235
 351:Drivers/STM32L4xx_HAL_Driver/Src/stm32l4xx_hal_rcc_ex.c **** 
 751              		.loc 1 351 21 is_stmt 0 view .LVU236
 752 00b6 8F4B     		ldr	r3, .L104
 753 00b8 D3F89030 		ldr	r3, [r3, #144]
 754              	.LVL67:
 353:Drivers/STM32L4xx_HAL_Driver/Src/stm32l4xx_hal_rcc_ex.c ****       {
 755              		.loc 1 353 7 is_stmt 1 view .LVU237
 353:Drivers/STM32L4xx_HAL_Driver/Src/stm32l4xx_hal_rcc_ex.c ****       {
 756              		.loc 1 353 9 is_stmt 0 view .LVU238
 757 00bc 13F44073 		ands	r3, r3, #768
 758              	.LVL68:
 353:Drivers/STM32L4xx_HAL_Driver/Src/stm32l4xx_hal_rcc_ex.c ****       {
 759              		.loc 1 353 9 view .LVU239
 760 00c0 15D0     		beq	.L66
 353:Drivers/STM32L4xx_HAL_Driver/Src/stm32l4xx_hal_rcc_ex.c ****       {
 761              		.loc 1 353 81 discriminator 1 view .LVU240
 762 00c2 A26D     		ldr	r2, [r4, #88]
 353:Drivers/STM32L4xx_HAL_Driver/Src/stm32l4xx_hal_rcc_ex.c ****       {
 763              		.loc 1 353 49 discriminator 1 view .LVU241
 764 00c4 9A42     		cmp	r2, r3
 765 00c6 12D0     		beq	.L66
 356:Drivers/STM32L4xx_HAL_Driver/Src/stm32l4xx_hal_rcc_ex.c ****         /* RTC Clock selection can be changed only if the Backup Domain is reset */
 766              		.loc 1 356 9 is_stmt 1 view .LVU242
 356:Drivers/STM32L4xx_HAL_Driver/Src/stm32l4xx_hal_rcc_ex.c ****         /* RTC Clock selection can be changed only if the Backup Domain is reset */
 767              		.loc 1 356 23 is_stmt 0 view .LVU243
 768 00c8 8A4A     		ldr	r2, .L104
 769 00ca D2F89030 		ldr	r3, [r2, #144]
 770              	.LVL69:
 356:Drivers/STM32L4xx_HAL_Driver/Src/stm32l4xx_hal_rcc_ex.c ****         /* RTC Clock selection can be changed only if the Backup Domain is reset */
 771              		.loc 1 356 21 view .LVU244
 772 00ce 23F44073 		bic	r3, r3, #768
ARM GAS  /tmp/ccxIXDAo.s 			page 80


 773              	.LVL70:
 358:Drivers/STM32L4xx_HAL_Driver/Src/stm32l4xx_hal_rcc_ex.c ****         __HAL_RCC_BACKUPRESET_RELEASE();
 774              		.loc 1 358 9 is_stmt 1 view .LVU245
 775 00d2 D2F89010 		ldr	r1, [r2, #144]
 776 00d6 41F48031 		orr	r1, r1, #65536
 777 00da C2F89010 		str	r1, [r2, #144]
 359:Drivers/STM32L4xx_HAL_Driver/Src/stm32l4xx_hal_rcc_ex.c ****         /* Restore the Content of BDCR register */
 778              		.loc 1 359 9 view .LVU246
 779 00de D2F89010 		ldr	r1, [r2, #144]
 780 00e2 21F48031 		bic	r1, r1, #65536
 781 00e6 C2F89010 		str	r1, [r2, #144]
 361:Drivers/STM32L4xx_HAL_Driver/Src/stm32l4xx_hal_rcc_ex.c ****       }
 782              		.loc 1 361 9 view .LVU247
 361:Drivers/STM32L4xx_HAL_Driver/Src/stm32l4xx_hal_rcc_ex.c ****       }
 783              		.loc 1 361 19 is_stmt 0 view .LVU248
 784 00ea C2F89030 		str	r3, [r2, #144]
 785              	.L66:
 365:Drivers/STM32L4xx_HAL_Driver/Src/stm32l4xx_hal_rcc_ex.c ****       {
 786              		.loc 1 365 7 is_stmt 1 view .LVU249
 365:Drivers/STM32L4xx_HAL_Driver/Src/stm32l4xx_hal_rcc_ex.c ****       {
 787              		.loc 1 365 10 is_stmt 0 view .LVU250
 788 00ee 13F0010F 		tst	r3, #1
 789 00f2 0FD1     		bne	.L97
 790              	.LVL71:
 791              	.L67:
 381:Drivers/STM32L4xx_HAL_Driver/Src/stm32l4xx_hal_rcc_ex.c ****       {
 792              		.loc 1 381 7 is_stmt 1 view .LVU251
 381:Drivers/STM32L4xx_HAL_Driver/Src/stm32l4xx_hal_rcc_ex.c ****       {
 793              		.loc 1 381 9 is_stmt 0 view .LVU252
 794 00f4 002F     		cmp	r7, #0
 795 00f6 40F0E380 		bne	.L92
 384:Drivers/STM32L4xx_HAL_Driver/Src/stm32l4xx_hal_rcc_ex.c ****       }
 796              		.loc 1 384 9 is_stmt 1 view .LVU253
 797 00fa 7E4A     		ldr	r2, .L104
 798 00fc D2F89030 		ldr	r3, [r2, #144]
 799 0100 23F44073 		bic	r3, r3, #768
 800 0104 A16D     		ldr	r1, [r4, #88]
 801 0106 0B43     		orrs	r3, r3, r1
 802 0108 C2F89030 		str	r3, [r2, #144]
 803 010c 15E0     		b	.L65
 804              	.LVL72:
 805              	.L88:
 321:Drivers/STM32L4xx_HAL_Driver/Src/stm32l4xx_hal_rcc_ex.c **** 
 806              		.loc 1 321 22 is_stmt 0 view .LVU254
 807 010e 4FF00008 		mov	r8, #0
 808 0112 BBE7     		b	.L61
 809              	.LVL73:
 810              	.L97:
 368:Drivers/STM32L4xx_HAL_Driver/Src/stm32l4xx_hal_rcc_ex.c **** 
 811              		.loc 1 368 9 is_stmt 1 view .LVU255
 368:Drivers/STM32L4xx_HAL_Driver/Src/stm32l4xx_hal_rcc_ex.c **** 
 812              		.loc 1 368 21 is_stmt 0 view .LVU256
 813 0114 FFF7FEFF 		bl	HAL_GetTick
 814              	.LVL74:
 368:Drivers/STM32L4xx_HAL_Driver/Src/stm32l4xx_hal_rcc_ex.c **** 
 815              		.loc 1 368 21 view .LVU257
 816 0118 0546     		mov	r5, r0
ARM GAS  /tmp/ccxIXDAo.s 			page 81


 817              	.LVL75:
 371:Drivers/STM32L4xx_HAL_Driver/Src/stm32l4xx_hal_rcc_ex.c ****         {
 818              		.loc 1 371 9 is_stmt 1 view .LVU258
 819              	.L68:
 371:Drivers/STM32L4xx_HAL_Driver/Src/stm32l4xx_hal_rcc_ex.c ****         {
 820              		.loc 1 371 52 view .LVU259
 371:Drivers/STM32L4xx_HAL_Driver/Src/stm32l4xx_hal_rcc_ex.c ****         {
 821              		.loc 1 371 15 is_stmt 0 view .LVU260
 822 011a 764B     		ldr	r3, .L104
 823 011c D3F89030 		ldr	r3, [r3, #144]
 371:Drivers/STM32L4xx_HAL_Driver/Src/stm32l4xx_hal_rcc_ex.c ****         {
 824              		.loc 1 371 52 view .LVU261
 825 0120 13F0020F 		tst	r3, #2
 826 0124 E6D1     		bne	.L67
 373:Drivers/STM32L4xx_HAL_Driver/Src/stm32l4xx_hal_rcc_ex.c ****           {
 827              		.loc 1 373 11 is_stmt 1 view .LVU262
 373:Drivers/STM32L4xx_HAL_Driver/Src/stm32l4xx_hal_rcc_ex.c ****           {
 828              		.loc 1 373 15 is_stmt 0 view .LVU263
 829 0126 FFF7FEFF 		bl	HAL_GetTick
 830              	.LVL76:
 373:Drivers/STM32L4xx_HAL_Driver/Src/stm32l4xx_hal_rcc_ex.c ****           {
 831              		.loc 1 373 29 discriminator 1 view .LVU264
 832 012a 401B     		subs	r0, r0, r5
 373:Drivers/STM32L4xx_HAL_Driver/Src/stm32l4xx_hal_rcc_ex.c ****           {
 833              		.loc 1 373 13 discriminator 1 view .LVU265
 834 012c 41F28833 		movw	r3, #5000
 835 0130 9842     		cmp	r0, r3
 836 0132 F2D9     		bls	.L68
 375:Drivers/STM32L4xx_HAL_Driver/Src/stm32l4xx_hal_rcc_ex.c ****             break;
 837              		.loc 1 375 17 view .LVU266
 838 0134 0327     		movs	r7, #3
 839              	.LVL77:
 375:Drivers/STM32L4xx_HAL_Driver/Src/stm32l4xx_hal_rcc_ex.c ****             break;
 840              		.loc 1 375 17 view .LVU267
 841 0136 DDE7     		b	.L67
 842              	.LVL78:
 843              	.L90:
 395:Drivers/STM32L4xx_HAL_Driver/Src/stm32l4xx_hal_rcc_ex.c ****     }
 844              		.loc 1 395 14 view .LVU268
 845 0138 3E46     		mov	r6, r7
 846              	.LVL79:
 847              	.L65:
 399:Drivers/STM32L4xx_HAL_Driver/Src/stm32l4xx_hal_rcc_ex.c ****     {
 848              		.loc 1 399 5 is_stmt 1 view .LVU269
 399:Drivers/STM32L4xx_HAL_Driver/Src/stm32l4xx_hal_rcc_ex.c ****     {
 849              		.loc 1 399 7 is_stmt 0 view .LVU270
 850 013a B8F1000F 		cmp	r8, #0
 851 013e 40F0C180 		bne	.L98
 852              	.LVL80:
 853              	.L60:
 399:Drivers/STM32L4xx_HAL_Driver/Src/stm32l4xx_hal_rcc_ex.c ****     {
 854              		.loc 1 399 7 view .LVU271
 855              	.LBE2:
 406:Drivers/STM32L4xx_HAL_Driver/Src/stm32l4xx_hal_rcc_ex.c ****   {
 856              		.loc 1 406 3 is_stmt 1 view .LVU272
 406:Drivers/STM32L4xx_HAL_Driver/Src/stm32l4xx_hal_rcc_ex.c ****   {
 857              		.loc 1 406 21 is_stmt 0 view .LVU273
ARM GAS  /tmp/ccxIXDAo.s 			page 82


 858 0142 2368     		ldr	r3, [r4]
 406:Drivers/STM32L4xx_HAL_Driver/Src/stm32l4xx_hal_rcc_ex.c ****   {
 859              		.loc 1 406 5 view .LVU274
 860 0144 13F0010F 		tst	r3, #1
 861 0148 08D0     		beq	.L70
 409:Drivers/STM32L4xx_HAL_Driver/Src/stm32l4xx_hal_rcc_ex.c **** 
 862              		.loc 1 409 5 is_stmt 1 view .LVU275
 412:Drivers/STM32L4xx_HAL_Driver/Src/stm32l4xx_hal_rcc_ex.c ****   }
 863              		.loc 1 412 5 view .LVU276
 864 014a 6A4A     		ldr	r2, .L104
 865 014c D2F88830 		ldr	r3, [r2, #136]
 866 0150 23F00303 		bic	r3, r3, #3
 867 0154 216A     		ldr	r1, [r4, #32]
 868 0156 0B43     		orrs	r3, r3, r1
 869 0158 C2F88830 		str	r3, [r2, #136]
 870              	.L70:
 416:Drivers/STM32L4xx_HAL_Driver/Src/stm32l4xx_hal_rcc_ex.c ****   {
 871              		.loc 1 416 3 view .LVU277
 416:Drivers/STM32L4xx_HAL_Driver/Src/stm32l4xx_hal_rcc_ex.c ****   {
 872              		.loc 1 416 21 is_stmt 0 view .LVU278
 873 015c 2368     		ldr	r3, [r4]
 416:Drivers/STM32L4xx_HAL_Driver/Src/stm32l4xx_hal_rcc_ex.c ****   {
 874              		.loc 1 416 5 view .LVU279
 875 015e 13F0020F 		tst	r3, #2
 876 0162 08D0     		beq	.L71
 419:Drivers/STM32L4xx_HAL_Driver/Src/stm32l4xx_hal_rcc_ex.c **** 
 877              		.loc 1 419 5 is_stmt 1 view .LVU280
 422:Drivers/STM32L4xx_HAL_Driver/Src/stm32l4xx_hal_rcc_ex.c ****   }
 878              		.loc 1 422 5 view .LVU281
 879 0164 634A     		ldr	r2, .L104
 880 0166 D2F88830 		ldr	r3, [r2, #136]
 881 016a 23F00C03 		bic	r3, r3, #12
 882 016e 616A     		ldr	r1, [r4, #36]
 883 0170 0B43     		orrs	r3, r3, r1
 884 0172 C2F88830 		str	r3, [r2, #136]
 885              	.L71:
 428:Drivers/STM32L4xx_HAL_Driver/Src/stm32l4xx_hal_rcc_ex.c ****   {
 886              		.loc 1 428 3 view .LVU282
 428:Drivers/STM32L4xx_HAL_Driver/Src/stm32l4xx_hal_rcc_ex.c ****   {
 887              		.loc 1 428 21 is_stmt 0 view .LVU283
 888 0176 2368     		ldr	r3, [r4]
 428:Drivers/STM32L4xx_HAL_Driver/Src/stm32l4xx_hal_rcc_ex.c ****   {
 889              		.loc 1 428 5 view .LVU284
 890 0178 13F0040F 		tst	r3, #4
 891 017c 08D0     		beq	.L72
 431:Drivers/STM32L4xx_HAL_Driver/Src/stm32l4xx_hal_rcc_ex.c **** 
 892              		.loc 1 431 5 is_stmt 1 view .LVU285
 434:Drivers/STM32L4xx_HAL_Driver/Src/stm32l4xx_hal_rcc_ex.c ****   }
 893              		.loc 1 434 5 view .LVU286
 894 017e 5D4A     		ldr	r2, .L104
 895 0180 D2F88830 		ldr	r3, [r2, #136]
 896 0184 23F03003 		bic	r3, r3, #48
 897 0188 A16A     		ldr	r1, [r4, #40]
 898 018a 0B43     		orrs	r3, r3, r1
 899 018c C2F88830 		str	r3, [r2, #136]
 900              	.L72:
 468:Drivers/STM32L4xx_HAL_Driver/Src/stm32l4xx_hal_rcc_ex.c ****   {
ARM GAS  /tmp/ccxIXDAo.s 			page 83


 901              		.loc 1 468 3 view .LVU287
 468:Drivers/STM32L4xx_HAL_Driver/Src/stm32l4xx_hal_rcc_ex.c ****   {
 902              		.loc 1 468 21 is_stmt 0 view .LVU288
 903 0190 2368     		ldr	r3, [r4]
 468:Drivers/STM32L4xx_HAL_Driver/Src/stm32l4xx_hal_rcc_ex.c ****   {
 904              		.loc 1 468 5 view .LVU289
 905 0192 13F0200F 		tst	r3, #32
 906 0196 08D0     		beq	.L73
 471:Drivers/STM32L4xx_HAL_Driver/Src/stm32l4xx_hal_rcc_ex.c **** 
 907              		.loc 1 471 5 is_stmt 1 view .LVU290
 474:Drivers/STM32L4xx_HAL_Driver/Src/stm32l4xx_hal_rcc_ex.c ****   }
 908              		.loc 1 474 5 view .LVU291
 909 0198 564A     		ldr	r2, .L104
 910 019a D2F88830 		ldr	r3, [r2, #136]
 911 019e 23F44063 		bic	r3, r3, #3072
 912 01a2 E16A     		ldr	r1, [r4, #44]
 913 01a4 0B43     		orrs	r3, r3, r1
 914 01a6 C2F88830 		str	r3, [r2, #136]
 915              	.L73:
 478:Drivers/STM32L4xx_HAL_Driver/Src/stm32l4xx_hal_rcc_ex.c ****   {
 916              		.loc 1 478 3 view .LVU292
 478:Drivers/STM32L4xx_HAL_Driver/Src/stm32l4xx_hal_rcc_ex.c ****   {
 917              		.loc 1 478 21 is_stmt 0 view .LVU293
 918 01aa 2368     		ldr	r3, [r4]
 478:Drivers/STM32L4xx_HAL_Driver/Src/stm32l4xx_hal_rcc_ex.c ****   {
 919              		.loc 1 478 5 view .LVU294
 920 01ac 13F4007F 		tst	r3, #512
 921 01b0 08D0     		beq	.L74
 480:Drivers/STM32L4xx_HAL_Driver/Src/stm32l4xx_hal_rcc_ex.c ****     __HAL_RCC_LPTIM1_CONFIG(PeriphClkInit->Lptim1ClockSelection);
 922              		.loc 1 480 5 is_stmt 1 view .LVU295
 481:Drivers/STM32L4xx_HAL_Driver/Src/stm32l4xx_hal_rcc_ex.c ****   }
 923              		.loc 1 481 5 view .LVU296
 924 01b2 504A     		ldr	r2, .L104
 925 01b4 D2F88830 		ldr	r3, [r2, #136]
 926 01b8 23F44023 		bic	r3, r3, #786432
 927 01bc E16B     		ldr	r1, [r4, #60]
 928 01be 0B43     		orrs	r3, r3, r1
 929 01c0 C2F88830 		str	r3, [r2, #136]
 930              	.L74:
 485:Drivers/STM32L4xx_HAL_Driver/Src/stm32l4xx_hal_rcc_ex.c ****   {
 931              		.loc 1 485 3 view .LVU297
 485:Drivers/STM32L4xx_HAL_Driver/Src/stm32l4xx_hal_rcc_ex.c ****   {
 932              		.loc 1 485 21 is_stmt 0 view .LVU298
 933 01c4 2368     		ldr	r3, [r4]
 485:Drivers/STM32L4xx_HAL_Driver/Src/stm32l4xx_hal_rcc_ex.c ****   {
 934              		.loc 1 485 5 view .LVU299
 935 01c6 13F4806F 		tst	r3, #1024
 936 01ca 08D0     		beq	.L75
 487:Drivers/STM32L4xx_HAL_Driver/Src/stm32l4xx_hal_rcc_ex.c ****     __HAL_RCC_LPTIM2_CONFIG(PeriphClkInit->Lptim2ClockSelection);
 937              		.loc 1 487 5 is_stmt 1 view .LVU300
 488:Drivers/STM32L4xx_HAL_Driver/Src/stm32l4xx_hal_rcc_ex.c ****   }
 938              		.loc 1 488 5 view .LVU301
 939 01cc 494A     		ldr	r2, .L104
 940 01ce D2F88830 		ldr	r3, [r2, #136]
 941 01d2 23F44013 		bic	r3, r3, #3145728
 942 01d6 216C     		ldr	r1, [r4, #64]
 943 01d8 0B43     		orrs	r3, r3, r1
ARM GAS  /tmp/ccxIXDAo.s 			page 84


 944 01da C2F88830 		str	r3, [r2, #136]
 945              	.L75:
 492:Drivers/STM32L4xx_HAL_Driver/Src/stm32l4xx_hal_rcc_ex.c ****   {
 946              		.loc 1 492 3 view .LVU302
 492:Drivers/STM32L4xx_HAL_Driver/Src/stm32l4xx_hal_rcc_ex.c ****   {
 947              		.loc 1 492 21 is_stmt 0 view .LVU303
 948 01de 2368     		ldr	r3, [r4]
 492:Drivers/STM32L4xx_HAL_Driver/Src/stm32l4xx_hal_rcc_ex.c ****   {
 949              		.loc 1 492 5 view .LVU304
 950 01e0 13F0400F 		tst	r3, #64
 951 01e4 08D0     		beq	.L76
 495:Drivers/STM32L4xx_HAL_Driver/Src/stm32l4xx_hal_rcc_ex.c **** 
 952              		.loc 1 495 5 is_stmt 1 view .LVU305
 498:Drivers/STM32L4xx_HAL_Driver/Src/stm32l4xx_hal_rcc_ex.c ****   }
 953              		.loc 1 498 5 view .LVU306
 954 01e6 434A     		ldr	r2, .L104
 955 01e8 D2F88830 		ldr	r3, [r2, #136]
 956 01ec 23F44053 		bic	r3, r3, #12288
 957 01f0 216B     		ldr	r1, [r4, #48]
 958 01f2 0B43     		orrs	r3, r3, r1
 959 01f4 C2F88830 		str	r3, [r2, #136]
 960              	.L76:
 504:Drivers/STM32L4xx_HAL_Driver/Src/stm32l4xx_hal_rcc_ex.c ****   {
 961              		.loc 1 504 3 view .LVU307
 504:Drivers/STM32L4xx_HAL_Driver/Src/stm32l4xx_hal_rcc_ex.c ****   {
 962              		.loc 1 504 21 is_stmt 0 view .LVU308
 963 01f8 2368     		ldr	r3, [r4]
 504:Drivers/STM32L4xx_HAL_Driver/Src/stm32l4xx_hal_rcc_ex.c ****   {
 964              		.loc 1 504 5 view .LVU309
 965 01fa 13F0800F 		tst	r3, #128
 966 01fe 08D0     		beq	.L77
 507:Drivers/STM32L4xx_HAL_Driver/Src/stm32l4xx_hal_rcc_ex.c **** 
 967              		.loc 1 507 5 is_stmt 1 view .LVU310
 510:Drivers/STM32L4xx_HAL_Driver/Src/stm32l4xx_hal_rcc_ex.c ****   }
 968              		.loc 1 510 5 view .LVU311
 969 0200 3C4A     		ldr	r2, .L104
 970 0202 D2F88830 		ldr	r3, [r2, #136]
 971 0206 23F44043 		bic	r3, r3, #49152
 972 020a 616B     		ldr	r1, [r4, #52]
 973 020c 0B43     		orrs	r3, r3, r1
 974 020e C2F88830 		str	r3, [r2, #136]
 975              	.L77:
 516:Drivers/STM32L4xx_HAL_Driver/Src/stm32l4xx_hal_rcc_ex.c ****   {
 976              		.loc 1 516 3 view .LVU312
 516:Drivers/STM32L4xx_HAL_Driver/Src/stm32l4xx_hal_rcc_ex.c ****   {
 977              		.loc 1 516 21 is_stmt 0 view .LVU313
 978 0212 2368     		ldr	r3, [r4]
 516:Drivers/STM32L4xx_HAL_Driver/Src/stm32l4xx_hal_rcc_ex.c ****   {
 979              		.loc 1 516 5 view .LVU314
 980 0214 13F4807F 		tst	r3, #256
 981 0218 08D0     		beq	.L78
 519:Drivers/STM32L4xx_HAL_Driver/Src/stm32l4xx_hal_rcc_ex.c **** 
 982              		.loc 1 519 5 is_stmt 1 view .LVU315
 522:Drivers/STM32L4xx_HAL_Driver/Src/stm32l4xx_hal_rcc_ex.c ****   }
 983              		.loc 1 522 5 view .LVU316
 984 021a 364A     		ldr	r2, .L104
 985 021c D2F88830 		ldr	r3, [r2, #136]
ARM GAS  /tmp/ccxIXDAo.s 			page 85


 986 0220 23F44033 		bic	r3, r3, #196608
 987 0224 A16B     		ldr	r1, [r4, #56]
 988 0226 0B43     		orrs	r3, r3, r1
 989 0228 C2F88830 		str	r3, [r2, #136]
 990              	.L78:
 575:Drivers/STM32L4xx_HAL_Driver/Src/stm32l4xx_hal_rcc_ex.c ****   {
 991              		.loc 1 575 3 view .LVU317
 575:Drivers/STM32L4xx_HAL_Driver/Src/stm32l4xx_hal_rcc_ex.c ****   {
 992              		.loc 1 575 21 is_stmt 0 view .LVU318
 993 022c 2368     		ldr	r3, [r4]
 575:Drivers/STM32L4xx_HAL_Driver/Src/stm32l4xx_hal_rcc_ex.c ****   {
 994              		.loc 1 575 5 view .LVU319
 995 022e 13F4002F 		tst	r3, #524288
 996 0232 0FD0     		beq	.L79
 577:Drivers/STM32L4xx_HAL_Driver/Src/stm32l4xx_hal_rcc_ex.c ****     __HAL_RCC_SDMMC1_CONFIG(PeriphClkInit->Sdmmc1ClockSelection);
 997              		.loc 1 577 5 is_stmt 1 view .LVU320
 578:Drivers/STM32L4xx_HAL_Driver/Src/stm32l4xx_hal_rcc_ex.c **** 
 998              		.loc 1 578 5 view .LVU321
 999 0234 2F4A     		ldr	r2, .L104
 1000 0236 D2F88830 		ldr	r3, [r2, #136]
 1001 023a 23F04063 		bic	r3, r3, #201326592
 1002 023e A16C     		ldr	r1, [r4, #72]
 1003 0240 0B43     		orrs	r3, r3, r1
 1004 0242 C2F88830 		str	r3, [r2, #136]
 580:Drivers/STM32L4xx_HAL_Driver/Src/stm32l4xx_hal_rcc_ex.c ****     {
 1005              		.loc 1 580 5 view .LVU322
 580:Drivers/STM32L4xx_HAL_Driver/Src/stm32l4xx_hal_rcc_ex.c ****     {
 1006              		.loc 1 580 21 is_stmt 0 view .LVU323
 1007 0246 A36C     		ldr	r3, [r4, #72]
 580:Drivers/STM32L4xx_HAL_Driver/Src/stm32l4xx_hal_rcc_ex.c ****     {
 1008              		.loc 1 580 7 view .LVU324
 1009 0248 B3F1006F 		cmp	r3, #134217728
 1010 024c 40D0     		beq	.L99
 592:Drivers/STM32L4xx_HAL_Driver/Src/stm32l4xx_hal_rcc_ex.c ****     {
 1011              		.loc 1 592 10 is_stmt 1 view .LVU325
 592:Drivers/STM32L4xx_HAL_Driver/Src/stm32l4xx_hal_rcc_ex.c ****     {
 1012              		.loc 1 592 12 is_stmt 0 view .LVU326
 1013 024e B3F1806F 		cmp	r3, #67108864
 1014 0252 42D0     		beq	.L100
 1015              	.LVL81:
 1016              	.L79:
 606:Drivers/STM32L4xx_HAL_Driver/Src/stm32l4xx_hal_rcc_ex.c ****   }
 1017              		.loc 1 606 5 is_stmt 1 view .LVU327
 612:Drivers/STM32L4xx_HAL_Driver/Src/stm32l4xx_hal_rcc_ex.c ****   {
 1018              		.loc 1 612 3 view .LVU328
 612:Drivers/STM32L4xx_HAL_Driver/Src/stm32l4xx_hal_rcc_ex.c ****   {
 1019              		.loc 1 612 21 is_stmt 0 view .LVU329
 1020 0254 2368     		ldr	r3, [r4]
 612:Drivers/STM32L4xx_HAL_Driver/Src/stm32l4xx_hal_rcc_ex.c ****   {
 1021              		.loc 1 612 5 view .LVU330
 1022 0256 13F4802F 		tst	r3, #262144
 1023 025a 0FD0     		beq	.L81
 614:Drivers/STM32L4xx_HAL_Driver/Src/stm32l4xx_hal_rcc_ex.c ****     __HAL_RCC_RNG_CONFIG(PeriphClkInit->RngClockSelection);
 1024              		.loc 1 614 5 is_stmt 1 view .LVU331
 615:Drivers/STM32L4xx_HAL_Driver/Src/stm32l4xx_hal_rcc_ex.c **** 
 1025              		.loc 1 615 5 view .LVU332
 1026 025c 254A     		ldr	r2, .L104
ARM GAS  /tmp/ccxIXDAo.s 			page 86


 1027 025e D2F88830 		ldr	r3, [r2, #136]
 1028 0262 23F04063 		bic	r3, r3, #201326592
 1029 0266 E16C     		ldr	r1, [r4, #76]
 1030 0268 0B43     		orrs	r3, r3, r1
 1031 026a C2F88830 		str	r3, [r2, #136]
 617:Drivers/STM32L4xx_HAL_Driver/Src/stm32l4xx_hal_rcc_ex.c ****     {
 1032              		.loc 1 617 5 view .LVU333
 617:Drivers/STM32L4xx_HAL_Driver/Src/stm32l4xx_hal_rcc_ex.c ****     {
 1033              		.loc 1 617 21 is_stmt 0 view .LVU334
 1034 026e E36C     		ldr	r3, [r4, #76]
 617:Drivers/STM32L4xx_HAL_Driver/Src/stm32l4xx_hal_rcc_ex.c ****     {
 1035              		.loc 1 617 7 view .LVU335
 1036 0270 B3F1006F 		cmp	r3, #134217728
 1037 0274 39D0     		beq	.L101
 623:Drivers/STM32L4xx_HAL_Driver/Src/stm32l4xx_hal_rcc_ex.c ****     {
 1038              		.loc 1 623 10 is_stmt 1 view .LVU336
 623:Drivers/STM32L4xx_HAL_Driver/Src/stm32l4xx_hal_rcc_ex.c ****     {
 1039              		.loc 1 623 12 is_stmt 0 view .LVU337
 1040 0276 B3F1806F 		cmp	r3, #67108864
 1041 027a 3FD0     		beq	.L102
 1042              	.LVL82:
 1043              	.L81:
 638:Drivers/STM32L4xx_HAL_Driver/Src/stm32l4xx_hal_rcc_ex.c ****   }
 1044              		.loc 1 638 5 is_stmt 1 view .LVU338
 643:Drivers/STM32L4xx_HAL_Driver/Src/stm32l4xx_hal_rcc_ex.c ****   {
 1045              		.loc 1 643 3 view .LVU339
 643:Drivers/STM32L4xx_HAL_Driver/Src/stm32l4xx_hal_rcc_ex.c ****   {
 1046              		.loc 1 643 21 is_stmt 0 view .LVU340
 1047 027c 2368     		ldr	r3, [r4]
 643:Drivers/STM32L4xx_HAL_Driver/Src/stm32l4xx_hal_rcc_ex.c ****   {
 1048              		.loc 1 643 5 view .LVU341
 1049 027e 13F4804F 		tst	r3, #16384
 1050 0282 0CD0     		beq	.L83
 646:Drivers/STM32L4xx_HAL_Driver/Src/stm32l4xx_hal_rcc_ex.c **** 
 1051              		.loc 1 646 5 is_stmt 1 view .LVU342
 649:Drivers/STM32L4xx_HAL_Driver/Src/stm32l4xx_hal_rcc_ex.c **** 
 1052              		.loc 1 649 5 view .LVU343
 1053 0284 1B4A     		ldr	r2, .L104
 1054 0286 D2F88830 		ldr	r3, [r2, #136]
 1055 028a 23F04053 		bic	r3, r3, #805306368
 1056 028e 216D     		ldr	r1, [r4, #80]
 1057 0290 0B43     		orrs	r3, r3, r1
 1058 0292 C2F88830 		str	r3, [r2, #136]
 652:Drivers/STM32L4xx_HAL_Driver/Src/stm32l4xx_hal_rcc_ex.c ****     {
 1059              		.loc 1 652 5 view .LVU344
 652:Drivers/STM32L4xx_HAL_Driver/Src/stm32l4xx_hal_rcc_ex.c ****     {
 1060              		.loc 1 652 21 is_stmt 0 view .LVU345
 1061 0296 236D     		ldr	r3, [r4, #80]
 652:Drivers/STM32L4xx_HAL_Driver/Src/stm32l4xx_hal_rcc_ex.c ****     {
 1062              		.loc 1 652 7 view .LVU346
 1063 0298 B3F1805F 		cmp	r3, #268435456
 1064 029c 36D0     		beq	.L103
 1065              	.LVL83:
 1066              	.L83:
 687:Drivers/STM32L4xx_HAL_Driver/Src/stm32l4xx_hal_rcc_ex.c ****   {
 1067              		.loc 1 687 3 is_stmt 1 view .LVU347
 687:Drivers/STM32L4xx_HAL_Driver/Src/stm32l4xx_hal_rcc_ex.c ****   {
ARM GAS  /tmp/ccxIXDAo.s 			page 87


 1068              		.loc 1 687 21 is_stmt 0 view .LVU348
 1069 029e 2368     		ldr	r3, [r4]
 687:Drivers/STM32L4xx_HAL_Driver/Src/stm32l4xx_hal_rcc_ex.c ****   {
 1070              		.loc 1 687 5 view .LVU349
 1071 02a0 13F4004F 		tst	r3, #32768
 1072 02a4 08D0     		beq	.L84
 690:Drivers/STM32L4xx_HAL_Driver/Src/stm32l4xx_hal_rcc_ex.c **** 
 1073              		.loc 1 690 5 is_stmt 1 view .LVU350
 693:Drivers/STM32L4xx_HAL_Driver/Src/stm32l4xx_hal_rcc_ex.c ****   }
 1074              		.loc 1 693 5 view .LVU351
 1075 02a6 134A     		ldr	r2, .L104
 1076 02a8 D2F88830 		ldr	r3, [r2, #136]
 1077 02ac 23F08043 		bic	r3, r3, #1073741824
 1078 02b0 616D     		ldr	r1, [r4, #84]
 1079 02b2 0B43     		orrs	r3, r3, r1
 1080 02b4 C2F88830 		str	r3, [r2, #136]
 1081              	.L84:
 813:Drivers/STM32L4xx_HAL_Driver/Src/stm32l4xx_hal_rcc_ex.c **** }
 1082              		.loc 1 813 3 view .LVU352
 814:Drivers/STM32L4xx_HAL_Driver/Src/stm32l4xx_hal_rcc_ex.c **** 
 1083              		.loc 1 814 1 is_stmt 0 view .LVU353
 1084 02b8 3046     		mov	r0, r6
 1085 02ba 02B0     		add	sp, sp, #8
 1086              		.cfi_remember_state
 1087              		.cfi_def_cfa_offset 24
 1088              		@ sp needed
 1089 02bc BDE8F081 		pop	{r4, r5, r6, r7, r8, pc}
 1090              	.LVL84:
 1091              	.L92:
 1092              		.cfi_restore_state
 1093              	.LBB4:
 389:Drivers/STM32L4xx_HAL_Driver/Src/stm32l4xx_hal_rcc_ex.c ****       }
 1094              		.loc 1 389 16 view .LVU354
 1095 02c0 3E46     		mov	r6, r7
 1096              	.LVL85:
 389:Drivers/STM32L4xx_HAL_Driver/Src/stm32l4xx_hal_rcc_ex.c ****       }
 1097              		.loc 1 389 16 view .LVU355
 1098 02c2 3AE7     		b	.L65
 1099              	.LVL86:
 1100              	.L98:
 401:Drivers/STM32L4xx_HAL_Driver/Src/stm32l4xx_hal_rcc_ex.c ****     }
 1101              		.loc 1 401 7 is_stmt 1 view .LVU356
 1102 02c4 0B4A     		ldr	r2, .L104
 1103 02c6 936D     		ldr	r3, [r2, #88]
 1104 02c8 23F08053 		bic	r3, r3, #268435456
 1105 02cc 9365     		str	r3, [r2, #88]
 1106 02ce 38E7     		b	.L60
 1107              	.LVL87:
 1108              	.L99:
 401:Drivers/STM32L4xx_HAL_Driver/Src/stm32l4xx_hal_rcc_ex.c ****     }
 1109              		.loc 1 401 7 is_stmt 0 view .LVU357
 1110              	.LBE4:
 583:Drivers/STM32L4xx_HAL_Driver/Src/stm32l4xx_hal_rcc_ex.c ****     }
 1111              		.loc 1 583 7 is_stmt 1 view .LVU358
 1112 02d0 D368     		ldr	r3, [r2, #12]
 1113 02d2 43F48013 		orr	r3, r3, #1048576
 1114 02d6 D360     		str	r3, [r2, #12]
ARM GAS  /tmp/ccxIXDAo.s 			page 88


 1115 02d8 BCE7     		b	.L79
 1116              	.L100:
 595:Drivers/STM32L4xx_HAL_Driver/Src/stm32l4xx_hal_rcc_ex.c **** 
 1117              		.loc 1 595 7 view .LVU359
 595:Drivers/STM32L4xx_HAL_Driver/Src/stm32l4xx_hal_rcc_ex.c **** 
 1118              		.loc 1 595 13 is_stmt 0 view .LVU360
 1119 02da 0121     		movs	r1, #1
 1120 02dc 201D     		adds	r0, r4, #4
 1121 02de FFF7FEFF 		bl	RCCEx_PLLSAI1_Config
 1122              	.LVL88:
 597:Drivers/STM32L4xx_HAL_Driver/Src/stm32l4xx_hal_rcc_ex.c ****       {
 1123              		.loc 1 597 7 is_stmt 1 view .LVU361
 597:Drivers/STM32L4xx_HAL_Driver/Src/stm32l4xx_hal_rcc_ex.c ****       {
 1124              		.loc 1 597 9 is_stmt 0 view .LVU362
 1125 02e2 0028     		cmp	r0, #0
 1126 02e4 B6D0     		beq	.L79
 600:Drivers/STM32L4xx_HAL_Driver/Src/stm32l4xx_hal_rcc_ex.c ****       }
 1127              		.loc 1 600 16 view .LVU363
 1128 02e6 0646     		mov	r6, r0
 1129              	.LVL89:
 600:Drivers/STM32L4xx_HAL_Driver/Src/stm32l4xx_hal_rcc_ex.c ****       }
 1130              		.loc 1 600 16 view .LVU364
 1131 02e8 B4E7     		b	.L79
 1132              	.LVL90:
 1133              	.L101:
 620:Drivers/STM32L4xx_HAL_Driver/Src/stm32l4xx_hal_rcc_ex.c ****     }
 1134              		.loc 1 620 7 is_stmt 1 view .LVU365
 1135 02ea D368     		ldr	r3, [r2, #12]
 1136 02ec 43F48013 		orr	r3, r3, #1048576
 1137 02f0 D360     		str	r3, [r2, #12]
 1138 02f2 C3E7     		b	.L81
 1139              	.L105:
 1140              		.align	2
 1141              	.L104:
 1142 02f4 00100240 		.word	1073876992
 1143 02f8 00700040 		.word	1073770496
 1144              	.L102:
 626:Drivers/STM32L4xx_HAL_Driver/Src/stm32l4xx_hal_rcc_ex.c **** 
 1145              		.loc 1 626 7 view .LVU366
 626:Drivers/STM32L4xx_HAL_Driver/Src/stm32l4xx_hal_rcc_ex.c **** 
 1146              		.loc 1 626 13 is_stmt 0 view .LVU367
 1147 02fc 0121     		movs	r1, #1
 1148 02fe 201D     		adds	r0, r4, #4
 1149 0300 FFF7FEFF 		bl	RCCEx_PLLSAI1_Config
 1150              	.LVL91:
 628:Drivers/STM32L4xx_HAL_Driver/Src/stm32l4xx_hal_rcc_ex.c ****       {
 1151              		.loc 1 628 7 is_stmt 1 view .LVU368
 628:Drivers/STM32L4xx_HAL_Driver/Src/stm32l4xx_hal_rcc_ex.c ****       {
 1152              		.loc 1 628 9 is_stmt 0 view .LVU369
 1153 0304 0028     		cmp	r0, #0
 1154 0306 B9D0     		beq	.L81
 631:Drivers/STM32L4xx_HAL_Driver/Src/stm32l4xx_hal_rcc_ex.c ****       }
 1155              		.loc 1 631 16 view .LVU370
 1156 0308 0646     		mov	r6, r0
 1157              	.LVL92:
 631:Drivers/STM32L4xx_HAL_Driver/Src/stm32l4xx_hal_rcc_ex.c ****       }
 1158              		.loc 1 631 16 view .LVU371
ARM GAS  /tmp/ccxIXDAo.s 			page 89


 1159 030a B7E7     		b	.L81
 1160              	.LVL93:
 1161              	.L103:
 655:Drivers/STM32L4xx_HAL_Driver/Src/stm32l4xx_hal_rcc_ex.c **** 
 1162              		.loc 1 655 7 is_stmt 1 view .LVU372
 655:Drivers/STM32L4xx_HAL_Driver/Src/stm32l4xx_hal_rcc_ex.c **** 
 1163              		.loc 1 655 13 is_stmt 0 view .LVU373
 1164 030c 0221     		movs	r1, #2
 1165 030e 201D     		adds	r0, r4, #4
 1166 0310 FFF7FEFF 		bl	RCCEx_PLLSAI1_Config
 1167              	.LVL94:
 657:Drivers/STM32L4xx_HAL_Driver/Src/stm32l4xx_hal_rcc_ex.c ****       {
 1168              		.loc 1 657 7 is_stmt 1 view .LVU374
 657:Drivers/STM32L4xx_HAL_Driver/Src/stm32l4xx_hal_rcc_ex.c ****       {
 1169              		.loc 1 657 9 is_stmt 0 view .LVU375
 1170 0314 0028     		cmp	r0, #0
 1171 0316 C2D0     		beq	.L83
 660:Drivers/STM32L4xx_HAL_Driver/Src/stm32l4xx_hal_rcc_ex.c ****       }
 1172              		.loc 1 660 16 view .LVU376
 1173 0318 0646     		mov	r6, r0
 1174              	.LVL95:
 660:Drivers/STM32L4xx_HAL_Driver/Src/stm32l4xx_hal_rcc_ex.c ****       }
 1175              		.loc 1 660 16 view .LVU377
 1176 031a C0E7     		b	.L83
 1177              		.cfi_endproc
 1178              	.LFE288:
 1180              		.section	.text.HAL_RCCEx_GetPeriphCLKConfig,"ax",%progbits
 1181              		.align	1
 1182              		.global	HAL_RCCEx_GetPeriphCLKConfig
 1183              		.syntax unified
 1184              		.thumb
 1185              		.thumb_func
 1187              	HAL_RCCEx_GetPeriphCLKConfig:
 1188              	.LVL96:
 1189              	.LFB289:
 825:Drivers/STM32L4xx_HAL_Driver/Src/stm32l4xx_hal_rcc_ex.c ****   /* Set all possible values for the extended clock type parameter------------*/
 1190              		.loc 1 825 1 is_stmt 1 view -0
 1191              		.cfi_startproc
 1192              		@ args = 0, pretend = 0, frame = 0
 1193              		@ frame_needed = 0, uses_anonymous_args = 0
 1194              		@ link register save eliminated.
 838:Drivers/STM32L4xx_HAL_Driver/Src/stm32l4xx_hal_rcc_ex.c ****                                         RCC_PERIPHCLK_LPUART1 | RCC_PERIPHCLK_I2C1   | RCC_PERIPHCL
 1195              		.loc 1 838 3 view .LVU379
 838:Drivers/STM32L4xx_HAL_Driver/Src/stm32l4xx_hal_rcc_ex.c ****                                         RCC_PERIPHCLK_LPUART1 | RCC_PERIPHCLK_I2C1   | RCC_PERIPHCL
 1196              		.loc 1 838 39 is_stmt 0 view .LVU380
 1197 0000 374B     		ldr	r3, .L107
 1198 0002 0360     		str	r3, [r0]
 930:Drivers/STM32L4xx_HAL_Driver/Src/stm32l4xx_hal_rcc_ex.c **** #if defined(RCC_PLLSAI1M_DIV_1_16_SUPPORT)
 1199              		.loc 1 930 3 is_stmt 1 view .LVU381
 930:Drivers/STM32L4xx_HAL_Driver/Src/stm32l4xx_hal_rcc_ex.c **** #if defined(RCC_PLLSAI1M_DIV_1_16_SUPPORT)
 1200              		.loc 1 930 42 is_stmt 0 view .LVU382
 1201 0004 374B     		ldr	r3, .L107+4
 1202 0006 DA68     		ldr	r2, [r3, #12]
 930:Drivers/STM32L4xx_HAL_Driver/Src/stm32l4xx_hal_rcc_ex.c **** #if defined(RCC_PLLSAI1M_DIV_1_16_SUPPORT)
 1203              		.loc 1 930 85 view .LVU383
 1204 0008 02F00302 		and	r2, r2, #3
 930:Drivers/STM32L4xx_HAL_Driver/Src/stm32l4xx_hal_rcc_ex.c **** #if defined(RCC_PLLSAI1M_DIV_1_16_SUPPORT)
ARM GAS  /tmp/ccxIXDAo.s 			page 90


 1205              		.loc 1 930 40 view .LVU384
 1206 000c 4260     		str	r2, [r0, #4]
 934:Drivers/STM32L4xx_HAL_Driver/Src/stm32l4xx_hal_rcc_ex.c **** #endif /* RCC_PLLSAI1M_DIV_1_16_SUPPORT */
 1207              		.loc 1 934 3 is_stmt 1 view .LVU385
 934:Drivers/STM32L4xx_HAL_Driver/Src/stm32l4xx_hal_rcc_ex.c **** #endif /* RCC_PLLSAI1M_DIV_1_16_SUPPORT */
 1208              		.loc 1 934 38 is_stmt 0 view .LVU386
 1209 000e DA68     		ldr	r2, [r3, #12]
 934:Drivers/STM32L4xx_HAL_Driver/Src/stm32l4xx_hal_rcc_ex.c **** #endif /* RCC_PLLSAI1M_DIV_1_16_SUPPORT */
 1210              		.loc 1 934 79 view .LVU387
 1211 0010 C2F30212 		ubfx	r2, r2, #4, #3
 934:Drivers/STM32L4xx_HAL_Driver/Src/stm32l4xx_hal_rcc_ex.c **** #endif /* RCC_PLLSAI1M_DIV_1_16_SUPPORT */
 1212              		.loc 1 934 104 view .LVU388
 1213 0014 0132     		adds	r2, r2, #1
 934:Drivers/STM32L4xx_HAL_Driver/Src/stm32l4xx_hal_rcc_ex.c **** #endif /* RCC_PLLSAI1M_DIV_1_16_SUPPORT */
 1214              		.loc 1 934 35 view .LVU389
 1215 0016 8260     		str	r2, [r0, #8]
 936:Drivers/STM32L4xx_HAL_Driver/Src/stm32l4xx_hal_rcc_ex.c ****   PeriphClkInit->PLLSAI1.PLLSAI1P = ((READ_BIT(RCC->PLLSAI1CFGR, RCC_PLLSAI1CFGR_PLLSAI1P) >> RCC_P
 1216              		.loc 1 936 3 is_stmt 1 view .LVU390
 936:Drivers/STM32L4xx_HAL_Driver/Src/stm32l4xx_hal_rcc_ex.c ****   PeriphClkInit->PLLSAI1.PLLSAI1P = ((READ_BIT(RCC->PLLSAI1CFGR, RCC_PLLSAI1CFGR_PLLSAI1P) >> RCC_P
 1217              		.loc 1 936 37 is_stmt 0 view .LVU391
 1218 0018 1A69     		ldr	r2, [r3, #16]
 936:Drivers/STM32L4xx_HAL_Driver/Src/stm32l4xx_hal_rcc_ex.c ****   PeriphClkInit->PLLSAI1.PLLSAI1P = ((READ_BIT(RCC->PLLSAI1CFGR, RCC_PLLSAI1CFGR_PLLSAI1P) >> RCC_P
 1219              		.loc 1 936 90 view .LVU392
 1220 001a C2F30622 		ubfx	r2, r2, #8, #7
 936:Drivers/STM32L4xx_HAL_Driver/Src/stm32l4xx_hal_rcc_ex.c ****   PeriphClkInit->PLLSAI1.PLLSAI1P = ((READ_BIT(RCC->PLLSAI1CFGR, RCC_PLLSAI1CFGR_PLLSAI1P) >> RCC_P
 1221              		.loc 1 936 35 view .LVU393
 1222 001e C260     		str	r2, [r0, #12]
 937:Drivers/STM32L4xx_HAL_Driver/Src/stm32l4xx_hal_rcc_ex.c ****   PeriphClkInit->PLLSAI1.PLLSAI1Q = ((READ_BIT(RCC->PLLSAI1CFGR, RCC_PLLSAI1CFGR_PLLSAI1Q) >> RCC_P
 1223              		.loc 1 937 3 is_stmt 1 view .LVU394
 937:Drivers/STM32L4xx_HAL_Driver/Src/stm32l4xx_hal_rcc_ex.c ****   PeriphClkInit->PLLSAI1.PLLSAI1Q = ((READ_BIT(RCC->PLLSAI1CFGR, RCC_PLLSAI1CFGR_PLLSAI1Q) >> RCC_P
 1224              		.loc 1 937 39 is_stmt 0 view .LVU395
 1225 0020 1A69     		ldr	r2, [r3, #16]
 937:Drivers/STM32L4xx_HAL_Driver/Src/stm32l4xx_hal_rcc_ex.c ****   PeriphClkInit->PLLSAI1.PLLSAI1Q = ((READ_BIT(RCC->PLLSAI1CFGR, RCC_PLLSAI1CFGR_PLLSAI1Q) >> RCC_P
 1226              		.loc 1 937 92 view .LVU396
 1227 0022 520C     		lsrs	r2, r2, #17
 937:Drivers/STM32L4xx_HAL_Driver/Src/stm32l4xx_hal_rcc_ex.c ****   PeriphClkInit->PLLSAI1.PLLSAI1Q = ((READ_BIT(RCC->PLLSAI1CFGR, RCC_PLLSAI1CFGR_PLLSAI1Q) >> RCC_P
 1228              		.loc 1 937 125 view .LVU397
 1229 0024 1201     		lsls	r2, r2, #4
 1230 0026 02F01002 		and	r2, r2, #16
 937:Drivers/STM32L4xx_HAL_Driver/Src/stm32l4xx_hal_rcc_ex.c ****   PeriphClkInit->PLLSAI1.PLLSAI1Q = ((READ_BIT(RCC->PLLSAI1CFGR, RCC_PLLSAI1CFGR_PLLSAI1Q) >> RCC_P
 1231              		.loc 1 937 132 view .LVU398
 1232 002a 0732     		adds	r2, r2, #7
 937:Drivers/STM32L4xx_HAL_Driver/Src/stm32l4xx_hal_rcc_ex.c ****   PeriphClkInit->PLLSAI1.PLLSAI1Q = ((READ_BIT(RCC->PLLSAI1CFGR, RCC_PLLSAI1CFGR_PLLSAI1Q) >> RCC_P
 1233              		.loc 1 937 35 view .LVU399
 1234 002c 0261     		str	r2, [r0, #16]
 938:Drivers/STM32L4xx_HAL_Driver/Src/stm32l4xx_hal_rcc_ex.c ****   PeriphClkInit->PLLSAI1.PLLSAI1R = ((READ_BIT(RCC->PLLSAI1CFGR, RCC_PLLSAI1CFGR_PLLSAI1R) >> RCC_P
 1235              		.loc 1 938 3 is_stmt 1 view .LVU400
 938:Drivers/STM32L4xx_HAL_Driver/Src/stm32l4xx_hal_rcc_ex.c ****   PeriphClkInit->PLLSAI1.PLLSAI1R = ((READ_BIT(RCC->PLLSAI1CFGR, RCC_PLLSAI1CFGR_PLLSAI1R) >> RCC_P
 1236              		.loc 1 938 39 is_stmt 0 view .LVU401
 1237 002e 1A69     		ldr	r2, [r3, #16]
 938:Drivers/STM32L4xx_HAL_Driver/Src/stm32l4xx_hal_rcc_ex.c ****   PeriphClkInit->PLLSAI1.PLLSAI1R = ((READ_BIT(RCC->PLLSAI1CFGR, RCC_PLLSAI1CFGR_PLLSAI1R) >> RCC_P
 1238              		.loc 1 938 92 view .LVU402
 1239 0030 C2F34152 		ubfx	r2, r2, #21, #2
 938:Drivers/STM32L4xx_HAL_Driver/Src/stm32l4xx_hal_rcc_ex.c ****   PeriphClkInit->PLLSAI1.PLLSAI1R = ((READ_BIT(RCC->PLLSAI1CFGR, RCC_PLLSAI1CFGR_PLLSAI1R) >> RCC_P
 1240              		.loc 1 938 125 view .LVU403
 1241 0034 0132     		adds	r2, r2, #1
 938:Drivers/STM32L4xx_HAL_Driver/Src/stm32l4xx_hal_rcc_ex.c ****   PeriphClkInit->PLLSAI1.PLLSAI1R = ((READ_BIT(RCC->PLLSAI1CFGR, RCC_PLLSAI1CFGR_PLLSAI1R) >> RCC_P
ARM GAS  /tmp/ccxIXDAo.s 			page 91


 1242              		.loc 1 938 131 view .LVU404
 1243 0036 5200     		lsls	r2, r2, #1
 938:Drivers/STM32L4xx_HAL_Driver/Src/stm32l4xx_hal_rcc_ex.c ****   PeriphClkInit->PLLSAI1.PLLSAI1R = ((READ_BIT(RCC->PLLSAI1CFGR, RCC_PLLSAI1CFGR_PLLSAI1R) >> RCC_P
 1244              		.loc 1 938 35 view .LVU405
 1245 0038 4261     		str	r2, [r0, #20]
 939:Drivers/STM32L4xx_HAL_Driver/Src/stm32l4xx_hal_rcc_ex.c **** 
 1246              		.loc 1 939 3 is_stmt 1 view .LVU406
 939:Drivers/STM32L4xx_HAL_Driver/Src/stm32l4xx_hal_rcc_ex.c **** 
 1247              		.loc 1 939 39 is_stmt 0 view .LVU407
 1248 003a 1A69     		ldr	r2, [r3, #16]
 939:Drivers/STM32L4xx_HAL_Driver/Src/stm32l4xx_hal_rcc_ex.c **** 
 1249              		.loc 1 939 92 view .LVU408
 1250 003c C2F34162 		ubfx	r2, r2, #25, #2
 939:Drivers/STM32L4xx_HAL_Driver/Src/stm32l4xx_hal_rcc_ex.c **** 
 1251              		.loc 1 939 125 view .LVU409
 1252 0040 0132     		adds	r2, r2, #1
 939:Drivers/STM32L4xx_HAL_Driver/Src/stm32l4xx_hal_rcc_ex.c **** 
 1253              		.loc 1 939 131 view .LVU410
 1254 0042 5200     		lsls	r2, r2, #1
 939:Drivers/STM32L4xx_HAL_Driver/Src/stm32l4xx_hal_rcc_ex.c **** 
 1255              		.loc 1 939 35 view .LVU411
 1256 0044 8261     		str	r2, [r0, #24]
 963:Drivers/STM32L4xx_HAL_Driver/Src/stm32l4xx_hal_rcc_ex.c ****   /* Get the USART2 clock source ---------------------------------------------*/
 1257              		.loc 1 963 3 is_stmt 1 view .LVU412
 963:Drivers/STM32L4xx_HAL_Driver/Src/stm32l4xx_hal_rcc_ex.c ****   /* Get the USART2 clock source ---------------------------------------------*/
 1258              		.loc 1 963 42 is_stmt 0 view .LVU413
 1259 0046 D3F88820 		ldr	r2, [r3, #136]
 1260 004a 02F00302 		and	r2, r2, #3
 963:Drivers/STM32L4xx_HAL_Driver/Src/stm32l4xx_hal_rcc_ex.c ****   /* Get the USART2 clock source ---------------------------------------------*/
 1261              		.loc 1 963 40 view .LVU414
 1262 004e 0262     		str	r2, [r0, #32]
 965:Drivers/STM32L4xx_HAL_Driver/Src/stm32l4xx_hal_rcc_ex.c **** 
 1263              		.loc 1 965 3 is_stmt 1 view .LVU415
 965:Drivers/STM32L4xx_HAL_Driver/Src/stm32l4xx_hal_rcc_ex.c **** 
 1264              		.loc 1 965 42 is_stmt 0 view .LVU416
 1265 0050 D3F88820 		ldr	r2, [r3, #136]
 1266 0054 02F00C02 		and	r2, r2, #12
 965:Drivers/STM32L4xx_HAL_Driver/Src/stm32l4xx_hal_rcc_ex.c **** 
 1267              		.loc 1 965 40 view .LVU417
 1268 0058 4262     		str	r2, [r0, #36]
 969:Drivers/STM32L4xx_HAL_Driver/Src/stm32l4xx_hal_rcc_ex.c **** #endif /* USART3 */
 1269              		.loc 1 969 3 is_stmt 1 view .LVU418
 969:Drivers/STM32L4xx_HAL_Driver/Src/stm32l4xx_hal_rcc_ex.c **** #endif /* USART3 */
 1270              		.loc 1 969 42 is_stmt 0 view .LVU419
 1271 005a D3F88820 		ldr	r2, [r3, #136]
 1272 005e 02F03002 		and	r2, r2, #48
 969:Drivers/STM32L4xx_HAL_Driver/Src/stm32l4xx_hal_rcc_ex.c **** #endif /* USART3 */
 1273              		.loc 1 969 40 view .LVU420
 1274 0062 8262     		str	r2, [r0, #40]
 983:Drivers/STM32L4xx_HAL_Driver/Src/stm32l4xx_hal_rcc_ex.c **** 
 1275              		.loc 1 983 3 is_stmt 1 view .LVU421
 983:Drivers/STM32L4xx_HAL_Driver/Src/stm32l4xx_hal_rcc_ex.c **** 
 1276              		.loc 1 983 42 is_stmt 0 view .LVU422
 1277 0064 D3F88820 		ldr	r2, [r3, #136]
 1278 0068 02F44062 		and	r2, r2, #3072
 983:Drivers/STM32L4xx_HAL_Driver/Src/stm32l4xx_hal_rcc_ex.c **** 
 1279              		.loc 1 983 40 view .LVU423
ARM GAS  /tmp/ccxIXDAo.s 			page 92


 1280 006c C262     		str	r2, [r0, #44]
 986:Drivers/STM32L4xx_HAL_Driver/Src/stm32l4xx_hal_rcc_ex.c **** 
 1281              		.loc 1 986 3 is_stmt 1 view .LVU424
 986:Drivers/STM32L4xx_HAL_Driver/Src/stm32l4xx_hal_rcc_ex.c **** 
 1282              		.loc 1 986 42 is_stmt 0 view .LVU425
 1283 006e D3F88820 		ldr	r2, [r3, #136]
 1284 0072 02F44052 		and	r2, r2, #12288
 986:Drivers/STM32L4xx_HAL_Driver/Src/stm32l4xx_hal_rcc_ex.c **** 
 1285              		.loc 1 986 40 view .LVU426
 1286 0076 0263     		str	r2, [r0, #48]
 990:Drivers/STM32L4xx_HAL_Driver/Src/stm32l4xx_hal_rcc_ex.c **** #endif /* I2C2 */
 1287              		.loc 1 990 3 is_stmt 1 view .LVU427
 990:Drivers/STM32L4xx_HAL_Driver/Src/stm32l4xx_hal_rcc_ex.c **** #endif /* I2C2 */
 1288              		.loc 1 990 42 is_stmt 0 view .LVU428
 1289 0078 D3F88820 		ldr	r2, [r3, #136]
 1290 007c 02F44042 		and	r2, r2, #49152
 990:Drivers/STM32L4xx_HAL_Driver/Src/stm32l4xx_hal_rcc_ex.c **** #endif /* I2C2 */
 1291              		.loc 1 990 40 view .LVU429
 1292 0080 4263     		str	r2, [r0, #52]
 994:Drivers/STM32L4xx_HAL_Driver/Src/stm32l4xx_hal_rcc_ex.c **** 
 1293              		.loc 1 994 3 is_stmt 1 view .LVU430
 994:Drivers/STM32L4xx_HAL_Driver/Src/stm32l4xx_hal_rcc_ex.c **** 
 1294              		.loc 1 994 42 is_stmt 0 view .LVU431
 1295 0082 D3F88820 		ldr	r2, [r3, #136]
 1296 0086 02F44032 		and	r2, r2, #196608
 994:Drivers/STM32L4xx_HAL_Driver/Src/stm32l4xx_hal_rcc_ex.c **** 
 1297              		.loc 1 994 40 view .LVU432
 1298 008a 8263     		str	r2, [r0, #56]
1002:Drivers/STM32L4xx_HAL_Driver/Src/stm32l4xx_hal_rcc_ex.c **** 
 1299              		.loc 1 1002 3 is_stmt 1 view .LVU433
1002:Drivers/STM32L4xx_HAL_Driver/Src/stm32l4xx_hal_rcc_ex.c **** 
 1300              		.loc 1 1002 42 is_stmt 0 view .LVU434
 1301 008c D3F88820 		ldr	r2, [r3, #136]
 1302 0090 02F44022 		and	r2, r2, #786432
1002:Drivers/STM32L4xx_HAL_Driver/Src/stm32l4xx_hal_rcc_ex.c **** 
 1303              		.loc 1 1002 40 view .LVU435
 1304 0094 C263     		str	r2, [r0, #60]
1005:Drivers/STM32L4xx_HAL_Driver/Src/stm32l4xx_hal_rcc_ex.c **** 
 1305              		.loc 1 1005 3 is_stmt 1 view .LVU436
1005:Drivers/STM32L4xx_HAL_Driver/Src/stm32l4xx_hal_rcc_ex.c **** 
 1306              		.loc 1 1005 42 is_stmt 0 view .LVU437
 1307 0096 D3F88820 		ldr	r2, [r3, #136]
 1308 009a 02F44012 		and	r2, r2, #3145728
1005:Drivers/STM32L4xx_HAL_Driver/Src/stm32l4xx_hal_rcc_ex.c **** 
 1309              		.loc 1 1005 40 view .LVU438
 1310 009e 0264     		str	r2, [r0, #64]
1009:Drivers/STM32L4xx_HAL_Driver/Src/stm32l4xx_hal_rcc_ex.c **** #endif /* SAI1 */
 1311              		.loc 1 1009 3 is_stmt 1 view .LVU439
1009:Drivers/STM32L4xx_HAL_Driver/Src/stm32l4xx_hal_rcc_ex.c **** #endif /* SAI1 */
 1312              		.loc 1 1009 42 is_stmt 0 view .LVU440
 1313 00a0 D3F88820 		ldr	r2, [r3, #136]
 1314 00a4 02F44002 		and	r2, r2, #12582912
1009:Drivers/STM32L4xx_HAL_Driver/Src/stm32l4xx_hal_rcc_ex.c **** #endif /* SAI1 */
 1315              		.loc 1 1009 40 view .LVU441
 1316 00a8 4264     		str	r2, [r0, #68]
1018:Drivers/STM32L4xx_HAL_Driver/Src/stm32l4xx_hal_rcc_ex.c **** 
 1317              		.loc 1 1018 3 is_stmt 1 view .LVU442
ARM GAS  /tmp/ccxIXDAo.s 			page 93


1018:Drivers/STM32L4xx_HAL_Driver/Src/stm32l4xx_hal_rcc_ex.c **** 
 1318              		.loc 1 1018 42 is_stmt 0 view .LVU443
 1319 00aa D3F89020 		ldr	r2, [r3, #144]
 1320 00ae 02F44072 		and	r2, r2, #768
1018:Drivers/STM32L4xx_HAL_Driver/Src/stm32l4xx_hal_rcc_ex.c **** 
 1321              		.loc 1 1018 40 view .LVU444
 1322 00b2 8265     		str	r2, [r0, #88]
1027:Drivers/STM32L4xx_HAL_Driver/Src/stm32l4xx_hal_rcc_ex.c **** #endif /* SDMMC1 */
 1323              		.loc 1 1027 3 is_stmt 1 view .LVU445
1027:Drivers/STM32L4xx_HAL_Driver/Src/stm32l4xx_hal_rcc_ex.c **** #endif /* SDMMC1 */
 1324              		.loc 1 1027 43 is_stmt 0 view .LVU446
 1325 00b4 D3F88820 		ldr	r2, [r3, #136]
 1326 00b8 02F04062 		and	r2, r2, #201326592
1027:Drivers/STM32L4xx_HAL_Driver/Src/stm32l4xx_hal_rcc_ex.c **** #endif /* SDMMC1 */
 1327              		.loc 1 1027 41 view .LVU447
 1328 00bc 8264     		str	r2, [r0, #72]
1031:Drivers/STM32L4xx_HAL_Driver/Src/stm32l4xx_hal_rcc_ex.c **** 
 1329              		.loc 1 1031 3 is_stmt 1 view .LVU448
1031:Drivers/STM32L4xx_HAL_Driver/Src/stm32l4xx_hal_rcc_ex.c **** 
 1330              		.loc 1 1031 40 is_stmt 0 view .LVU449
 1331 00be D3F88820 		ldr	r2, [r3, #136]
 1332 00c2 02F04062 		and	r2, r2, #201326592
1031:Drivers/STM32L4xx_HAL_Driver/Src/stm32l4xx_hal_rcc_ex.c **** 
 1333              		.loc 1 1031 38 view .LVU450
 1334 00c6 C264     		str	r2, [r0, #76]
1035:Drivers/STM32L4xx_HAL_Driver/Src/stm32l4xx_hal_rcc_ex.c **** #endif /* !STM32L412xx && !STM32L422xx */
 1335              		.loc 1 1035 3 is_stmt 1 view .LVU451
1035:Drivers/STM32L4xx_HAL_Driver/Src/stm32l4xx_hal_rcc_ex.c **** #endif /* !STM32L412xx && !STM32L422xx */
 1336              		.loc 1 1035 42 is_stmt 0 view .LVU452
 1337 00c8 D3F88820 		ldr	r2, [r3, #136]
 1338 00cc 02F04052 		and	r2, r2, #805306368
1035:Drivers/STM32L4xx_HAL_Driver/Src/stm32l4xx_hal_rcc_ex.c **** #endif /* !STM32L412xx && !STM32L422xx */
 1339              		.loc 1 1035 40 view .LVU453
 1340 00d0 0265     		str	r2, [r0, #80]
1040:Drivers/STM32L4xx_HAL_Driver/Src/stm32l4xx_hal_rcc_ex.c **** #endif /* SWPMI1 */
 1341              		.loc 1 1040 3 is_stmt 1 view .LVU454
1040:Drivers/STM32L4xx_HAL_Driver/Src/stm32l4xx_hal_rcc_ex.c **** #endif /* SWPMI1 */
 1342              		.loc 1 1040 42 is_stmt 0 view .LVU455
 1343 00d2 D3F88830 		ldr	r3, [r3, #136]
 1344 00d6 03F08043 		and	r3, r3, #1073741824
1040:Drivers/STM32L4xx_HAL_Driver/Src/stm32l4xx_hal_rcc_ex.c **** #endif /* SWPMI1 */
 1345              		.loc 1 1040 40 view .LVU456
 1346 00da 4365     		str	r3, [r0, #84]
1067:Drivers/STM32L4xx_HAL_Driver/Src/stm32l4xx_hal_rcc_ex.c **** 
 1347              		.loc 1 1067 1 view .LVU457
 1348 00dc 7047     		bx	lr
 1349              	.L108:
 1350 00de 00BF     		.align	2
 1351              	.L107:
 1352 00e0 E7CF0E00 		.word	970727
 1353 00e4 00100240 		.word	1073876992
 1354              		.cfi_endproc
 1355              	.LFE289:
 1357              		.section	.text.HAL_RCCEx_GetPeriphCLKFreq,"ax",%progbits
 1358              		.align	1
 1359              		.global	HAL_RCCEx_GetPeriphCLKFreq
 1360              		.syntax unified
ARM GAS  /tmp/ccxIXDAo.s 			page 94


 1361              		.thumb
 1362              		.thumb_func
 1364              	HAL_RCCEx_GetPeriphCLKFreq:
 1365              	.LVL97:
 1366              	.LFB290:
1151:Drivers/STM32L4xx_HAL_Driver/Src/stm32l4xx_hal_rcc_ex.c ****   uint32_t frequency = 0U;
 1367              		.loc 1 1151 1 is_stmt 1 view -0
 1368              		.cfi_startproc
 1369              		@ args = 0, pretend = 0, frame = 0
 1370              		@ frame_needed = 0, uses_anonymous_args = 0
1151:Drivers/STM32L4xx_HAL_Driver/Src/stm32l4xx_hal_rcc_ex.c ****   uint32_t frequency = 0U;
 1371              		.loc 1 1151 1 is_stmt 0 view .LVU459
 1372 0000 08B5     		push	{r3, lr}
 1373              		.cfi_def_cfa_offset 8
 1374              		.cfi_offset 3, -8
 1375              		.cfi_offset 14, -4
1152:Drivers/STM32L4xx_HAL_Driver/Src/stm32l4xx_hal_rcc_ex.c ****   uint32_t srcclk, pll_oscsource, pllvco, plln;    /* no init needed */
 1376              		.loc 1 1152 3 is_stmt 1 view .LVU460
 1377              	.LVL98:
1153:Drivers/STM32L4xx_HAL_Driver/Src/stm32l4xx_hal_rcc_ex.c **** #if defined(SDMMC1) && defined(RCC_CCIPR2_SDMMCSEL)
 1378              		.loc 1 1153 3 view .LVU461
1159:Drivers/STM32L4xx_HAL_Driver/Src/stm32l4xx_hal_rcc_ex.c **** 
 1379              		.loc 1 1159 3 view .LVU462
1161:Drivers/STM32L4xx_HAL_Driver/Src/stm32l4xx_hal_rcc_ex.c ****   {
 1380              		.loc 1 1161 3 view .LVU463
1161:Drivers/STM32L4xx_HAL_Driver/Src/stm32l4xx_hal_rcc_ex.c ****   {
 1381              		.loc 1 1161 5 is_stmt 0 view .LVU464
 1382 0002 B0F5003F 		cmp	r0, #131072
 1383 0006 1AD0     		beq	.L215
1206:Drivers/STM32L4xx_HAL_Driver/Src/stm32l4xx_hal_rcc_ex.c **** 
 1384              		.loc 1 1206 5 is_stmt 1 view .LVU465
1206:Drivers/STM32L4xx_HAL_Driver/Src/stm32l4xx_hal_rcc_ex.c **** 
 1385              		.loc 1 1206 21 is_stmt 0 view .LVU466
 1386 0008 9D4B     		ldr	r3, .L229
 1387 000a DB68     		ldr	r3, [r3, #12]
1206:Drivers/STM32L4xx_HAL_Driver/Src/stm32l4xx_hal_rcc_ex.c **** 
 1388              		.loc 1 1206 19 view .LVU467
 1389 000c 03F00303 		and	r3, r3, #3
 1390              	.LVL99:
1209:Drivers/STM32L4xx_HAL_Driver/Src/stm32l4xx_hal_rcc_ex.c ****     {
 1391              		.loc 1 1209 5 is_stmt 1 view .LVU468
 1392 0010 022B     		cmp	r3, #2
 1393 0012 45D0     		beq	.L114
 1394 0014 032B     		cmp	r3, #3
 1395 0016 4AD0     		beq	.L115
 1396 0018 012B     		cmp	r3, #1
 1397 001a 4FD1     		bne	.L185
1212:Drivers/STM32L4xx_HAL_Driver/Src/stm32l4xx_hal_rcc_ex.c ****       {
 1398              		.loc 1 1212 7 view .LVU469
1212:Drivers/STM32L4xx_HAL_Driver/Src/stm32l4xx_hal_rcc_ex.c ****       {
 1399              		.loc 1 1212 10 is_stmt 0 view .LVU470
 1400 001c 984B     		ldr	r3, .L229
 1401              	.LVL100:
1212:Drivers/STM32L4xx_HAL_Driver/Src/stm32l4xx_hal_rcc_ex.c ****       {
 1402              		.loc 1 1212 10 view .LVU471
 1403 001e 1968     		ldr	r1, [r3]
1212:Drivers/STM32L4xx_HAL_Driver/Src/stm32l4xx_hal_rcc_ex.c ****       {
ARM GAS  /tmp/ccxIXDAo.s 			page 95


 1404              		.loc 1 1212 9 view .LVU472
 1405 0020 11F00201 		ands	r1, r1, #2
 1406 0024 4BD0     		beq	.L116
1215:Drivers/STM32L4xx_HAL_Driver/Src/stm32l4xx_hal_rcc_ex.c ****       }
 1407              		.loc 1 1215 9 is_stmt 1 view .LVU473
1215:Drivers/STM32L4xx_HAL_Driver/Src/stm32l4xx_hal_rcc_ex.c ****       }
 1408              		.loc 1 1215 33 is_stmt 0 view .LVU474
 1409 0026 1B68     		ldr	r3, [r3]
1215:Drivers/STM32L4xx_HAL_Driver/Src/stm32l4xx_hal_rcc_ex.c ****       }
 1410              		.loc 1 1215 59 view .LVU475
 1411 0028 13F0080F 		tst	r3, #8
 1412 002c 32D0     		beq	.L117
1215:Drivers/STM32L4xx_HAL_Driver/Src/stm32l4xx_hal_rcc_ex.c ****       }
 1413              		.loc 1 1215 33 discriminator 1 view .LVU476
 1414 002e 944B     		ldr	r3, .L229
 1415 0030 1B68     		ldr	r3, [r3]
1215:Drivers/STM32L4xx_HAL_Driver/Src/stm32l4xx_hal_rcc_ex.c ****       }
 1416              		.loc 1 1215 59 discriminator 1 view .LVU477
 1417 0032 C3F30313 		ubfx	r3, r3, #4, #4
 1418              	.L118:
1215:Drivers/STM32L4xx_HAL_Driver/Src/stm32l4xx_hal_rcc_ex.c ****       }
 1419              		.loc 1 1215 16 discriminator 4 view .LVU478
 1420 0036 934A     		ldr	r2, .L229+4
 1421 0038 52F82310 		ldr	r1, [r2, r3, lsl #2]
 1422              	.LVL101:
1215:Drivers/STM32L4xx_HAL_Driver/Src/stm32l4xx_hal_rcc_ex.c ****       }
 1423              		.loc 1 1215 16 discriminator 4 view .LVU479
 1424 003c 3FE0     		b	.L116
 1425              	.LVL102:
 1426              	.L215:
1164:Drivers/STM32L4xx_HAL_Driver/Src/stm32l4xx_hal_rcc_ex.c **** 
 1427              		.loc 1 1164 5 is_stmt 1 view .LVU480
1164:Drivers/STM32L4xx_HAL_Driver/Src/stm32l4xx_hal_rcc_ex.c **** 
 1428              		.loc 1 1164 14 is_stmt 0 view .LVU481
 1429 003e 904B     		ldr	r3, .L229
 1430 0040 D3F89030 		ldr	r3, [r3, #144]
1164:Drivers/STM32L4xx_HAL_Driver/Src/stm32l4xx_hal_rcc_ex.c **** 
 1431              		.loc 1 1164 12 view .LVU482
 1432 0044 03F44073 		and	r3, r3, #768
 1433              	.LVL103:
1166:Drivers/STM32L4xx_HAL_Driver/Src/stm32l4xx_hal_rcc_ex.c ****     {
 1434              		.loc 1 1166 5 is_stmt 1 view .LVU483
 1435 0048 B3F5007F 		cmp	r3, #512
 1436 004c 10D0     		beq	.L111
 1437 004e B3F5407F 		cmp	r3, #768
 1438 0052 17D0     		beq	.L112
 1439 0054 B3F5807F 		cmp	r3, #256
 1440 0058 40F0B582 		bne	.L181
1170:Drivers/STM32L4xx_HAL_Driver/Src/stm32l4xx_hal_rcc_ex.c ****       {
 1441              		.loc 1 1170 7 view .LVU484
1170:Drivers/STM32L4xx_HAL_Driver/Src/stm32l4xx_hal_rcc_ex.c ****       {
 1442              		.loc 1 1170 10 is_stmt 0 view .LVU485
 1443 005c 884B     		ldr	r3, .L229
 1444              	.LVL104:
1170:Drivers/STM32L4xx_HAL_Driver/Src/stm32l4xx_hal_rcc_ex.c ****       {
 1445              		.loc 1 1170 10 view .LVU486
 1446 005e D3F89000 		ldr	r0, [r3, #144]
ARM GAS  /tmp/ccxIXDAo.s 			page 96


 1447              	.LVL105:
1170:Drivers/STM32L4xx_HAL_Driver/Src/stm32l4xx_hal_rcc_ex.c ****       {
 1448              		.loc 1 1170 9 view .LVU487
 1449 0062 10F00200 		ands	r0, r0, #2
 1450 0066 00F0B382 		beq	.L109
1172:Drivers/STM32L4xx_HAL_Driver/Src/stm32l4xx_hal_rcc_ex.c ****       }
 1451              		.loc 1 1172 19 view .LVU488
 1452 006a 4FF40040 		mov	r0, #32768
 1453 006e AFE2     		b	.L109
 1454              	.LVL106:
 1455              	.L111:
1177:Drivers/STM32L4xx_HAL_Driver/Src/stm32l4xx_hal_rcc_ex.c ****       {
 1456              		.loc 1 1177 7 is_stmt 1 view .LVU489
1177:Drivers/STM32L4xx_HAL_Driver/Src/stm32l4xx_hal_rcc_ex.c ****       {
 1457              		.loc 1 1177 10 is_stmt 0 view .LVU490
 1458 0070 834B     		ldr	r3, .L229
 1459              	.LVL107:
1177:Drivers/STM32L4xx_HAL_Driver/Src/stm32l4xx_hal_rcc_ex.c ****       {
 1460              		.loc 1 1177 10 view .LVU491
 1461 0072 D3F89400 		ldr	r0, [r3, #148]
 1462              	.LVL108:
1177:Drivers/STM32L4xx_HAL_Driver/Src/stm32l4xx_hal_rcc_ex.c ****       {
 1463              		.loc 1 1177 9 view .LVU492
 1464 0076 10F00200 		ands	r0, r0, #2
 1465 007a 00F0A982 		beq	.L109
1187:Drivers/STM32L4xx_HAL_Driver/Src/stm32l4xx_hal_rcc_ex.c ****         }
 1466              		.loc 1 1187 21 view .LVU493
 1467 007e 4FF4FA40 		mov	r0, #32000
 1468 0082 A5E2     		b	.L109
 1469              	.LVL109:
 1470              	.L112:
1193:Drivers/STM32L4xx_HAL_Driver/Src/stm32l4xx_hal_rcc_ex.c ****       {
 1471              		.loc 1 1193 7 is_stmt 1 view .LVU494
1193:Drivers/STM32L4xx_HAL_Driver/Src/stm32l4xx_hal_rcc_ex.c ****       {
 1472              		.loc 1 1193 10 is_stmt 0 view .LVU495
 1473 0084 7E4B     		ldr	r3, .L229
 1474              	.LVL110:
1193:Drivers/STM32L4xx_HAL_Driver/Src/stm32l4xx_hal_rcc_ex.c ****       {
 1475              		.loc 1 1193 10 view .LVU496
 1476 0086 1868     		ldr	r0, [r3]
 1477              	.LVL111:
1193:Drivers/STM32L4xx_HAL_Driver/Src/stm32l4xx_hal_rcc_ex.c ****       {
 1478              		.loc 1 1193 9 view .LVU497
 1479 0088 10F40030 		ands	r0, r0, #131072
 1480 008c 00F0A082 		beq	.L109
1195:Drivers/STM32L4xx_HAL_Driver/Src/stm32l4xx_hal_rcc_ex.c ****       }
 1481              		.loc 1 1195 19 view .LVU498
 1482 0090 7D48     		ldr	r0, .L229+8
 1483 0092 9DE2     		b	.L109
 1484              	.LVL112:
 1485              	.L117:
1215:Drivers/STM32L4xx_HAL_Driver/Src/stm32l4xx_hal_rcc_ex.c ****       }
 1486              		.loc 1 1215 33 discriminator 2 view .LVU499
 1487 0094 7A4B     		ldr	r3, .L229
 1488 0096 D3F89430 		ldr	r3, [r3, #148]
1215:Drivers/STM32L4xx_HAL_Driver/Src/stm32l4xx_hal_rcc_ex.c ****       }
 1489              		.loc 1 1215 59 discriminator 2 view .LVU500
ARM GAS  /tmp/ccxIXDAo.s 			page 97


 1490 009a C3F30323 		ubfx	r3, r3, #8, #4
 1491 009e CAE7     		b	.L118
 1492              	.LVL113:
 1493              	.L114:
1223:Drivers/STM32L4xx_HAL_Driver/Src/stm32l4xx_hal_rcc_ex.c ****       {
 1494              		.loc 1 1223 7 is_stmt 1 view .LVU501
1223:Drivers/STM32L4xx_HAL_Driver/Src/stm32l4xx_hal_rcc_ex.c ****       {
 1495              		.loc 1 1223 10 is_stmt 0 view .LVU502
 1496 00a0 774B     		ldr	r3, .L229
 1497              	.LVL114:
1223:Drivers/STM32L4xx_HAL_Driver/Src/stm32l4xx_hal_rcc_ex.c ****       {
 1498              		.loc 1 1223 10 view .LVU503
 1499 00a2 1968     		ldr	r1, [r3]
1223:Drivers/STM32L4xx_HAL_Driver/Src/stm32l4xx_hal_rcc_ex.c ****       {
 1500              		.loc 1 1223 9 view .LVU504
 1501 00a4 11F48061 		ands	r1, r1, #1024
 1502 00a8 09D0     		beq	.L116
1225:Drivers/STM32L4xx_HAL_Driver/Src/stm32l4xx_hal_rcc_ex.c ****       }
 1503              		.loc 1 1225 16 view .LVU505
 1504 00aa 7849     		ldr	r1, .L229+12
 1505 00ac 07E0     		b	.L116
 1506              	.LVL115:
 1507              	.L115:
1233:Drivers/STM32L4xx_HAL_Driver/Src/stm32l4xx_hal_rcc_ex.c ****       {
 1508              		.loc 1 1233 7 is_stmt 1 view .LVU506
1233:Drivers/STM32L4xx_HAL_Driver/Src/stm32l4xx_hal_rcc_ex.c ****       {
 1509              		.loc 1 1233 10 is_stmt 0 view .LVU507
 1510 00ae 744B     		ldr	r3, .L229
 1511              	.LVL116:
1233:Drivers/STM32L4xx_HAL_Driver/Src/stm32l4xx_hal_rcc_ex.c ****       {
 1512              		.loc 1 1233 10 view .LVU508
 1513 00b0 1968     		ldr	r1, [r3]
1233:Drivers/STM32L4xx_HAL_Driver/Src/stm32l4xx_hal_rcc_ex.c ****       {
 1514              		.loc 1 1233 9 view .LVU509
 1515 00b2 11F40031 		ands	r1, r1, #131072
 1516 00b6 02D0     		beq	.L116
1235:Drivers/STM32L4xx_HAL_Driver/Src/stm32l4xx_hal_rcc_ex.c ****       }
 1517              		.loc 1 1235 16 view .LVU510
 1518 00b8 7549     		ldr	r1, .L229+16
 1519 00ba 00E0     		b	.L116
 1520              	.LVL117:
 1521              	.L185:
1209:Drivers/STM32L4xx_HAL_Driver/Src/stm32l4xx_hal_rcc_ex.c ****     {
 1522              		.loc 1 1209 5 view .LVU511
 1523 00bc 0021     		movs	r1, #0
 1524              	.LVL118:
 1525              	.L116:
1248:Drivers/STM32L4xx_HAL_Driver/Src/stm32l4xx_hal_rcc_ex.c ****     {
 1526              		.loc 1 1248 5 is_stmt 1 view .LVU512
 1527 00be B0F5807F 		cmp	r0, #256
 1528 00c2 00F00B82 		beq	.L119
 1529 00c6 2AD9     		bls	.L216
 1530 00c8 B0F5804F 		cmp	r0, #16384
 1531 00cc 00F0B281 		beq	.L129
 1532 00d0 6CD8     		bhi	.L130
 1533 00d2 B0F5806F 		cmp	r0, #1024
 1534 00d6 00F03C82 		beq	.L131
ARM GAS  /tmp/ccxIXDAo.s 			page 98


 1535 00da B0F5006F 		cmp	r0, #2048
 1536 00de 7CD0     		beq	.L132
 1537 00e0 B0F5007F 		cmp	r0, #512
 1538 00e4 60D1     		bne	.L217
1862:Drivers/STM32L4xx_HAL_Driver/Src/stm32l4xx_hal_rcc_ex.c **** 
 1539              		.loc 1 1862 9 view .LVU513
1862:Drivers/STM32L4xx_HAL_Driver/Src/stm32l4xx_hal_rcc_ex.c **** 
 1540              		.loc 1 1862 18 is_stmt 0 view .LVU514
 1541 00e6 664B     		ldr	r3, .L229
 1542 00e8 D3F88830 		ldr	r3, [r3, #136]
1862:Drivers/STM32L4xx_HAL_Driver/Src/stm32l4xx_hal_rcc_ex.c **** 
 1543              		.loc 1 1862 16 view .LVU515
 1544 00ec 03F44023 		and	r3, r3, #786432
 1545              	.LVL119:
1864:Drivers/STM32L4xx_HAL_Driver/Src/stm32l4xx_hal_rcc_ex.c ****         {
 1546              		.loc 1 1864 9 is_stmt 1 view .LVU516
 1547 00f0 B3F5002F 		cmp	r3, #524288
 1548 00f4 00F02682 		beq	.L169
 1549 00f8 00F20C82 		bhi	.L170
 1550 00fc 002B     		cmp	r3, #0
 1551 00fe 00F01782 		beq	.L171
 1552 0102 B3F5802F 		cmp	r3, #262144
 1553 0106 40F00382 		bne	.L218
1870:Drivers/STM32L4xx_HAL_Driver/Src/stm32l4xx_hal_rcc_ex.c ****           {
 1554              		.loc 1 1870 11 view .LVU517
1870:Drivers/STM32L4xx_HAL_Driver/Src/stm32l4xx_hal_rcc_ex.c ****           {
 1555              		.loc 1 1870 14 is_stmt 0 view .LVU518
 1556 010a 5D4B     		ldr	r3, .L229
 1557              	.LVL120:
1870:Drivers/STM32L4xx_HAL_Driver/Src/stm32l4xx_hal_rcc_ex.c ****           {
 1558              		.loc 1 1870 14 view .LVU519
 1559 010c D3F89400 		ldr	r0, [r3, #148]
 1560              	.LVL121:
1870:Drivers/STM32L4xx_HAL_Driver/Src/stm32l4xx_hal_rcc_ex.c ****           {
 1561              		.loc 1 1870 13 view .LVU520
 1562 0110 10F00200 		ands	r0, r0, #2
 1563 0114 00F05C82 		beq	.L109
1880:Drivers/STM32L4xx_HAL_Driver/Src/stm32l4xx_hal_rcc_ex.c ****             }
 1564              		.loc 1 1880 25 view .LVU521
 1565 0118 4FF4FA40 		mov	r0, #32000
 1566 011c 58E2     		b	.L109
 1567              	.LVL122:
 1568              	.L216:
1248:Drivers/STM32L4xx_HAL_Driver/Src/stm32l4xx_hal_rcc_ex.c ****     {
 1569              		.loc 1 1248 5 view .LVU522
 1570 011e 2028     		cmp	r0, #32
 1571 0120 28D8     		bhi	.L121
 1572 0122 0028     		cmp	r0, #0
 1573 0124 00F05182 		beq	.L186
 1574 0128 0138     		subs	r0, r0, #1
 1575              	.LVL123:
1248:Drivers/STM32L4xx_HAL_Driver/Src/stm32l4xx_hal_rcc_ex.c ****     {
 1576              		.loc 1 1248 5 view .LVU523
 1577 012a 1F28     		cmp	r0, #31
 1578 012c 00F24F82 		bhi	.L187
 1579 0130 DFE810F0 		tbh	[pc, r0, lsl #1]
 1580              	.L123:
ARM GAS  /tmp/ccxIXDAo.s 			page 99


 1581 0134 D800     		.2byte	(.L126-.L123)/2
 1582 0136 FC00     		.2byte	(.L125-.L123)/2
 1583 0138 4D02     		.2byte	(.L187-.L123)/2
 1584 013a 2B01     		.2byte	(.L124-.L123)/2
 1585 013c 4D02     		.2byte	(.L187-.L123)/2
 1586 013e 4D02     		.2byte	(.L187-.L123)/2
 1587 0140 4D02     		.2byte	(.L187-.L123)/2
 1588 0142 4D02     		.2byte	(.L187-.L123)/2
 1589 0144 4D02     		.2byte	(.L187-.L123)/2
 1590 0146 4D02     		.2byte	(.L187-.L123)/2
 1591 0148 4D02     		.2byte	(.L187-.L123)/2
 1592 014a 4D02     		.2byte	(.L187-.L123)/2
 1593 014c 4D02     		.2byte	(.L187-.L123)/2
 1594 014e 4D02     		.2byte	(.L187-.L123)/2
 1595 0150 4D02     		.2byte	(.L187-.L123)/2
 1596 0152 4D02     		.2byte	(.L187-.L123)/2
 1597 0154 4D02     		.2byte	(.L187-.L123)/2
 1598 0156 4D02     		.2byte	(.L187-.L123)/2
 1599 0158 4D02     		.2byte	(.L187-.L123)/2
 1600 015a 4D02     		.2byte	(.L187-.L123)/2
 1601 015c 4D02     		.2byte	(.L187-.L123)/2
 1602 015e 4D02     		.2byte	(.L187-.L123)/2
 1603 0160 4D02     		.2byte	(.L187-.L123)/2
 1604 0162 4D02     		.2byte	(.L187-.L123)/2
 1605 0164 4D02     		.2byte	(.L187-.L123)/2
 1606 0166 4D02     		.2byte	(.L187-.L123)/2
 1607 0168 4D02     		.2byte	(.L187-.L123)/2
 1608 016a 4D02     		.2byte	(.L187-.L123)/2
 1609 016c 4D02     		.2byte	(.L187-.L123)/2
 1610 016e 4D02     		.2byte	(.L187-.L123)/2
 1611 0170 4D02     		.2byte	(.L187-.L123)/2
 1612 0172 5401     		.2byte	(.L122-.L123)/2
 1613              	.LVL124:
 1614              		.p2align 1
 1615              	.L121:
1248:Drivers/STM32L4xx_HAL_Driver/Src/stm32l4xx_hal_rcc_ex.c ****     {
 1616              		.loc 1 1248 5 view .LVU524
 1617 0174 4028     		cmp	r0, #64
 1618 0176 00F08B81 		beq	.L127
 1619 017a 8028     		cmp	r0, #128
 1620 017c 12D1     		bne	.L219
1775:Drivers/STM32L4xx_HAL_Driver/Src/stm32l4xx_hal_rcc_ex.c **** 
 1621              		.loc 1 1775 9 is_stmt 1 view .LVU525
1775:Drivers/STM32L4xx_HAL_Driver/Src/stm32l4xx_hal_rcc_ex.c **** 
 1622              		.loc 1 1775 18 is_stmt 0 view .LVU526
 1623 017e 404B     		ldr	r3, .L229
 1624 0180 D3F88830 		ldr	r3, [r3, #136]
1775:Drivers/STM32L4xx_HAL_Driver/Src/stm32l4xx_hal_rcc_ex.c **** 
 1625              		.loc 1 1775 16 view .LVU527
 1626 0184 03F44043 		and	r3, r3, #49152
 1627              	.LVL125:
1777:Drivers/STM32L4xx_HAL_Driver/Src/stm32l4xx_hal_rcc_ex.c ****         {
 1628              		.loc 1 1777 9 is_stmt 1 view .LVU528
 1629 0188 B3F5804F 		cmp	r3, #16384
 1630 018c 00F09C81 		beq	.L165
 1631 0190 B3F5004F 		cmp	r3, #32768
 1632 0194 00F09B81 		beq	.L166
ARM GAS  /tmp/ccxIXDAo.s 			page 100


 1633 0198 002B     		cmp	r3, #0
 1634 019a 40F02482 		bne	.L203
1780:Drivers/STM32L4xx_HAL_Driver/Src/stm32l4xx_hal_rcc_ex.c ****           break;
 1635              		.loc 1 1780 11 view .LVU529
1780:Drivers/STM32L4xx_HAL_Driver/Src/stm32l4xx_hal_rcc_ex.c ****           break;
 1636              		.loc 1 1780 23 is_stmt 0 view .LVU530
 1637 019e FFF7FEFF 		bl	HAL_RCC_GetPCLK1Freq
 1638              	.LVL126:
1781:Drivers/STM32L4xx_HAL_Driver/Src/stm32l4xx_hal_rcc_ex.c ****         case RCC_I2C2CLKSOURCE_SYSCLK:
 1639              		.loc 1 1781 11 is_stmt 1 view .LVU531
 1640 01a2 15E2     		b	.L109
 1641              	.LVL127:
 1642              	.L219:
1248:Drivers/STM32L4xx_HAL_Driver/Src/stm32l4xx_hal_rcc_ex.c ****     {
 1643              		.loc 1 1248 5 is_stmt 0 view .LVU532
 1644 01a4 0020     		movs	r0, #0
 1645              	.LVL128:
1248:Drivers/STM32L4xx_HAL_Driver/Src/stm32l4xx_hal_rcc_ex.c ****     {
 1646              		.loc 1 1248 5 view .LVU533
 1647 01a6 13E2     		b	.L109
 1648              	.LVL129:
 1649              	.L217:
1248:Drivers/STM32L4xx_HAL_Driver/Src/stm32l4xx_hal_rcc_ex.c ****     {
 1650              		.loc 1 1248 5 view .LVU534
 1651 01a8 0020     		movs	r0, #0
 1652              	.LVL130:
1248:Drivers/STM32L4xx_HAL_Driver/Src/stm32l4xx_hal_rcc_ex.c ****     {
 1653              		.loc 1 1248 5 view .LVU535
 1654 01aa 11E2     		b	.L109
 1655              	.LVL131:
 1656              	.L130:
1248:Drivers/STM32L4xx_HAL_Driver/Src/stm32l4xx_hal_rcc_ex.c ****     {
 1657              		.loc 1 1248 5 view .LVU536
 1658 01ac B0F5802F 		cmp	r0, #262144
 1659 01b0 18D0     		beq	.L134
 1660 01b2 B0F5002F 		cmp	r0, #524288
 1661 01b6 15D0     		beq	.L134
 1662 01b8 B0F5004F 		cmp	r0, #32768
 1663 01bc 0BD1     		bne	.L220
1954:Drivers/STM32L4xx_HAL_Driver/Src/stm32l4xx_hal_rcc_ex.c **** 
 1664              		.loc 1 1954 9 is_stmt 1 view .LVU537
1954:Drivers/STM32L4xx_HAL_Driver/Src/stm32l4xx_hal_rcc_ex.c **** 
 1665              		.loc 1 1954 18 is_stmt 0 view .LVU538
 1666 01be 304B     		ldr	r3, .L229
 1667 01c0 D3F88830 		ldr	r3, [r3, #136]
 1668              	.LVL132:
1956:Drivers/STM32L4xx_HAL_Driver/Src/stm32l4xx_hal_rcc_ex.c ****         {
 1669              		.loc 1 1956 9 is_stmt 1 view .LVU539
 1670 01c4 13F08043 		ands	r3, r3, #1073741824
 1671              	.LVL133:
1956:Drivers/STM32L4xx_HAL_Driver/Src/stm32l4xx_hal_rcc_ex.c ****         {
 1672              		.loc 1 1956 9 is_stmt 0 view .LVU540
 1673 01c8 00F0F381 		beq	.L179
 1674 01cc 002B     		cmp	r3, #0
 1675 01ce 40F0F381 		bne	.L180
 1676 01d2 0020     		movs	r0, #0
 1677              	.LVL134:
ARM GAS  /tmp/ccxIXDAo.s 			page 101


1956:Drivers/STM32L4xx_HAL_Driver/Src/stm32l4xx_hal_rcc_ex.c ****         {
 1678              		.loc 1 1956 9 view .LVU541
 1679 01d4 FCE1     		b	.L109
 1680              	.LVL135:
 1681              	.L220:
1248:Drivers/STM32L4xx_HAL_Driver/Src/stm32l4xx_hal_rcc_ex.c ****     {
 1682              		.loc 1 1248 5 view .LVU542
 1683 01d6 0020     		movs	r0, #0
 1684              	.LVL136:
1248:Drivers/STM32L4xx_HAL_Driver/Src/stm32l4xx_hal_rcc_ex.c ****     {
 1685              		.loc 1 1248 5 view .LVU543
 1686 01d8 FAE1     		b	.L109
 1687              	.LVL137:
 1688              	.L132:
1253:Drivers/STM32L4xx_HAL_Driver/Src/stm32l4xx_hal_rcc_ex.c ****       break;
 1689              		.loc 1 1253 7 is_stmt 1 view .LVU544
1253:Drivers/STM32L4xx_HAL_Driver/Src/stm32l4xx_hal_rcc_ex.c ****       break;
 1690              		.loc 1 1253 19 is_stmt 0 view .LVU545
 1691 01da 4FF40060 		mov	r0, #2048
 1692              	.LVL138:
1253:Drivers/STM32L4xx_HAL_Driver/Src/stm32l4xx_hal_rcc_ex.c ****       break;
 1693              		.loc 1 1253 19 view .LVU546
 1694 01de FFF7FEFF 		bl	RCCEx_GetSAIxPeriphCLKFreq
 1695              	.LVL139:
1254:Drivers/STM32L4xx_HAL_Driver/Src/stm32l4xx_hal_rcc_ex.c **** 
 1696              		.loc 1 1254 7 is_stmt 1 view .LVU547
 1697 01e2 F5E1     		b	.L109
 1698              	.LVL140:
 1699              	.L134:
1280:Drivers/STM32L4xx_HAL_Driver/Src/stm32l4xx_hal_rcc_ex.c **** 
 1700              		.loc 1 1280 9 view .LVU548
1280:Drivers/STM32L4xx_HAL_Driver/Src/stm32l4xx_hal_rcc_ex.c **** 
 1701              		.loc 1 1280 18 is_stmt 0 view .LVU549
 1702 01e4 264B     		ldr	r3, .L229
 1703 01e6 D3F88830 		ldr	r3, [r3, #136]
1280:Drivers/STM32L4xx_HAL_Driver/Src/stm32l4xx_hal_rcc_ex.c **** 
 1704              		.loc 1 1280 16 view .LVU550
 1705 01ea 03F04063 		and	r3, r3, #201326592
 1706              	.LVL141:
1282:Drivers/STM32L4xx_HAL_Driver/Src/stm32l4xx_hal_rcc_ex.c ****         {
 1707              		.loc 1 1282 9 is_stmt 1 view .LVU551
 1708 01ee B3F1006F 		cmp	r3, #134217728
 1709 01f2 4FD0     		beq	.L136
 1710 01f4 25D8     		bhi	.L137
 1711 01f6 002B     		cmp	r3, #0
 1712 01f8 6BD0     		beq	.L138
 1713 01fa B3F1806F 		cmp	r3, #67108864
 1714 01fe 1ED1     		bne	.L221
1306:Drivers/STM32L4xx_HAL_Driver/Src/stm32l4xx_hal_rcc_ex.c ****           {
 1715              		.loc 1 1306 11 view .LVU552
1306:Drivers/STM32L4xx_HAL_Driver/Src/stm32l4xx_hal_rcc_ex.c ****           {
 1716              		.loc 1 1306 14 is_stmt 0 view .LVU553
 1717 0200 1F4B     		ldr	r3, .L229
 1718              	.LVL142:
1306:Drivers/STM32L4xx_HAL_Driver/Src/stm32l4xx_hal_rcc_ex.c ****           {
 1719              		.loc 1 1306 14 view .LVU554
 1720 0202 1868     		ldr	r0, [r3]
ARM GAS  /tmp/ccxIXDAo.s 			page 102


 1721              	.LVL143:
1306:Drivers/STM32L4xx_HAL_Driver/Src/stm32l4xx_hal_rcc_ex.c ****           {
 1722              		.loc 1 1306 13 view .LVU555
 1723 0204 10F00060 		ands	r0, r0, #134217728
 1724 0208 00F0E281 		beq	.L109
1308:Drivers/STM32L4xx_HAL_Driver/Src/stm32l4xx_hal_rcc_ex.c ****             {
 1725              		.loc 1 1308 13 is_stmt 1 view .LVU556
1308:Drivers/STM32L4xx_HAL_Driver/Src/stm32l4xx_hal_rcc_ex.c ****             {
 1726              		.loc 1 1308 16 is_stmt 0 view .LVU557
 1727 020c 1869     		ldr	r0, [r3, #16]
1308:Drivers/STM32L4xx_HAL_Driver/Src/stm32l4xx_hal_rcc_ex.c ****             {
 1728              		.loc 1 1308 15 view .LVU558
 1729 020e 10F48010 		ands	r0, r0, #1048576
 1730 0212 00F0DD81 		beq	.L109
1310:Drivers/STM32L4xx_HAL_Driver/Src/stm32l4xx_hal_rcc_ex.c **** #if defined(RCC_PLLSAI1M_DIV_1_16_SUPPORT)
 1731              		.loc 1 1310 15 is_stmt 1 view .LVU559
1310:Drivers/STM32L4xx_HAL_Driver/Src/stm32l4xx_hal_rcc_ex.c **** #if defined(RCC_PLLSAI1M_DIV_1_16_SUPPORT)
 1732              		.loc 1 1310 22 is_stmt 0 view .LVU560
 1733 0216 1A46     		mov	r2, r3
 1734 0218 1B69     		ldr	r3, [r3, #16]
1310:Drivers/STM32L4xx_HAL_Driver/Src/stm32l4xx_hal_rcc_ex.c **** #if defined(RCC_PLLSAI1M_DIV_1_16_SUPPORT)
 1735              		.loc 1 1310 20 view .LVU561
 1736 021a C3F30623 		ubfx	r3, r3, #8, #7
 1737              	.LVL144:
1317:Drivers/STM32L4xx_HAL_Driver/Src/stm32l4xx_hal_rcc_ex.c **** #endif
 1738              		.loc 1 1317 15 is_stmt 1 view .LVU562
1317:Drivers/STM32L4xx_HAL_Driver/Src/stm32l4xx_hal_rcc_ex.c **** #endif
 1739              		.loc 1 1317 33 is_stmt 0 view .LVU563
 1740 021e 03FB01F0 		mul	r0, r3, r1
1317:Drivers/STM32L4xx_HAL_Driver/Src/stm32l4xx_hal_rcc_ex.c **** #endif
 1741              		.loc 1 1317 45 view .LVU564
 1742 0222 D368     		ldr	r3, [r2, #12]
 1743              	.LVL145:
1317:Drivers/STM32L4xx_HAL_Driver/Src/stm32l4xx_hal_rcc_ex.c **** #endif
 1744              		.loc 1 1317 86 view .LVU565
 1745 0224 C3F30213 		ubfx	r3, r3, #4, #3
1317:Drivers/STM32L4xx_HAL_Driver/Src/stm32l4xx_hal_rcc_ex.c **** #endif
 1746              		.loc 1 1317 111 view .LVU566
 1747 0228 0133     		adds	r3, r3, #1
1317:Drivers/STM32L4xx_HAL_Driver/Src/stm32l4xx_hal_rcc_ex.c **** #endif
 1748              		.loc 1 1317 22 view .LVU567
 1749 022a B0FBF3F0 		udiv	r0, r0, r3
 1750              	.LVL146:
1320:Drivers/STM32L4xx_HAL_Driver/Src/stm32l4xx_hal_rcc_ex.c ****             }
 1751              		.loc 1 1320 15 is_stmt 1 view .LVU568
1320:Drivers/STM32L4xx_HAL_Driver/Src/stm32l4xx_hal_rcc_ex.c ****             }
 1752              		.loc 1 1320 40 is_stmt 0 view .LVU569
 1753 022e 1369     		ldr	r3, [r2, #16]
1320:Drivers/STM32L4xx_HAL_Driver/Src/stm32l4xx_hal_rcc_ex.c ****             }
 1754              		.loc 1 1320 93 view .LVU570
 1755 0230 C3F34153 		ubfx	r3, r3, #21, #2
1320:Drivers/STM32L4xx_HAL_Driver/Src/stm32l4xx_hal_rcc_ex.c ****             }
 1756              		.loc 1 1320 126 view .LVU571
 1757 0234 0133     		adds	r3, r3, #1
1320:Drivers/STM32L4xx_HAL_Driver/Src/stm32l4xx_hal_rcc_ex.c ****             }
 1758              		.loc 1 1320 132 view .LVU572
 1759 0236 5B00     		lsls	r3, r3, #1
ARM GAS  /tmp/ccxIXDAo.s 			page 103


1320:Drivers/STM32L4xx_HAL_Driver/Src/stm32l4xx_hal_rcc_ex.c ****             }
 1760              		.loc 1 1320 25 view .LVU573
 1761 0238 B0FBF3F0 		udiv	r0, r0, r3
 1762              	.LVL147:
1320:Drivers/STM32L4xx_HAL_Driver/Src/stm32l4xx_hal_rcc_ex.c ****             }
 1763              		.loc 1 1320 25 view .LVU574
 1764 023c C8E1     		b	.L109
 1765              	.LVL148:
 1766              	.L221:
1282:Drivers/STM32L4xx_HAL_Driver/Src/stm32l4xx_hal_rcc_ex.c ****         {
 1767              		.loc 1 1282 9 view .LVU575
 1768 023e 0020     		movs	r0, #0
 1769              	.LVL149:
1282:Drivers/STM32L4xx_HAL_Driver/Src/stm32l4xx_hal_rcc_ex.c ****         {
 1770              		.loc 1 1282 9 view .LVU576
 1771 0240 C6E1     		b	.L109
 1772              	.LVL150:
 1773              	.L137:
1282:Drivers/STM32L4xx_HAL_Driver/Src/stm32l4xx_hal_rcc_ex.c ****         {
 1774              		.loc 1 1282 9 view .LVU577
 1775 0242 B3F1406F 		cmp	r3, #201326592
 1776 0246 40F0C481 		bne	.L188
1285:Drivers/STM32L4xx_HAL_Driver/Src/stm32l4xx_hal_rcc_ex.c ****           {
 1777              		.loc 1 1285 11 is_stmt 1 view .LVU578
1285:Drivers/STM32L4xx_HAL_Driver/Src/stm32l4xx_hal_rcc_ex.c ****           {
 1778              		.loc 1 1285 14 is_stmt 0 view .LVU579
 1779 024a 03F15053 		add	r3, r3, #872415232
 1780              	.LVL151:
1285:Drivers/STM32L4xx_HAL_Driver/Src/stm32l4xx_hal_rcc_ex.c ****           {
 1781              		.loc 1 1285 14 view .LVU580
 1782 024e 03F50433 		add	r3, r3, #135168
 1783              	.LVL152:
1285:Drivers/STM32L4xx_HAL_Driver/Src/stm32l4xx_hal_rcc_ex.c ****           {
 1784              		.loc 1 1285 14 view .LVU581
 1785 0252 1868     		ldr	r0, [r3]
 1786              	.LVL153:
1285:Drivers/STM32L4xx_HAL_Driver/Src/stm32l4xx_hal_rcc_ex.c ****           {
 1787              		.loc 1 1285 13 view .LVU582
 1788 0254 10F00200 		ands	r0, r0, #2
 1789 0258 00F0BA81 		beq	.L109
1288:Drivers/STM32L4xx_HAL_Driver/Src/stm32l4xx_hal_rcc_ex.c ****           }
 1790              		.loc 1 1288 13 is_stmt 1 view .LVU583
1288:Drivers/STM32L4xx_HAL_Driver/Src/stm32l4xx_hal_rcc_ex.c ****           }
 1791              		.loc 1 1288 40 is_stmt 0 view .LVU584
 1792 025c 1B68     		ldr	r3, [r3]
 1793              	.LVL154:
1288:Drivers/STM32L4xx_HAL_Driver/Src/stm32l4xx_hal_rcc_ex.c ****           }
 1794              		.loc 1 1288 66 view .LVU585
 1795 025e 13F0080F 		tst	r3, #8
 1796 0262 07D0     		beq	.L140
1288:Drivers/STM32L4xx_HAL_Driver/Src/stm32l4xx_hal_rcc_ex.c ****           }
 1797              		.loc 1 1288 40 discriminator 1 view .LVU586
 1798 0264 064B     		ldr	r3, .L229
 1799 0266 1B68     		ldr	r3, [r3]
1288:Drivers/STM32L4xx_HAL_Driver/Src/stm32l4xx_hal_rcc_ex.c ****           }
 1800              		.loc 1 1288 66 discriminator 1 view .LVU587
 1801 0268 C3F30313 		ubfx	r3, r3, #4, #4
ARM GAS  /tmp/ccxIXDAo.s 			page 104


 1802              	.L141:
1288:Drivers/STM32L4xx_HAL_Driver/Src/stm32l4xx_hal_rcc_ex.c ****           }
 1803              		.loc 1 1288 23 discriminator 4 view .LVU588
 1804 026c 054A     		ldr	r2, .L229+4
 1805 026e 52F82300 		ldr	r0, [r2, r3, lsl #2]
 1806              	.LVL155:
1288:Drivers/STM32L4xx_HAL_Driver/Src/stm32l4xx_hal_rcc_ex.c ****           }
 1807              		.loc 1 1288 23 discriminator 4 view .LVU589
 1808 0272 ADE1     		b	.L109
 1809              	.LVL156:
 1810              	.L140:
1288:Drivers/STM32L4xx_HAL_Driver/Src/stm32l4xx_hal_rcc_ex.c ****           }
 1811              		.loc 1 1288 40 discriminator 2 view .LVU590
 1812 0274 024B     		ldr	r3, .L229
 1813 0276 D3F89430 		ldr	r3, [r3, #148]
1288:Drivers/STM32L4xx_HAL_Driver/Src/stm32l4xx_hal_rcc_ex.c ****           }
 1814              		.loc 1 1288 66 discriminator 2 view .LVU591
 1815 027a C3F30323 		ubfx	r3, r3, #8, #4
 1816 027e F5E7     		b	.L141
 1817              	.L230:
 1818              		.align	2
 1819              	.L229:
 1820 0280 00100240 		.word	1073876992
 1821 0284 00000000 		.word	MSIRangeTable
 1822 0288 90D00300 		.word	250000
 1823 028c 0024F400 		.word	16000000
 1824 0290 00127A00 		.word	8000000
 1825              	.LVL157:
 1826              	.L136:
1292:Drivers/STM32L4xx_HAL_Driver/Src/stm32l4xx_hal_rcc_ex.c ****           {
 1827              		.loc 1 1292 11 is_stmt 1 view .LVU592
1292:Drivers/STM32L4xx_HAL_Driver/Src/stm32l4xx_hal_rcc_ex.c ****           {
 1828              		.loc 1 1292 14 is_stmt 0 view .LVU593
 1829 0294 A84B     		ldr	r3, .L231
 1830              	.LVL158:
1292:Drivers/STM32L4xx_HAL_Driver/Src/stm32l4xx_hal_rcc_ex.c ****           {
 1831              		.loc 1 1292 14 view .LVU594
 1832 0296 1868     		ldr	r0, [r3]
 1833              	.LVL159:
1292:Drivers/STM32L4xx_HAL_Driver/Src/stm32l4xx_hal_rcc_ex.c ****           {
 1834              		.loc 1 1292 13 view .LVU595
 1835 0298 10F00070 		ands	r0, r0, #33554432
 1836 029c 00F09881 		beq	.L109
1294:Drivers/STM32L4xx_HAL_Driver/Src/stm32l4xx_hal_rcc_ex.c ****             {
 1837              		.loc 1 1294 13 is_stmt 1 view .LVU596
1294:Drivers/STM32L4xx_HAL_Driver/Src/stm32l4xx_hal_rcc_ex.c ****             {
 1838              		.loc 1 1294 16 is_stmt 0 view .LVU597
 1839 02a0 D868     		ldr	r0, [r3, #12]
1294:Drivers/STM32L4xx_HAL_Driver/Src/stm32l4xx_hal_rcc_ex.c ****             {
 1840              		.loc 1 1294 15 view .LVU598
 1841 02a2 10F48010 		ands	r0, r0, #1048576
 1842 02a6 00F09381 		beq	.L109
1297:Drivers/STM32L4xx_HAL_Driver/Src/stm32l4xx_hal_rcc_ex.c ****               pllvco = ((pllvco * plln) / ((READ_BIT(RCC->PLLCFGR, RCC_PLLCFGR_PLLM) >> RCC_PLLCFGR
 1843              		.loc 1 1297 15 is_stmt 1 view .LVU599
1297:Drivers/STM32L4xx_HAL_Driver/Src/stm32l4xx_hal_rcc_ex.c ****               pllvco = ((pllvco * plln) / ((READ_BIT(RCC->PLLCFGR, RCC_PLLCFGR_PLLM) >> RCC_PLLCFGR
 1844              		.loc 1 1297 22 is_stmt 0 view .LVU600
 1845 02aa 1A46     		mov	r2, r3
ARM GAS  /tmp/ccxIXDAo.s 			page 105


 1846 02ac DB68     		ldr	r3, [r3, #12]
1297:Drivers/STM32L4xx_HAL_Driver/Src/stm32l4xx_hal_rcc_ex.c ****               pllvco = ((pllvco * plln) / ((READ_BIT(RCC->PLLCFGR, RCC_PLLCFGR_PLLM) >> RCC_PLLCFGR
 1847              		.loc 1 1297 20 view .LVU601
 1848 02ae C3F30623 		ubfx	r3, r3, #8, #7
 1849              	.LVL160:
1298:Drivers/STM32L4xx_HAL_Driver/Src/stm32l4xx_hal_rcc_ex.c ****               /* f(PLL48M1CLK) = f(VCO input) / PLLQ */
 1850              		.loc 1 1298 15 is_stmt 1 view .LVU602
1298:Drivers/STM32L4xx_HAL_Driver/Src/stm32l4xx_hal_rcc_ex.c ****               /* f(PLL48M1CLK) = f(VCO input) / PLLQ */
 1851              		.loc 1 1298 33 is_stmt 0 view .LVU603
 1852 02b2 03FB01F0 		mul	r0, r3, r1
1298:Drivers/STM32L4xx_HAL_Driver/Src/stm32l4xx_hal_rcc_ex.c ****               /* f(PLL48M1CLK) = f(VCO input) / PLLQ */
 1853              		.loc 1 1298 45 view .LVU604
 1854 02b6 D368     		ldr	r3, [r2, #12]
 1855              	.LVL161:
1298:Drivers/STM32L4xx_HAL_Driver/Src/stm32l4xx_hal_rcc_ex.c ****               /* f(PLL48M1CLK) = f(VCO input) / PLLQ */
 1856              		.loc 1 1298 86 view .LVU605
 1857 02b8 C3F30213 		ubfx	r3, r3, #4, #3
1298:Drivers/STM32L4xx_HAL_Driver/Src/stm32l4xx_hal_rcc_ex.c ****               /* f(PLL48M1CLK) = f(VCO input) / PLLQ */
 1858              		.loc 1 1298 111 view .LVU606
 1859 02bc 0133     		adds	r3, r3, #1
1298:Drivers/STM32L4xx_HAL_Driver/Src/stm32l4xx_hal_rcc_ex.c ****               /* f(PLL48M1CLK) = f(VCO input) / PLLQ */
 1860              		.loc 1 1298 22 view .LVU607
 1861 02be B0FBF3F0 		udiv	r0, r0, r3
 1862              	.LVL162:
1300:Drivers/STM32L4xx_HAL_Driver/Src/stm32l4xx_hal_rcc_ex.c ****             }
 1863              		.loc 1 1300 15 is_stmt 1 view .LVU608
1300:Drivers/STM32L4xx_HAL_Driver/Src/stm32l4xx_hal_rcc_ex.c ****             }
 1864              		.loc 1 1300 40 is_stmt 0 view .LVU609
 1865 02c2 D368     		ldr	r3, [r2, #12]
1300:Drivers/STM32L4xx_HAL_Driver/Src/stm32l4xx_hal_rcc_ex.c ****             }
 1866              		.loc 1 1300 81 view .LVU610
 1867 02c4 C3F34153 		ubfx	r3, r3, #21, #2
1300:Drivers/STM32L4xx_HAL_Driver/Src/stm32l4xx_hal_rcc_ex.c ****             }
 1868              		.loc 1 1300 106 view .LVU611
 1869 02c8 0133     		adds	r3, r3, #1
1300:Drivers/STM32L4xx_HAL_Driver/Src/stm32l4xx_hal_rcc_ex.c ****             }
 1870              		.loc 1 1300 112 view .LVU612
 1871 02ca 5B00     		lsls	r3, r3, #1
1300:Drivers/STM32L4xx_HAL_Driver/Src/stm32l4xx_hal_rcc_ex.c ****             }
 1872              		.loc 1 1300 25 view .LVU613
 1873 02cc B0FBF3F0 		udiv	r0, r0, r3
 1874              	.LVL163:
1300:Drivers/STM32L4xx_HAL_Driver/Src/stm32l4xx_hal_rcc_ex.c ****             }
 1875              		.loc 1 1300 25 view .LVU614
 1876 02d0 7EE1     		b	.L109
 1877              	.LVL164:
 1878              	.L138:
1327:Drivers/STM32L4xx_HAL_Driver/Src/stm32l4xx_hal_rcc_ex.c ****           {
 1879              		.loc 1 1327 11 is_stmt 1 view .LVU615
1327:Drivers/STM32L4xx_HAL_Driver/Src/stm32l4xx_hal_rcc_ex.c ****           {
 1880              		.loc 1 1327 14 is_stmt 0 view .LVU616
 1881 02d2 994B     		ldr	r3, .L231
 1882              	.LVL165:
1327:Drivers/STM32L4xx_HAL_Driver/Src/stm32l4xx_hal_rcc_ex.c ****           {
 1883              		.loc 1 1327 14 view .LVU617
 1884 02d4 D3F89800 		ldr	r0, [r3, #152]
 1885              	.LVL166:
ARM GAS  /tmp/ccxIXDAo.s 			page 106


1327:Drivers/STM32L4xx_HAL_Driver/Src/stm32l4xx_hal_rcc_ex.c ****           {
 1886              		.loc 1 1327 13 view .LVU618
 1887 02d8 10F00200 		ands	r0, r0, #2
 1888 02dc 00F07881 		beq	.L109
1329:Drivers/STM32L4xx_HAL_Driver/Src/stm32l4xx_hal_rcc_ex.c ****           }
 1889              		.loc 1 1329 23 view .LVU619
 1890 02e0 9648     		ldr	r0, .L231+4
 1891 02e2 75E1     		b	.L109
 1892              	.LVL167:
 1893              	.L126:
1427:Drivers/STM32L4xx_HAL_Driver/Src/stm32l4xx_hal_rcc_ex.c **** 
 1894              		.loc 1 1427 9 is_stmt 1 view .LVU620
1427:Drivers/STM32L4xx_HAL_Driver/Src/stm32l4xx_hal_rcc_ex.c **** 
 1895              		.loc 1 1427 18 is_stmt 0 view .LVU621
 1896 02e4 944B     		ldr	r3, .L231
 1897 02e6 D3F88830 		ldr	r3, [r3, #136]
1427:Drivers/STM32L4xx_HAL_Driver/Src/stm32l4xx_hal_rcc_ex.c **** 
 1898              		.loc 1 1427 16 view .LVU622
 1899 02ea 03F00303 		and	r3, r3, #3
 1900              	.LVL168:
1429:Drivers/STM32L4xx_HAL_Driver/Src/stm32l4xx_hal_rcc_ex.c ****         {
 1901              		.loc 1 1429 9 is_stmt 1 view .LVU623
 1902 02ee 032B     		cmp	r3, #3
 1903 02f0 00F27181 		bhi	.L190
 1904 02f4 DFE803F0 		tbb	[pc, r3]
 1905              	.L143:
 1906 02f8 02       		.byte	(.L146-.L143)/2
 1907 02f9 05       		.byte	(.L145-.L143)/2
 1908 02fa 08       		.byte	(.L144-.L143)/2
 1909 02fb 10       		.byte	(.L142-.L143)/2
 1910              		.p2align 1
 1911              	.L146:
1432:Drivers/STM32L4xx_HAL_Driver/Src/stm32l4xx_hal_rcc_ex.c ****           break;
 1912              		.loc 1 1432 11 view .LVU624
1432:Drivers/STM32L4xx_HAL_Driver/Src/stm32l4xx_hal_rcc_ex.c ****           break;
 1913              		.loc 1 1432 23 is_stmt 0 view .LVU625
 1914 02fc FFF7FEFF 		bl	HAL_RCC_GetPCLK2Freq
 1915              	.LVL169:
1433:Drivers/STM32L4xx_HAL_Driver/Src/stm32l4xx_hal_rcc_ex.c ****         case RCC_USART1CLKSOURCE_SYSCLK:
 1916              		.loc 1 1433 11 is_stmt 1 view .LVU626
 1917 0300 66E1     		b	.L109
 1918              	.LVL170:
 1919              	.L145:
1435:Drivers/STM32L4xx_HAL_Driver/Src/stm32l4xx_hal_rcc_ex.c ****           break;
 1920              		.loc 1 1435 11 view .LVU627
1435:Drivers/STM32L4xx_HAL_Driver/Src/stm32l4xx_hal_rcc_ex.c ****           break;
 1921              		.loc 1 1435 23 is_stmt 0 view .LVU628
 1922 0302 FFF7FEFF 		bl	HAL_RCC_GetSysClockFreq
 1923              	.LVL171:
1436:Drivers/STM32L4xx_HAL_Driver/Src/stm32l4xx_hal_rcc_ex.c ****         case RCC_USART1CLKSOURCE_HSI:
 1924              		.loc 1 1436 11 is_stmt 1 view .LVU629
 1925 0306 63E1     		b	.L109
 1926              	.LVL172:
 1927              	.L144:
1438:Drivers/STM32L4xx_HAL_Driver/Src/stm32l4xx_hal_rcc_ex.c ****           {
 1928              		.loc 1 1438 11 view .LVU630
1438:Drivers/STM32L4xx_HAL_Driver/Src/stm32l4xx_hal_rcc_ex.c ****           {
ARM GAS  /tmp/ccxIXDAo.s 			page 107


 1929              		.loc 1 1438 14 is_stmt 0 view .LVU631
 1930 0308 8B4B     		ldr	r3, .L231
 1931              	.LVL173:
1438:Drivers/STM32L4xx_HAL_Driver/Src/stm32l4xx_hal_rcc_ex.c ****           {
 1932              		.loc 1 1438 14 view .LVU632
 1933 030a 1868     		ldr	r0, [r3]
1438:Drivers/STM32L4xx_HAL_Driver/Src/stm32l4xx_hal_rcc_ex.c ****           {
 1934              		.loc 1 1438 13 view .LVU633
 1935 030c 10F48060 		ands	r0, r0, #1024
 1936 0310 00F05E81 		beq	.L109
1440:Drivers/STM32L4xx_HAL_Driver/Src/stm32l4xx_hal_rcc_ex.c ****           }
 1937              		.loc 1 1440 23 view .LVU634
 1938 0314 8A48     		ldr	r0, .L231+8
 1939 0316 5BE1     		b	.L109
 1940              	.LVL174:
 1941              	.L142:
1444:Drivers/STM32L4xx_HAL_Driver/Src/stm32l4xx_hal_rcc_ex.c ****           {
 1942              		.loc 1 1444 11 is_stmt 1 view .LVU635
1444:Drivers/STM32L4xx_HAL_Driver/Src/stm32l4xx_hal_rcc_ex.c ****           {
 1943              		.loc 1 1444 14 is_stmt 0 view .LVU636
 1944 0318 874B     		ldr	r3, .L231
 1945              	.LVL175:
1444:Drivers/STM32L4xx_HAL_Driver/Src/stm32l4xx_hal_rcc_ex.c ****           {
 1946              		.loc 1 1444 14 view .LVU637
 1947 031a D3F89000 		ldr	r0, [r3, #144]
1444:Drivers/STM32L4xx_HAL_Driver/Src/stm32l4xx_hal_rcc_ex.c ****           {
 1948              		.loc 1 1444 13 view .LVU638
 1949 031e 10F00200 		ands	r0, r0, #2
 1950 0322 00F05581 		beq	.L109
1446:Drivers/STM32L4xx_HAL_Driver/Src/stm32l4xx_hal_rcc_ex.c ****           }
 1951              		.loc 1 1446 23 view .LVU639
 1952 0326 4FF40040 		mov	r0, #32768
 1953 032a 51E1     		b	.L109
 1954              	.LVL176:
 1955              	.L125:
1460:Drivers/STM32L4xx_HAL_Driver/Src/stm32l4xx_hal_rcc_ex.c **** 
 1956              		.loc 1 1460 9 is_stmt 1 view .LVU640
1460:Drivers/STM32L4xx_HAL_Driver/Src/stm32l4xx_hal_rcc_ex.c **** 
 1957              		.loc 1 1460 18 is_stmt 0 view .LVU641
 1958 032c 824B     		ldr	r3, .L231
 1959 032e D3F88830 		ldr	r3, [r3, #136]
1460:Drivers/STM32L4xx_HAL_Driver/Src/stm32l4xx_hal_rcc_ex.c **** 
 1960              		.loc 1 1460 16 view .LVU642
 1961 0332 03F00C03 		and	r3, r3, #12
 1962              	.LVL177:
1462:Drivers/STM32L4xx_HAL_Driver/Src/stm32l4xx_hal_rcc_ex.c ****         {
 1963              		.loc 1 1462 9 is_stmt 1 view .LVU643
 1964 0336 0C2B     		cmp	r3, #12
 1965 0338 00F24F81 		bhi	.L193
 1966 033c DFE813F0 		tbh	[pc, r3, lsl #1]
 1967              	.L148:
 1968 0340 0D00     		.2byte	(.L151-.L148)/2
 1969 0342 4D01     		.2byte	(.L193-.L148)/2
 1970 0344 4D01     		.2byte	(.L193-.L148)/2
 1971 0346 4D01     		.2byte	(.L193-.L148)/2
 1972 0348 1000     		.2byte	(.L150-.L148)/2
 1973 034a 4D01     		.2byte	(.L193-.L148)/2
ARM GAS  /tmp/ccxIXDAo.s 			page 108


 1974 034c 4D01     		.2byte	(.L193-.L148)/2
 1975 034e 4D01     		.2byte	(.L193-.L148)/2
 1976 0350 1300     		.2byte	(.L149-.L148)/2
 1977 0352 4D01     		.2byte	(.L193-.L148)/2
 1978 0354 4D01     		.2byte	(.L193-.L148)/2
 1979 0356 4D01     		.2byte	(.L193-.L148)/2
 1980 0358 1B00     		.2byte	(.L147-.L148)/2
 1981              		.p2align 1
 1982              	.L151:
1465:Drivers/STM32L4xx_HAL_Driver/Src/stm32l4xx_hal_rcc_ex.c ****           break;
 1983              		.loc 1 1465 11 view .LVU644
1465:Drivers/STM32L4xx_HAL_Driver/Src/stm32l4xx_hal_rcc_ex.c ****           break;
 1984              		.loc 1 1465 23 is_stmt 0 view .LVU645
 1985 035a FFF7FEFF 		bl	HAL_RCC_GetPCLK1Freq
 1986              	.LVL178:
1466:Drivers/STM32L4xx_HAL_Driver/Src/stm32l4xx_hal_rcc_ex.c ****         case RCC_USART2CLKSOURCE_SYSCLK:
 1987              		.loc 1 1466 11 is_stmt 1 view .LVU646
 1988 035e 37E1     		b	.L109
 1989              	.LVL179:
 1990              	.L150:
1468:Drivers/STM32L4xx_HAL_Driver/Src/stm32l4xx_hal_rcc_ex.c ****           break;
 1991              		.loc 1 1468 11 view .LVU647
1468:Drivers/STM32L4xx_HAL_Driver/Src/stm32l4xx_hal_rcc_ex.c ****           break;
 1992              		.loc 1 1468 23 is_stmt 0 view .LVU648
 1993 0360 FFF7FEFF 		bl	HAL_RCC_GetSysClockFreq
 1994              	.LVL180:
1469:Drivers/STM32L4xx_HAL_Driver/Src/stm32l4xx_hal_rcc_ex.c ****         case RCC_USART2CLKSOURCE_HSI:
 1995              		.loc 1 1469 11 is_stmt 1 view .LVU649
 1996 0364 34E1     		b	.L109
 1997              	.LVL181:
 1998              	.L149:
1471:Drivers/STM32L4xx_HAL_Driver/Src/stm32l4xx_hal_rcc_ex.c ****           {
 1999              		.loc 1 1471 11 view .LVU650
1471:Drivers/STM32L4xx_HAL_Driver/Src/stm32l4xx_hal_rcc_ex.c ****           {
 2000              		.loc 1 1471 14 is_stmt 0 view .LVU651
 2001 0366 744B     		ldr	r3, .L231
 2002              	.LVL182:
1471:Drivers/STM32L4xx_HAL_Driver/Src/stm32l4xx_hal_rcc_ex.c ****           {
 2003              		.loc 1 1471 14 view .LVU652
 2004 0368 1868     		ldr	r0, [r3]
1471:Drivers/STM32L4xx_HAL_Driver/Src/stm32l4xx_hal_rcc_ex.c ****           {
 2005              		.loc 1 1471 13 view .LVU653
 2006 036a 10F48060 		ands	r0, r0, #1024
 2007 036e 00F02F81 		beq	.L109
1473:Drivers/STM32L4xx_HAL_Driver/Src/stm32l4xx_hal_rcc_ex.c ****           }
 2008              		.loc 1 1473 23 view .LVU654
 2009 0372 7348     		ldr	r0, .L231+8
 2010 0374 2CE1     		b	.L109
 2011              	.LVL183:
 2012              	.L147:
1477:Drivers/STM32L4xx_HAL_Driver/Src/stm32l4xx_hal_rcc_ex.c ****           {
 2013              		.loc 1 1477 11 is_stmt 1 view .LVU655
1477:Drivers/STM32L4xx_HAL_Driver/Src/stm32l4xx_hal_rcc_ex.c ****           {
 2014              		.loc 1 1477 14 is_stmt 0 view .LVU656
 2015 0376 704B     		ldr	r3, .L231
 2016              	.LVL184:
1477:Drivers/STM32L4xx_HAL_Driver/Src/stm32l4xx_hal_rcc_ex.c ****           {
ARM GAS  /tmp/ccxIXDAo.s 			page 109


 2017              		.loc 1 1477 14 view .LVU657
 2018 0378 D3F89000 		ldr	r0, [r3, #144]
1477:Drivers/STM32L4xx_HAL_Driver/Src/stm32l4xx_hal_rcc_ex.c ****           {
 2019              		.loc 1 1477 13 view .LVU658
 2020 037c 10F00200 		ands	r0, r0, #2
 2021 0380 00F02681 		beq	.L109
1479:Drivers/STM32L4xx_HAL_Driver/Src/stm32l4xx_hal_rcc_ex.c ****           }
 2022              		.loc 1 1479 23 view .LVU659
 2023 0384 4FF40040 		mov	r0, #32768
 2024 0388 22E1     		b	.L109
 2025              	.LVL185:
 2026              	.L124:
1495:Drivers/STM32L4xx_HAL_Driver/Src/stm32l4xx_hal_rcc_ex.c **** 
 2027              		.loc 1 1495 9 is_stmt 1 view .LVU660
1495:Drivers/STM32L4xx_HAL_Driver/Src/stm32l4xx_hal_rcc_ex.c **** 
 2028              		.loc 1 1495 18 is_stmt 0 view .LVU661
 2029 038a 6B4B     		ldr	r3, .L231
 2030 038c D3F88830 		ldr	r3, [r3, #136]
1495:Drivers/STM32L4xx_HAL_Driver/Src/stm32l4xx_hal_rcc_ex.c **** 
 2031              		.loc 1 1495 16 view .LVU662
 2032 0390 03F03003 		and	r3, r3, #48
 2033              	.LVL186:
1497:Drivers/STM32L4xx_HAL_Driver/Src/stm32l4xx_hal_rcc_ex.c ****         {
 2034              		.loc 1 1497 9 is_stmt 1 view .LVU663
 2035 0394 202B     		cmp	r3, #32
 2036 0396 19D0     		beq	.L152
 2037 0398 07D8     		bhi	.L153
 2038 039a A3B1     		cbz	r3, .L154
 2039 039c 102B     		cmp	r3, #16
 2040 039e 02D1     		bne	.L222
1503:Drivers/STM32L4xx_HAL_Driver/Src/stm32l4xx_hal_rcc_ex.c ****           break;
 2041              		.loc 1 1503 11 view .LVU664
1503:Drivers/STM32L4xx_HAL_Driver/Src/stm32l4xx_hal_rcc_ex.c ****           break;
 2042              		.loc 1 1503 23 is_stmt 0 view .LVU665
 2043 03a0 FFF7FEFF 		bl	HAL_RCC_GetSysClockFreq
 2044              	.LVL187:
1504:Drivers/STM32L4xx_HAL_Driver/Src/stm32l4xx_hal_rcc_ex.c ****         case RCC_USART3CLKSOURCE_HSI:
 2045              		.loc 1 1504 11 is_stmt 1 view .LVU666
 2046 03a4 14E1     		b	.L109
 2047              	.LVL188:
 2048              	.L222:
1497:Drivers/STM32L4xx_HAL_Driver/Src/stm32l4xx_hal_rcc_ex.c ****         {
 2049              		.loc 1 1497 9 is_stmt 0 view .LVU667
 2050 03a6 0020     		movs	r0, #0
 2051 03a8 12E1     		b	.L109
 2052              	.L153:
 2053 03aa 302B     		cmp	r3, #48
 2054 03ac 09D1     		bne	.L223
1512:Drivers/STM32L4xx_HAL_Driver/Src/stm32l4xx_hal_rcc_ex.c ****           {
 2055              		.loc 1 1512 11 is_stmt 1 view .LVU668
1512:Drivers/STM32L4xx_HAL_Driver/Src/stm32l4xx_hal_rcc_ex.c ****           {
 2056              		.loc 1 1512 14 is_stmt 0 view .LVU669
 2057 03ae 624B     		ldr	r3, .L231
 2058              	.LVL189:
1512:Drivers/STM32L4xx_HAL_Driver/Src/stm32l4xx_hal_rcc_ex.c ****           {
 2059              		.loc 1 1512 14 view .LVU670
 2060 03b0 D3F89000 		ldr	r0, [r3, #144]
ARM GAS  /tmp/ccxIXDAo.s 			page 110


1512:Drivers/STM32L4xx_HAL_Driver/Src/stm32l4xx_hal_rcc_ex.c ****           {
 2061              		.loc 1 1512 13 view .LVU671
 2062 03b4 10F00200 		ands	r0, r0, #2
 2063 03b8 00F00A81 		beq	.L109
1514:Drivers/STM32L4xx_HAL_Driver/Src/stm32l4xx_hal_rcc_ex.c ****           }
 2064              		.loc 1 1514 23 view .LVU672
 2065 03bc 4FF40040 		mov	r0, #32768
 2066 03c0 06E1     		b	.L109
 2067              	.LVL190:
 2068              	.L223:
1497:Drivers/STM32L4xx_HAL_Driver/Src/stm32l4xx_hal_rcc_ex.c ****         {
 2069              		.loc 1 1497 9 view .LVU673
 2070 03c2 0020     		movs	r0, #0
 2071 03c4 04E1     		b	.L109
 2072              	.L154:
1500:Drivers/STM32L4xx_HAL_Driver/Src/stm32l4xx_hal_rcc_ex.c ****           break;
 2073              		.loc 1 1500 11 is_stmt 1 view .LVU674
1500:Drivers/STM32L4xx_HAL_Driver/Src/stm32l4xx_hal_rcc_ex.c ****           break;
 2074              		.loc 1 1500 23 is_stmt 0 view .LVU675
 2075 03c6 FFF7FEFF 		bl	HAL_RCC_GetPCLK1Freq
 2076              	.LVL191:
1501:Drivers/STM32L4xx_HAL_Driver/Src/stm32l4xx_hal_rcc_ex.c ****         case RCC_USART3CLKSOURCE_SYSCLK:
 2077              		.loc 1 1501 11 is_stmt 1 view .LVU676
 2078 03ca 01E1     		b	.L109
 2079              	.LVL192:
 2080              	.L152:
1506:Drivers/STM32L4xx_HAL_Driver/Src/stm32l4xx_hal_rcc_ex.c ****           {
 2081              		.loc 1 1506 11 view .LVU677
1506:Drivers/STM32L4xx_HAL_Driver/Src/stm32l4xx_hal_rcc_ex.c ****           {
 2082              		.loc 1 1506 14 is_stmt 0 view .LVU678
 2083 03cc 5A4B     		ldr	r3, .L231
 2084              	.LVL193:
1506:Drivers/STM32L4xx_HAL_Driver/Src/stm32l4xx_hal_rcc_ex.c ****           {
 2085              		.loc 1 1506 14 view .LVU679
 2086 03ce 1868     		ldr	r0, [r3]
1506:Drivers/STM32L4xx_HAL_Driver/Src/stm32l4xx_hal_rcc_ex.c ****           {
 2087              		.loc 1 1506 13 view .LVU680
 2088 03d0 10F48060 		ands	r0, r0, #1024
 2089 03d4 00F0FC80 		beq	.L109
1508:Drivers/STM32L4xx_HAL_Driver/Src/stm32l4xx_hal_rcc_ex.c ****           }
 2090              		.loc 1 1508 23 view .LVU681
 2091 03d8 5948     		ldr	r0, .L231+8
 2092 03da F9E0     		b	.L109
 2093              	.LVL194:
 2094              	.L122:
1604:Drivers/STM32L4xx_HAL_Driver/Src/stm32l4xx_hal_rcc_ex.c **** 
 2095              		.loc 1 1604 9 is_stmt 1 view .LVU682
1604:Drivers/STM32L4xx_HAL_Driver/Src/stm32l4xx_hal_rcc_ex.c **** 
 2096              		.loc 1 1604 18 is_stmt 0 view .LVU683
 2097 03dc 564B     		ldr	r3, .L231
 2098 03de D3F88830 		ldr	r3, [r3, #136]
1604:Drivers/STM32L4xx_HAL_Driver/Src/stm32l4xx_hal_rcc_ex.c **** 
 2099              		.loc 1 1604 16 view .LVU684
 2100 03e2 03F44063 		and	r3, r3, #3072
 2101              	.LVL195:
1606:Drivers/STM32L4xx_HAL_Driver/Src/stm32l4xx_hal_rcc_ex.c ****         {
 2102              		.loc 1 1606 9 is_stmt 1 view .LVU685
ARM GAS  /tmp/ccxIXDAo.s 			page 111


 2103 03e6 B3F5006F 		cmp	r3, #2048
 2104 03ea 1BD0     		beq	.L157
 2105 03ec 08D8     		bhi	.L158
 2106 03ee B3B1     		cbz	r3, .L159
 2107 03f0 B3F5806F 		cmp	r3, #1024
 2108 03f4 02D1     		bne	.L224
1612:Drivers/STM32L4xx_HAL_Driver/Src/stm32l4xx_hal_rcc_ex.c ****           break;
 2109              		.loc 1 1612 11 view .LVU686
1612:Drivers/STM32L4xx_HAL_Driver/Src/stm32l4xx_hal_rcc_ex.c ****           break;
 2110              		.loc 1 1612 23 is_stmt 0 view .LVU687
 2111 03f6 FFF7FEFF 		bl	HAL_RCC_GetSysClockFreq
 2112              	.LVL196:
1613:Drivers/STM32L4xx_HAL_Driver/Src/stm32l4xx_hal_rcc_ex.c ****         case RCC_LPUART1CLKSOURCE_HSI:
 2113              		.loc 1 1613 11 is_stmt 1 view .LVU688
 2114 03fa E9E0     		b	.L109
 2115              	.LVL197:
 2116              	.L224:
1606:Drivers/STM32L4xx_HAL_Driver/Src/stm32l4xx_hal_rcc_ex.c ****         {
 2117              		.loc 1 1606 9 is_stmt 0 view .LVU689
 2118 03fc 0020     		movs	r0, #0
 2119 03fe E7E0     		b	.L109
 2120              	.L158:
 2121 0400 B3F5406F 		cmp	r3, #3072
 2122 0404 09D1     		bne	.L225
1621:Drivers/STM32L4xx_HAL_Driver/Src/stm32l4xx_hal_rcc_ex.c ****           {
 2123              		.loc 1 1621 11 is_stmt 1 view .LVU690
1621:Drivers/STM32L4xx_HAL_Driver/Src/stm32l4xx_hal_rcc_ex.c ****           {
 2124              		.loc 1 1621 14 is_stmt 0 view .LVU691
 2125 0406 4C4B     		ldr	r3, .L231
 2126              	.LVL198:
1621:Drivers/STM32L4xx_HAL_Driver/Src/stm32l4xx_hal_rcc_ex.c ****           {
 2127              		.loc 1 1621 14 view .LVU692
 2128 0408 D3F89000 		ldr	r0, [r3, #144]
1621:Drivers/STM32L4xx_HAL_Driver/Src/stm32l4xx_hal_rcc_ex.c ****           {
 2129              		.loc 1 1621 13 view .LVU693
 2130 040c 10F00200 		ands	r0, r0, #2
 2131 0410 00F0DE80 		beq	.L109
1623:Drivers/STM32L4xx_HAL_Driver/Src/stm32l4xx_hal_rcc_ex.c ****           }
 2132              		.loc 1 1623 23 view .LVU694
 2133 0414 4FF40040 		mov	r0, #32768
 2134 0418 DAE0     		b	.L109
 2135              	.LVL199:
 2136              	.L225:
1606:Drivers/STM32L4xx_HAL_Driver/Src/stm32l4xx_hal_rcc_ex.c ****         {
 2137              		.loc 1 1606 9 view .LVU695
 2138 041a 0020     		movs	r0, #0
 2139 041c D8E0     		b	.L109
 2140              	.L159:
1609:Drivers/STM32L4xx_HAL_Driver/Src/stm32l4xx_hal_rcc_ex.c ****           break;
 2141              		.loc 1 1609 11 is_stmt 1 view .LVU696
1609:Drivers/STM32L4xx_HAL_Driver/Src/stm32l4xx_hal_rcc_ex.c ****           break;
 2142              		.loc 1 1609 23 is_stmt 0 view .LVU697
 2143 041e FFF7FEFF 		bl	HAL_RCC_GetPCLK1Freq
 2144              	.LVL200:
1610:Drivers/STM32L4xx_HAL_Driver/Src/stm32l4xx_hal_rcc_ex.c ****         case RCC_LPUART1CLKSOURCE_SYSCLK:
 2145              		.loc 1 1610 11 is_stmt 1 view .LVU698
 2146 0422 D5E0     		b	.L109
ARM GAS  /tmp/ccxIXDAo.s 			page 112


 2147              	.LVL201:
 2148              	.L157:
1615:Drivers/STM32L4xx_HAL_Driver/Src/stm32l4xx_hal_rcc_ex.c ****           {
 2149              		.loc 1 1615 11 view .LVU699
1615:Drivers/STM32L4xx_HAL_Driver/Src/stm32l4xx_hal_rcc_ex.c ****           {
 2150              		.loc 1 1615 14 is_stmt 0 view .LVU700
 2151 0424 444B     		ldr	r3, .L231
 2152              	.LVL202:
1615:Drivers/STM32L4xx_HAL_Driver/Src/stm32l4xx_hal_rcc_ex.c ****           {
 2153              		.loc 1 1615 14 view .LVU701
 2154 0426 1868     		ldr	r0, [r3]
1615:Drivers/STM32L4xx_HAL_Driver/Src/stm32l4xx_hal_rcc_ex.c ****           {
 2155              		.loc 1 1615 13 view .LVU702
 2156 0428 10F48060 		ands	r0, r0, #1024
 2157 042c 00F0D080 		beq	.L109
1617:Drivers/STM32L4xx_HAL_Driver/Src/stm32l4xx_hal_rcc_ex.c ****           }
 2158              		.loc 1 1617 23 view .LVU703
 2159 0430 4348     		ldr	r0, .L231+8
 2160 0432 CDE0     		b	.L109
 2161              	.LVL203:
 2162              	.L129:
1636:Drivers/STM32L4xx_HAL_Driver/Src/stm32l4xx_hal_rcc_ex.c **** 
 2163              		.loc 1 1636 9 is_stmt 1 view .LVU704
1636:Drivers/STM32L4xx_HAL_Driver/Src/stm32l4xx_hal_rcc_ex.c **** 
 2164              		.loc 1 1636 18 is_stmt 0 view .LVU705
 2165 0434 404B     		ldr	r3, .L231
 2166 0436 D3F88830 		ldr	r3, [r3, #136]
1636:Drivers/STM32L4xx_HAL_Driver/Src/stm32l4xx_hal_rcc_ex.c **** 
 2167              		.loc 1 1636 16 view .LVU706
 2168 043a 03F04053 		and	r3, r3, #805306368
 2169              	.LVL204:
1638:Drivers/STM32L4xx_HAL_Driver/Src/stm32l4xx_hal_rcc_ex.c ****         {
 2170              		.loc 1 1638 9 is_stmt 1 view .LVU707
 2171 043e B3F1805F 		cmp	r3, #268435456
 2172 0442 06D0     		beq	.L162
 2173 0444 B3F1405F 		cmp	r3, #805306368
 2174 0448 40F0C980 		bne	.L200
1641:Drivers/STM32L4xx_HAL_Driver/Src/stm32l4xx_hal_rcc_ex.c ****           break;
 2175              		.loc 1 1641 11 view .LVU708
1641:Drivers/STM32L4xx_HAL_Driver/Src/stm32l4xx_hal_rcc_ex.c ****           break;
 2176              		.loc 1 1641 23 is_stmt 0 view .LVU709
 2177 044c FFF7FEFF 		bl	HAL_RCC_GetSysClockFreq
 2178              	.LVL205:
1642:Drivers/STM32L4xx_HAL_Driver/Src/stm32l4xx_hal_rcc_ex.c **** #if defined(RCC_PLLSAI1_SUPPORT)
 2179              		.loc 1 1642 11 is_stmt 1 view .LVU710
 2180 0450 BEE0     		b	.L109
 2181              	.LVL206:
 2182              	.L162:
1645:Drivers/STM32L4xx_HAL_Driver/Src/stm32l4xx_hal_rcc_ex.c ****           {
 2183              		.loc 1 1645 11 view .LVU711
1645:Drivers/STM32L4xx_HAL_Driver/Src/stm32l4xx_hal_rcc_ex.c ****           {
 2184              		.loc 1 1645 14 is_stmt 0 view .LVU712
 2185 0452 394B     		ldr	r3, .L231
 2186              	.LVL207:
1645:Drivers/STM32L4xx_HAL_Driver/Src/stm32l4xx_hal_rcc_ex.c ****           {
 2187              		.loc 1 1645 14 view .LVU713
 2188 0454 1868     		ldr	r0, [r3]
ARM GAS  /tmp/ccxIXDAo.s 			page 113


 2189              	.LVL208:
1645:Drivers/STM32L4xx_HAL_Driver/Src/stm32l4xx_hal_rcc_ex.c ****           {
 2190              		.loc 1 1645 13 view .LVU714
 2191 0456 10F00060 		ands	r0, r0, #134217728
 2192 045a 00F0B980 		beq	.L109
1645:Drivers/STM32L4xx_HAL_Driver/Src/stm32l4xx_hal_rcc_ex.c ****           {
 2193              		.loc 1 1645 61 discriminator 1 view .LVU715
 2194 045e 1869     		ldr	r0, [r3, #16]
1645:Drivers/STM32L4xx_HAL_Driver/Src/stm32l4xx_hal_rcc_ex.c ****           {
 2195              		.loc 1 1645 57 discriminator 1 view .LVU716
 2196 0460 10F08070 		ands	r0, r0, #16777216
 2197 0464 00F0B480 		beq	.L109
1647:Drivers/STM32L4xx_HAL_Driver/Src/stm32l4xx_hal_rcc_ex.c **** #if defined(RCC_PLLSAI1M_DIV_1_16_SUPPORT)
 2198              		.loc 1 1647 13 is_stmt 1 view .LVU717
1647:Drivers/STM32L4xx_HAL_Driver/Src/stm32l4xx_hal_rcc_ex.c **** #if defined(RCC_PLLSAI1M_DIV_1_16_SUPPORT)
 2199              		.loc 1 1647 20 is_stmt 0 view .LVU718
 2200 0468 1846     		mov	r0, r3
 2201 046a 1B69     		ldr	r3, [r3, #16]
1647:Drivers/STM32L4xx_HAL_Driver/Src/stm32l4xx_hal_rcc_ex.c **** #if defined(RCC_PLLSAI1M_DIV_1_16_SUPPORT)
 2202              		.loc 1 1647 18 view .LVU719
 2203 046c C3F30623 		ubfx	r3, r3, #8, #7
 2204              	.LVL209:
1654:Drivers/STM32L4xx_HAL_Driver/Src/stm32l4xx_hal_rcc_ex.c **** #endif
 2205              		.loc 1 1654 13 is_stmt 1 view .LVU720
1654:Drivers/STM32L4xx_HAL_Driver/Src/stm32l4xx_hal_rcc_ex.c **** #endif
 2206              		.loc 1 1654 31 is_stmt 0 view .LVU721
 2207 0470 01FB03F3 		mul	r3, r1, r3
 2208              	.LVL210:
1654:Drivers/STM32L4xx_HAL_Driver/Src/stm32l4xx_hal_rcc_ex.c **** #endif
 2209              		.loc 1 1654 43 view .LVU722
 2210 0474 C268     		ldr	r2, [r0, #12]
1654:Drivers/STM32L4xx_HAL_Driver/Src/stm32l4xx_hal_rcc_ex.c **** #endif
 2211              		.loc 1 1654 84 view .LVU723
 2212 0476 C2F30212 		ubfx	r2, r2, #4, #3
1654:Drivers/STM32L4xx_HAL_Driver/Src/stm32l4xx_hal_rcc_ex.c **** #endif
 2213              		.loc 1 1654 109 view .LVU724
 2214 047a 0132     		adds	r2, r2, #1
1654:Drivers/STM32L4xx_HAL_Driver/Src/stm32l4xx_hal_rcc_ex.c **** #endif
 2215              		.loc 1 1654 20 view .LVU725
 2216 047c B3FBF2F3 		udiv	r3, r3, r2
 2217              	.LVL211:
1657:Drivers/STM32L4xx_HAL_Driver/Src/stm32l4xx_hal_rcc_ex.c ****           }
 2218              		.loc 1 1657 13 is_stmt 1 view .LVU726
1657:Drivers/STM32L4xx_HAL_Driver/Src/stm32l4xx_hal_rcc_ex.c ****           }
 2219              		.loc 1 1657 38 is_stmt 0 view .LVU727
 2220 0480 0069     		ldr	r0, [r0, #16]
1657:Drivers/STM32L4xx_HAL_Driver/Src/stm32l4xx_hal_rcc_ex.c ****           }
 2221              		.loc 1 1657 91 view .LVU728
 2222 0482 C0F34160 		ubfx	r0, r0, #25, #2
1657:Drivers/STM32L4xx_HAL_Driver/Src/stm32l4xx_hal_rcc_ex.c ****           }
 2223              		.loc 1 1657 124 view .LVU729
 2224 0486 0130     		adds	r0, r0, #1
1657:Drivers/STM32L4xx_HAL_Driver/Src/stm32l4xx_hal_rcc_ex.c ****           }
 2225              		.loc 1 1657 130 view .LVU730
 2226 0488 4000     		lsls	r0, r0, #1
1657:Drivers/STM32L4xx_HAL_Driver/Src/stm32l4xx_hal_rcc_ex.c ****           }
 2227              		.loc 1 1657 23 view .LVU731
ARM GAS  /tmp/ccxIXDAo.s 			page 114


 2228 048a B3FBF0F0 		udiv	r0, r3, r0
 2229              	.LVL212:
1657:Drivers/STM32L4xx_HAL_Driver/Src/stm32l4xx_hal_rcc_ex.c ****           }
 2230              		.loc 1 1657 23 view .LVU732
 2231 048e 9FE0     		b	.L109
 2232              	.LVL213:
 2233              	.L127:
1746:Drivers/STM32L4xx_HAL_Driver/Src/stm32l4xx_hal_rcc_ex.c **** 
 2234              		.loc 1 1746 9 is_stmt 1 view .LVU733
1746:Drivers/STM32L4xx_HAL_Driver/Src/stm32l4xx_hal_rcc_ex.c **** 
 2235              		.loc 1 1746 18 is_stmt 0 view .LVU734
 2236 0490 294B     		ldr	r3, .L231
 2237 0492 D3F88830 		ldr	r3, [r3, #136]
1746:Drivers/STM32L4xx_HAL_Driver/Src/stm32l4xx_hal_rcc_ex.c **** 
 2238              		.loc 1 1746 16 view .LVU735
 2239 0496 03F44053 		and	r3, r3, #12288
 2240              	.LVL214:
1748:Drivers/STM32L4xx_HAL_Driver/Src/stm32l4xx_hal_rcc_ex.c ****         {
 2241              		.loc 1 1748 9 is_stmt 1 view .LVU736
 2242 049a B3F5805F 		cmp	r3, #4096
 2243 049e 08D0     		beq	.L163
 2244 04a0 B3F5005F 		cmp	r3, #8192
 2245 04a4 08D0     		beq	.L164
 2246 04a6 002B     		cmp	r3, #0
 2247 04a8 40F09B80 		bne	.L201
1751:Drivers/STM32L4xx_HAL_Driver/Src/stm32l4xx_hal_rcc_ex.c ****           break;
 2248              		.loc 1 1751 11 view .LVU737
1751:Drivers/STM32L4xx_HAL_Driver/Src/stm32l4xx_hal_rcc_ex.c ****           break;
 2249              		.loc 1 1751 23 is_stmt 0 view .LVU738
 2250 04ac FFF7FEFF 		bl	HAL_RCC_GetPCLK1Freq
 2251              	.LVL215:
1752:Drivers/STM32L4xx_HAL_Driver/Src/stm32l4xx_hal_rcc_ex.c ****         case RCC_I2C1CLKSOURCE_SYSCLK:
 2252              		.loc 1 1752 11 is_stmt 1 view .LVU739
 2253 04b0 8EE0     		b	.L109
 2254              	.LVL216:
 2255              	.L163:
1754:Drivers/STM32L4xx_HAL_Driver/Src/stm32l4xx_hal_rcc_ex.c ****           break;
 2256              		.loc 1 1754 11 view .LVU740
1754:Drivers/STM32L4xx_HAL_Driver/Src/stm32l4xx_hal_rcc_ex.c ****           break;
 2257              		.loc 1 1754 23 is_stmt 0 view .LVU741
 2258 04b2 FFF7FEFF 		bl	HAL_RCC_GetSysClockFreq
 2259              	.LVL217:
1755:Drivers/STM32L4xx_HAL_Driver/Src/stm32l4xx_hal_rcc_ex.c ****         case RCC_I2C1CLKSOURCE_HSI:
 2260              		.loc 1 1755 11 is_stmt 1 view .LVU742
 2261 04b6 8BE0     		b	.L109
 2262              	.LVL218:
 2263              	.L164:
1757:Drivers/STM32L4xx_HAL_Driver/Src/stm32l4xx_hal_rcc_ex.c ****           {
 2264              		.loc 1 1757 11 view .LVU743
1757:Drivers/STM32L4xx_HAL_Driver/Src/stm32l4xx_hal_rcc_ex.c ****           {
 2265              		.loc 1 1757 14 is_stmt 0 view .LVU744
 2266 04b8 1F4B     		ldr	r3, .L231
 2267              	.LVL219:
1757:Drivers/STM32L4xx_HAL_Driver/Src/stm32l4xx_hal_rcc_ex.c ****           {
 2268              		.loc 1 1757 14 view .LVU745
 2269 04ba 1868     		ldr	r0, [r3]
 2270              	.LVL220:
ARM GAS  /tmp/ccxIXDAo.s 			page 115


1757:Drivers/STM32L4xx_HAL_Driver/Src/stm32l4xx_hal_rcc_ex.c ****           {
 2271              		.loc 1 1757 13 view .LVU746
 2272 04bc 10F48060 		ands	r0, r0, #1024
 2273 04c0 00F08680 		beq	.L109
1759:Drivers/STM32L4xx_HAL_Driver/Src/stm32l4xx_hal_rcc_ex.c ****           }
 2274              		.loc 1 1759 23 view .LVU747
 2275 04c4 1E48     		ldr	r0, .L231+8
 2276 04c6 83E0     		b	.L109
 2277              	.LVL221:
 2278              	.L165:
1783:Drivers/STM32L4xx_HAL_Driver/Src/stm32l4xx_hal_rcc_ex.c ****           break;
 2279              		.loc 1 1783 11 is_stmt 1 view .LVU748
1783:Drivers/STM32L4xx_HAL_Driver/Src/stm32l4xx_hal_rcc_ex.c ****           break;
 2280              		.loc 1 1783 23 is_stmt 0 view .LVU749
 2281 04c8 FFF7FEFF 		bl	HAL_RCC_GetSysClockFreq
 2282              	.LVL222:
1784:Drivers/STM32L4xx_HAL_Driver/Src/stm32l4xx_hal_rcc_ex.c ****         case RCC_I2C2CLKSOURCE_HSI:
 2283              		.loc 1 1784 11 is_stmt 1 view .LVU750
 2284 04cc 80E0     		b	.L109
 2285              	.LVL223:
 2286              	.L166:
1786:Drivers/STM32L4xx_HAL_Driver/Src/stm32l4xx_hal_rcc_ex.c ****           {
 2287              		.loc 1 1786 11 view .LVU751
1786:Drivers/STM32L4xx_HAL_Driver/Src/stm32l4xx_hal_rcc_ex.c ****           {
 2288              		.loc 1 1786 14 is_stmt 0 view .LVU752
 2289 04ce 1A4B     		ldr	r3, .L231
 2290              	.LVL224:
1786:Drivers/STM32L4xx_HAL_Driver/Src/stm32l4xx_hal_rcc_ex.c ****           {
 2291              		.loc 1 1786 14 view .LVU753
 2292 04d0 1868     		ldr	r0, [r3]
 2293              	.LVL225:
1786:Drivers/STM32L4xx_HAL_Driver/Src/stm32l4xx_hal_rcc_ex.c ****           {
 2294              		.loc 1 1786 13 view .LVU754
 2295 04d2 10F48060 		ands	r0, r0, #1024
 2296 04d6 7BD0     		beq	.L109
1788:Drivers/STM32L4xx_HAL_Driver/Src/stm32l4xx_hal_rcc_ex.c ****           }
 2297              		.loc 1 1788 23 view .LVU755
 2298 04d8 1948     		ldr	r0, .L231+8
 2299 04da 79E0     		b	.L109
 2300              	.LVL226:
 2301              	.L119:
1804:Drivers/STM32L4xx_HAL_Driver/Src/stm32l4xx_hal_rcc_ex.c **** 
 2302              		.loc 1 1804 9 is_stmt 1 view .LVU756
1804:Drivers/STM32L4xx_HAL_Driver/Src/stm32l4xx_hal_rcc_ex.c **** 
 2303              		.loc 1 1804 18 is_stmt 0 view .LVU757
 2304 04dc 164B     		ldr	r3, .L231
 2305 04de D3F88830 		ldr	r3, [r3, #136]
1804:Drivers/STM32L4xx_HAL_Driver/Src/stm32l4xx_hal_rcc_ex.c **** 
 2306              		.loc 1 1804 16 view .LVU758
 2307 04e2 03F44033 		and	r3, r3, #196608
 2308              	.LVL227:
1806:Drivers/STM32L4xx_HAL_Driver/Src/stm32l4xx_hal_rcc_ex.c ****         {
 2309              		.loc 1 1806 9 is_stmt 1 view .LVU759
 2310 04e6 B3F5803F 		cmp	r3, #65536
 2311 04ea 07D0     		beq	.L167
 2312 04ec B3F5003F 		cmp	r3, #131072
 2313 04f0 07D0     		beq	.L168
ARM GAS  /tmp/ccxIXDAo.s 			page 116


 2314 04f2 002B     		cmp	r3, #0
 2315 04f4 79D1     		bne	.L205
1809:Drivers/STM32L4xx_HAL_Driver/Src/stm32l4xx_hal_rcc_ex.c ****           break;
 2316              		.loc 1 1809 11 view .LVU760
1809:Drivers/STM32L4xx_HAL_Driver/Src/stm32l4xx_hal_rcc_ex.c ****           break;
 2317              		.loc 1 1809 23 is_stmt 0 view .LVU761
 2318 04f6 FFF7FEFF 		bl	HAL_RCC_GetPCLK1Freq
 2319              	.LVL228:
1810:Drivers/STM32L4xx_HAL_Driver/Src/stm32l4xx_hal_rcc_ex.c ****         case RCC_I2C3CLKSOURCE_SYSCLK:
 2320              		.loc 1 1810 11 is_stmt 1 view .LVU762
 2321 04fa 69E0     		b	.L109
 2322              	.LVL229:
 2323              	.L167:
1812:Drivers/STM32L4xx_HAL_Driver/Src/stm32l4xx_hal_rcc_ex.c ****           break;
 2324              		.loc 1 1812 11 view .LVU763
1812:Drivers/STM32L4xx_HAL_Driver/Src/stm32l4xx_hal_rcc_ex.c ****           break;
 2325              		.loc 1 1812 23 is_stmt 0 view .LVU764
 2326 04fc FFF7FEFF 		bl	HAL_RCC_GetSysClockFreq
 2327              	.LVL230:
1813:Drivers/STM32L4xx_HAL_Driver/Src/stm32l4xx_hal_rcc_ex.c ****         case RCC_I2C3CLKSOURCE_HSI:
 2328              		.loc 1 1813 11 is_stmt 1 view .LVU765
 2329 0500 66E0     		b	.L109
 2330              	.LVL231:
 2331              	.L168:
1815:Drivers/STM32L4xx_HAL_Driver/Src/stm32l4xx_hal_rcc_ex.c ****           {
 2332              		.loc 1 1815 11 view .LVU766
1815:Drivers/STM32L4xx_HAL_Driver/Src/stm32l4xx_hal_rcc_ex.c ****           {
 2333              		.loc 1 1815 14 is_stmt 0 view .LVU767
 2334 0502 0D4B     		ldr	r3, .L231
 2335              	.LVL232:
1815:Drivers/STM32L4xx_HAL_Driver/Src/stm32l4xx_hal_rcc_ex.c ****           {
 2336              		.loc 1 1815 14 view .LVU768
 2337 0504 1868     		ldr	r0, [r3]
 2338              	.LVL233:
1815:Drivers/STM32L4xx_HAL_Driver/Src/stm32l4xx_hal_rcc_ex.c ****           {
 2339              		.loc 1 1815 13 view .LVU769
 2340 0506 10F48060 		ands	r0, r0, #1024
 2341 050a 61D0     		beq	.L109
1817:Drivers/STM32L4xx_HAL_Driver/Src/stm32l4xx_hal_rcc_ex.c ****           }
 2342              		.loc 1 1817 23 view .LVU770
 2343 050c 0C48     		ldr	r0, .L231+8
 2344 050e 5FE0     		b	.L109
 2345              	.LVL234:
 2346              	.L218:
1864:Drivers/STM32L4xx_HAL_Driver/Src/stm32l4xx_hal_rcc_ex.c ****         {
 2347              		.loc 1 1864 9 view .LVU771
 2348 0510 0020     		movs	r0, #0
 2349              	.LVL235:
1864:Drivers/STM32L4xx_HAL_Driver/Src/stm32l4xx_hal_rcc_ex.c ****         {
 2350              		.loc 1 1864 9 view .LVU772
 2351 0512 5DE0     		b	.L109
 2352              	.LVL236:
 2353              	.L170:
1864:Drivers/STM32L4xx_HAL_Driver/Src/stm32l4xx_hal_rcc_ex.c ****         {
 2354              		.loc 1 1864 9 view .LVU773
 2355 0514 B3F5402F 		cmp	r3, #786432
 2356 0518 08D1     		bne	.L226
ARM GAS  /tmp/ccxIXDAo.s 			page 117


1891:Drivers/STM32L4xx_HAL_Driver/Src/stm32l4xx_hal_rcc_ex.c ****           {
 2357              		.loc 1 1891 11 is_stmt 1 view .LVU774
1891:Drivers/STM32L4xx_HAL_Driver/Src/stm32l4xx_hal_rcc_ex.c ****           {
 2358              		.loc 1 1891 14 is_stmt 0 view .LVU775
 2359 051a 074B     		ldr	r3, .L231
 2360              	.LVL237:
1891:Drivers/STM32L4xx_HAL_Driver/Src/stm32l4xx_hal_rcc_ex.c ****           {
 2361              		.loc 1 1891 14 view .LVU776
 2362 051c D3F89000 		ldr	r0, [r3, #144]
 2363              	.LVL238:
1891:Drivers/STM32L4xx_HAL_Driver/Src/stm32l4xx_hal_rcc_ex.c ****           {
 2364              		.loc 1 1891 13 view .LVU777
 2365 0520 10F00200 		ands	r0, r0, #2
 2366 0524 54D0     		beq	.L109
1893:Drivers/STM32L4xx_HAL_Driver/Src/stm32l4xx_hal_rcc_ex.c ****           }
 2367              		.loc 1 1893 23 view .LVU778
 2368 0526 4FF40040 		mov	r0, #32768
 2369 052a 51E0     		b	.L109
 2370              	.LVL239:
 2371              	.L226:
1864:Drivers/STM32L4xx_HAL_Driver/Src/stm32l4xx_hal_rcc_ex.c ****         {
 2372              		.loc 1 1864 9 view .LVU779
 2373 052c 0020     		movs	r0, #0
 2374              	.LVL240:
1864:Drivers/STM32L4xx_HAL_Driver/Src/stm32l4xx_hal_rcc_ex.c ****         {
 2375              		.loc 1 1864 9 view .LVU780
 2376 052e 4FE0     		b	.L109
 2377              	.LVL241:
 2378              	.L171:
1867:Drivers/STM32L4xx_HAL_Driver/Src/stm32l4xx_hal_rcc_ex.c ****           break;
 2379              		.loc 1 1867 11 is_stmt 1 view .LVU781
1867:Drivers/STM32L4xx_HAL_Driver/Src/stm32l4xx_hal_rcc_ex.c ****           break;
 2380              		.loc 1 1867 23 is_stmt 0 view .LVU782
 2381 0530 FFF7FEFF 		bl	HAL_RCC_GetPCLK1Freq
 2382              	.LVL242:
1868:Drivers/STM32L4xx_HAL_Driver/Src/stm32l4xx_hal_rcc_ex.c ****         case RCC_LPTIM1CLKSOURCE_LSI:
 2383              		.loc 1 1868 11 is_stmt 1 view .LVU783
 2384 0534 4CE0     		b	.L109
 2385              	.L232:
 2386 0536 00BF     		.align	2
 2387              	.L231:
 2388 0538 00100240 		.word	1073876992
 2389 053c 006CDC02 		.word	48000000
 2390 0540 0024F400 		.word	16000000
 2391              	.LVL243:
 2392              	.L169:
1885:Drivers/STM32L4xx_HAL_Driver/Src/stm32l4xx_hal_rcc_ex.c ****           {
 2393              		.loc 1 1885 11 view .LVU784
1885:Drivers/STM32L4xx_HAL_Driver/Src/stm32l4xx_hal_rcc_ex.c ****           {
 2394              		.loc 1 1885 14 is_stmt 0 view .LVU785
 2395 0544 2A4B     		ldr	r3, .L233
 2396              	.LVL244:
1885:Drivers/STM32L4xx_HAL_Driver/Src/stm32l4xx_hal_rcc_ex.c ****           {
 2397              		.loc 1 1885 14 view .LVU786
 2398 0546 1868     		ldr	r0, [r3]
 2399              	.LVL245:
1885:Drivers/STM32L4xx_HAL_Driver/Src/stm32l4xx_hal_rcc_ex.c ****           {
ARM GAS  /tmp/ccxIXDAo.s 			page 118


 2400              		.loc 1 1885 13 view .LVU787
 2401 0548 10F48060 		ands	r0, r0, #1024
 2402 054c 40D0     		beq	.L109
1887:Drivers/STM32L4xx_HAL_Driver/Src/stm32l4xx_hal_rcc_ex.c ****           }
 2403              		.loc 1 1887 23 view .LVU788
 2404 054e 2948     		ldr	r0, .L233+4
 2405 0550 3EE0     		b	.L109
 2406              	.LVL246:
 2407              	.L131:
1907:Drivers/STM32L4xx_HAL_Driver/Src/stm32l4xx_hal_rcc_ex.c **** 
 2408              		.loc 1 1907 8 is_stmt 1 view .LVU789
1907:Drivers/STM32L4xx_HAL_Driver/Src/stm32l4xx_hal_rcc_ex.c **** 
 2409              		.loc 1 1907 17 is_stmt 0 view .LVU790
 2410 0552 274B     		ldr	r3, .L233
 2411 0554 D3F88830 		ldr	r3, [r3, #136]
1907:Drivers/STM32L4xx_HAL_Driver/Src/stm32l4xx_hal_rcc_ex.c **** 
 2412              		.loc 1 1907 15 view .LVU791
 2413 0558 03F44013 		and	r3, r3, #3145728
 2414              	.LVL247:
1909:Drivers/STM32L4xx_HAL_Driver/Src/stm32l4xx_hal_rcc_ex.c ****         {
 2415              		.loc 1 1909 9 is_stmt 1 view .LVU792
 2416 055c B3F5001F 		cmp	r3, #2097152
 2417 0560 20D0     		beq	.L174
 2418 0562 0ED8     		bhi	.L175
 2419 0564 DBB1     		cbz	r3, .L176
 2420 0566 B3F5801F 		cmp	r3, #1048576
 2421 056a 08D1     		bne	.L227
1915:Drivers/STM32L4xx_HAL_Driver/Src/stm32l4xx_hal_rcc_ex.c ****           {
 2422              		.loc 1 1915 11 view .LVU793
1915:Drivers/STM32L4xx_HAL_Driver/Src/stm32l4xx_hal_rcc_ex.c ****           {
 2423              		.loc 1 1915 14 is_stmt 0 view .LVU794
 2424 056c 204B     		ldr	r3, .L233
 2425              	.LVL248:
1915:Drivers/STM32L4xx_HAL_Driver/Src/stm32l4xx_hal_rcc_ex.c ****           {
 2426              		.loc 1 1915 14 view .LVU795
 2427 056e D3F89400 		ldr	r0, [r3, #148]
 2428              	.LVL249:
1915:Drivers/STM32L4xx_HAL_Driver/Src/stm32l4xx_hal_rcc_ex.c ****           {
 2429              		.loc 1 1915 13 view .LVU796
 2430 0572 10F00200 		ands	r0, r0, #2
 2431 0576 2BD0     		beq	.L109
1925:Drivers/STM32L4xx_HAL_Driver/Src/stm32l4xx_hal_rcc_ex.c ****             }
 2432              		.loc 1 1925 25 view .LVU797
 2433 0578 4FF4FA40 		mov	r0, #32000
 2434 057c 28E0     		b	.L109
 2435              	.LVL250:
 2436              	.L227:
1909:Drivers/STM32L4xx_HAL_Driver/Src/stm32l4xx_hal_rcc_ex.c ****         {
 2437              		.loc 1 1909 9 view .LVU798
 2438 057e 0020     		movs	r0, #0
 2439              	.LVL251:
1909:Drivers/STM32L4xx_HAL_Driver/Src/stm32l4xx_hal_rcc_ex.c ****         {
 2440              		.loc 1 1909 9 view .LVU799
 2441 0580 26E0     		b	.L109
 2442              	.LVL252:
 2443              	.L175:
1909:Drivers/STM32L4xx_HAL_Driver/Src/stm32l4xx_hal_rcc_ex.c ****         {
ARM GAS  /tmp/ccxIXDAo.s 			page 119


 2444              		.loc 1 1909 9 view .LVU800
 2445 0582 B3F5401F 		cmp	r3, #3145728
 2446 0586 08D1     		bne	.L228
1936:Drivers/STM32L4xx_HAL_Driver/Src/stm32l4xx_hal_rcc_ex.c ****           {
 2447              		.loc 1 1936 11 is_stmt 1 view .LVU801
1936:Drivers/STM32L4xx_HAL_Driver/Src/stm32l4xx_hal_rcc_ex.c ****           {
 2448              		.loc 1 1936 14 is_stmt 0 view .LVU802
 2449 0588 194B     		ldr	r3, .L233
 2450              	.LVL253:
1936:Drivers/STM32L4xx_HAL_Driver/Src/stm32l4xx_hal_rcc_ex.c ****           {
 2451              		.loc 1 1936 14 view .LVU803
 2452 058a D3F89000 		ldr	r0, [r3, #144]
 2453              	.LVL254:
1936:Drivers/STM32L4xx_HAL_Driver/Src/stm32l4xx_hal_rcc_ex.c ****           {
 2454              		.loc 1 1936 13 view .LVU804
 2455 058e 10F00200 		ands	r0, r0, #2
 2456 0592 1DD0     		beq	.L109
1938:Drivers/STM32L4xx_HAL_Driver/Src/stm32l4xx_hal_rcc_ex.c ****           }
 2457              		.loc 1 1938 23 view .LVU805
 2458 0594 4FF40040 		mov	r0, #32768
 2459 0598 1AE0     		b	.L109
 2460              	.LVL255:
 2461              	.L228:
1909:Drivers/STM32L4xx_HAL_Driver/Src/stm32l4xx_hal_rcc_ex.c ****         {
 2462              		.loc 1 1909 9 view .LVU806
 2463 059a 0020     		movs	r0, #0
 2464              	.LVL256:
1909:Drivers/STM32L4xx_HAL_Driver/Src/stm32l4xx_hal_rcc_ex.c ****         {
 2465              		.loc 1 1909 9 view .LVU807
 2466 059c 18E0     		b	.L109
 2467              	.LVL257:
 2468              	.L176:
1912:Drivers/STM32L4xx_HAL_Driver/Src/stm32l4xx_hal_rcc_ex.c ****           break;
 2469              		.loc 1 1912 11 is_stmt 1 view .LVU808
1912:Drivers/STM32L4xx_HAL_Driver/Src/stm32l4xx_hal_rcc_ex.c ****           break;
 2470              		.loc 1 1912 23 is_stmt 0 view .LVU809
 2471 059e FFF7FEFF 		bl	HAL_RCC_GetPCLK1Freq
 2472              	.LVL258:
1913:Drivers/STM32L4xx_HAL_Driver/Src/stm32l4xx_hal_rcc_ex.c ****         case RCC_LPTIM2CLKSOURCE_LSI:
 2473              		.loc 1 1913 11 is_stmt 1 view .LVU810
 2474 05a2 15E0     		b	.L109
 2475              	.LVL259:
 2476              	.L174:
1930:Drivers/STM32L4xx_HAL_Driver/Src/stm32l4xx_hal_rcc_ex.c ****           {
 2477              		.loc 1 1930 11 view .LVU811
1930:Drivers/STM32L4xx_HAL_Driver/Src/stm32l4xx_hal_rcc_ex.c ****           {
 2478              		.loc 1 1930 14 is_stmt 0 view .LVU812
 2479 05a4 124B     		ldr	r3, .L233
 2480              	.LVL260:
1930:Drivers/STM32L4xx_HAL_Driver/Src/stm32l4xx_hal_rcc_ex.c ****           {
 2481              		.loc 1 1930 14 view .LVU813
 2482 05a6 1868     		ldr	r0, [r3]
 2483              	.LVL261:
1930:Drivers/STM32L4xx_HAL_Driver/Src/stm32l4xx_hal_rcc_ex.c ****           {
 2484              		.loc 1 1930 13 view .LVU814
 2485 05a8 10F48060 		ands	r0, r0, #1024
 2486 05ac 10D0     		beq	.L109
ARM GAS  /tmp/ccxIXDAo.s 			page 120


1932:Drivers/STM32L4xx_HAL_Driver/Src/stm32l4xx_hal_rcc_ex.c ****           }
 2487              		.loc 1 1932 23 view .LVU815
 2488 05ae 1148     		ldr	r0, .L233+4
 2489 05b0 0EE0     		b	.L109
 2490              	.LVL262:
 2491              	.L179:
1959:Drivers/STM32L4xx_HAL_Driver/Src/stm32l4xx_hal_rcc_ex.c ****           break;
 2492              		.loc 1 1959 11 is_stmt 1 view .LVU816
1959:Drivers/STM32L4xx_HAL_Driver/Src/stm32l4xx_hal_rcc_ex.c ****           break;
 2493              		.loc 1 1959 23 is_stmt 0 view .LVU817
 2494 05b2 FFF7FEFF 		bl	HAL_RCC_GetPCLK1Freq
 2495              	.LVL263:
1960:Drivers/STM32L4xx_HAL_Driver/Src/stm32l4xx_hal_rcc_ex.c ****         case RCC_SWPMI1CLKSOURCE_HSI:
 2496              		.loc 1 1960 11 is_stmt 1 view .LVU818
 2497 05b6 0BE0     		b	.L109
 2498              	.LVL264:
 2499              	.L180:
1962:Drivers/STM32L4xx_HAL_Driver/Src/stm32l4xx_hal_rcc_ex.c ****           {
 2500              		.loc 1 1962 11 view .LVU819
1962:Drivers/STM32L4xx_HAL_Driver/Src/stm32l4xx_hal_rcc_ex.c ****           {
 2501              		.loc 1 1962 14 is_stmt 0 view .LVU820
 2502 05b8 0D4B     		ldr	r3, .L233
 2503              	.LVL265:
1962:Drivers/STM32L4xx_HAL_Driver/Src/stm32l4xx_hal_rcc_ex.c ****           {
 2504              		.loc 1 1962 14 view .LVU821
 2505 05ba 1868     		ldr	r0, [r3]
 2506              	.LVL266:
1962:Drivers/STM32L4xx_HAL_Driver/Src/stm32l4xx_hal_rcc_ex.c ****           {
 2507              		.loc 1 1962 13 view .LVU822
 2508 05bc 10F48060 		ands	r0, r0, #1024
 2509 05c0 06D0     		beq	.L109
1964:Drivers/STM32L4xx_HAL_Driver/Src/stm32l4xx_hal_rcc_ex.c ****           }
 2510              		.loc 1 1964 23 view .LVU823
 2511 05c2 0C48     		ldr	r0, .L233+4
 2512              	.LVL267:
2024:Drivers/STM32L4xx_HAL_Driver/Src/stm32l4xx_hal_rcc_ex.c **** }
 2513              		.loc 1 2024 3 is_stmt 1 view .LVU824
2024:Drivers/STM32L4xx_HAL_Driver/Src/stm32l4xx_hal_rcc_ex.c **** }
 2514              		.loc 1 2024 9 is_stmt 0 view .LVU825
 2515 05c4 04E0     		b	.L109
 2516              	.LVL268:
 2517              	.L181:
1166:Drivers/STM32L4xx_HAL_Driver/Src/stm32l4xx_hal_rcc_ex.c ****     {
 2518              		.loc 1 1166 5 view .LVU826
 2519 05c6 0020     		movs	r0, #0
 2520              	.LVL269:
1166:Drivers/STM32L4xx_HAL_Driver/Src/stm32l4xx_hal_rcc_ex.c ****     {
 2521              		.loc 1 1166 5 view .LVU827
 2522 05c8 02E0     		b	.L109
 2523              	.LVL270:
 2524              	.L186:
1248:Drivers/STM32L4xx_HAL_Driver/Src/stm32l4xx_hal_rcc_ex.c ****     {
 2525              		.loc 1 1248 5 view .LVU828
 2526 05ca 0020     		movs	r0, #0
 2527              	.LVL271:
1248:Drivers/STM32L4xx_HAL_Driver/Src/stm32l4xx_hal_rcc_ex.c ****     {
 2528              		.loc 1 1248 5 view .LVU829
ARM GAS  /tmp/ccxIXDAo.s 			page 121


 2529 05cc 00E0     		b	.L109
 2530              	.L187:
 2531 05ce 0020     		movs	r0, #0
 2532              	.LVL272:
 2533              	.L109:
2025:Drivers/STM32L4xx_HAL_Driver/Src/stm32l4xx_hal_rcc_ex.c **** 
 2534              		.loc 1 2025 1 view .LVU830
 2535 05d0 08BD     		pop	{r3, pc}
 2536              	.LVL273:
 2537              	.L188:
1282:Drivers/STM32L4xx_HAL_Driver/Src/stm32l4xx_hal_rcc_ex.c ****         {
 2538              		.loc 1 1282 9 view .LVU831
 2539 05d2 0020     		movs	r0, #0
 2540              	.LVL274:
1282:Drivers/STM32L4xx_HAL_Driver/Src/stm32l4xx_hal_rcc_ex.c ****         {
 2541              		.loc 1 1282 9 view .LVU832
 2542 05d4 FCE7     		b	.L109
 2543              	.LVL275:
 2544              	.L190:
1429:Drivers/STM32L4xx_HAL_Driver/Src/stm32l4xx_hal_rcc_ex.c ****         {
 2545              		.loc 1 1429 9 view .LVU833
 2546 05d6 0020     		movs	r0, #0
 2547              	.LVL276:
1429:Drivers/STM32L4xx_HAL_Driver/Src/stm32l4xx_hal_rcc_ex.c ****         {
 2548              		.loc 1 1429 9 view .LVU834
 2549 05d8 FAE7     		b	.L109
 2550              	.L193:
1462:Drivers/STM32L4xx_HAL_Driver/Src/stm32l4xx_hal_rcc_ex.c ****         {
 2551              		.loc 1 1462 9 view .LVU835
 2552 05da 0020     		movs	r0, #0
 2553 05dc F8E7     		b	.L109
 2554              	.LVL277:
 2555              	.L200:
1638:Drivers/STM32L4xx_HAL_Driver/Src/stm32l4xx_hal_rcc_ex.c ****         {
 2556              		.loc 1 1638 9 view .LVU836
 2557 05de 0020     		movs	r0, #0
 2558              	.LVL278:
1638:Drivers/STM32L4xx_HAL_Driver/Src/stm32l4xx_hal_rcc_ex.c ****         {
 2559              		.loc 1 1638 9 view .LVU837
 2560 05e0 F6E7     		b	.L109
 2561              	.LVL279:
 2562              	.L201:
1748:Drivers/STM32L4xx_HAL_Driver/Src/stm32l4xx_hal_rcc_ex.c ****         {
 2563              		.loc 1 1748 9 view .LVU838
 2564 05e2 0020     		movs	r0, #0
 2565              	.LVL280:
1748:Drivers/STM32L4xx_HAL_Driver/Src/stm32l4xx_hal_rcc_ex.c ****         {
 2566              		.loc 1 1748 9 view .LVU839
 2567 05e4 F4E7     		b	.L109
 2568              	.LVL281:
 2569              	.L203:
1777:Drivers/STM32L4xx_HAL_Driver/Src/stm32l4xx_hal_rcc_ex.c ****         {
 2570              		.loc 1 1777 9 view .LVU840
 2571 05e6 0020     		movs	r0, #0
 2572              	.LVL282:
1777:Drivers/STM32L4xx_HAL_Driver/Src/stm32l4xx_hal_rcc_ex.c ****         {
 2573              		.loc 1 1777 9 view .LVU841
ARM GAS  /tmp/ccxIXDAo.s 			page 122


 2574 05e8 F2E7     		b	.L109
 2575              	.LVL283:
 2576              	.L205:
1806:Drivers/STM32L4xx_HAL_Driver/Src/stm32l4xx_hal_rcc_ex.c ****         {
 2577              		.loc 1 1806 9 view .LVU842
 2578 05ea 0020     		movs	r0, #0
 2579              	.LVL284:
1806:Drivers/STM32L4xx_HAL_Driver/Src/stm32l4xx_hal_rcc_ex.c ****         {
 2580              		.loc 1 1806 9 view .LVU843
 2581 05ec F0E7     		b	.L109
 2582              	.L234:
 2583 05ee 00BF     		.align	2
 2584              	.L233:
 2585 05f0 00100240 		.word	1073876992
 2586 05f4 0024F400 		.word	16000000
 2587              		.cfi_endproc
 2588              	.LFE290:
 2590              		.section	.text.HAL_RCCEx_EnablePLLSAI1,"ax",%progbits
 2591              		.align	1
 2592              		.global	HAL_RCCEx_EnablePLLSAI1
 2593              		.syntax unified
 2594              		.thumb
 2595              		.thumb_func
 2597              	HAL_RCCEx_EnablePLLSAI1:
 2598              	.LVL285:
 2599              	.LFB291:
2055:Drivers/STM32L4xx_HAL_Driver/Src/stm32l4xx_hal_rcc_ex.c ****   uint32_t tickstart;
 2600              		.loc 1 2055 1 is_stmt 1 view -0
 2601              		.cfi_startproc
 2602              		@ args = 0, pretend = 0, frame = 0
 2603              		@ frame_needed = 0, uses_anonymous_args = 0
2055:Drivers/STM32L4xx_HAL_Driver/Src/stm32l4xx_hal_rcc_ex.c ****   uint32_t tickstart;
 2604              		.loc 1 2055 1 is_stmt 0 view .LVU845
 2605 0000 38B5     		push	{r3, r4, r5, lr}
 2606              		.cfi_def_cfa_offset 16
 2607              		.cfi_offset 3, -16
 2608              		.cfi_offset 4, -12
 2609              		.cfi_offset 5, -8
 2610              		.cfi_offset 14, -4
 2611 0002 0546     		mov	r5, r0
2056:Drivers/STM32L4xx_HAL_Driver/Src/stm32l4xx_hal_rcc_ex.c ****   HAL_StatusTypeDef status = HAL_OK;
 2612              		.loc 1 2056 3 is_stmt 1 view .LVU846
2057:Drivers/STM32L4xx_HAL_Driver/Src/stm32l4xx_hal_rcc_ex.c **** 
 2613              		.loc 1 2057 3 view .LVU847
 2614              	.LVL286:
2060:Drivers/STM32L4xx_HAL_Driver/Src/stm32l4xx_hal_rcc_ex.c ****   assert_param(IS_RCC_PLLSAI1M_VALUE(PLLSAI1Init->PLLSAI1M));
 2615              		.loc 1 2060 3 view .LVU848
2061:Drivers/STM32L4xx_HAL_Driver/Src/stm32l4xx_hal_rcc_ex.c ****   assert_param(IS_RCC_PLLSAI1N_VALUE(PLLSAI1Init->PLLSAI1N));
 2616              		.loc 1 2061 3 view .LVU849
2062:Drivers/STM32L4xx_HAL_Driver/Src/stm32l4xx_hal_rcc_ex.c ****   assert_param(IS_RCC_PLLSAI1P_VALUE(PLLSAI1Init->PLLSAI1P));
 2617              		.loc 1 2062 3 view .LVU850
2063:Drivers/STM32L4xx_HAL_Driver/Src/stm32l4xx_hal_rcc_ex.c ****   assert_param(IS_RCC_PLLSAI1Q_VALUE(PLLSAI1Init->PLLSAI1Q));
 2618              		.loc 1 2063 3 view .LVU851
2064:Drivers/STM32L4xx_HAL_Driver/Src/stm32l4xx_hal_rcc_ex.c ****   assert_param(IS_RCC_PLLSAI1R_VALUE(PLLSAI1Init->PLLSAI1R));
 2619              		.loc 1 2064 3 view .LVU852
2065:Drivers/STM32L4xx_HAL_Driver/Src/stm32l4xx_hal_rcc_ex.c ****   assert_param(IS_RCC_PLLSAI1CLOCKOUT_VALUE(PLLSAI1Init->PLLSAI1ClockOut));
 2620              		.loc 1 2065 3 view .LVU853
ARM GAS  /tmp/ccxIXDAo.s 			page 123


2066:Drivers/STM32L4xx_HAL_Driver/Src/stm32l4xx_hal_rcc_ex.c **** 
 2621              		.loc 1 2066 3 view .LVU854
2069:Drivers/STM32L4xx_HAL_Driver/Src/stm32l4xx_hal_rcc_ex.c **** 
 2622              		.loc 1 2069 3 view .LVU855
 2623 0004 214A     		ldr	r2, .L247
 2624 0006 1368     		ldr	r3, [r2]
 2625 0008 23F08063 		bic	r3, r3, #67108864
 2626 000c 1360     		str	r3, [r2]
2072:Drivers/STM32L4xx_HAL_Driver/Src/stm32l4xx_hal_rcc_ex.c **** 
 2627              		.loc 1 2072 3 view .LVU856
2072:Drivers/STM32L4xx_HAL_Driver/Src/stm32l4xx_hal_rcc_ex.c **** 
 2628              		.loc 1 2072 15 is_stmt 0 view .LVU857
 2629 000e FFF7FEFF 		bl	HAL_GetTick
 2630              	.LVL287:
2072:Drivers/STM32L4xx_HAL_Driver/Src/stm32l4xx_hal_rcc_ex.c **** 
 2631              		.loc 1 2072 15 view .LVU858
 2632 0012 0446     		mov	r4, r0
 2633              	.LVL288:
2075:Drivers/STM32L4xx_HAL_Driver/Src/stm32l4xx_hal_rcc_ex.c ****   {
 2634              		.loc 1 2075 3 is_stmt 1 view .LVU859
 2635              	.L236:
2075:Drivers/STM32L4xx_HAL_Driver/Src/stm32l4xx_hal_rcc_ex.c ****   {
 2636              		.loc 1 2075 46 view .LVU860
2075:Drivers/STM32L4xx_HAL_Driver/Src/stm32l4xx_hal_rcc_ex.c ****   {
 2637              		.loc 1 2075 9 is_stmt 0 view .LVU861
 2638 0014 1D4B     		ldr	r3, .L247
 2639 0016 1B68     		ldr	r3, [r3]
2075:Drivers/STM32L4xx_HAL_Driver/Src/stm32l4xx_hal_rcc_ex.c ****   {
 2640              		.loc 1 2075 46 view .LVU862
 2641 0018 13F0006F 		tst	r3, #134217728
 2642 001c 06D0     		beq	.L245
2077:Drivers/STM32L4xx_HAL_Driver/Src/stm32l4xx_hal_rcc_ex.c ****     {
 2643              		.loc 1 2077 5 is_stmt 1 view .LVU863
2077:Drivers/STM32L4xx_HAL_Driver/Src/stm32l4xx_hal_rcc_ex.c ****     {
 2644              		.loc 1 2077 9 is_stmt 0 view .LVU864
 2645 001e FFF7FEFF 		bl	HAL_GetTick
 2646              	.LVL289:
2077:Drivers/STM32L4xx_HAL_Driver/Src/stm32l4xx_hal_rcc_ex.c ****     {
 2647              		.loc 1 2077 23 discriminator 1 view .LVU865
 2648 0022 001B     		subs	r0, r0, r4
2077:Drivers/STM32L4xx_HAL_Driver/Src/stm32l4xx_hal_rcc_ex.c ****     {
 2649              		.loc 1 2077 7 discriminator 1 view .LVU866
 2650 0024 0228     		cmp	r0, #2
 2651 0026 F5D9     		bls	.L236
2079:Drivers/STM32L4xx_HAL_Driver/Src/stm32l4xx_hal_rcc_ex.c ****       break;
 2652              		.loc 1 2079 14 view .LVU867
 2653 0028 0324     		movs	r4, #3
 2654              	.LVL290:
2079:Drivers/STM32L4xx_HAL_Driver/Src/stm32l4xx_hal_rcc_ex.c ****       break;
 2655              		.loc 1 2079 14 view .LVU868
 2656 002a 00E0     		b	.L237
 2657              	.LVL291:
 2658              	.L245:
2057:Drivers/STM32L4xx_HAL_Driver/Src/stm32l4xx_hal_rcc_ex.c **** 
 2659              		.loc 1 2057 21 view .LVU869
 2660 002c 0024     		movs	r4, #0
 2661              	.LVL292:
ARM GAS  /tmp/ccxIXDAo.s 			page 124


 2662              	.L237:
2084:Drivers/STM32L4xx_HAL_Driver/Src/stm32l4xx_hal_rcc_ex.c ****   {
 2663              		.loc 1 2084 3 is_stmt 1 view .LVU870
2084:Drivers/STM32L4xx_HAL_Driver/Src/stm32l4xx_hal_rcc_ex.c ****   {
 2664              		.loc 1 2084 5 is_stmt 0 view .LVU871
 2665 002e 0CB1     		cbz	r4, .L246
 2666              	.LVL293:
 2667              	.L239:
2115:Drivers/STM32L4xx_HAL_Driver/Src/stm32l4xx_hal_rcc_ex.c **** }
 2668              		.loc 1 2115 3 is_stmt 1 view .LVU872
2116:Drivers/STM32L4xx_HAL_Driver/Src/stm32l4xx_hal_rcc_ex.c **** 
 2669              		.loc 1 2116 1 is_stmt 0 view .LVU873
 2670 0030 2046     		mov	r0, r4
 2671 0032 38BD     		pop	{r3, r4, r5, pc}
 2672              	.LVL294:
 2673              	.L246:
2093:Drivers/STM32L4xx_HAL_Driver/Src/stm32l4xx_hal_rcc_ex.c **** #endif /* RCC_PLLSAI1M_DIV_1_16_SUPPORT */
 2674              		.loc 1 2093 5 is_stmt 1 view .LVU874
 2675 0034 154A     		ldr	r2, .L247
 2676 0036 1369     		ldr	r3, [r2, #16]
 2677 0038 1548     		ldr	r0, .L247+4
 2678 003a 1840     		ands	r0, r0, r3
 2679 003c A968     		ldr	r1, [r5, #8]
 2680 003e 2B69     		ldr	r3, [r5, #16]
 2681 0040 5B08     		lsrs	r3, r3, #1
 2682 0042 013B     		subs	r3, r3, #1
 2683 0044 5B05     		lsls	r3, r3, #21
 2684 0046 43EA0123 		orr	r3, r3, r1, lsl #8
 2685 004a 6969     		ldr	r1, [r5, #20]
 2686 004c 4908     		lsrs	r1, r1, #1
 2687 004e 0139     		subs	r1, r1, #1
 2688 0050 43EA4163 		orr	r3, r3, r1, lsl #25
 2689 0054 E968     		ldr	r1, [r5, #12]
 2690 0056 43EAC163 		orr	r3, r3, r1, lsl #27
 2691 005a 1843     		orrs	r0, r0, r3
 2692 005c 1061     		str	r0, [r2, #16]
2096:Drivers/STM32L4xx_HAL_Driver/Src/stm32l4xx_hal_rcc_ex.c **** 
 2693              		.loc 1 2096 5 view .LVU875
 2694 005e 1369     		ldr	r3, [r2, #16]
 2695 0060 A969     		ldr	r1, [r5, #24]
 2696 0062 0B43     		orrs	r3, r3, r1
 2697 0064 1361     		str	r3, [r2, #16]
2099:Drivers/STM32L4xx_HAL_Driver/Src/stm32l4xx_hal_rcc_ex.c **** 
 2698              		.loc 1 2099 5 view .LVU876
 2699 0066 1368     		ldr	r3, [r2]
 2700 0068 43F08063 		orr	r3, r3, #67108864
 2701 006c 1360     		str	r3, [r2]
2102:Drivers/STM32L4xx_HAL_Driver/Src/stm32l4xx_hal_rcc_ex.c **** 
 2702              		.loc 1 2102 5 view .LVU877
2102:Drivers/STM32L4xx_HAL_Driver/Src/stm32l4xx_hal_rcc_ex.c **** 
 2703              		.loc 1 2102 17 is_stmt 0 view .LVU878
 2704 006e FFF7FEFF 		bl	HAL_GetTick
 2705              	.LVL295:
 2706 0072 0546     		mov	r5, r0
 2707              	.LVL296:
2105:Drivers/STM32L4xx_HAL_Driver/Src/stm32l4xx_hal_rcc_ex.c ****     {
 2708              		.loc 1 2105 5 is_stmt 1 view .LVU879
ARM GAS  /tmp/ccxIXDAo.s 			page 125


 2709              	.L240:
2105:Drivers/STM32L4xx_HAL_Driver/Src/stm32l4xx_hal_rcc_ex.c ****     {
 2710              		.loc 1 2105 48 view .LVU880
2105:Drivers/STM32L4xx_HAL_Driver/Src/stm32l4xx_hal_rcc_ex.c ****     {
 2711              		.loc 1 2105 11 is_stmt 0 view .LVU881
 2712 0074 054B     		ldr	r3, .L247
 2713 0076 1B68     		ldr	r3, [r3]
2105:Drivers/STM32L4xx_HAL_Driver/Src/stm32l4xx_hal_rcc_ex.c ****     {
 2714              		.loc 1 2105 48 view .LVU882
 2715 0078 13F0006F 		tst	r3, #134217728
 2716 007c D8D1     		bne	.L239
2107:Drivers/STM32L4xx_HAL_Driver/Src/stm32l4xx_hal_rcc_ex.c ****       {
 2717              		.loc 1 2107 7 is_stmt 1 view .LVU883
2107:Drivers/STM32L4xx_HAL_Driver/Src/stm32l4xx_hal_rcc_ex.c ****       {
 2718              		.loc 1 2107 11 is_stmt 0 view .LVU884
 2719 007e FFF7FEFF 		bl	HAL_GetTick
 2720              	.LVL297:
2107:Drivers/STM32L4xx_HAL_Driver/Src/stm32l4xx_hal_rcc_ex.c ****       {
 2721              		.loc 1 2107 25 discriminator 1 view .LVU885
 2722 0082 401B     		subs	r0, r0, r5
2107:Drivers/STM32L4xx_HAL_Driver/Src/stm32l4xx_hal_rcc_ex.c ****       {
 2723              		.loc 1 2107 9 discriminator 1 view .LVU886
 2724 0084 0228     		cmp	r0, #2
 2725 0086 F5D9     		bls	.L240
2109:Drivers/STM32L4xx_HAL_Driver/Src/stm32l4xx_hal_rcc_ex.c ****         break;
 2726              		.loc 1 2109 16 view .LVU887
 2727 0088 0324     		movs	r4, #3
 2728              	.LVL298:
2109:Drivers/STM32L4xx_HAL_Driver/Src/stm32l4xx_hal_rcc_ex.c ****         break;
 2729              		.loc 1 2109 16 view .LVU888
 2730 008a D1E7     		b	.L239
 2731              	.L248:
 2732              		.align	2
 2733              	.L247:
 2734 008c 00100240 		.word	1073876992
 2735 0090 FF809D01 		.word	27099391
 2736              		.cfi_endproc
 2737              	.LFE291:
 2739              		.section	.text.HAL_RCCEx_DisablePLLSAI1,"ax",%progbits
 2740              		.align	1
 2741              		.global	HAL_RCCEx_DisablePLLSAI1
 2742              		.syntax unified
 2743              		.thumb
 2744              		.thumb_func
 2746              	HAL_RCCEx_DisablePLLSAI1:
 2747              	.LFB292:
2123:Drivers/STM32L4xx_HAL_Driver/Src/stm32l4xx_hal_rcc_ex.c ****   uint32_t tickstart;
 2748              		.loc 1 2123 1 is_stmt 1 view -0
 2749              		.cfi_startproc
 2750              		@ args = 0, pretend = 0, frame = 0
 2751              		@ frame_needed = 0, uses_anonymous_args = 0
 2752 0000 10B5     		push	{r4, lr}
 2753              		.cfi_def_cfa_offset 8
 2754              		.cfi_offset 4, -8
 2755              		.cfi_offset 14, -4
2124:Drivers/STM32L4xx_HAL_Driver/Src/stm32l4xx_hal_rcc_ex.c ****   HAL_StatusTypeDef status = HAL_OK;
 2756              		.loc 1 2124 3 view .LVU890
ARM GAS  /tmp/ccxIXDAo.s 			page 126


2125:Drivers/STM32L4xx_HAL_Driver/Src/stm32l4xx_hal_rcc_ex.c **** 
 2757              		.loc 1 2125 3 view .LVU891
 2758              	.LVL299:
2128:Drivers/STM32L4xx_HAL_Driver/Src/stm32l4xx_hal_rcc_ex.c **** 
 2759              		.loc 1 2128 3 view .LVU892
 2760 0002 124A     		ldr	r2, .L257
 2761 0004 1368     		ldr	r3, [r2]
 2762 0006 23F08063 		bic	r3, r3, #67108864
 2763 000a 1360     		str	r3, [r2]
2131:Drivers/STM32L4xx_HAL_Driver/Src/stm32l4xx_hal_rcc_ex.c **** 
 2764              		.loc 1 2131 3 view .LVU893
2131:Drivers/STM32L4xx_HAL_Driver/Src/stm32l4xx_hal_rcc_ex.c **** 
 2765              		.loc 1 2131 15 is_stmt 0 view .LVU894
 2766 000c FFF7FEFF 		bl	HAL_GetTick
 2767              	.LVL300:
 2768 0010 0446     		mov	r4, r0
 2769              	.LVL301:
2134:Drivers/STM32L4xx_HAL_Driver/Src/stm32l4xx_hal_rcc_ex.c ****   {
 2770              		.loc 1 2134 3 is_stmt 1 view .LVU895
 2771              	.L250:
2134:Drivers/STM32L4xx_HAL_Driver/Src/stm32l4xx_hal_rcc_ex.c ****   {
 2772              		.loc 1 2134 46 view .LVU896
2134:Drivers/STM32L4xx_HAL_Driver/Src/stm32l4xx_hal_rcc_ex.c ****   {
 2773              		.loc 1 2134 9 is_stmt 0 view .LVU897
 2774 0012 0E4B     		ldr	r3, .L257
 2775 0014 1B68     		ldr	r3, [r3]
2134:Drivers/STM32L4xx_HAL_Driver/Src/stm32l4xx_hal_rcc_ex.c ****   {
 2776              		.loc 1 2134 46 view .LVU898
 2777 0016 13F0006F 		tst	r3, #134217728
 2778 001a 06D0     		beq	.L256
2136:Drivers/STM32L4xx_HAL_Driver/Src/stm32l4xx_hal_rcc_ex.c ****     {
 2779              		.loc 1 2136 5 is_stmt 1 view .LVU899
2136:Drivers/STM32L4xx_HAL_Driver/Src/stm32l4xx_hal_rcc_ex.c ****     {
 2780              		.loc 1 2136 9 is_stmt 0 view .LVU900
 2781 001c FFF7FEFF 		bl	HAL_GetTick
 2782              	.LVL302:
2136:Drivers/STM32L4xx_HAL_Driver/Src/stm32l4xx_hal_rcc_ex.c ****     {
 2783              		.loc 1 2136 23 discriminator 1 view .LVU901
 2784 0020 001B     		subs	r0, r0, r4
2136:Drivers/STM32L4xx_HAL_Driver/Src/stm32l4xx_hal_rcc_ex.c ****     {
 2785              		.loc 1 2136 7 discriminator 1 view .LVU902
 2786 0022 0228     		cmp	r0, #2
 2787 0024 F5D9     		bls	.L250
2138:Drivers/STM32L4xx_HAL_Driver/Src/stm32l4xx_hal_rcc_ex.c ****       break;
 2788              		.loc 1 2138 14 view .LVU903
 2789 0026 0320     		movs	r0, #3
 2790 0028 00E0     		b	.L251
 2791              	.L256:
2125:Drivers/STM32L4xx_HAL_Driver/Src/stm32l4xx_hal_rcc_ex.c **** 
 2792              		.loc 1 2125 21 view .LVU904
 2793 002a 0020     		movs	r0, #0
 2794              	.L251:
 2795              	.LVL303:
2144:Drivers/STM32L4xx_HAL_Driver/Src/stm32l4xx_hal_rcc_ex.c **** 
 2796              		.loc 1 2144 3 is_stmt 1 view .LVU905
 2797 002c 074A     		ldr	r2, .L257
 2798 002e 1369     		ldr	r3, [r2, #16]
ARM GAS  /tmp/ccxIXDAo.s 			page 127


 2799 0030 23F08873 		bic	r3, r3, #17825792
 2800 0034 23F48033 		bic	r3, r3, #65536
 2801 0038 1361     		str	r3, [r2, #16]
2153:Drivers/STM32L4xx_HAL_Driver/Src/stm32l4xx_hal_rcc_ex.c ****   {
 2802              		.loc 1 2153 3 view .LVU906
2153:Drivers/STM32L4xx_HAL_Driver/Src/stm32l4xx_hal_rcc_ex.c ****   {
 2803              		.loc 1 2153 6 is_stmt 0 view .LVU907
 2804 003a 1368     		ldr	r3, [r2]
2153:Drivers/STM32L4xx_HAL_Driver/Src/stm32l4xx_hal_rcc_ex.c ****   {
 2805              		.loc 1 2153 5 view .LVU908
 2806 003c 13F0007F 		tst	r3, #33554432
 2807 0040 03D1     		bne	.L253
2155:Drivers/STM32L4xx_HAL_Driver/Src/stm32l4xx_hal_rcc_ex.c ****   }
 2808              		.loc 1 2155 5 is_stmt 1 view .LVU909
 2809 0042 D368     		ldr	r3, [r2, #12]
 2810 0044 23F00303 		bic	r3, r3, #3
 2811 0048 D360     		str	r3, [r2, #12]
 2812              	.L253:
2159:Drivers/STM32L4xx_HAL_Driver/Src/stm32l4xx_hal_rcc_ex.c **** }
 2813              		.loc 1 2159 3 view .LVU910
2160:Drivers/STM32L4xx_HAL_Driver/Src/stm32l4xx_hal_rcc_ex.c **** 
 2814              		.loc 1 2160 1 is_stmt 0 view .LVU911
 2815 004a 10BD     		pop	{r4, pc}
 2816              	.LVL304:
 2817              	.L258:
2160:Drivers/STM32L4xx_HAL_Driver/Src/stm32l4xx_hal_rcc_ex.c **** 
 2818              		.loc 1 2160 1 view .LVU912
 2819              		.align	2
 2820              	.L257:
 2821 004c 00100240 		.word	1073876992
 2822              		.cfi_endproc
 2823              	.LFE292:
 2825              		.section	.text.HAL_RCCEx_WakeUpStopCLKConfig,"ax",%progbits
 2826              		.align	1
 2827              		.global	HAL_RCCEx_WakeUpStopCLKConfig
 2828              		.syntax unified
 2829              		.thumb
 2830              		.thumb_func
 2832              	HAL_RCCEx_WakeUpStopCLKConfig:
 2833              	.LVL305:
 2834              	.LFB293:
2300:Drivers/STM32L4xx_HAL_Driver/Src/stm32l4xx_hal_rcc_ex.c ****   assert_param(IS_RCC_STOP_WAKEUPCLOCK(WakeUpClk));
 2835              		.loc 1 2300 1 is_stmt 1 view -0
 2836              		.cfi_startproc
 2837              		@ args = 0, pretend = 0, frame = 0
 2838              		@ frame_needed = 0, uses_anonymous_args = 0
 2839              		@ link register save eliminated.
2301:Drivers/STM32L4xx_HAL_Driver/Src/stm32l4xx_hal_rcc_ex.c **** 
 2840              		.loc 1 2301 3 view .LVU914
2303:Drivers/STM32L4xx_HAL_Driver/Src/stm32l4xx_hal_rcc_ex.c **** }
 2841              		.loc 1 2303 3 view .LVU915
 2842 0000 034A     		ldr	r2, .L260
 2843 0002 9368     		ldr	r3, [r2, #8]
 2844 0004 23F40043 		bic	r3, r3, #32768
 2845 0008 0343     		orrs	r3, r3, r0
 2846 000a 9360     		str	r3, [r2, #8]
2304:Drivers/STM32L4xx_HAL_Driver/Src/stm32l4xx_hal_rcc_ex.c **** 
ARM GAS  /tmp/ccxIXDAo.s 			page 128


 2847              		.loc 1 2304 1 is_stmt 0 view .LVU916
 2848 000c 7047     		bx	lr
 2849              	.L261:
 2850 000e 00BF     		.align	2
 2851              	.L260:
 2852 0010 00100240 		.word	1073876992
 2853              		.cfi_endproc
 2854              	.LFE293:
 2856              		.section	.text.HAL_RCCEx_StandbyMSIRangeConfig,"ax",%progbits
 2857              		.align	1
 2858              		.global	HAL_RCCEx_StandbyMSIRangeConfig
 2859              		.syntax unified
 2860              		.thumb
 2861              		.thumb_func
 2863              	HAL_RCCEx_StandbyMSIRangeConfig:
 2864              	.LVL306:
 2865              	.LFB294:
2318:Drivers/STM32L4xx_HAL_Driver/Src/stm32l4xx_hal_rcc_ex.c ****   assert_param(IS_RCC_MSI_STANDBY_CLOCK_RANGE(MSIRange));
 2866              		.loc 1 2318 1 is_stmt 1 view -0
 2867              		.cfi_startproc
 2868              		@ args = 0, pretend = 0, frame = 0
 2869              		@ frame_needed = 0, uses_anonymous_args = 0
 2870              		@ link register save eliminated.
2319:Drivers/STM32L4xx_HAL_Driver/Src/stm32l4xx_hal_rcc_ex.c **** 
 2871              		.loc 1 2319 3 view .LVU918
2321:Drivers/STM32L4xx_HAL_Driver/Src/stm32l4xx_hal_rcc_ex.c **** }
 2872              		.loc 1 2321 3 view .LVU919
 2873 0000 044A     		ldr	r2, .L263
 2874 0002 D2F89430 		ldr	r3, [r2, #148]
 2875 0006 23F47063 		bic	r3, r3, #3840
 2876 000a 43EA0013 		orr	r3, r3, r0, lsl #4
 2877 000e C2F89430 		str	r3, [r2, #148]
2322:Drivers/STM32L4xx_HAL_Driver/Src/stm32l4xx_hal_rcc_ex.c **** 
 2878              		.loc 1 2322 1 is_stmt 0 view .LVU920
 2879 0012 7047     		bx	lr
 2880              	.L264:
 2881              		.align	2
 2882              	.L263:
 2883 0014 00100240 		.word	1073876992
 2884              		.cfi_endproc
 2885              	.LFE294:
 2887              		.section	.text.HAL_RCCEx_EnableLSECSS,"ax",%progbits
 2888              		.align	1
 2889              		.global	HAL_RCCEx_EnableLSECSS
 2890              		.syntax unified
 2891              		.thumb
 2892              		.thumb_func
 2894              	HAL_RCCEx_EnableLSECSS:
 2895              	.LFB295:
2332:Drivers/STM32L4xx_HAL_Driver/Src/stm32l4xx_hal_rcc_ex.c ****   SET_BIT(RCC->BDCR, RCC_BDCR_LSECSSON);
 2896              		.loc 1 2332 1 is_stmt 1 view -0
 2897              		.cfi_startproc
 2898              		@ args = 0, pretend = 0, frame = 0
 2899              		@ frame_needed = 0, uses_anonymous_args = 0
 2900              		@ link register save eliminated.
2333:Drivers/STM32L4xx_HAL_Driver/Src/stm32l4xx_hal_rcc_ex.c **** }
 2901              		.loc 1 2333 3 view .LVU922
ARM GAS  /tmp/ccxIXDAo.s 			page 129


 2902 0000 034A     		ldr	r2, .L266
 2903 0002 D2F89030 		ldr	r3, [r2, #144]
 2904 0006 43F02003 		orr	r3, r3, #32
 2905 000a C2F89030 		str	r3, [r2, #144]
2334:Drivers/STM32L4xx_HAL_Driver/Src/stm32l4xx_hal_rcc_ex.c **** 
 2906              		.loc 1 2334 1 is_stmt 0 view .LVU923
 2907 000e 7047     		bx	lr
 2908              	.L267:
 2909              		.align	2
 2910              	.L266:
 2911 0010 00100240 		.word	1073876992
 2912              		.cfi_endproc
 2913              	.LFE295:
 2915              		.section	.text.HAL_RCCEx_DisableLSECSS,"ax",%progbits
 2916              		.align	1
 2917              		.global	HAL_RCCEx_DisableLSECSS
 2918              		.syntax unified
 2919              		.thumb
 2920              		.thumb_func
 2922              	HAL_RCCEx_DisableLSECSS:
 2923              	.LFB296:
2342:Drivers/STM32L4xx_HAL_Driver/Src/stm32l4xx_hal_rcc_ex.c ****   CLEAR_BIT(RCC->BDCR, RCC_BDCR_LSECSSON) ;
 2924              		.loc 1 2342 1 is_stmt 1 view -0
 2925              		.cfi_startproc
 2926              		@ args = 0, pretend = 0, frame = 0
 2927              		@ frame_needed = 0, uses_anonymous_args = 0
 2928              		@ link register save eliminated.
2343:Drivers/STM32L4xx_HAL_Driver/Src/stm32l4xx_hal_rcc_ex.c **** 
 2929              		.loc 1 2343 3 view .LVU925
 2930 0000 054B     		ldr	r3, .L269
 2931 0002 D3F89020 		ldr	r2, [r3, #144]
 2932 0006 22F02002 		bic	r2, r2, #32
 2933 000a C3F89020 		str	r2, [r3, #144]
2346:Drivers/STM32L4xx_HAL_Driver/Src/stm32l4xx_hal_rcc_ex.c **** }
 2934              		.loc 1 2346 3 view .LVU926
 2935 000e 9A69     		ldr	r2, [r3, #24]
 2936 0010 22F40072 		bic	r2, r2, #512
 2937 0014 9A61     		str	r2, [r3, #24]
2347:Drivers/STM32L4xx_HAL_Driver/Src/stm32l4xx_hal_rcc_ex.c **** 
 2938              		.loc 1 2347 1 is_stmt 0 view .LVU927
 2939 0016 7047     		bx	lr
 2940              	.L270:
 2941              		.align	2
 2942              	.L269:
 2943 0018 00100240 		.word	1073876992
 2944              		.cfi_endproc
 2945              	.LFE296:
 2947              		.section	.text.HAL_RCCEx_EnableLSECSS_IT,"ax",%progbits
 2948              		.align	1
 2949              		.global	HAL_RCCEx_EnableLSECSS_IT
 2950              		.syntax unified
 2951              		.thumb
 2952              		.thumb_func
 2954              	HAL_RCCEx_EnableLSECSS_IT:
 2955              	.LFB297:
2355:Drivers/STM32L4xx_HAL_Driver/Src/stm32l4xx_hal_rcc_ex.c ****   /* Enable LSE CSS */
 2956              		.loc 1 2355 1 is_stmt 1 view -0
ARM GAS  /tmp/ccxIXDAo.s 			page 130


 2957              		.cfi_startproc
 2958              		@ args = 0, pretend = 0, frame = 0
 2959              		@ frame_needed = 0, uses_anonymous_args = 0
 2960              		@ link register save eliminated.
2357:Drivers/STM32L4xx_HAL_Driver/Src/stm32l4xx_hal_rcc_ex.c **** 
 2961              		.loc 1 2357 3 view .LVU929
 2962 0000 0A4B     		ldr	r3, .L272
 2963 0002 D3F89020 		ldr	r2, [r3, #144]
 2964 0006 42F02002 		orr	r2, r2, #32
 2965 000a C3F89020 		str	r2, [r3, #144]
2360:Drivers/STM32L4xx_HAL_Driver/Src/stm32l4xx_hal_rcc_ex.c **** 
 2966              		.loc 1 2360 3 view .LVU930
 2967 000e 9A69     		ldr	r2, [r3, #24]
 2968 0010 42F40072 		orr	r2, r2, #512
 2969 0014 9A61     		str	r2, [r3, #24]
2363:Drivers/STM32L4xx_HAL_Driver/Src/stm32l4xx_hal_rcc_ex.c ****   __HAL_RCC_LSECSS_EXTI_ENABLE_RISING_EDGE();
 2970              		.loc 1 2363 3 view .LVU931
 2971 0016 A3F58633 		sub	r3, r3, #68608
 2972 001a 1A68     		ldr	r2, [r3]
 2973 001c 42F40022 		orr	r2, r2, #524288
 2974 0020 1A60     		str	r2, [r3]
2364:Drivers/STM32L4xx_HAL_Driver/Src/stm32l4xx_hal_rcc_ex.c **** }
 2975              		.loc 1 2364 3 view .LVU932
 2976 0022 9A68     		ldr	r2, [r3, #8]
 2977 0024 42F40022 		orr	r2, r2, #524288
 2978 0028 9A60     		str	r2, [r3, #8]
2365:Drivers/STM32L4xx_HAL_Driver/Src/stm32l4xx_hal_rcc_ex.c **** 
 2979              		.loc 1 2365 1 is_stmt 0 view .LVU933
 2980 002a 7047     		bx	lr
 2981              	.L273:
 2982              		.align	2
 2983              	.L272:
 2984 002c 00100240 		.word	1073876992
 2985              		.cfi_endproc
 2986              	.LFE297:
 2988              		.section	.text.HAL_RCCEx_LSECSS_Callback,"ax",%progbits
 2989              		.align	1
 2990              		.weak	HAL_RCCEx_LSECSS_Callback
 2991              		.syntax unified
 2992              		.thumb
 2993              		.thumb_func
 2995              	HAL_RCCEx_LSECSS_Callback:
 2996              	.LFB299:
2389:Drivers/STM32L4xx_HAL_Driver/Src/stm32l4xx_hal_rcc_ex.c ****   /* NOTE : This function should not be modified, when the callback is needed,
 2997              		.loc 1 2389 1 is_stmt 1 view -0
 2998              		.cfi_startproc
 2999              		@ args = 0, pretend = 0, frame = 0
 3000              		@ frame_needed = 0, uses_anonymous_args = 0
 3001              		@ link register save eliminated.
2393:Drivers/STM32L4xx_HAL_Driver/Src/stm32l4xx_hal_rcc_ex.c **** 
 3002              		.loc 1 2393 1 view .LVU935
 3003 0000 7047     		bx	lr
 3004              		.cfi_endproc
 3005              	.LFE299:
 3007              		.section	.text.HAL_RCCEx_LSECSS_IRQHandler,"ax",%progbits
 3008              		.align	1
 3009              		.global	HAL_RCCEx_LSECSS_IRQHandler
ARM GAS  /tmp/ccxIXDAo.s 			page 131


 3010              		.syntax unified
 3011              		.thumb
 3012              		.thumb_func
 3014              	HAL_RCCEx_LSECSS_IRQHandler:
 3015              	.LFB298:
2372:Drivers/STM32L4xx_HAL_Driver/Src/stm32l4xx_hal_rcc_ex.c ****   /* Check RCC LSE CSSF flag  */
 3016              		.loc 1 2372 1 view -0
 3017              		.cfi_startproc
 3018              		@ args = 0, pretend = 0, frame = 0
 3019              		@ frame_needed = 0, uses_anonymous_args = 0
 3020 0000 08B5     		push	{r3, lr}
 3021              		.cfi_def_cfa_offset 8
 3022              		.cfi_offset 3, -8
 3023              		.cfi_offset 14, -4
2374:Drivers/STM32L4xx_HAL_Driver/Src/stm32l4xx_hal_rcc_ex.c ****   {
 3024              		.loc 1 2374 3 view .LVU937
2374:Drivers/STM32L4xx_HAL_Driver/Src/stm32l4xx_hal_rcc_ex.c ****   {
 3025              		.loc 1 2374 6 is_stmt 0 view .LVU938
 3026 0002 064B     		ldr	r3, .L279
 3027 0004 DB69     		ldr	r3, [r3, #28]
2374:Drivers/STM32L4xx_HAL_Driver/Src/stm32l4xx_hal_rcc_ex.c ****   {
 3028              		.loc 1 2374 5 view .LVU939
 3029 0006 13F4007F 		tst	r3, #512
 3030 000a 00D1     		bne	.L278
 3031              	.L275:
2382:Drivers/STM32L4xx_HAL_Driver/Src/stm32l4xx_hal_rcc_ex.c **** 
 3032              		.loc 1 2382 1 view .LVU940
 3033 000c 08BD     		pop	{r3, pc}
 3034              	.L278:
2377:Drivers/STM32L4xx_HAL_Driver/Src/stm32l4xx_hal_rcc_ex.c **** 
 3035              		.loc 1 2377 5 is_stmt 1 view .LVU941
 3036 000e FFF7FEFF 		bl	HAL_RCCEx_LSECSS_Callback
 3037              	.LVL307:
2380:Drivers/STM32L4xx_HAL_Driver/Src/stm32l4xx_hal_rcc_ex.c ****   }
 3038              		.loc 1 2380 5 view .LVU942
 3039 0012 024B     		ldr	r3, .L279
 3040 0014 4FF40072 		mov	r2, #512
 3041 0018 1A62     		str	r2, [r3, #32]
2382:Drivers/STM32L4xx_HAL_Driver/Src/stm32l4xx_hal_rcc_ex.c **** 
 3042              		.loc 1 2382 1 is_stmt 0 view .LVU943
 3043 001a F7E7     		b	.L275
 3044              	.L280:
 3045              		.align	2
 3046              	.L279:
 3047 001c 00100240 		.word	1073876992
 3048              		.cfi_endproc
 3049              	.LFE298:
 3051              		.section	.text.HAL_RCCEx_EnableLSCO,"ax",%progbits
 3052              		.align	1
 3053              		.global	HAL_RCCEx_EnableLSCO
 3054              		.syntax unified
 3055              		.thumb
 3056              		.thumb_func
 3058              	HAL_RCCEx_EnableLSCO:
 3059              	.LVL308:
 3060              	.LFB300:
2404:Drivers/STM32L4xx_HAL_Driver/Src/stm32l4xx_hal_rcc_ex.c ****   GPIO_InitTypeDef GPIO_InitStruct;
ARM GAS  /tmp/ccxIXDAo.s 			page 132


 3061              		.loc 1 2404 1 is_stmt 1 view -0
 3062              		.cfi_startproc
 3063              		@ args = 0, pretend = 0, frame = 32
 3064              		@ frame_needed = 0, uses_anonymous_args = 0
2404:Drivers/STM32L4xx_HAL_Driver/Src/stm32l4xx_hal_rcc_ex.c ****   GPIO_InitTypeDef GPIO_InitStruct;
 3065              		.loc 1 2404 1 is_stmt 0 view .LVU945
 3066 0000 30B5     		push	{r4, r5, lr}
 3067              		.cfi_def_cfa_offset 12
 3068              		.cfi_offset 4, -12
 3069              		.cfi_offset 5, -8
 3070              		.cfi_offset 14, -4
 3071 0002 89B0     		sub	sp, sp, #36
 3072              		.cfi_def_cfa_offset 48
 3073 0004 0546     		mov	r5, r0
2405:Drivers/STM32L4xx_HAL_Driver/Src/stm32l4xx_hal_rcc_ex.c ****   FlagStatus       pwrclkchanged = RESET;
 3074              		.loc 1 2405 3 is_stmt 1 view .LVU946
2406:Drivers/STM32L4xx_HAL_Driver/Src/stm32l4xx_hal_rcc_ex.c ****   FlagStatus       backupchanged = RESET;
 3075              		.loc 1 2406 3 view .LVU947
 3076              	.LVL309:
2407:Drivers/STM32L4xx_HAL_Driver/Src/stm32l4xx_hal_rcc_ex.c **** 
 3077              		.loc 1 2407 3 view .LVU948
2410:Drivers/STM32L4xx_HAL_Driver/Src/stm32l4xx_hal_rcc_ex.c **** 
 3078              		.loc 1 2410 3 view .LVU949
2413:Drivers/STM32L4xx_HAL_Driver/Src/stm32l4xx_hal_rcc_ex.c **** 
 3079              		.loc 1 2413 3 view .LVU950
 3080              	.LBB5:
2413:Drivers/STM32L4xx_HAL_Driver/Src/stm32l4xx_hal_rcc_ex.c **** 
 3081              		.loc 1 2413 3 view .LVU951
2413:Drivers/STM32L4xx_HAL_Driver/Src/stm32l4xx_hal_rcc_ex.c **** 
 3082              		.loc 1 2413 3 view .LVU952
 3083 0006 244C     		ldr	r4, .L292
 3084 0008 E36C     		ldr	r3, [r4, #76]
 3085 000a 43F00103 		orr	r3, r3, #1
 3086 000e E364     		str	r3, [r4, #76]
2413:Drivers/STM32L4xx_HAL_Driver/Src/stm32l4xx_hal_rcc_ex.c **** 
 3087              		.loc 1 2413 3 view .LVU953
 3088 0010 E36C     		ldr	r3, [r4, #76]
 3089 0012 03F00103 		and	r3, r3, #1
 3090 0016 0193     		str	r3, [sp, #4]
2413:Drivers/STM32L4xx_HAL_Driver/Src/stm32l4xx_hal_rcc_ex.c **** 
 3091              		.loc 1 2413 3 view .LVU954
 3092 0018 019B     		ldr	r3, [sp, #4]
 3093              	.LBE5:
2413:Drivers/STM32L4xx_HAL_Driver/Src/stm32l4xx_hal_rcc_ex.c **** 
 3094              		.loc 1 2413 3 view .LVU955
2416:Drivers/STM32L4xx_HAL_Driver/Src/stm32l4xx_hal_rcc_ex.c ****   GPIO_InitStruct.Mode = GPIO_MODE_ANALOG;
 3095              		.loc 1 2416 3 view .LVU956
2416:Drivers/STM32L4xx_HAL_Driver/Src/stm32l4xx_hal_rcc_ex.c ****   GPIO_InitStruct.Mode = GPIO_MODE_ANALOG;
 3096              		.loc 1 2416 23 is_stmt 0 view .LVU957
 3097 001a 0423     		movs	r3, #4
 3098 001c 0393     		str	r3, [sp, #12]
2417:Drivers/STM32L4xx_HAL_Driver/Src/stm32l4xx_hal_rcc_ex.c ****   GPIO_InitStruct.Speed = GPIO_SPEED_FREQ_HIGH;
 3099              		.loc 1 2417 3 is_stmt 1 view .LVU958
2417:Drivers/STM32L4xx_HAL_Driver/Src/stm32l4xx_hal_rcc_ex.c ****   GPIO_InitStruct.Speed = GPIO_SPEED_FREQ_HIGH;
 3100              		.loc 1 2417 24 is_stmt 0 view .LVU959
 3101 001e 0323     		movs	r3, #3
 3102 0020 0493     		str	r3, [sp, #16]
ARM GAS  /tmp/ccxIXDAo.s 			page 133


2418:Drivers/STM32L4xx_HAL_Driver/Src/stm32l4xx_hal_rcc_ex.c ****   GPIO_InitStruct.Pull = GPIO_NOPULL;
 3103              		.loc 1 2418 3 is_stmt 1 view .LVU960
2418:Drivers/STM32L4xx_HAL_Driver/Src/stm32l4xx_hal_rcc_ex.c ****   GPIO_InitStruct.Pull = GPIO_NOPULL;
 3104              		.loc 1 2418 25 is_stmt 0 view .LVU961
 3105 0022 0223     		movs	r3, #2
 3106 0024 0693     		str	r3, [sp, #24]
2419:Drivers/STM32L4xx_HAL_Driver/Src/stm32l4xx_hal_rcc_ex.c ****   HAL_GPIO_Init(LSCO_GPIO_PORT, &GPIO_InitStruct);
 3107              		.loc 1 2419 3 is_stmt 1 view .LVU962
2419:Drivers/STM32L4xx_HAL_Driver/Src/stm32l4xx_hal_rcc_ex.c ****   HAL_GPIO_Init(LSCO_GPIO_PORT, &GPIO_InitStruct);
 3108              		.loc 1 2419 24 is_stmt 0 view .LVU963
 3109 0026 0023     		movs	r3, #0
 3110 0028 0593     		str	r3, [sp, #20]
2420:Drivers/STM32L4xx_HAL_Driver/Src/stm32l4xx_hal_rcc_ex.c **** 
 3111              		.loc 1 2420 3 is_stmt 1 view .LVU964
 3112 002a 03A9     		add	r1, sp, #12
 3113 002c 4FF09040 		mov	r0, #1207959552
 3114              	.LVL310:
2420:Drivers/STM32L4xx_HAL_Driver/Src/stm32l4xx_hal_rcc_ex.c **** 
 3115              		.loc 1 2420 3 is_stmt 0 view .LVU965
 3116 0030 FFF7FEFF 		bl	HAL_GPIO_Init
 3117              	.LVL311:
2423:Drivers/STM32L4xx_HAL_Driver/Src/stm32l4xx_hal_rcc_ex.c ****   {
 3118              		.loc 1 2423 3 is_stmt 1 view .LVU966
2423:Drivers/STM32L4xx_HAL_Driver/Src/stm32l4xx_hal_rcc_ex.c ****   {
 3119              		.loc 1 2423 6 is_stmt 0 view .LVU967
 3120 0034 A36D     		ldr	r3, [r4, #88]
2423:Drivers/STM32L4xx_HAL_Driver/Src/stm32l4xx_hal_rcc_ex.c ****   {
 3121              		.loc 1 2423 5 view .LVU968
 3122 0036 13F0805F 		tst	r3, #268435456
 3123 003a 1DD1     		bne	.L286
2425:Drivers/STM32L4xx_HAL_Driver/Src/stm32l4xx_hal_rcc_ex.c ****     pwrclkchanged = SET;
 3124              		.loc 1 2425 5 is_stmt 1 view .LVU969
 3125              	.LBB6:
2425:Drivers/STM32L4xx_HAL_Driver/Src/stm32l4xx_hal_rcc_ex.c ****     pwrclkchanged = SET;
 3126              		.loc 1 2425 5 view .LVU970
2425:Drivers/STM32L4xx_HAL_Driver/Src/stm32l4xx_hal_rcc_ex.c ****     pwrclkchanged = SET;
 3127              		.loc 1 2425 5 view .LVU971
 3128 003c A26D     		ldr	r2, [r4, #88]
 3129 003e 42F08052 		orr	r2, r2, #268435456
 3130 0042 A265     		str	r2, [r4, #88]
2425:Drivers/STM32L4xx_HAL_Driver/Src/stm32l4xx_hal_rcc_ex.c ****     pwrclkchanged = SET;
 3131              		.loc 1 2425 5 view .LVU972
 3132 0044 A36D     		ldr	r3, [r4, #88]
 3133 0046 03F08053 		and	r3, r3, #268435456
 3134 004a 0293     		str	r3, [sp, #8]
2425:Drivers/STM32L4xx_HAL_Driver/Src/stm32l4xx_hal_rcc_ex.c ****     pwrclkchanged = SET;
 3135              		.loc 1 2425 5 view .LVU973
 3136 004c 029B     		ldr	r3, [sp, #8]
 3137              	.LBE6:
2425:Drivers/STM32L4xx_HAL_Driver/Src/stm32l4xx_hal_rcc_ex.c ****     pwrclkchanged = SET;
 3138              		.loc 1 2425 5 view .LVU974
2426:Drivers/STM32L4xx_HAL_Driver/Src/stm32l4xx_hal_rcc_ex.c ****   }
 3139              		.loc 1 2426 5 view .LVU975
 3140              	.LVL312:
2426:Drivers/STM32L4xx_HAL_Driver/Src/stm32l4xx_hal_rcc_ex.c ****   }
 3141              		.loc 1 2426 19 is_stmt 0 view .LVU976
 3142 004e 0124     		movs	r4, #1
ARM GAS  /tmp/ccxIXDAo.s 			page 134


 3143              	.LVL313:
 3144              	.L282:
2428:Drivers/STM32L4xx_HAL_Driver/Src/stm32l4xx_hal_rcc_ex.c ****   {
 3145              		.loc 1 2428 3 is_stmt 1 view .LVU977
2428:Drivers/STM32L4xx_HAL_Driver/Src/stm32l4xx_hal_rcc_ex.c ****   {
 3146              		.loc 1 2428 6 is_stmt 0 view .LVU978
 3147 0050 124B     		ldr	r3, .L292+4
 3148 0052 1B68     		ldr	r3, [r3]
2428:Drivers/STM32L4xx_HAL_Driver/Src/stm32l4xx_hal_rcc_ex.c ****   {
 3149              		.loc 1 2428 5 view .LVU979
 3150 0054 13F4807F 		tst	r3, #256
 3151 0058 10D0     		beq	.L289
2407:Drivers/STM32L4xx_HAL_Driver/Src/stm32l4xx_hal_rcc_ex.c **** 
 3152              		.loc 1 2407 20 view .LVU980
 3153 005a 0022     		movs	r2, #0
 3154              	.LVL314:
 3155              	.L283:
2434:Drivers/STM32L4xx_HAL_Driver/Src/stm32l4xx_hal_rcc_ex.c **** 
 3156              		.loc 1 2434 3 is_stmt 1 view .LVU981
 3157 005c 0E4B     		ldr	r3, .L292
 3158 005e D3F89000 		ldr	r0, [r3, #144]
 3159 0062 20F04070 		bic	r0, r0, #50331648
 3160 0066 2843     		orrs	r0, r0, r5
 3161 0068 40F08070 		orr	r0, r0, #16777216
 3162 006c C3F89000 		str	r0, [r3, #144]
2436:Drivers/STM32L4xx_HAL_Driver/Src/stm32l4xx_hal_rcc_ex.c ****   {
 3163              		.loc 1 2436 3 view .LVU982
2436:Drivers/STM32L4xx_HAL_Driver/Src/stm32l4xx_hal_rcc_ex.c ****   {
 3164              		.loc 1 2436 5 is_stmt 0 view .LVU983
 3165 0070 42B9     		cbnz	r2, .L290
 3166              	.LVL315:
 3167              	.L284:
2440:Drivers/STM32L4xx_HAL_Driver/Src/stm32l4xx_hal_rcc_ex.c ****   {
 3168              		.loc 1 2440 3 is_stmt 1 view .LVU984
2440:Drivers/STM32L4xx_HAL_Driver/Src/stm32l4xx_hal_rcc_ex.c ****   {
 3169              		.loc 1 2440 5 is_stmt 0 view .LVU985
 3170 0072 54B9     		cbnz	r4, .L291
 3171              	.L281:
2444:Drivers/STM32L4xx_HAL_Driver/Src/stm32l4xx_hal_rcc_ex.c **** 
 3172              		.loc 1 2444 1 view .LVU986
 3173 0074 09B0     		add	sp, sp, #36
 3174              		.cfi_remember_state
 3175              		.cfi_def_cfa_offset 12
 3176              		@ sp needed
 3177 0076 30BD     		pop	{r4, r5, pc}
 3178              	.LVL316:
 3179              	.L286:
 3180              		.cfi_restore_state
2406:Drivers/STM32L4xx_HAL_Driver/Src/stm32l4xx_hal_rcc_ex.c ****   FlagStatus       backupchanged = RESET;
 3181              		.loc 1 2406 20 view .LVU987
 3182 0078 0024     		movs	r4, #0
 3183 007a E9E7     		b	.L282
 3184              	.LVL317:
 3185              	.L289:
2430:Drivers/STM32L4xx_HAL_Driver/Src/stm32l4xx_hal_rcc_ex.c ****     backupchanged = SET;
 3186              		.loc 1 2430 5 is_stmt 1 view .LVU988
 3187 007c FFF7FEFF 		bl	HAL_PWR_EnableBkUpAccess
ARM GAS  /tmp/ccxIXDAo.s 			page 135


 3188              	.LVL318:
2431:Drivers/STM32L4xx_HAL_Driver/Src/stm32l4xx_hal_rcc_ex.c ****   }
 3189              		.loc 1 2431 5 view .LVU989
2431:Drivers/STM32L4xx_HAL_Driver/Src/stm32l4xx_hal_rcc_ex.c ****   }
 3190              		.loc 1 2431 19 is_stmt 0 view .LVU990
 3191 0080 0122     		movs	r2, #1
 3192 0082 EBE7     		b	.L283
 3193              	.LVL319:
 3194              	.L290:
2438:Drivers/STM32L4xx_HAL_Driver/Src/stm32l4xx_hal_rcc_ex.c ****   }
 3195              		.loc 1 2438 5 is_stmt 1 view .LVU991
 3196 0084 FFF7FEFF 		bl	HAL_PWR_DisableBkUpAccess
 3197              	.LVL320:
2438:Drivers/STM32L4xx_HAL_Driver/Src/stm32l4xx_hal_rcc_ex.c ****   }
 3198              		.loc 1 2438 5 is_stmt 0 view .LVU992
 3199 0088 F3E7     		b	.L284
 3200              	.L291:
2442:Drivers/STM32L4xx_HAL_Driver/Src/stm32l4xx_hal_rcc_ex.c ****   }
 3201              		.loc 1 2442 5 is_stmt 1 view .LVU993
 3202 008a 034A     		ldr	r2, .L292
 3203 008c 936D     		ldr	r3, [r2, #88]
 3204 008e 23F08053 		bic	r3, r3, #268435456
 3205 0092 9365     		str	r3, [r2, #88]
2444:Drivers/STM32L4xx_HAL_Driver/Src/stm32l4xx_hal_rcc_ex.c **** 
 3206              		.loc 1 2444 1 is_stmt 0 view .LVU994
 3207 0094 EEE7     		b	.L281
 3208              	.L293:
 3209 0096 00BF     		.align	2
 3210              	.L292:
 3211 0098 00100240 		.word	1073876992
 3212 009c 00700040 		.word	1073770496
 3213              		.cfi_endproc
 3214              	.LFE300:
 3216              		.section	.text.HAL_RCCEx_DisableLSCO,"ax",%progbits
 3217              		.align	1
 3218              		.global	HAL_RCCEx_DisableLSCO
 3219              		.syntax unified
 3220              		.thumb
 3221              		.thumb_func
 3223              	HAL_RCCEx_DisableLSCO:
 3224              	.LFB301:
2451:Drivers/STM32L4xx_HAL_Driver/Src/stm32l4xx_hal_rcc_ex.c ****   FlagStatus       pwrclkchanged = RESET;
 3225              		.loc 1 2451 1 is_stmt 1 view -0
 3226              		.cfi_startproc
 3227              		@ args = 0, pretend = 0, frame = 8
 3228              		@ frame_needed = 0, uses_anonymous_args = 0
 3229 0000 10B5     		push	{r4, lr}
 3230              		.cfi_def_cfa_offset 8
 3231              		.cfi_offset 4, -8
 3232              		.cfi_offset 14, -4
 3233 0002 82B0     		sub	sp, sp, #8
 3234              		.cfi_def_cfa_offset 16
2452:Drivers/STM32L4xx_HAL_Driver/Src/stm32l4xx_hal_rcc_ex.c ****   FlagStatus       backupchanged = RESET;
 3235              		.loc 1 2452 3 view .LVU996
 3236              	.LVL321:
2453:Drivers/STM32L4xx_HAL_Driver/Src/stm32l4xx_hal_rcc_ex.c **** 
 3237              		.loc 1 2453 3 view .LVU997
ARM GAS  /tmp/ccxIXDAo.s 			page 136


2456:Drivers/STM32L4xx_HAL_Driver/Src/stm32l4xx_hal_rcc_ex.c ****   {
 3238              		.loc 1 2456 3 view .LVU998
2456:Drivers/STM32L4xx_HAL_Driver/Src/stm32l4xx_hal_rcc_ex.c ****   {
 3239              		.loc 1 2456 6 is_stmt 0 view .LVU999
 3240 0004 174B     		ldr	r3, .L305
 3241 0006 9B6D     		ldr	r3, [r3, #88]
2456:Drivers/STM32L4xx_HAL_Driver/Src/stm32l4xx_hal_rcc_ex.c ****   {
 3242              		.loc 1 2456 5 view .LVU1000
 3243 0008 13F0805F 		tst	r3, #268435456
 3244 000c 1BD1     		bne	.L299
2458:Drivers/STM32L4xx_HAL_Driver/Src/stm32l4xx_hal_rcc_ex.c ****     pwrclkchanged = SET;
 3245              		.loc 1 2458 5 is_stmt 1 view .LVU1001
 3246              	.LBB7:
2458:Drivers/STM32L4xx_HAL_Driver/Src/stm32l4xx_hal_rcc_ex.c ****     pwrclkchanged = SET;
 3247              		.loc 1 2458 5 view .LVU1002
2458:Drivers/STM32L4xx_HAL_Driver/Src/stm32l4xx_hal_rcc_ex.c ****     pwrclkchanged = SET;
 3248              		.loc 1 2458 5 view .LVU1003
 3249 000e 154B     		ldr	r3, .L305
 3250 0010 9A6D     		ldr	r2, [r3, #88]
 3251 0012 42F08052 		orr	r2, r2, #268435456
 3252 0016 9A65     		str	r2, [r3, #88]
2458:Drivers/STM32L4xx_HAL_Driver/Src/stm32l4xx_hal_rcc_ex.c ****     pwrclkchanged = SET;
 3253              		.loc 1 2458 5 view .LVU1004
 3254 0018 9B6D     		ldr	r3, [r3, #88]
 3255 001a 03F08053 		and	r3, r3, #268435456
 3256 001e 0193     		str	r3, [sp, #4]
2458:Drivers/STM32L4xx_HAL_Driver/Src/stm32l4xx_hal_rcc_ex.c ****     pwrclkchanged = SET;
 3257              		.loc 1 2458 5 view .LVU1005
 3258 0020 019B     		ldr	r3, [sp, #4]
 3259              	.LBE7:
2458:Drivers/STM32L4xx_HAL_Driver/Src/stm32l4xx_hal_rcc_ex.c ****     pwrclkchanged = SET;
 3260              		.loc 1 2458 5 view .LVU1006
2459:Drivers/STM32L4xx_HAL_Driver/Src/stm32l4xx_hal_rcc_ex.c ****   }
 3261              		.loc 1 2459 5 view .LVU1007
 3262              	.LVL322:
2459:Drivers/STM32L4xx_HAL_Driver/Src/stm32l4xx_hal_rcc_ex.c ****   }
 3263              		.loc 1 2459 19 is_stmt 0 view .LVU1008
 3264 0022 0124     		movs	r4, #1
 3265              	.LVL323:
 3266              	.L295:
2461:Drivers/STM32L4xx_HAL_Driver/Src/stm32l4xx_hal_rcc_ex.c ****   {
 3267              		.loc 1 2461 3 is_stmt 1 view .LVU1009
2461:Drivers/STM32L4xx_HAL_Driver/Src/stm32l4xx_hal_rcc_ex.c ****   {
 3268              		.loc 1 2461 6 is_stmt 0 view .LVU1010
 3269 0024 104B     		ldr	r3, .L305+4
 3270 0026 1B68     		ldr	r3, [r3]
2461:Drivers/STM32L4xx_HAL_Driver/Src/stm32l4xx_hal_rcc_ex.c ****   {
 3271              		.loc 1 2461 5 view .LVU1011
 3272 0028 13F4807F 		tst	r3, #256
 3273 002c 0DD0     		beq	.L302
2453:Drivers/STM32L4xx_HAL_Driver/Src/stm32l4xx_hal_rcc_ex.c **** 
 3274              		.loc 1 2453 20 view .LVU1012
 3275 002e 0021     		movs	r1, #0
 3276              	.LVL324:
 3277              	.L296:
2468:Drivers/STM32L4xx_HAL_Driver/Src/stm32l4xx_hal_rcc_ex.c **** 
 3278              		.loc 1 2468 3 is_stmt 1 view .LVU1013
ARM GAS  /tmp/ccxIXDAo.s 			page 137


 3279 0030 0C4A     		ldr	r2, .L305
 3280 0032 D2F89030 		ldr	r3, [r2, #144]
 3281 0036 23F08073 		bic	r3, r3, #16777216
 3282 003a C2F89030 		str	r3, [r2, #144]
2471:Drivers/STM32L4xx_HAL_Driver/Src/stm32l4xx_hal_rcc_ex.c ****   {
 3283              		.loc 1 2471 3 view .LVU1014
2471:Drivers/STM32L4xx_HAL_Driver/Src/stm32l4xx_hal_rcc_ex.c ****   {
 3284              		.loc 1 2471 5 is_stmt 0 view .LVU1015
 3285 003e 41B9     		cbnz	r1, .L303
 3286              	.LVL325:
 3287              	.L297:
2476:Drivers/STM32L4xx_HAL_Driver/Src/stm32l4xx_hal_rcc_ex.c ****   {
 3288              		.loc 1 2476 3 is_stmt 1 view .LVU1016
2476:Drivers/STM32L4xx_HAL_Driver/Src/stm32l4xx_hal_rcc_ex.c ****   {
 3289              		.loc 1 2476 5 is_stmt 0 view .LVU1017
 3290 0040 54B9     		cbnz	r4, .L304
 3291              	.L294:
2480:Drivers/STM32L4xx_HAL_Driver/Src/stm32l4xx_hal_rcc_ex.c **** 
 3292              		.loc 1 2480 1 view .LVU1018
 3293 0042 02B0     		add	sp, sp, #8
 3294              		.cfi_remember_state
 3295              		.cfi_def_cfa_offset 8
 3296              		@ sp needed
 3297 0044 10BD     		pop	{r4, pc}
 3298              	.LVL326:
 3299              	.L299:
 3300              		.cfi_restore_state
2452:Drivers/STM32L4xx_HAL_Driver/Src/stm32l4xx_hal_rcc_ex.c ****   FlagStatus       backupchanged = RESET;
 3301              		.loc 1 2452 20 view .LVU1019
 3302 0046 0024     		movs	r4, #0
 3303 0048 ECE7     		b	.L295
 3304              	.LVL327:
 3305              	.L302:
2464:Drivers/STM32L4xx_HAL_Driver/Src/stm32l4xx_hal_rcc_ex.c ****     backupchanged = SET;
 3306              		.loc 1 2464 5 is_stmt 1 view .LVU1020
 3307 004a FFF7FEFF 		bl	HAL_PWR_EnableBkUpAccess
 3308              	.LVL328:
2465:Drivers/STM32L4xx_HAL_Driver/Src/stm32l4xx_hal_rcc_ex.c ****   }
 3309              		.loc 1 2465 5 view .LVU1021
2465:Drivers/STM32L4xx_HAL_Driver/Src/stm32l4xx_hal_rcc_ex.c ****   }
 3310              		.loc 1 2465 19 is_stmt 0 view .LVU1022
 3311 004e 0121     		movs	r1, #1
 3312 0050 EEE7     		b	.L296
 3313              	.LVL329:
 3314              	.L303:
2474:Drivers/STM32L4xx_HAL_Driver/Src/stm32l4xx_hal_rcc_ex.c ****   }
 3315              		.loc 1 2474 5 is_stmt 1 view .LVU1023
 3316 0052 FFF7FEFF 		bl	HAL_PWR_DisableBkUpAccess
 3317              	.LVL330:
2474:Drivers/STM32L4xx_HAL_Driver/Src/stm32l4xx_hal_rcc_ex.c ****   }
 3318              		.loc 1 2474 5 is_stmt 0 view .LVU1024
 3319 0056 F3E7     		b	.L297
 3320              	.L304:
2478:Drivers/STM32L4xx_HAL_Driver/Src/stm32l4xx_hal_rcc_ex.c ****   }
 3321              		.loc 1 2478 5 is_stmt 1 view .LVU1025
 3322 0058 024A     		ldr	r2, .L305
 3323 005a 936D     		ldr	r3, [r2, #88]
ARM GAS  /tmp/ccxIXDAo.s 			page 138


 3324 005c 23F08053 		bic	r3, r3, #268435456
 3325 0060 9365     		str	r3, [r2, #88]
2480:Drivers/STM32L4xx_HAL_Driver/Src/stm32l4xx_hal_rcc_ex.c **** 
 3326              		.loc 1 2480 1 is_stmt 0 view .LVU1026
 3327 0062 EEE7     		b	.L294
 3328              	.L306:
 3329              		.align	2
 3330              	.L305:
 3331 0064 00100240 		.word	1073876992
 3332 0068 00700040 		.word	1073770496
 3333              		.cfi_endproc
 3334              	.LFE301:
 3336              		.section	.text.HAL_RCCEx_EnableMSIPLLMode,"ax",%progbits
 3337              		.align	1
 3338              		.global	HAL_RCCEx_EnableMSIPLLMode
 3339              		.syntax unified
 3340              		.thumb
 3341              		.thumb_func
 3343              	HAL_RCCEx_EnableMSIPLLMode:
 3344              	.LFB302:
2489:Drivers/STM32L4xx_HAL_Driver/Src/stm32l4xx_hal_rcc_ex.c ****   SET_BIT(RCC->CR, RCC_CR_MSIPLLEN) ;
 3345              		.loc 1 2489 1 is_stmt 1 view -0
 3346              		.cfi_startproc
 3347              		@ args = 0, pretend = 0, frame = 0
 3348              		@ frame_needed = 0, uses_anonymous_args = 0
 3349              		@ link register save eliminated.
2490:Drivers/STM32L4xx_HAL_Driver/Src/stm32l4xx_hal_rcc_ex.c **** }
 3350              		.loc 1 2490 3 view .LVU1028
 3351 0000 024A     		ldr	r2, .L308
 3352 0002 1368     		ldr	r3, [r2]
 3353 0004 43F00403 		orr	r3, r3, #4
 3354 0008 1360     		str	r3, [r2]
2491:Drivers/STM32L4xx_HAL_Driver/Src/stm32l4xx_hal_rcc_ex.c **** 
 3355              		.loc 1 2491 1 is_stmt 0 view .LVU1029
 3356 000a 7047     		bx	lr
 3357              	.L309:
 3358              		.align	2
 3359              	.L308:
 3360 000c 00100240 		.word	1073876992
 3361              		.cfi_endproc
 3362              	.LFE302:
 3364              		.section	.text.HAL_RCCEx_DisableMSIPLLMode,"ax",%progbits
 3365              		.align	1
 3366              		.global	HAL_RCCEx_DisableMSIPLLMode
 3367              		.syntax unified
 3368              		.thumb
 3369              		.thumb_func
 3371              	HAL_RCCEx_DisableMSIPLLMode:
 3372              	.LFB303:
2499:Drivers/STM32L4xx_HAL_Driver/Src/stm32l4xx_hal_rcc_ex.c ****   CLEAR_BIT(RCC->CR, RCC_CR_MSIPLLEN) ;
 3373              		.loc 1 2499 1 is_stmt 1 view -0
 3374              		.cfi_startproc
 3375              		@ args = 0, pretend = 0, frame = 0
 3376              		@ frame_needed = 0, uses_anonymous_args = 0
 3377              		@ link register save eliminated.
2500:Drivers/STM32L4xx_HAL_Driver/Src/stm32l4xx_hal_rcc_ex.c **** }
 3378              		.loc 1 2500 3 view .LVU1031
ARM GAS  /tmp/ccxIXDAo.s 			page 139


 3379 0000 024A     		ldr	r2, .L311
 3380 0002 1368     		ldr	r3, [r2]
 3381 0004 23F00403 		bic	r3, r3, #4
 3382 0008 1360     		str	r3, [r2]
2501:Drivers/STM32L4xx_HAL_Driver/Src/stm32l4xx_hal_rcc_ex.c **** 
 3383              		.loc 1 2501 1 is_stmt 0 view .LVU1032
 3384 000a 7047     		bx	lr
 3385              	.L312:
 3386              		.align	2
 3387              	.L311:
 3388 000c 00100240 		.word	1073876992
 3389              		.cfi_endproc
 3390              	.LFE303:
 3392              		.section	.text.HAL_RCCEx_CRSConfig,"ax",%progbits
 3393              		.align	1
 3394              		.global	HAL_RCCEx_CRSConfig
 3395              		.syntax unified
 3396              		.thumb
 3397              		.thumb_func
 3399              	HAL_RCCEx_CRSConfig:
 3400              	.LVL331:
 3401              	.LFB304:
2596:Drivers/STM32L4xx_HAL_Driver/Src/stm32l4xx_hal_rcc_ex.c ****   uint32_t value;  /* no init needed */
 3402              		.loc 1 2596 1 is_stmt 1 view -0
 3403              		.cfi_startproc
 3404              		@ args = 0, pretend = 0, frame = 0
 3405              		@ frame_needed = 0, uses_anonymous_args = 0
 3406              		@ link register save eliminated.
2597:Drivers/STM32L4xx_HAL_Driver/Src/stm32l4xx_hal_rcc_ex.c **** 
 3407              		.loc 1 2597 3 view .LVU1034
2600:Drivers/STM32L4xx_HAL_Driver/Src/stm32l4xx_hal_rcc_ex.c ****   assert_param(IS_RCC_CRS_SYNC_SOURCE(pInit->Source));
 3408              		.loc 1 2600 3 view .LVU1035
2601:Drivers/STM32L4xx_HAL_Driver/Src/stm32l4xx_hal_rcc_ex.c ****   assert_param(IS_RCC_CRS_SYNC_POLARITY(pInit->Polarity));
 3409              		.loc 1 2601 3 view .LVU1036
2602:Drivers/STM32L4xx_HAL_Driver/Src/stm32l4xx_hal_rcc_ex.c ****   assert_param(IS_RCC_CRS_RELOADVALUE(pInit->ReloadValue));
 3410              		.loc 1 2602 3 view .LVU1037
2603:Drivers/STM32L4xx_HAL_Driver/Src/stm32l4xx_hal_rcc_ex.c ****   assert_param(IS_RCC_CRS_ERRORLIMIT(pInit->ErrorLimitValue));
 3411              		.loc 1 2603 3 view .LVU1038
2604:Drivers/STM32L4xx_HAL_Driver/Src/stm32l4xx_hal_rcc_ex.c ****   assert_param(IS_RCC_CRS_HSI48CALIBRATION(pInit->HSI48CalibrationValue));
 3412              		.loc 1 2604 3 view .LVU1039
2605:Drivers/STM32L4xx_HAL_Driver/Src/stm32l4xx_hal_rcc_ex.c **** 
 3413              		.loc 1 2605 3 view .LVU1040
2610:Drivers/STM32L4xx_HAL_Driver/Src/stm32l4xx_hal_rcc_ex.c ****   __HAL_RCC_CRS_RELEASE_RESET();
 3414              		.loc 1 2610 3 view .LVU1041
 3415 0000 104B     		ldr	r3, .L314
 3416 0002 9A6B     		ldr	r2, [r3, #56]
 3417 0004 42F08072 		orr	r2, r2, #16777216
 3418 0008 9A63     		str	r2, [r3, #56]
2611:Drivers/STM32L4xx_HAL_Driver/Src/stm32l4xx_hal_rcc_ex.c **** 
 3419              		.loc 1 2611 3 view .LVU1042
 3420 000a 9A6B     		ldr	r2, [r3, #56]
 3421 000c 22F08072 		bic	r2, r2, #16777216
 3422 0010 9A63     		str	r2, [r3, #56]
2616:Drivers/STM32L4xx_HAL_Driver/Src/stm32l4xx_hal_rcc_ex.c ****   /* Set the RELOAD[15:0] bits according to ReloadValue value */
 3423              		.loc 1 2616 3 view .LVU1043
2616:Drivers/STM32L4xx_HAL_Driver/Src/stm32l4xx_hal_rcc_ex.c ****   /* Set the RELOAD[15:0] bits according to ReloadValue value */
 3424              		.loc 1 2616 17 is_stmt 0 view .LVU1044
ARM GAS  /tmp/ccxIXDAo.s 			page 140


 3425 0012 0368     		ldr	r3, [r0]
2616:Drivers/STM32L4xx_HAL_Driver/Src/stm32l4xx_hal_rcc_ex.c ****   /* Set the RELOAD[15:0] bits according to ReloadValue value */
 3426              		.loc 1 2616 36 view .LVU1045
 3427 0014 4268     		ldr	r2, [r0, #4]
2616:Drivers/STM32L4xx_HAL_Driver/Src/stm32l4xx_hal_rcc_ex.c ****   /* Set the RELOAD[15:0] bits according to ReloadValue value */
 3428              		.loc 1 2616 29 view .LVU1046
 3429 0016 1343     		orrs	r3, r3, r2
2616:Drivers/STM32L4xx_HAL_Driver/Src/stm32l4xx_hal_rcc_ex.c ****   /* Set the RELOAD[15:0] bits according to ReloadValue value */
 3430              		.loc 1 2616 52 view .LVU1047
 3431 0018 8268     		ldr	r2, [r0, #8]
2616:Drivers/STM32L4xx_HAL_Driver/Src/stm32l4xx_hal_rcc_ex.c ****   /* Set the RELOAD[15:0] bits according to ReloadValue value */
 3432              		.loc 1 2616 9 view .LVU1048
 3433 001a 1A43     		orrs	r2, r2, r3
 3434              	.LVL332:
2618:Drivers/STM32L4xx_HAL_Driver/Src/stm32l4xx_hal_rcc_ex.c ****   /* Set the FELIM[7:0] bits according to ErrorLimitValue value */
 3435              		.loc 1 2618 3 is_stmt 1 view .LVU1049
2618:Drivers/STM32L4xx_HAL_Driver/Src/stm32l4xx_hal_rcc_ex.c ****   /* Set the FELIM[7:0] bits according to ErrorLimitValue value */
 3436              		.loc 1 2618 17 is_stmt 0 view .LVU1050
 3437 001c C368     		ldr	r3, [r0, #12]
2618:Drivers/STM32L4xx_HAL_Driver/Src/stm32l4xx_hal_rcc_ex.c ****   /* Set the FELIM[7:0] bits according to ErrorLimitValue value */
 3438              		.loc 1 2618 9 view .LVU1051
 3439 001e 1343     		orrs	r3, r3, r2
 3440              	.LVL333:
2620:Drivers/STM32L4xx_HAL_Driver/Src/stm32l4xx_hal_rcc_ex.c ****   WRITE_REG(CRS->CFGR, value);
 3441              		.loc 1 2620 3 is_stmt 1 view .LVU1052
2620:Drivers/STM32L4xx_HAL_Driver/Src/stm32l4xx_hal_rcc_ex.c ****   WRITE_REG(CRS->CFGR, value);
 3442              		.loc 1 2620 18 is_stmt 0 view .LVU1053
 3443 0020 0269     		ldr	r2, [r0, #16]
2620:Drivers/STM32L4xx_HAL_Driver/Src/stm32l4xx_hal_rcc_ex.c ****   WRITE_REG(CRS->CFGR, value);
 3444              		.loc 1 2620 9 view .LVU1054
 3445 0022 43EA0242 		orr	r2, r3, r2, lsl #16
 3446              	.LVL334:
2621:Drivers/STM32L4xx_HAL_Driver/Src/stm32l4xx_hal_rcc_ex.c **** 
 3447              		.loc 1 2621 3 is_stmt 1 view .LVU1055
 3448 0026 084B     		ldr	r3, .L314+4
 3449 0028 5A60     		str	r2, [r3, #4]
2626:Drivers/STM32L4xx_HAL_Driver/Src/stm32l4xx_hal_rcc_ex.c **** 
 3450              		.loc 1 2626 3 view .LVU1056
 3451 002a 1A68     		ldr	r2, [r3]
 3452              	.LVL335:
2626:Drivers/STM32L4xx_HAL_Driver/Src/stm32l4xx_hal_rcc_ex.c **** 
 3453              		.loc 1 2626 3 is_stmt 0 view .LVU1057
 3454 002c 22F47C52 		bic	r2, r2, #16128
 3455 0030 4169     		ldr	r1, [r0, #20]
 3456 0032 42EA0122 		orr	r2, r2, r1, lsl #8
 3457 0036 1A60     		str	r2, [r3]
 3458              	.LVL336:
2631:Drivers/STM32L4xx_HAL_Driver/Src/stm32l4xx_hal_rcc_ex.c **** }
 3459              		.loc 1 2631 3 is_stmt 1 view .LVU1058
 3460 0038 1A68     		ldr	r2, [r3]
 3461 003a 42F06002 		orr	r2, r2, #96
 3462 003e 1A60     		str	r2, [r3]
2632:Drivers/STM32L4xx_HAL_Driver/Src/stm32l4xx_hal_rcc_ex.c **** 
 3463              		.loc 1 2632 1 is_stmt 0 view .LVU1059
 3464 0040 7047     		bx	lr
 3465              	.L315:
 3466 0042 00BF     		.align	2
ARM GAS  /tmp/ccxIXDAo.s 			page 141


 3467              	.L314:
 3468 0044 00100240 		.word	1073876992
 3469 0048 00600040 		.word	1073766400
 3470              		.cfi_endproc
 3471              	.LFE304:
 3473              		.section	.text.HAL_RCCEx_CRSSoftwareSynchronizationGenerate,"ax",%progbits
 3474              		.align	1
 3475              		.global	HAL_RCCEx_CRSSoftwareSynchronizationGenerate
 3476              		.syntax unified
 3477              		.thumb
 3478              		.thumb_func
 3480              	HAL_RCCEx_CRSSoftwareSynchronizationGenerate:
 3481              	.LFB305:
2639:Drivers/STM32L4xx_HAL_Driver/Src/stm32l4xx_hal_rcc_ex.c ****   SET_BIT(CRS->CR, CRS_CR_SWSYNC);
 3482              		.loc 1 2639 1 is_stmt 1 view -0
 3483              		.cfi_startproc
 3484              		@ args = 0, pretend = 0, frame = 0
 3485              		@ frame_needed = 0, uses_anonymous_args = 0
 3486              		@ link register save eliminated.
2640:Drivers/STM32L4xx_HAL_Driver/Src/stm32l4xx_hal_rcc_ex.c **** }
 3487              		.loc 1 2640 3 view .LVU1061
 3488 0000 024A     		ldr	r2, .L317
 3489 0002 1368     		ldr	r3, [r2]
 3490 0004 43F08003 		orr	r3, r3, #128
 3491 0008 1360     		str	r3, [r2]
2641:Drivers/STM32L4xx_HAL_Driver/Src/stm32l4xx_hal_rcc_ex.c **** 
 3492              		.loc 1 2641 1 is_stmt 0 view .LVU1062
 3493 000a 7047     		bx	lr
 3494              	.L318:
 3495              		.align	2
 3496              	.L317:
 3497 000c 00600040 		.word	1073766400
 3498              		.cfi_endproc
 3499              	.LFE305:
 3501              		.section	.text.HAL_RCCEx_CRSGetSynchronizationInfo,"ax",%progbits
 3502              		.align	1
 3503              		.global	HAL_RCCEx_CRSGetSynchronizationInfo
 3504              		.syntax unified
 3505              		.thumb
 3506              		.thumb_func
 3508              	HAL_RCCEx_CRSGetSynchronizationInfo:
 3509              	.LVL337:
 3510              	.LFB306:
2649:Drivers/STM32L4xx_HAL_Driver/Src/stm32l4xx_hal_rcc_ex.c ****   /* Check the parameter */
 3511              		.loc 1 2649 1 is_stmt 1 view -0
 3512              		.cfi_startproc
 3513              		@ args = 0, pretend = 0, frame = 0
 3514              		@ frame_needed = 0, uses_anonymous_args = 0
 3515              		@ link register save eliminated.
2651:Drivers/STM32L4xx_HAL_Driver/Src/stm32l4xx_hal_rcc_ex.c **** 
 3516              		.loc 1 2651 3 view .LVU1064
2654:Drivers/STM32L4xx_HAL_Driver/Src/stm32l4xx_hal_rcc_ex.c **** 
 3517              		.loc 1 2654 3 view .LVU1065
2654:Drivers/STM32L4xx_HAL_Driver/Src/stm32l4xx_hal_rcc_ex.c **** 
 3518              		.loc 1 2654 32 is_stmt 0 view .LVU1066
 3519 0000 074B     		ldr	r3, .L320
 3520 0002 5A68     		ldr	r2, [r3, #4]
ARM GAS  /tmp/ccxIXDAo.s 			page 142


 3521 0004 92B2     		uxth	r2, r2
2654:Drivers/STM32L4xx_HAL_Driver/Src/stm32l4xx_hal_rcc_ex.c **** 
 3522              		.loc 1 2654 29 view .LVU1067
 3523 0006 0260     		str	r2, [r0]
2657:Drivers/STM32L4xx_HAL_Driver/Src/stm32l4xx_hal_rcc_ex.c **** 
 3524              		.loc 1 2657 3 is_stmt 1 view .LVU1068
2657:Drivers/STM32L4xx_HAL_Driver/Src/stm32l4xx_hal_rcc_ex.c **** 
 3525              		.loc 1 2657 42 is_stmt 0 view .LVU1069
 3526 0008 1A68     		ldr	r2, [r3]
2657:Drivers/STM32L4xx_HAL_Driver/Src/stm32l4xx_hal_rcc_ex.c **** 
 3527              		.loc 1 2657 73 view .LVU1070
 3528 000a C2F30522 		ubfx	r2, r2, #8, #6
2657:Drivers/STM32L4xx_HAL_Driver/Src/stm32l4xx_hal_rcc_ex.c **** 
 3529              		.loc 1 2657 39 view .LVU1071
 3530 000e 4260     		str	r2, [r0, #4]
2660:Drivers/STM32L4xx_HAL_Driver/Src/stm32l4xx_hal_rcc_ex.c **** 
 3531              		.loc 1 2660 3 is_stmt 1 view .LVU1072
2660:Drivers/STM32L4xx_HAL_Driver/Src/stm32l4xx_hal_rcc_ex.c **** 
 3532              		.loc 1 2660 37 is_stmt 0 view .LVU1073
 3533 0010 9A68     		ldr	r2, [r3, #8]
2660:Drivers/STM32L4xx_HAL_Driver/Src/stm32l4xx_hal_rcc_ex.c **** 
 3534              		.loc 1 2660 71 view .LVU1074
 3535 0012 120C     		lsrs	r2, r2, #16
2660:Drivers/STM32L4xx_HAL_Driver/Src/stm32l4xx_hal_rcc_ex.c **** 
 3536              		.loc 1 2660 34 view .LVU1075
 3537 0014 8260     		str	r2, [r0, #8]
2663:Drivers/STM32L4xx_HAL_Driver/Src/stm32l4xx_hal_rcc_ex.c **** }
 3538              		.loc 1 2663 3 is_stmt 1 view .LVU1076
2663:Drivers/STM32L4xx_HAL_Driver/Src/stm32l4xx_hal_rcc_ex.c **** }
 3539              		.loc 1 2663 39 is_stmt 0 view .LVU1077
 3540 0016 9B68     		ldr	r3, [r3, #8]
 3541 0018 03F40043 		and	r3, r3, #32768
2663:Drivers/STM32L4xx_HAL_Driver/Src/stm32l4xx_hal_rcc_ex.c **** }
 3542              		.loc 1 2663 36 view .LVU1078
 3543 001c C360     		str	r3, [r0, #12]
2664:Drivers/STM32L4xx_HAL_Driver/Src/stm32l4xx_hal_rcc_ex.c **** 
 3544              		.loc 1 2664 1 view .LVU1079
 3545 001e 7047     		bx	lr
 3546              	.L321:
 3547              		.align	2
 3548              	.L320:
 3549 0020 00600040 		.word	1073766400
 3550              		.cfi_endproc
 3551              	.LFE306:
 3553              		.section	.text.HAL_RCCEx_CRSWaitSynchronization,"ax",%progbits
 3554              		.align	1
 3555              		.global	HAL_RCCEx_CRSWaitSynchronization
 3556              		.syntax unified
 3557              		.thumb
 3558              		.thumb_func
 3560              	HAL_RCCEx_CRSWaitSynchronization:
 3561              	.LVL338:
 3562              	.LFB307:
2682:Drivers/STM32L4xx_HAL_Driver/Src/stm32l4xx_hal_rcc_ex.c ****   uint32_t crsstatus = RCC_CRS_NONE;
 3563              		.loc 1 2682 1 is_stmt 1 view -0
 3564              		.cfi_startproc
 3565              		@ args = 0, pretend = 0, frame = 0
ARM GAS  /tmp/ccxIXDAo.s 			page 143


 3566              		@ frame_needed = 0, uses_anonymous_args = 0
2682:Drivers/STM32L4xx_HAL_Driver/Src/stm32l4xx_hal_rcc_ex.c ****   uint32_t crsstatus = RCC_CRS_NONE;
 3567              		.loc 1 2682 1 is_stmt 0 view .LVU1081
 3568 0000 70B5     		push	{r4, r5, r6, lr}
 3569              		.cfi_def_cfa_offset 16
 3570              		.cfi_offset 4, -16
 3571              		.cfi_offset 5, -12
 3572              		.cfi_offset 6, -8
 3573              		.cfi_offset 14, -4
 3574 0002 0546     		mov	r5, r0
2683:Drivers/STM32L4xx_HAL_Driver/Src/stm32l4xx_hal_rcc_ex.c ****   uint32_t tickstart;
 3575              		.loc 1 2683 3 is_stmt 1 view .LVU1082
 3576              	.LVL339:
2684:Drivers/STM32L4xx_HAL_Driver/Src/stm32l4xx_hal_rcc_ex.c **** 
 3577              		.loc 1 2684 3 view .LVU1083
2687:Drivers/STM32L4xx_HAL_Driver/Src/stm32l4xx_hal_rcc_ex.c **** 
 3578              		.loc 1 2687 3 view .LVU1084
2687:Drivers/STM32L4xx_HAL_Driver/Src/stm32l4xx_hal_rcc_ex.c **** 
 3579              		.loc 1 2687 15 is_stmt 0 view .LVU1085
 3580 0004 FFF7FEFF 		bl	HAL_GetTick
 3581              	.LVL340:
2687:Drivers/STM32L4xx_HAL_Driver/Src/stm32l4xx_hal_rcc_ex.c **** 
 3582              		.loc 1 2687 15 view .LVU1086
 3583 0008 0646     		mov	r6, r0
 3584              	.LVL341:
2683:Drivers/STM32L4xx_HAL_Driver/Src/stm32l4xx_hal_rcc_ex.c ****   uint32_t tickstart;
 3585              		.loc 1 2683 12 view .LVU1087
 3586 000a 0024     		movs	r4, #0
 3587 000c 0EE0     		b	.L330
 3588              	.LVL342:
 3589              	.L335:
2694:Drivers/STM32L4xx_HAL_Driver/Src/stm32l4xx_hal_rcc_ex.c ****       {
 3590              		.loc 1 2694 7 is_stmt 1 view .LVU1088
2694:Drivers/STM32L4xx_HAL_Driver/Src/stm32l4xx_hal_rcc_ex.c ****       {
 3591              		.loc 1 2694 12 is_stmt 0 view .LVU1089
 3592 000e FFF7FEFF 		bl	HAL_GetTick
 3593              	.LVL343:
2694:Drivers/STM32L4xx_HAL_Driver/Src/stm32l4xx_hal_rcc_ex.c ****       {
 3594              		.loc 1 2694 26 discriminator 1 view .LVU1090
 3595 0012 801B     		subs	r0, r0, r6
2694:Drivers/STM32L4xx_HAL_Driver/Src/stm32l4xx_hal_rcc_ex.c ****       {
 3596              		.loc 1 2694 9 discriminator 1 view .LVU1091
 3597 0014 A842     		cmp	r0, r5
 3598 0016 02D8     		bhi	.L331
2694:Drivers/STM32L4xx_HAL_Driver/Src/stm32l4xx_hal_rcc_ex.c ****       {
 3599              		.loc 1 2694 50 discriminator 1 view .LVU1092
 3600 0018 5DB9     		cbnz	r5, .L323
2696:Drivers/STM32L4xx_HAL_Driver/Src/stm32l4xx_hal_rcc_ex.c ****       }
 3601              		.loc 1 2696 19 view .LVU1093
 3602 001a 0124     		movs	r4, #1
 3603              	.LVL344:
2696:Drivers/STM32L4xx_HAL_Driver/Src/stm32l4xx_hal_rcc_ex.c ****       }
 3604              		.loc 1 2696 19 view .LVU1094
 3605 001c 09E0     		b	.L323
 3606              	.LVL345:
 3607              	.L331:
2696:Drivers/STM32L4xx_HAL_Driver/Src/stm32l4xx_hal_rcc_ex.c ****       }
ARM GAS  /tmp/ccxIXDAo.s 			page 144


 3608              		.loc 1 2696 19 view .LVU1095
 3609 001e 0124     		movs	r4, #1
 3610              	.LVL346:
2696:Drivers/STM32L4xx_HAL_Driver/Src/stm32l4xx_hal_rcc_ex.c ****       }
 3611              		.loc 1 2696 19 view .LVU1096
 3612 0020 07E0     		b	.L323
 3613              	.LVL347:
 3614              	.L336:
2753:Drivers/STM32L4xx_HAL_Driver/Src/stm32l4xx_hal_rcc_ex.c ****     }
 3615              		.loc 1 2753 7 is_stmt 1 view .LVU1097
2753:Drivers/STM32L4xx_HAL_Driver/Src/stm32l4xx_hal_rcc_ex.c ****     }
 3616              		.loc 1 2753 7 view .LVU1098
2753:Drivers/STM32L4xx_HAL_Driver/Src/stm32l4xx_hal_rcc_ex.c ****     }
 3617              		.loc 1 2753 7 discriminator 2 view .LVU1099
 3618 0022 214B     		ldr	r3, .L337
 3619 0024 0822     		movs	r2, #8
 3620 0026 DA60     		str	r2, [r3, #12]
 3621              	.L329:
2753:Drivers/STM32L4xx_HAL_Driver/Src/stm32l4xx_hal_rcc_ex.c ****     }
 3622              		.loc 1 2753 7 discriminator 4 view .LVU1100
2755:Drivers/STM32L4xx_HAL_Driver/Src/stm32l4xx_hal_rcc_ex.c **** 
 3623              		.loc 1 2755 24 view .LVU1101
 3624 0028 002C     		cmp	r4, #0
 3625 002a 3AD1     		bne	.L334
 3626              	.LVL348:
 3627              	.L330:
2690:Drivers/STM32L4xx_HAL_Driver/Src/stm32l4xx_hal_rcc_ex.c ****   {
 3628              		.loc 1 2690 3 view .LVU1102
2692:Drivers/STM32L4xx_HAL_Driver/Src/stm32l4xx_hal_rcc_ex.c ****     {
 3629              		.loc 1 2692 5 view .LVU1103
2692:Drivers/STM32L4xx_HAL_Driver/Src/stm32l4xx_hal_rcc_ex.c ****     {
 3630              		.loc 1 2692 7 is_stmt 0 view .LVU1104
 3631 002c B5F1FF3F 		cmp	r5, #-1
 3632 0030 EDD1     		bne	.L335
 3633              	.LVL349:
 3634              	.L323:
2700:Drivers/STM32L4xx_HAL_Driver/Src/stm32l4xx_hal_rcc_ex.c ****     {
 3635              		.loc 1 2700 5 is_stmt 1 view .LVU1105
2700:Drivers/STM32L4xx_HAL_Driver/Src/stm32l4xx_hal_rcc_ex.c ****     {
 3636              		.loc 1 2700 8 is_stmt 0 view .LVU1106
 3637 0032 1D4B     		ldr	r3, .L337
 3638 0034 9B68     		ldr	r3, [r3, #8]
2700:Drivers/STM32L4xx_HAL_Driver/Src/stm32l4xx_hal_rcc_ex.c ****     {
 3639              		.loc 1 2700 7 view .LVU1107
 3640 0036 13F0010F 		tst	r3, #1
 3641 003a 04D0     		beq	.L324
2703:Drivers/STM32L4xx_HAL_Driver/Src/stm32l4xx_hal_rcc_ex.c **** 
 3642              		.loc 1 2703 7 is_stmt 1 view .LVU1108
2703:Drivers/STM32L4xx_HAL_Driver/Src/stm32l4xx_hal_rcc_ex.c **** 
 3643              		.loc 1 2703 17 is_stmt 0 view .LVU1109
 3644 003c 44F00204 		orr	r4, r4, #2
 3645              	.LVL350:
2706:Drivers/STM32L4xx_HAL_Driver/Src/stm32l4xx_hal_rcc_ex.c ****     }
 3646              		.loc 1 2706 7 is_stmt 1 view .LVU1110
2706:Drivers/STM32L4xx_HAL_Driver/Src/stm32l4xx_hal_rcc_ex.c ****     }
 3647              		.loc 1 2706 7 view .LVU1111
2706:Drivers/STM32L4xx_HAL_Driver/Src/stm32l4xx_hal_rcc_ex.c ****     }
ARM GAS  /tmp/ccxIXDAo.s 			page 145


 3648              		.loc 1 2706 7 discriminator 2 view .LVU1112
 3649 0040 194B     		ldr	r3, .L337
 3650 0042 0122     		movs	r2, #1
 3651 0044 DA60     		str	r2, [r3, #12]
 3652              	.L324:
2706:Drivers/STM32L4xx_HAL_Driver/Src/stm32l4xx_hal_rcc_ex.c ****     }
 3653              		.loc 1 2706 7 discriminator 4 view .LVU1113
2710:Drivers/STM32L4xx_HAL_Driver/Src/stm32l4xx_hal_rcc_ex.c ****     {
 3654              		.loc 1 2710 5 view .LVU1114
2710:Drivers/STM32L4xx_HAL_Driver/Src/stm32l4xx_hal_rcc_ex.c ****     {
 3655              		.loc 1 2710 8 is_stmt 0 view .LVU1115
 3656 0046 184B     		ldr	r3, .L337
 3657 0048 9B68     		ldr	r3, [r3, #8]
2710:Drivers/STM32L4xx_HAL_Driver/Src/stm32l4xx_hal_rcc_ex.c ****     {
 3658              		.loc 1 2710 7 view .LVU1116
 3659 004a 13F0020F 		tst	r3, #2
 3660 004e 04D0     		beq	.L325
2713:Drivers/STM32L4xx_HAL_Driver/Src/stm32l4xx_hal_rcc_ex.c **** 
 3661              		.loc 1 2713 7 is_stmt 1 view .LVU1117
2713:Drivers/STM32L4xx_HAL_Driver/Src/stm32l4xx_hal_rcc_ex.c **** 
 3662              		.loc 1 2713 17 is_stmt 0 view .LVU1118
 3663 0050 44F00404 		orr	r4, r4, #4
 3664              	.LVL351:
2716:Drivers/STM32L4xx_HAL_Driver/Src/stm32l4xx_hal_rcc_ex.c ****     }
 3665              		.loc 1 2716 7 is_stmt 1 view .LVU1119
2716:Drivers/STM32L4xx_HAL_Driver/Src/stm32l4xx_hal_rcc_ex.c ****     }
 3666              		.loc 1 2716 7 view .LVU1120
2716:Drivers/STM32L4xx_HAL_Driver/Src/stm32l4xx_hal_rcc_ex.c ****     }
 3667              		.loc 1 2716 7 discriminator 2 view .LVU1121
 3668 0054 144B     		ldr	r3, .L337
 3669 0056 0222     		movs	r2, #2
 3670 0058 DA60     		str	r2, [r3, #12]
 3671              	.L325:
2716:Drivers/STM32L4xx_HAL_Driver/Src/stm32l4xx_hal_rcc_ex.c ****     }
 3672              		.loc 1 2716 7 discriminator 4 view .LVU1122
2720:Drivers/STM32L4xx_HAL_Driver/Src/stm32l4xx_hal_rcc_ex.c ****     {
 3673              		.loc 1 2720 5 view .LVU1123
2720:Drivers/STM32L4xx_HAL_Driver/Src/stm32l4xx_hal_rcc_ex.c ****     {
 3674              		.loc 1 2720 8 is_stmt 0 view .LVU1124
 3675 005a 134B     		ldr	r3, .L337
 3676 005c 9B68     		ldr	r3, [r3, #8]
2720:Drivers/STM32L4xx_HAL_Driver/Src/stm32l4xx_hal_rcc_ex.c ****     {
 3677              		.loc 1 2720 7 view .LVU1125
 3678 005e 13F4806F 		tst	r3, #1024
 3679 0062 04D0     		beq	.L326
2723:Drivers/STM32L4xx_HAL_Driver/Src/stm32l4xx_hal_rcc_ex.c **** 
 3680              		.loc 1 2723 7 is_stmt 1 view .LVU1126
2723:Drivers/STM32L4xx_HAL_Driver/Src/stm32l4xx_hal_rcc_ex.c **** 
 3681              		.loc 1 2723 17 is_stmt 0 view .LVU1127
 3682 0064 44F02004 		orr	r4, r4, #32
 3683              	.LVL352:
2726:Drivers/STM32L4xx_HAL_Driver/Src/stm32l4xx_hal_rcc_ex.c ****     }
 3684              		.loc 1 2726 7 is_stmt 1 view .LVU1128
2726:Drivers/STM32L4xx_HAL_Driver/Src/stm32l4xx_hal_rcc_ex.c ****     }
 3685              		.loc 1 2726 7 view .LVU1129
2726:Drivers/STM32L4xx_HAL_Driver/Src/stm32l4xx_hal_rcc_ex.c ****     }
 3686              		.loc 1 2726 7 discriminator 1 view .LVU1130
ARM GAS  /tmp/ccxIXDAo.s 			page 146


 3687 0068 0F4B     		ldr	r3, .L337
 3688 006a 0422     		movs	r2, #4
 3689 006c DA60     		str	r2, [r3, #12]
 3690              	.L326:
2726:Drivers/STM32L4xx_HAL_Driver/Src/stm32l4xx_hal_rcc_ex.c ****     }
 3691              		.loc 1 2726 7 discriminator 4 view .LVU1131
2730:Drivers/STM32L4xx_HAL_Driver/Src/stm32l4xx_hal_rcc_ex.c ****     {
 3692              		.loc 1 2730 5 view .LVU1132
2730:Drivers/STM32L4xx_HAL_Driver/Src/stm32l4xx_hal_rcc_ex.c ****     {
 3693              		.loc 1 2730 8 is_stmt 0 view .LVU1133
 3694 006e 0E4B     		ldr	r3, .L337
 3695 0070 9B68     		ldr	r3, [r3, #8]
2730:Drivers/STM32L4xx_HAL_Driver/Src/stm32l4xx_hal_rcc_ex.c ****     {
 3696              		.loc 1 2730 7 view .LVU1134
 3697 0072 13F4807F 		tst	r3, #256
 3698 0076 04D0     		beq	.L327
2733:Drivers/STM32L4xx_HAL_Driver/Src/stm32l4xx_hal_rcc_ex.c **** 
 3699              		.loc 1 2733 7 is_stmt 1 view .LVU1135
2733:Drivers/STM32L4xx_HAL_Driver/Src/stm32l4xx_hal_rcc_ex.c **** 
 3700              		.loc 1 2733 17 is_stmt 0 view .LVU1136
 3701 0078 44F00804 		orr	r4, r4, #8
 3702              	.LVL353:
2736:Drivers/STM32L4xx_HAL_Driver/Src/stm32l4xx_hal_rcc_ex.c ****     }
 3703              		.loc 1 2736 7 is_stmt 1 view .LVU1137
2736:Drivers/STM32L4xx_HAL_Driver/Src/stm32l4xx_hal_rcc_ex.c ****     }
 3704              		.loc 1 2736 7 view .LVU1138
2736:Drivers/STM32L4xx_HAL_Driver/Src/stm32l4xx_hal_rcc_ex.c ****     }
 3705              		.loc 1 2736 7 discriminator 1 view .LVU1139
 3706 007c 0A4B     		ldr	r3, .L337
 3707 007e 0422     		movs	r2, #4
 3708 0080 DA60     		str	r2, [r3, #12]
 3709              	.L327:
2736:Drivers/STM32L4xx_HAL_Driver/Src/stm32l4xx_hal_rcc_ex.c ****     }
 3710              		.loc 1 2736 7 discriminator 4 view .LVU1140
2740:Drivers/STM32L4xx_HAL_Driver/Src/stm32l4xx_hal_rcc_ex.c ****     {
 3711              		.loc 1 2740 5 view .LVU1141
2740:Drivers/STM32L4xx_HAL_Driver/Src/stm32l4xx_hal_rcc_ex.c ****     {
 3712              		.loc 1 2740 8 is_stmt 0 view .LVU1142
 3713 0082 094B     		ldr	r3, .L337
 3714 0084 9B68     		ldr	r3, [r3, #8]
2740:Drivers/STM32L4xx_HAL_Driver/Src/stm32l4xx_hal_rcc_ex.c ****     {
 3715              		.loc 1 2740 7 view .LVU1143
 3716 0086 13F4007F 		tst	r3, #512
 3717 008a 04D0     		beq	.L328
2743:Drivers/STM32L4xx_HAL_Driver/Src/stm32l4xx_hal_rcc_ex.c **** 
 3718              		.loc 1 2743 7 is_stmt 1 view .LVU1144
2743:Drivers/STM32L4xx_HAL_Driver/Src/stm32l4xx_hal_rcc_ex.c **** 
 3719              		.loc 1 2743 17 is_stmt 0 view .LVU1145
 3720 008c 44F01004 		orr	r4, r4, #16
 3721              	.LVL354:
2746:Drivers/STM32L4xx_HAL_Driver/Src/stm32l4xx_hal_rcc_ex.c ****     }
 3722              		.loc 1 2746 7 is_stmt 1 view .LVU1146
2746:Drivers/STM32L4xx_HAL_Driver/Src/stm32l4xx_hal_rcc_ex.c ****     }
 3723              		.loc 1 2746 7 view .LVU1147
2746:Drivers/STM32L4xx_HAL_Driver/Src/stm32l4xx_hal_rcc_ex.c ****     }
 3724              		.loc 1 2746 7 discriminator 1 view .LVU1148
 3725 0090 054B     		ldr	r3, .L337
ARM GAS  /tmp/ccxIXDAo.s 			page 147


 3726 0092 0422     		movs	r2, #4
 3727 0094 DA60     		str	r2, [r3, #12]
 3728              	.L328:
2746:Drivers/STM32L4xx_HAL_Driver/Src/stm32l4xx_hal_rcc_ex.c ****     }
 3729              		.loc 1 2746 7 discriminator 4 view .LVU1149
2750:Drivers/STM32L4xx_HAL_Driver/Src/stm32l4xx_hal_rcc_ex.c ****     {
 3730              		.loc 1 2750 5 view .LVU1150
2750:Drivers/STM32L4xx_HAL_Driver/Src/stm32l4xx_hal_rcc_ex.c ****     {
 3731              		.loc 1 2750 8 is_stmt 0 view .LVU1151
 3732 0096 044B     		ldr	r3, .L337
 3733 0098 9B68     		ldr	r3, [r3, #8]
2750:Drivers/STM32L4xx_HAL_Driver/Src/stm32l4xx_hal_rcc_ex.c ****     {
 3734              		.loc 1 2750 7 view .LVU1152
 3735 009a 13F0080F 		tst	r3, #8
 3736 009e C3D0     		beq	.L329
2750:Drivers/STM32L4xx_HAL_Driver/Src/stm32l4xx_hal_rcc_ex.c ****     {
 3737              		.loc 1 2750 7 view .LVU1153
 3738 00a0 BFE7     		b	.L336
 3739              	.L334:
2757:Drivers/STM32L4xx_HAL_Driver/Src/stm32l4xx_hal_rcc_ex.c **** }
 3740              		.loc 1 2757 3 is_stmt 1 view .LVU1154
2758:Drivers/STM32L4xx_HAL_Driver/Src/stm32l4xx_hal_rcc_ex.c **** 
 3741              		.loc 1 2758 1 is_stmt 0 view .LVU1155
 3742 00a2 2046     		mov	r0, r4
 3743 00a4 70BD     		pop	{r4, r5, r6, pc}
 3744              	.LVL355:
 3745              	.L338:
2758:Drivers/STM32L4xx_HAL_Driver/Src/stm32l4xx_hal_rcc_ex.c **** 
 3746              		.loc 1 2758 1 view .LVU1156
 3747 00a6 00BF     		.align	2
 3748              	.L337:
 3749 00a8 00600040 		.word	1073766400
 3750              		.cfi_endproc
 3751              	.LFE307:
 3753              		.section	.text.HAL_RCCEx_CRS_SyncOkCallback,"ax",%progbits
 3754              		.align	1
 3755              		.weak	HAL_RCCEx_CRS_SyncOkCallback
 3756              		.syntax unified
 3757              		.thumb
 3758              		.thumb_func
 3760              	HAL_RCCEx_CRS_SyncOkCallback:
 3761              	.LFB309:
2830:Drivers/STM32L4xx_HAL_Driver/Src/stm32l4xx_hal_rcc_ex.c ****   /* NOTE : This function should not be modified, when the callback is needed,
 3762              		.loc 1 2830 1 is_stmt 1 view -0
 3763              		.cfi_startproc
 3764              		@ args = 0, pretend = 0, frame = 0
 3765              		@ frame_needed = 0, uses_anonymous_args = 0
 3766              		@ link register save eliminated.
2834:Drivers/STM32L4xx_HAL_Driver/Src/stm32l4xx_hal_rcc_ex.c **** 
 3767              		.loc 1 2834 1 view .LVU1158
 3768 0000 7047     		bx	lr
 3769              		.cfi_endproc
 3770              	.LFE309:
 3772              		.section	.text.HAL_RCCEx_CRS_SyncWarnCallback,"ax",%progbits
 3773              		.align	1
 3774              		.weak	HAL_RCCEx_CRS_SyncWarnCallback
 3775              		.syntax unified
ARM GAS  /tmp/ccxIXDAo.s 			page 148


 3776              		.thumb
 3777              		.thumb_func
 3779              	HAL_RCCEx_CRS_SyncWarnCallback:
 3780              	.LFB310:
2841:Drivers/STM32L4xx_HAL_Driver/Src/stm32l4xx_hal_rcc_ex.c ****   /* NOTE : This function should not be modified, when the callback is needed,
 3781              		.loc 1 2841 1 view -0
 3782              		.cfi_startproc
 3783              		@ args = 0, pretend = 0, frame = 0
 3784              		@ frame_needed = 0, uses_anonymous_args = 0
 3785              		@ link register save eliminated.
2845:Drivers/STM32L4xx_HAL_Driver/Src/stm32l4xx_hal_rcc_ex.c **** 
 3786              		.loc 1 2845 1 view .LVU1160
 3787 0000 7047     		bx	lr
 3788              		.cfi_endproc
 3789              	.LFE310:
 3791              		.section	.text.HAL_RCCEx_CRS_ExpectedSyncCallback,"ax",%progbits
 3792              		.align	1
 3793              		.weak	HAL_RCCEx_CRS_ExpectedSyncCallback
 3794              		.syntax unified
 3795              		.thumb
 3796              		.thumb_func
 3798              	HAL_RCCEx_CRS_ExpectedSyncCallback:
 3799              	.LFB311:
2852:Drivers/STM32L4xx_HAL_Driver/Src/stm32l4xx_hal_rcc_ex.c ****   /* NOTE : This function should not be modified, when the callback is needed,
 3800              		.loc 1 2852 1 view -0
 3801              		.cfi_startproc
 3802              		@ args = 0, pretend = 0, frame = 0
 3803              		@ frame_needed = 0, uses_anonymous_args = 0
 3804              		@ link register save eliminated.
2856:Drivers/STM32L4xx_HAL_Driver/Src/stm32l4xx_hal_rcc_ex.c **** 
 3805              		.loc 1 2856 1 view .LVU1162
 3806 0000 7047     		bx	lr
 3807              		.cfi_endproc
 3808              	.LFE311:
 3810              		.section	.text.HAL_RCCEx_CRS_ErrorCallback,"ax",%progbits
 3811              		.align	1
 3812              		.weak	HAL_RCCEx_CRS_ErrorCallback
 3813              		.syntax unified
 3814              		.thumb
 3815              		.thumb_func
 3817              	HAL_RCCEx_CRS_ErrorCallback:
 3818              	.LVL356:
 3819              	.LFB312:
2868:Drivers/STM32L4xx_HAL_Driver/Src/stm32l4xx_hal_rcc_ex.c ****   /* Prevent unused argument(s) compilation warning */
 3820              		.loc 1 2868 1 view -0
 3821              		.cfi_startproc
 3822              		@ args = 0, pretend = 0, frame = 0
 3823              		@ frame_needed = 0, uses_anonymous_args = 0
 3824              		@ link register save eliminated.
2870:Drivers/STM32L4xx_HAL_Driver/Src/stm32l4xx_hal_rcc_ex.c **** 
 3825              		.loc 1 2870 3 view .LVU1164
2875:Drivers/STM32L4xx_HAL_Driver/Src/stm32l4xx_hal_rcc_ex.c **** 
 3826              		.loc 1 2875 1 is_stmt 0 view .LVU1165
 3827 0000 7047     		bx	lr
 3828              		.cfi_endproc
 3829              	.LFE312:
 3831              		.section	.text.HAL_RCCEx_CRS_IRQHandler,"ax",%progbits
ARM GAS  /tmp/ccxIXDAo.s 			page 149


 3832              		.align	1
 3833              		.global	HAL_RCCEx_CRS_IRQHandler
 3834              		.syntax unified
 3835              		.thumb
 3836              		.thumb_func
 3838              	HAL_RCCEx_CRS_IRQHandler:
 3839              	.LFB308:
2765:Drivers/STM32L4xx_HAL_Driver/Src/stm32l4xx_hal_rcc_ex.c ****   uint32_t crserror = RCC_CRS_NONE;
 3840              		.loc 1 2765 1 is_stmt 1 view -0
 3841              		.cfi_startproc
 3842              		@ args = 0, pretend = 0, frame = 0
 3843              		@ frame_needed = 0, uses_anonymous_args = 0
 3844 0000 08B5     		push	{r3, lr}
 3845              		.cfi_def_cfa_offset 8
 3846              		.cfi_offset 3, -8
 3847              		.cfi_offset 14, -4
2766:Drivers/STM32L4xx_HAL_Driver/Src/stm32l4xx_hal_rcc_ex.c ****   /* Get current IT flags and IT sources values */
 3848              		.loc 1 2766 3 view .LVU1167
 3849              	.LVL357:
2768:Drivers/STM32L4xx_HAL_Driver/Src/stm32l4xx_hal_rcc_ex.c ****   uint32_t itsources = READ_REG(CRS->CR);
 3850              		.loc 1 2768 3 view .LVU1168
2768:Drivers/STM32L4xx_HAL_Driver/Src/stm32l4xx_hal_rcc_ex.c ****   uint32_t itsources = READ_REG(CRS->CR);
 3851              		.loc 1 2768 12 is_stmt 0 view .LVU1169
 3852 0002 204A     		ldr	r2, .L356
 3853 0004 9368     		ldr	r3, [r2, #8]
 3854              	.LVL358:
2769:Drivers/STM32L4xx_HAL_Driver/Src/stm32l4xx_hal_rcc_ex.c **** 
 3855              		.loc 1 2769 3 is_stmt 1 view .LVU1170
2769:Drivers/STM32L4xx_HAL_Driver/Src/stm32l4xx_hal_rcc_ex.c **** 
 3856              		.loc 1 2769 12 is_stmt 0 view .LVU1171
 3857 0006 1268     		ldr	r2, [r2]
 3858              	.LVL359:
2772:Drivers/STM32L4xx_HAL_Driver/Src/stm32l4xx_hal_rcc_ex.c ****   {
 3859              		.loc 1 2772 3 is_stmt 1 view .LVU1172
2772:Drivers/STM32L4xx_HAL_Driver/Src/stm32l4xx_hal_rcc_ex.c ****   {
 3860              		.loc 1 2772 5 is_stmt 0 view .LVU1173
 3861 0008 13F0010F 		tst	r3, #1
 3862 000c 02D0     		beq	.L344
2772:Drivers/STM32L4xx_HAL_Driver/Src/stm32l4xx_hal_rcc_ex.c ****   {
 3863              		.loc 1 2772 46 discriminator 1 view .LVU1174
 3864 000e 12F0010F 		tst	r2, #1
 3865 0012 25D1     		bne	.L353
 3866              	.L344:
2781:Drivers/STM32L4xx_HAL_Driver/Src/stm32l4xx_hal_rcc_ex.c ****   {
 3867              		.loc 1 2781 8 is_stmt 1 view .LVU1175
2781:Drivers/STM32L4xx_HAL_Driver/Src/stm32l4xx_hal_rcc_ex.c ****   {
 3868              		.loc 1 2781 10 is_stmt 0 view .LVU1176
 3869 0014 13F0020F 		tst	r3, #2
 3870 0018 02D0     		beq	.L346
2781:Drivers/STM32L4xx_HAL_Driver/Src/stm32l4xx_hal_rcc_ex.c ****   {
 3871              		.loc 1 2781 53 discriminator 1 view .LVU1177
 3872 001a 12F0020F 		tst	r2, #2
 3873 001e 25D1     		bne	.L354
 3874              	.L346:
2790:Drivers/STM32L4xx_HAL_Driver/Src/stm32l4xx_hal_rcc_ex.c ****   {
 3875              		.loc 1 2790 8 is_stmt 1 view .LVU1178
2790:Drivers/STM32L4xx_HAL_Driver/Src/stm32l4xx_hal_rcc_ex.c ****   {
ARM GAS  /tmp/ccxIXDAo.s 			page 150


 3876              		.loc 1 2790 10 is_stmt 0 view .LVU1179
 3877 0020 13F0080F 		tst	r3, #8
 3878 0024 02D0     		beq	.L347
2790:Drivers/STM32L4xx_HAL_Driver/Src/stm32l4xx_hal_rcc_ex.c ****   {
 3879              		.loc 1 2790 50 discriminator 1 view .LVU1180
 3880 0026 12F0080F 		tst	r2, #8
 3881 002a 25D1     		bne	.L355
 3882              	.L347:
2801:Drivers/STM32L4xx_HAL_Driver/Src/stm32l4xx_hal_rcc_ex.c ****     {
 3883              		.loc 1 2801 5 is_stmt 1 view .LVU1181
2801:Drivers/STM32L4xx_HAL_Driver/Src/stm32l4xx_hal_rcc_ex.c ****     {
 3884              		.loc 1 2801 7 is_stmt 0 view .LVU1182
 3885 002c 13F0040F 		tst	r3, #4
 3886 0030 1BD0     		beq	.L343
2801:Drivers/STM32L4xx_HAL_Driver/Src/stm32l4xx_hal_rcc_ex.c ****     {
 3887              		.loc 1 2801 45 discriminator 1 view .LVU1183
 3888 0032 12F0040F 		tst	r2, #4
 3889 0036 18D0     		beq	.L343
2803:Drivers/STM32L4xx_HAL_Driver/Src/stm32l4xx_hal_rcc_ex.c ****       {
 3890              		.loc 1 2803 7 is_stmt 1 view .LVU1184
2803:Drivers/STM32L4xx_HAL_Driver/Src/stm32l4xx_hal_rcc_ex.c ****       {
 3891              		.loc 1 2803 9 is_stmt 0 view .LVU1185
 3892 0038 13F48070 		ands	r0, r3, #256
 3893 003c 00D0     		beq	.L348
2805:Drivers/STM32L4xx_HAL_Driver/Src/stm32l4xx_hal_rcc_ex.c ****       }
 3894              		.loc 1 2805 18 view .LVU1186
 3895 003e 0820     		movs	r0, #8
 3896              	.L348:
 3897              	.LVL360:
2807:Drivers/STM32L4xx_HAL_Driver/Src/stm32l4xx_hal_rcc_ex.c ****       {
 3898              		.loc 1 2807 7 is_stmt 1 view .LVU1187
2807:Drivers/STM32L4xx_HAL_Driver/Src/stm32l4xx_hal_rcc_ex.c ****       {
 3899              		.loc 1 2807 9 is_stmt 0 view .LVU1188
 3900 0040 13F4007F 		tst	r3, #512
 3901 0044 01D0     		beq	.L349
2809:Drivers/STM32L4xx_HAL_Driver/Src/stm32l4xx_hal_rcc_ex.c ****       }
 3902              		.loc 1 2809 9 is_stmt 1 view .LVU1189
2809:Drivers/STM32L4xx_HAL_Driver/Src/stm32l4xx_hal_rcc_ex.c ****       }
 3903              		.loc 1 2809 18 is_stmt 0 view .LVU1190
 3904 0046 40F01000 		orr	r0, r0, #16
 3905              	.LVL361:
 3906              	.L349:
2811:Drivers/STM32L4xx_HAL_Driver/Src/stm32l4xx_hal_rcc_ex.c ****       {
 3907              		.loc 1 2811 7 is_stmt 1 view .LVU1191
2811:Drivers/STM32L4xx_HAL_Driver/Src/stm32l4xx_hal_rcc_ex.c ****       {
 3908              		.loc 1 2811 9 is_stmt 0 view .LVU1192
 3909 004a 13F4806F 		tst	r3, #1024
 3910 004e 01D0     		beq	.L350
2813:Drivers/STM32L4xx_HAL_Driver/Src/stm32l4xx_hal_rcc_ex.c ****       }
 3911              		.loc 1 2813 9 is_stmt 1 view .LVU1193
2813:Drivers/STM32L4xx_HAL_Driver/Src/stm32l4xx_hal_rcc_ex.c ****       }
 3912              		.loc 1 2813 18 is_stmt 0 view .LVU1194
 3913 0050 40F02000 		orr	r0, r0, #32
 3914              	.LVL362:
 3915              	.L350:
2817:Drivers/STM32L4xx_HAL_Driver/Src/stm32l4xx_hal_rcc_ex.c **** 
 3916              		.loc 1 2817 7 is_stmt 1 view .LVU1195
ARM GAS  /tmp/ccxIXDAo.s 			page 151


 3917 0054 0B4B     		ldr	r3, .L356
 3918              	.LVL363:
2817:Drivers/STM32L4xx_HAL_Driver/Src/stm32l4xx_hal_rcc_ex.c **** 
 3919              		.loc 1 2817 7 is_stmt 0 view .LVU1196
 3920 0056 0422     		movs	r2, #4
 3921              	.LVL364:
2817:Drivers/STM32L4xx_HAL_Driver/Src/stm32l4xx_hal_rcc_ex.c **** 
 3922              		.loc 1 2817 7 view .LVU1197
 3923 0058 DA60     		str	r2, [r3, #12]
2820:Drivers/STM32L4xx_HAL_Driver/Src/stm32l4xx_hal_rcc_ex.c ****     }
 3924              		.loc 1 2820 7 is_stmt 1 view .LVU1198
 3925 005a FFF7FEFF 		bl	HAL_RCCEx_CRS_ErrorCallback
 3926              	.LVL365:
2823:Drivers/STM32L4xx_HAL_Driver/Src/stm32l4xx_hal_rcc_ex.c **** 
 3927              		.loc 1 2823 1 is_stmt 0 view .LVU1199
 3928 005e 04E0     		b	.L343
 3929              	.LVL366:
 3930              	.L353:
2775:Drivers/STM32L4xx_HAL_Driver/Src/stm32l4xx_hal_rcc_ex.c **** 
 3931              		.loc 1 2775 5 is_stmt 1 view .LVU1200
 3932 0060 084B     		ldr	r3, .L356
 3933              	.LVL367:
2775:Drivers/STM32L4xx_HAL_Driver/Src/stm32l4xx_hal_rcc_ex.c **** 
 3934              		.loc 1 2775 5 is_stmt 0 view .LVU1201
 3935 0062 0122     		movs	r2, #1
 3936              	.LVL368:
2775:Drivers/STM32L4xx_HAL_Driver/Src/stm32l4xx_hal_rcc_ex.c **** 
 3937              		.loc 1 2775 5 view .LVU1202
 3938 0064 DA60     		str	r2, [r3, #12]
2778:Drivers/STM32L4xx_HAL_Driver/Src/stm32l4xx_hal_rcc_ex.c ****   }
 3939              		.loc 1 2778 5 is_stmt 1 view .LVU1203
 3940 0066 FFF7FEFF 		bl	HAL_RCCEx_CRS_SyncOkCallback
 3941              	.LVL369:
 3942              	.L343:
2823:Drivers/STM32L4xx_HAL_Driver/Src/stm32l4xx_hal_rcc_ex.c **** 
 3943              		.loc 1 2823 1 is_stmt 0 view .LVU1204
 3944 006a 08BD     		pop	{r3, pc}
 3945              	.LVL370:
 3946              	.L354:
2784:Drivers/STM32L4xx_HAL_Driver/Src/stm32l4xx_hal_rcc_ex.c **** 
 3947              		.loc 1 2784 5 is_stmt 1 view .LVU1205
 3948 006c 054B     		ldr	r3, .L356
 3949              	.LVL371:
2784:Drivers/STM32L4xx_HAL_Driver/Src/stm32l4xx_hal_rcc_ex.c **** 
 3950              		.loc 1 2784 5 is_stmt 0 view .LVU1206
 3951 006e 0222     		movs	r2, #2
 3952              	.LVL372:
2784:Drivers/STM32L4xx_HAL_Driver/Src/stm32l4xx_hal_rcc_ex.c **** 
 3953              		.loc 1 2784 5 view .LVU1207
 3954 0070 DA60     		str	r2, [r3, #12]
2787:Drivers/STM32L4xx_HAL_Driver/Src/stm32l4xx_hal_rcc_ex.c ****   }
 3955              		.loc 1 2787 5 is_stmt 1 view .LVU1208
 3956 0072 FFF7FEFF 		bl	HAL_RCCEx_CRS_SyncWarnCallback
 3957              	.LVL373:
 3958 0076 F8E7     		b	.L343
 3959              	.LVL374:
 3960              	.L355:
ARM GAS  /tmp/ccxIXDAo.s 			page 152


2793:Drivers/STM32L4xx_HAL_Driver/Src/stm32l4xx_hal_rcc_ex.c **** 
 3961              		.loc 1 2793 5 view .LVU1209
 3962 0078 024B     		ldr	r3, .L356
 3963              	.LVL375:
2793:Drivers/STM32L4xx_HAL_Driver/Src/stm32l4xx_hal_rcc_ex.c **** 
 3964              		.loc 1 2793 5 is_stmt 0 view .LVU1210
 3965 007a 0822     		movs	r2, #8
 3966              	.LVL376:
2793:Drivers/STM32L4xx_HAL_Driver/Src/stm32l4xx_hal_rcc_ex.c **** 
 3967              		.loc 1 2793 5 view .LVU1211
 3968 007c DA60     		str	r2, [r3, #12]
2796:Drivers/STM32L4xx_HAL_Driver/Src/stm32l4xx_hal_rcc_ex.c ****   }
 3969              		.loc 1 2796 5 is_stmt 1 view .LVU1212
 3970 007e FFF7FEFF 		bl	HAL_RCCEx_CRS_ExpectedSyncCallback
 3971              	.LVL377:
 3972 0082 F2E7     		b	.L343
 3973              	.L357:
 3974              		.align	2
 3975              	.L356:
 3976 0084 00600040 		.word	1073766400
 3977              		.cfi_endproc
 3978              	.LFE308:
 3980              		.text
 3981              	.Letext0:
 3982              		.file 2 "/home/d-zaretski/.config/Code/User/globalStorage/bmd.stm32-for-vscode/@xpack-dev-tools/ar
 3983              		.file 3 "/home/d-zaretski/.config/Code/User/globalStorage/bmd.stm32-for-vscode/@xpack-dev-tools/ar
 3984              		.file 4 "Drivers/CMSIS/Device/ST/STM32L4xx/Include/stm32l431xx.h"
 3985              		.file 5 "Drivers/CMSIS/Device/ST/STM32L4xx/Include/stm32l4xx.h"
 3986              		.file 6 "Drivers/STM32L4xx_HAL_Driver/Inc/stm32l4xx_hal_def.h"
 3987              		.file 7 "Drivers/STM32L4xx_HAL_Driver/Inc/stm32l4xx_hal_rcc_ex.h"
 3988              		.file 8 "Drivers/STM32L4xx_HAL_Driver/Inc/stm32l4xx_hal_gpio.h"
 3989              		.file 9 "Drivers/STM32L4xx_HAL_Driver/Inc/stm32l4xx_hal_pwr.h"
 3990              		.file 10 "Drivers/STM32L4xx_HAL_Driver/Inc/stm32l4xx_hal_rcc.h"
 3991              		.file 11 "Drivers/STM32L4xx_HAL_Driver/Inc/stm32l4xx_hal.h"
 3992              		.file 12 "Drivers/CMSIS/Device/ST/STM32L4xx/Include/system_stm32l4xx.h"
ARM GAS  /tmp/ccxIXDAo.s 			page 153


DEFINED SYMBOLS
                            *ABS*:00000000 stm32l4xx_hal_rcc_ex.c
     /tmp/ccxIXDAo.s:21     .text.RCCEx_GetSAIxPeriphCLKFreq:00000000 $t
     /tmp/ccxIXDAo.s:26     .text.RCCEx_GetSAIxPeriphCLKFreq:00000000 RCCEx_GetSAIxPeriphCLKFreq
     /tmp/ccxIXDAo.s:260    .text.RCCEx_GetSAIxPeriphCLKFreq:000000e4 $d
     /tmp/ccxIXDAo.s:267    .text.RCCEx_PLLSAI1_Config:00000000 $t
     /tmp/ccxIXDAo.s:272    .text.RCCEx_PLLSAI1_Config:00000000 RCCEx_PLLSAI1_Config
     /tmp/ccxIXDAo.s:567    .text.RCCEx_PLLSAI1_Config:0000016c $d
     /tmp/ccxIXDAo.s:572    .text.HAL_RCCEx_PeriphCLKConfig:00000000 $t
     /tmp/ccxIXDAo.s:578    .text.HAL_RCCEx_PeriphCLKConfig:00000000 HAL_RCCEx_PeriphCLKConfig
     /tmp/ccxIXDAo.s:1142   .text.HAL_RCCEx_PeriphCLKConfig:000002f4 $d
     /tmp/ccxIXDAo.s:1147   .text.HAL_RCCEx_PeriphCLKConfig:000002fc $t
     /tmp/ccxIXDAo.s:1181   .text.HAL_RCCEx_GetPeriphCLKConfig:00000000 $t
     /tmp/ccxIXDAo.s:1187   .text.HAL_RCCEx_GetPeriphCLKConfig:00000000 HAL_RCCEx_GetPeriphCLKConfig
     /tmp/ccxIXDAo.s:1352   .text.HAL_RCCEx_GetPeriphCLKConfig:000000e0 $d
     /tmp/ccxIXDAo.s:1358   .text.HAL_RCCEx_GetPeriphCLKFreq:00000000 $t
     /tmp/ccxIXDAo.s:1364   .text.HAL_RCCEx_GetPeriphCLKFreq:00000000 HAL_RCCEx_GetPeriphCLKFreq
     /tmp/ccxIXDAo.s:1581   .text.HAL_RCCEx_GetPeriphCLKFreq:00000134 $d
     /tmp/ccxIXDAo.s:1614   .text.HAL_RCCEx_GetPeriphCLKFreq:00000174 $t
     /tmp/ccxIXDAo.s:1820   .text.HAL_RCCEx_GetPeriphCLKFreq:00000280 $d
     /tmp/ccxIXDAo.s:1829   .text.HAL_RCCEx_GetPeriphCLKFreq:00000294 $t
     /tmp/ccxIXDAo.s:1906   .text.HAL_RCCEx_GetPeriphCLKFreq:000002f8 $d
     /tmp/ccxIXDAo.s:1910   .text.HAL_RCCEx_GetPeriphCLKFreq:000002fc $t
     /tmp/ccxIXDAo.s:1968   .text.HAL_RCCEx_GetPeriphCLKFreq:00000340 $d
     /tmp/ccxIXDAo.s:1981   .text.HAL_RCCEx_GetPeriphCLKFreq:0000035a $t
     /tmp/ccxIXDAo.s:2388   .text.HAL_RCCEx_GetPeriphCLKFreq:00000538 $d
     /tmp/ccxIXDAo.s:2395   .text.HAL_RCCEx_GetPeriphCLKFreq:00000544 $t
     /tmp/ccxIXDAo.s:2585   .text.HAL_RCCEx_GetPeriphCLKFreq:000005f0 $d
     /tmp/ccxIXDAo.s:2591   .text.HAL_RCCEx_EnablePLLSAI1:00000000 $t
     /tmp/ccxIXDAo.s:2597   .text.HAL_RCCEx_EnablePLLSAI1:00000000 HAL_RCCEx_EnablePLLSAI1
     /tmp/ccxIXDAo.s:2734   .text.HAL_RCCEx_EnablePLLSAI1:0000008c $d
     /tmp/ccxIXDAo.s:2740   .text.HAL_RCCEx_DisablePLLSAI1:00000000 $t
     /tmp/ccxIXDAo.s:2746   .text.HAL_RCCEx_DisablePLLSAI1:00000000 HAL_RCCEx_DisablePLLSAI1
     /tmp/ccxIXDAo.s:2821   .text.HAL_RCCEx_DisablePLLSAI1:0000004c $d
     /tmp/ccxIXDAo.s:2826   .text.HAL_RCCEx_WakeUpStopCLKConfig:00000000 $t
     /tmp/ccxIXDAo.s:2832   .text.HAL_RCCEx_WakeUpStopCLKConfig:00000000 HAL_RCCEx_WakeUpStopCLKConfig
     /tmp/ccxIXDAo.s:2852   .text.HAL_RCCEx_WakeUpStopCLKConfig:00000010 $d
     /tmp/ccxIXDAo.s:2857   .text.HAL_RCCEx_StandbyMSIRangeConfig:00000000 $t
     /tmp/ccxIXDAo.s:2863   .text.HAL_RCCEx_StandbyMSIRangeConfig:00000000 HAL_RCCEx_StandbyMSIRangeConfig
     /tmp/ccxIXDAo.s:2883   .text.HAL_RCCEx_StandbyMSIRangeConfig:00000014 $d
     /tmp/ccxIXDAo.s:2888   .text.HAL_RCCEx_EnableLSECSS:00000000 $t
     /tmp/ccxIXDAo.s:2894   .text.HAL_RCCEx_EnableLSECSS:00000000 HAL_RCCEx_EnableLSECSS
     /tmp/ccxIXDAo.s:2911   .text.HAL_RCCEx_EnableLSECSS:00000010 $d
     /tmp/ccxIXDAo.s:2916   .text.HAL_RCCEx_DisableLSECSS:00000000 $t
     /tmp/ccxIXDAo.s:2922   .text.HAL_RCCEx_DisableLSECSS:00000000 HAL_RCCEx_DisableLSECSS
     /tmp/ccxIXDAo.s:2943   .text.HAL_RCCEx_DisableLSECSS:00000018 $d
     /tmp/ccxIXDAo.s:2948   .text.HAL_RCCEx_EnableLSECSS_IT:00000000 $t
     /tmp/ccxIXDAo.s:2954   .text.HAL_RCCEx_EnableLSECSS_IT:00000000 HAL_RCCEx_EnableLSECSS_IT
     /tmp/ccxIXDAo.s:2984   .text.HAL_RCCEx_EnableLSECSS_IT:0000002c $d
     /tmp/ccxIXDAo.s:2989   .text.HAL_RCCEx_LSECSS_Callback:00000000 $t
     /tmp/ccxIXDAo.s:2995   .text.HAL_RCCEx_LSECSS_Callback:00000000 HAL_RCCEx_LSECSS_Callback
     /tmp/ccxIXDAo.s:3008   .text.HAL_RCCEx_LSECSS_IRQHandler:00000000 $t
     /tmp/ccxIXDAo.s:3014   .text.HAL_RCCEx_LSECSS_IRQHandler:00000000 HAL_RCCEx_LSECSS_IRQHandler
     /tmp/ccxIXDAo.s:3047   .text.HAL_RCCEx_LSECSS_IRQHandler:0000001c $d
     /tmp/ccxIXDAo.s:3052   .text.HAL_RCCEx_EnableLSCO:00000000 $t
     /tmp/ccxIXDAo.s:3058   .text.HAL_RCCEx_EnableLSCO:00000000 HAL_RCCEx_EnableLSCO
     /tmp/ccxIXDAo.s:3211   .text.HAL_RCCEx_EnableLSCO:00000098 $d
ARM GAS  /tmp/ccxIXDAo.s 			page 154


     /tmp/ccxIXDAo.s:3217   .text.HAL_RCCEx_DisableLSCO:00000000 $t
     /tmp/ccxIXDAo.s:3223   .text.HAL_RCCEx_DisableLSCO:00000000 HAL_RCCEx_DisableLSCO
     /tmp/ccxIXDAo.s:3331   .text.HAL_RCCEx_DisableLSCO:00000064 $d
     /tmp/ccxIXDAo.s:3337   .text.HAL_RCCEx_EnableMSIPLLMode:00000000 $t
     /tmp/ccxIXDAo.s:3343   .text.HAL_RCCEx_EnableMSIPLLMode:00000000 HAL_RCCEx_EnableMSIPLLMode
     /tmp/ccxIXDAo.s:3360   .text.HAL_RCCEx_EnableMSIPLLMode:0000000c $d
     /tmp/ccxIXDAo.s:3365   .text.HAL_RCCEx_DisableMSIPLLMode:00000000 $t
     /tmp/ccxIXDAo.s:3371   .text.HAL_RCCEx_DisableMSIPLLMode:00000000 HAL_RCCEx_DisableMSIPLLMode
     /tmp/ccxIXDAo.s:3388   .text.HAL_RCCEx_DisableMSIPLLMode:0000000c $d
     /tmp/ccxIXDAo.s:3393   .text.HAL_RCCEx_CRSConfig:00000000 $t
     /tmp/ccxIXDAo.s:3399   .text.HAL_RCCEx_CRSConfig:00000000 HAL_RCCEx_CRSConfig
     /tmp/ccxIXDAo.s:3468   .text.HAL_RCCEx_CRSConfig:00000044 $d
     /tmp/ccxIXDAo.s:3474   .text.HAL_RCCEx_CRSSoftwareSynchronizationGenerate:00000000 $t
     /tmp/ccxIXDAo.s:3480   .text.HAL_RCCEx_CRSSoftwareSynchronizationGenerate:00000000 HAL_RCCEx_CRSSoftwareSynchronizationGenerate
     /tmp/ccxIXDAo.s:3497   .text.HAL_RCCEx_CRSSoftwareSynchronizationGenerate:0000000c $d
     /tmp/ccxIXDAo.s:3502   .text.HAL_RCCEx_CRSGetSynchronizationInfo:00000000 $t
     /tmp/ccxIXDAo.s:3508   .text.HAL_RCCEx_CRSGetSynchronizationInfo:00000000 HAL_RCCEx_CRSGetSynchronizationInfo
     /tmp/ccxIXDAo.s:3549   .text.HAL_RCCEx_CRSGetSynchronizationInfo:00000020 $d
     /tmp/ccxIXDAo.s:3554   .text.HAL_RCCEx_CRSWaitSynchronization:00000000 $t
     /tmp/ccxIXDAo.s:3560   .text.HAL_RCCEx_CRSWaitSynchronization:00000000 HAL_RCCEx_CRSWaitSynchronization
     /tmp/ccxIXDAo.s:3749   .text.HAL_RCCEx_CRSWaitSynchronization:000000a8 $d
     /tmp/ccxIXDAo.s:3754   .text.HAL_RCCEx_CRS_SyncOkCallback:00000000 $t
     /tmp/ccxIXDAo.s:3760   .text.HAL_RCCEx_CRS_SyncOkCallback:00000000 HAL_RCCEx_CRS_SyncOkCallback
     /tmp/ccxIXDAo.s:3773   .text.HAL_RCCEx_CRS_SyncWarnCallback:00000000 $t
     /tmp/ccxIXDAo.s:3779   .text.HAL_RCCEx_CRS_SyncWarnCallback:00000000 HAL_RCCEx_CRS_SyncWarnCallback
     /tmp/ccxIXDAo.s:3792   .text.HAL_RCCEx_CRS_ExpectedSyncCallback:00000000 $t
     /tmp/ccxIXDAo.s:3798   .text.HAL_RCCEx_CRS_ExpectedSyncCallback:00000000 HAL_RCCEx_CRS_ExpectedSyncCallback
     /tmp/ccxIXDAo.s:3811   .text.HAL_RCCEx_CRS_ErrorCallback:00000000 $t
     /tmp/ccxIXDAo.s:3817   .text.HAL_RCCEx_CRS_ErrorCallback:00000000 HAL_RCCEx_CRS_ErrorCallback
     /tmp/ccxIXDAo.s:3832   .text.HAL_RCCEx_CRS_IRQHandler:00000000 $t
     /tmp/ccxIXDAo.s:3838   .text.HAL_RCCEx_CRS_IRQHandler:00000000 HAL_RCCEx_CRS_IRQHandler
     /tmp/ccxIXDAo.s:3976   .text.HAL_RCCEx_CRS_IRQHandler:00000084 $d

UNDEFINED SYMBOLS
HAL_GetTick
HAL_RCC_GetPCLK1Freq
MSIRangeTable
HAL_RCC_GetPCLK2Freq
HAL_RCC_GetSysClockFreq
HAL_GPIO_Init
HAL_PWR_EnableBkUpAccess
HAL_PWR_DisableBkUpAccess
