ARM GAS  /tmp/ccEksN7Z.s 			page 1


   1              		.cpu cortex-m4
   2              		.arch armv7e-m
   3              		.fpu fpv4-sp-d16
   4              		.eabi_attribute 27, 1
   5              		.eabi_attribute 28, 1
   6              		.eabi_attribute 20, 1
   7              		.eabi_attribute 21, 1
   8              		.eabi_attribute 23, 3
   9              		.eabi_attribute 24, 1
  10              		.eabi_attribute 25, 1
  11              		.eabi_attribute 26, 1
  12              		.eabi_attribute 30, 1
  13              		.eabi_attribute 34, 1
  14              		.eabi_attribute 18, 4
  15              		.file	"stm32l4xx_hal_spi.c"
  16              		.text
  17              	.Ltext0:
  18              		.cfi_sections	.debug_frame
  19              		.file 1 "Drivers/STM32L4xx_HAL_Driver/Src/stm32l4xx_hal_spi.c"
  20              		.section	.text.SPI_WaitFlagStateUntilTimeout,"ax",%progbits
  21              		.align	1
  22              		.syntax unified
  23              		.thumb
  24              		.thumb_func
  26              	SPI_WaitFlagStateUntilTimeout:
  27              	.LVL0:
  28              	.LFB335:
   1:Drivers/STM32L4xx_HAL_Driver/Src/stm32l4xx_hal_spi.c **** /**
   2:Drivers/STM32L4xx_HAL_Driver/Src/stm32l4xx_hal_spi.c ****   ******************************************************************************
   3:Drivers/STM32L4xx_HAL_Driver/Src/stm32l4xx_hal_spi.c ****   * @file    stm32l4xx_hal_spi.c
   4:Drivers/STM32L4xx_HAL_Driver/Src/stm32l4xx_hal_spi.c ****   * @author  MCD Application Team
   5:Drivers/STM32L4xx_HAL_Driver/Src/stm32l4xx_hal_spi.c ****   * @brief   SPI HAL module driver.
   6:Drivers/STM32L4xx_HAL_Driver/Src/stm32l4xx_hal_spi.c ****   *          This file provides firmware functions to manage the following
   7:Drivers/STM32L4xx_HAL_Driver/Src/stm32l4xx_hal_spi.c ****   *          functionalities of the Serial Peripheral Interface (SPI) peripheral:
   8:Drivers/STM32L4xx_HAL_Driver/Src/stm32l4xx_hal_spi.c ****   *           + Initialization and de-initialization functions
   9:Drivers/STM32L4xx_HAL_Driver/Src/stm32l4xx_hal_spi.c ****   *           + IO operation functions
  10:Drivers/STM32L4xx_HAL_Driver/Src/stm32l4xx_hal_spi.c ****   *           + Peripheral Control functions
  11:Drivers/STM32L4xx_HAL_Driver/Src/stm32l4xx_hal_spi.c ****   *           + Peripheral State functions
  12:Drivers/STM32L4xx_HAL_Driver/Src/stm32l4xx_hal_spi.c ****   ******************************************************************************
  13:Drivers/STM32L4xx_HAL_Driver/Src/stm32l4xx_hal_spi.c ****   * @attention
  14:Drivers/STM32L4xx_HAL_Driver/Src/stm32l4xx_hal_spi.c ****   *
  15:Drivers/STM32L4xx_HAL_Driver/Src/stm32l4xx_hal_spi.c ****   * Copyright (c) 2017 STMicroelectronics.
  16:Drivers/STM32L4xx_HAL_Driver/Src/stm32l4xx_hal_spi.c ****   * All rights reserved.
  17:Drivers/STM32L4xx_HAL_Driver/Src/stm32l4xx_hal_spi.c ****   *
  18:Drivers/STM32L4xx_HAL_Driver/Src/stm32l4xx_hal_spi.c ****   * This software is licensed under terms that can be found in the LICENSE file
  19:Drivers/STM32L4xx_HAL_Driver/Src/stm32l4xx_hal_spi.c ****   * in the root directory of this software component.
  20:Drivers/STM32L4xx_HAL_Driver/Src/stm32l4xx_hal_spi.c ****   * If no LICENSE file comes with this software, it is provided AS-IS.
  21:Drivers/STM32L4xx_HAL_Driver/Src/stm32l4xx_hal_spi.c ****   *
  22:Drivers/STM32L4xx_HAL_Driver/Src/stm32l4xx_hal_spi.c ****   ******************************************************************************
  23:Drivers/STM32L4xx_HAL_Driver/Src/stm32l4xx_hal_spi.c ****   @verbatim
  24:Drivers/STM32L4xx_HAL_Driver/Src/stm32l4xx_hal_spi.c ****   ==============================================================================
  25:Drivers/STM32L4xx_HAL_Driver/Src/stm32l4xx_hal_spi.c ****                         ##### How to use this driver #####
  26:Drivers/STM32L4xx_HAL_Driver/Src/stm32l4xx_hal_spi.c ****   ==============================================================================
  27:Drivers/STM32L4xx_HAL_Driver/Src/stm32l4xx_hal_spi.c ****     [..]
  28:Drivers/STM32L4xx_HAL_Driver/Src/stm32l4xx_hal_spi.c ****       The SPI HAL driver can be used as follows:
  29:Drivers/STM32L4xx_HAL_Driver/Src/stm32l4xx_hal_spi.c **** 
  30:Drivers/STM32L4xx_HAL_Driver/Src/stm32l4xx_hal_spi.c ****       (#) Declare a SPI_HandleTypeDef handle structure, for example:
ARM GAS  /tmp/ccEksN7Z.s 			page 2


  31:Drivers/STM32L4xx_HAL_Driver/Src/stm32l4xx_hal_spi.c ****           SPI_HandleTypeDef  hspi;
  32:Drivers/STM32L4xx_HAL_Driver/Src/stm32l4xx_hal_spi.c **** 
  33:Drivers/STM32L4xx_HAL_Driver/Src/stm32l4xx_hal_spi.c ****       (#)Initialize the SPI low level resources by implementing the HAL_SPI_MspInit() API:
  34:Drivers/STM32L4xx_HAL_Driver/Src/stm32l4xx_hal_spi.c ****           (##) Enable the SPIx interface clock
  35:Drivers/STM32L4xx_HAL_Driver/Src/stm32l4xx_hal_spi.c ****           (##) SPI pins configuration
  36:Drivers/STM32L4xx_HAL_Driver/Src/stm32l4xx_hal_spi.c ****               (+++) Enable the clock for the SPI GPIOs
  37:Drivers/STM32L4xx_HAL_Driver/Src/stm32l4xx_hal_spi.c ****               (+++) Configure these SPI pins as alternate function push-pull
  38:Drivers/STM32L4xx_HAL_Driver/Src/stm32l4xx_hal_spi.c ****           (##) NVIC configuration if you need to use interrupt process
  39:Drivers/STM32L4xx_HAL_Driver/Src/stm32l4xx_hal_spi.c ****               (+++) Configure the SPIx interrupt priority
  40:Drivers/STM32L4xx_HAL_Driver/Src/stm32l4xx_hal_spi.c ****               (+++) Enable the NVIC SPI IRQ handle
  41:Drivers/STM32L4xx_HAL_Driver/Src/stm32l4xx_hal_spi.c ****           (##) DMA Configuration if you need to use DMA process
  42:Drivers/STM32L4xx_HAL_Driver/Src/stm32l4xx_hal_spi.c ****               (+++) Declare a DMA_HandleTypeDef handle structure for the transmit or receive Stream
  43:Drivers/STM32L4xx_HAL_Driver/Src/stm32l4xx_hal_spi.c ****               (+++) Enable the DMAx clock
  44:Drivers/STM32L4xx_HAL_Driver/Src/stm32l4xx_hal_spi.c ****               (+++) Configure the DMA handle parameters
  45:Drivers/STM32L4xx_HAL_Driver/Src/stm32l4xx_hal_spi.c ****               (+++) Configure the DMA Tx or Rx Stream/Channel
  46:Drivers/STM32L4xx_HAL_Driver/Src/stm32l4xx_hal_spi.c ****               (+++) Associate the initialized hdma_tx(or _rx)  handle to the hspi DMA Tx or Rx hand
  47:Drivers/STM32L4xx_HAL_Driver/Src/stm32l4xx_hal_spi.c ****               (+++) Configure the priority and enable the NVIC for the transfer complete interrupt 
  48:Drivers/STM32L4xx_HAL_Driver/Src/stm32l4xx_hal_spi.c **** 
  49:Drivers/STM32L4xx_HAL_Driver/Src/stm32l4xx_hal_spi.c ****       (#) Program the Mode, BidirectionalMode , Data size, Baudrate Prescaler, NSS
  50:Drivers/STM32L4xx_HAL_Driver/Src/stm32l4xx_hal_spi.c ****           management, Clock polarity and phase, FirstBit and CRC configuration in the hspi Init str
  51:Drivers/STM32L4xx_HAL_Driver/Src/stm32l4xx_hal_spi.c **** 
  52:Drivers/STM32L4xx_HAL_Driver/Src/stm32l4xx_hal_spi.c ****       (#) Initialize the SPI registers by calling the HAL_SPI_Init() API:
  53:Drivers/STM32L4xx_HAL_Driver/Src/stm32l4xx_hal_spi.c ****           (++) This API configures also the low level Hardware GPIO, CLOCK, CORTEX...etc)
  54:Drivers/STM32L4xx_HAL_Driver/Src/stm32l4xx_hal_spi.c ****               by calling the customized HAL_SPI_MspInit() API.
  55:Drivers/STM32L4xx_HAL_Driver/Src/stm32l4xx_hal_spi.c ****      [..]
  56:Drivers/STM32L4xx_HAL_Driver/Src/stm32l4xx_hal_spi.c ****        Circular mode restriction:
  57:Drivers/STM32L4xx_HAL_Driver/Src/stm32l4xx_hal_spi.c ****       (#) The DMA circular mode cannot be used when the SPI is configured in these modes:
  58:Drivers/STM32L4xx_HAL_Driver/Src/stm32l4xx_hal_spi.c ****           (##) Master 2Lines RxOnly
  59:Drivers/STM32L4xx_HAL_Driver/Src/stm32l4xx_hal_spi.c ****           (##) Master 1Line Rx
  60:Drivers/STM32L4xx_HAL_Driver/Src/stm32l4xx_hal_spi.c ****       (#) The CRC feature is not managed when the DMA circular mode is enabled
  61:Drivers/STM32L4xx_HAL_Driver/Src/stm32l4xx_hal_spi.c ****       (#) When the SPI DMA Pause/Stop features are used, we must use the following APIs
  62:Drivers/STM32L4xx_HAL_Driver/Src/stm32l4xx_hal_spi.c ****           the HAL_SPI_DMAPause()/ HAL_SPI_DMAStop() only under the SPI callbacks
  63:Drivers/STM32L4xx_HAL_Driver/Src/stm32l4xx_hal_spi.c ****      [..]
  64:Drivers/STM32L4xx_HAL_Driver/Src/stm32l4xx_hal_spi.c ****        Master Receive mode restriction:
  65:Drivers/STM32L4xx_HAL_Driver/Src/stm32l4xx_hal_spi.c ****       (#) In Master unidirectional receive-only mode (MSTR =1, BIDIMODE=0, RXONLY=1) or
  66:Drivers/STM32L4xx_HAL_Driver/Src/stm32l4xx_hal_spi.c ****           bidirectional receive mode (MSTR=1, BIDIMODE=1, BIDIOE=0), to ensure that the SPI
  67:Drivers/STM32L4xx_HAL_Driver/Src/stm32l4xx_hal_spi.c ****           does not initiate a new transfer the following procedure has to be respected:
  68:Drivers/STM32L4xx_HAL_Driver/Src/stm32l4xx_hal_spi.c ****           (##) HAL_SPI_DeInit()
  69:Drivers/STM32L4xx_HAL_Driver/Src/stm32l4xx_hal_spi.c ****           (##) HAL_SPI_Init()
  70:Drivers/STM32L4xx_HAL_Driver/Src/stm32l4xx_hal_spi.c ****      [..]
  71:Drivers/STM32L4xx_HAL_Driver/Src/stm32l4xx_hal_spi.c ****        Callback registration:
  72:Drivers/STM32L4xx_HAL_Driver/Src/stm32l4xx_hal_spi.c **** 
  73:Drivers/STM32L4xx_HAL_Driver/Src/stm32l4xx_hal_spi.c ****       (#) The compilation flag USE_HAL_SPI_REGISTER_CALLBACKS when set to 1U
  74:Drivers/STM32L4xx_HAL_Driver/Src/stm32l4xx_hal_spi.c ****           allows the user to configure dynamically the driver callbacks.
  75:Drivers/STM32L4xx_HAL_Driver/Src/stm32l4xx_hal_spi.c ****           Use Functions HAL_SPI_RegisterCallback() to register an interrupt callback.
  76:Drivers/STM32L4xx_HAL_Driver/Src/stm32l4xx_hal_spi.c **** 
  77:Drivers/STM32L4xx_HAL_Driver/Src/stm32l4xx_hal_spi.c ****           Function HAL_SPI_RegisterCallback() allows to register following callbacks:
  78:Drivers/STM32L4xx_HAL_Driver/Src/stm32l4xx_hal_spi.c ****             (++) TxCpltCallback        : SPI Tx Completed callback
  79:Drivers/STM32L4xx_HAL_Driver/Src/stm32l4xx_hal_spi.c ****             (++) RxCpltCallback        : SPI Rx Completed callback
  80:Drivers/STM32L4xx_HAL_Driver/Src/stm32l4xx_hal_spi.c ****             (++) TxRxCpltCallback      : SPI TxRx Completed callback
  81:Drivers/STM32L4xx_HAL_Driver/Src/stm32l4xx_hal_spi.c ****             (++) TxHalfCpltCallback    : SPI Tx Half Completed callback
  82:Drivers/STM32L4xx_HAL_Driver/Src/stm32l4xx_hal_spi.c ****             (++) RxHalfCpltCallback    : SPI Rx Half Completed callback
  83:Drivers/STM32L4xx_HAL_Driver/Src/stm32l4xx_hal_spi.c ****             (++) TxRxHalfCpltCallback  : SPI TxRx Half Completed callback
  84:Drivers/STM32L4xx_HAL_Driver/Src/stm32l4xx_hal_spi.c ****             (++) ErrorCallback         : SPI Error callback
  85:Drivers/STM32L4xx_HAL_Driver/Src/stm32l4xx_hal_spi.c ****             (++) AbortCpltCallback     : SPI Abort callback
  86:Drivers/STM32L4xx_HAL_Driver/Src/stm32l4xx_hal_spi.c ****             (++) MspInitCallback       : SPI Msp Init callback
  87:Drivers/STM32L4xx_HAL_Driver/Src/stm32l4xx_hal_spi.c ****             (++) MspDeInitCallback     : SPI Msp DeInit callback
ARM GAS  /tmp/ccEksN7Z.s 			page 3


  88:Drivers/STM32L4xx_HAL_Driver/Src/stm32l4xx_hal_spi.c ****           This function takes as parameters the HAL peripheral handle, the Callback ID
  89:Drivers/STM32L4xx_HAL_Driver/Src/stm32l4xx_hal_spi.c ****           and a pointer to the user callback function.
  90:Drivers/STM32L4xx_HAL_Driver/Src/stm32l4xx_hal_spi.c **** 
  91:Drivers/STM32L4xx_HAL_Driver/Src/stm32l4xx_hal_spi.c **** 
  92:Drivers/STM32L4xx_HAL_Driver/Src/stm32l4xx_hal_spi.c ****       (#) Use function HAL_SPI_UnRegisterCallback to reset a callback to the default
  93:Drivers/STM32L4xx_HAL_Driver/Src/stm32l4xx_hal_spi.c ****           weak function.
  94:Drivers/STM32L4xx_HAL_Driver/Src/stm32l4xx_hal_spi.c ****           HAL_SPI_UnRegisterCallback takes as parameters the HAL peripheral handle,
  95:Drivers/STM32L4xx_HAL_Driver/Src/stm32l4xx_hal_spi.c ****           and the Callback ID.
  96:Drivers/STM32L4xx_HAL_Driver/Src/stm32l4xx_hal_spi.c ****           This function allows to reset following callbacks:
  97:Drivers/STM32L4xx_HAL_Driver/Src/stm32l4xx_hal_spi.c ****             (++) TxCpltCallback        : SPI Tx Completed callback
  98:Drivers/STM32L4xx_HAL_Driver/Src/stm32l4xx_hal_spi.c ****             (++) RxCpltCallback        : SPI Rx Completed callback
  99:Drivers/STM32L4xx_HAL_Driver/Src/stm32l4xx_hal_spi.c ****             (++) TxRxCpltCallback      : SPI TxRx Completed callback
 100:Drivers/STM32L4xx_HAL_Driver/Src/stm32l4xx_hal_spi.c ****             (++) TxHalfCpltCallback    : SPI Tx Half Completed callback
 101:Drivers/STM32L4xx_HAL_Driver/Src/stm32l4xx_hal_spi.c ****             (++) RxHalfCpltCallback    : SPI Rx Half Completed callback
 102:Drivers/STM32L4xx_HAL_Driver/Src/stm32l4xx_hal_spi.c ****             (++) TxRxHalfCpltCallback  : SPI TxRx Half Completed callback
 103:Drivers/STM32L4xx_HAL_Driver/Src/stm32l4xx_hal_spi.c ****             (++) ErrorCallback         : SPI Error callback
 104:Drivers/STM32L4xx_HAL_Driver/Src/stm32l4xx_hal_spi.c ****             (++) AbortCpltCallback     : SPI Abort callback
 105:Drivers/STM32L4xx_HAL_Driver/Src/stm32l4xx_hal_spi.c ****             (++) MspInitCallback       : SPI Msp Init callback
 106:Drivers/STM32L4xx_HAL_Driver/Src/stm32l4xx_hal_spi.c ****             (++) MspDeInitCallback     : SPI Msp DeInit callback
 107:Drivers/STM32L4xx_HAL_Driver/Src/stm32l4xx_hal_spi.c **** 
 108:Drivers/STM32L4xx_HAL_Driver/Src/stm32l4xx_hal_spi.c ****        [..]
 109:Drivers/STM32L4xx_HAL_Driver/Src/stm32l4xx_hal_spi.c ****        By default, after the HAL_SPI_Init() and when the state is HAL_SPI_STATE_RESET
 110:Drivers/STM32L4xx_HAL_Driver/Src/stm32l4xx_hal_spi.c ****        all callbacks are set to the corresponding weak functions:
 111:Drivers/STM32L4xx_HAL_Driver/Src/stm32l4xx_hal_spi.c ****        examples HAL_SPI_MasterTxCpltCallback(), HAL_SPI_MasterRxCpltCallback().
 112:Drivers/STM32L4xx_HAL_Driver/Src/stm32l4xx_hal_spi.c ****        Exception done for MspInit and MspDeInit functions that are
 113:Drivers/STM32L4xx_HAL_Driver/Src/stm32l4xx_hal_spi.c ****        reset to the legacy weak functions in the HAL_SPI_Init()/ HAL_SPI_DeInit() only when
 114:Drivers/STM32L4xx_HAL_Driver/Src/stm32l4xx_hal_spi.c ****        these callbacks are null (not registered beforehand).
 115:Drivers/STM32L4xx_HAL_Driver/Src/stm32l4xx_hal_spi.c ****        If MspInit or MspDeInit are not null, the HAL_SPI_Init()/ HAL_SPI_DeInit()
 116:Drivers/STM32L4xx_HAL_Driver/Src/stm32l4xx_hal_spi.c ****        keep and use the user MspInit/MspDeInit callbacks (registered beforehand) whatever the state
 117:Drivers/STM32L4xx_HAL_Driver/Src/stm32l4xx_hal_spi.c **** 
 118:Drivers/STM32L4xx_HAL_Driver/Src/stm32l4xx_hal_spi.c ****        [..]
 119:Drivers/STM32L4xx_HAL_Driver/Src/stm32l4xx_hal_spi.c ****        Callbacks can be registered/unregistered in HAL_SPI_STATE_READY state only.
 120:Drivers/STM32L4xx_HAL_Driver/Src/stm32l4xx_hal_spi.c ****        Exception done MspInit/MspDeInit functions that can be registered/unregistered
 121:Drivers/STM32L4xx_HAL_Driver/Src/stm32l4xx_hal_spi.c ****        in HAL_SPI_STATE_READY or HAL_SPI_STATE_RESET state,
 122:Drivers/STM32L4xx_HAL_Driver/Src/stm32l4xx_hal_spi.c ****        thus registered (user) MspInit/DeInit callbacks can be used during the Init/DeInit.
 123:Drivers/STM32L4xx_HAL_Driver/Src/stm32l4xx_hal_spi.c ****        Then, the user first registers the MspInit/MspDeInit user callbacks
 124:Drivers/STM32L4xx_HAL_Driver/Src/stm32l4xx_hal_spi.c ****        using HAL_SPI_RegisterCallback() before calling HAL_SPI_DeInit()
 125:Drivers/STM32L4xx_HAL_Driver/Src/stm32l4xx_hal_spi.c ****        or HAL_SPI_Init() function.
 126:Drivers/STM32L4xx_HAL_Driver/Src/stm32l4xx_hal_spi.c **** 
 127:Drivers/STM32L4xx_HAL_Driver/Src/stm32l4xx_hal_spi.c ****        [..]
 128:Drivers/STM32L4xx_HAL_Driver/Src/stm32l4xx_hal_spi.c ****        When the compilation define USE_HAL_PPP_REGISTER_CALLBACKS is set to 0 or
 129:Drivers/STM32L4xx_HAL_Driver/Src/stm32l4xx_hal_spi.c ****        not defined, the callback registering feature is not available
 130:Drivers/STM32L4xx_HAL_Driver/Src/stm32l4xx_hal_spi.c ****        and weak (surcharged) callbacks are used.
 131:Drivers/STM32L4xx_HAL_Driver/Src/stm32l4xx_hal_spi.c **** 
 132:Drivers/STM32L4xx_HAL_Driver/Src/stm32l4xx_hal_spi.c ****      [..]
 133:Drivers/STM32L4xx_HAL_Driver/Src/stm32l4xx_hal_spi.c ****        Using the HAL it is not possible to reach all supported SPI frequency with the different SPI
 134:Drivers/STM32L4xx_HAL_Driver/Src/stm32l4xx_hal_spi.c ****        the following table resume the max SPI frequency reached with data size 8bits/16bits,
 135:Drivers/STM32L4xx_HAL_Driver/Src/stm32l4xx_hal_spi.c ****          according to frequency of the APBx Peripheral Clock (fPCLK) used by the SPI instance.
 136:Drivers/STM32L4xx_HAL_Driver/Src/stm32l4xx_hal_spi.c **** 
 137:Drivers/STM32L4xx_HAL_Driver/Src/stm32l4xx_hal_spi.c ****   @endverbatim
 138:Drivers/STM32L4xx_HAL_Driver/Src/stm32l4xx_hal_spi.c **** 
 139:Drivers/STM32L4xx_HAL_Driver/Src/stm32l4xx_hal_spi.c ****   Additional table :
 140:Drivers/STM32L4xx_HAL_Driver/Src/stm32l4xx_hal_spi.c **** 
 141:Drivers/STM32L4xx_HAL_Driver/Src/stm32l4xx_hal_spi.c ****        DataSize = SPI_DATASIZE_8BIT:
 142:Drivers/STM32L4xx_HAL_Driver/Src/stm32l4xx_hal_spi.c ****        +-------------------------------------------------------------------------------------------
 143:Drivers/STM32L4xx_HAL_Driver/Src/stm32l4xx_hal_spi.c ****        |         |                | 2Lines Fullduplex   |     2Lines RxOnly    |         1Line     
 144:Drivers/STM32L4xx_HAL_Driver/Src/stm32l4xx_hal_spi.c ****        | Process | Transfer mode  |---------------------|----------------------|-------------------
ARM GAS  /tmp/ccEksN7Z.s 			page 4


 145:Drivers/STM32L4xx_HAL_Driver/Src/stm32l4xx_hal_spi.c ****        |         |                |  Master  |  Slave   |  Master   |  Slave   |  Master   |  Slave
 146:Drivers/STM32L4xx_HAL_Driver/Src/stm32l4xx_hal_spi.c ****        |===========================================================================================
 147:Drivers/STM32L4xx_HAL_Driver/Src/stm32l4xx_hal_spi.c ****        |    T    |     Polling    | Fpclk/4  | Fpclk/8  |    NA     |    NA    |    NA     |   NA  
 148:Drivers/STM32L4xx_HAL_Driver/Src/stm32l4xx_hal_spi.c ****        |    X    |----------------|----------|----------|-----------|----------|-----------|-------
 149:Drivers/STM32L4xx_HAL_Driver/Src/stm32l4xx_hal_spi.c ****        |    /    |     Interrupt  | Fpclk/4  | Fpclk/16 |    NA     |    NA    |    NA     |   NA  
 150:Drivers/STM32L4xx_HAL_Driver/Src/stm32l4xx_hal_spi.c ****        |    R    |----------------|----------|----------|-----------|----------|-----------|-------
 151:Drivers/STM32L4xx_HAL_Driver/Src/stm32l4xx_hal_spi.c ****        |    X    |       DMA      | Fpclk/2  | Fpclk/2  |    NA     |    NA    |    NA     |   NA  
 152:Drivers/STM32L4xx_HAL_Driver/Src/stm32l4xx_hal_spi.c ****        |=========|================|==========|==========|===========|==========|===========|=======
 153:Drivers/STM32L4xx_HAL_Driver/Src/stm32l4xx_hal_spi.c ****        |         |     Polling    | Fpclk/4  | Fpclk/8  | Fpclk/16  | Fpclk/8  | Fpclk/8   | Fpclk/
 154:Drivers/STM32L4xx_HAL_Driver/Src/stm32l4xx_hal_spi.c ****        |         |----------------|----------|----------|-----------|----------|-----------|-------
 155:Drivers/STM32L4xx_HAL_Driver/Src/stm32l4xx_hal_spi.c ****        |    R    |     Interrupt  | Fpclk/8  | Fpclk/16 | Fpclk/8   | Fpclk/8  | Fpclk/8   | Fpclk/
 156:Drivers/STM32L4xx_HAL_Driver/Src/stm32l4xx_hal_spi.c ****        |    X    |----------------|----------|----------|-----------|----------|-----------|-------
 157:Drivers/STM32L4xx_HAL_Driver/Src/stm32l4xx_hal_spi.c ****        |         |       DMA      | Fpclk/4  | Fpclk/2  | Fpclk/2   | Fpclk/16 | Fpclk/2   | Fpclk/
 158:Drivers/STM32L4xx_HAL_Driver/Src/stm32l4xx_hal_spi.c ****        |=========|================|==========|==========|===========|==========|===========|=======
 159:Drivers/STM32L4xx_HAL_Driver/Src/stm32l4xx_hal_spi.c ****        |         |     Polling    | Fpclk/8  | Fpclk/2  |     NA    |    NA    | Fpclk/8   | Fpclk/
 160:Drivers/STM32L4xx_HAL_Driver/Src/stm32l4xx_hal_spi.c ****        |         |----------------|----------|----------|-----------|----------|-----------|-------
 161:Drivers/STM32L4xx_HAL_Driver/Src/stm32l4xx_hal_spi.c ****        |    T    |     Interrupt  | Fpclk/2  | Fpclk/4  |     NA    |    NA    | Fpclk/16  | Fpclk/
 162:Drivers/STM32L4xx_HAL_Driver/Src/stm32l4xx_hal_spi.c ****        |    X    |----------------|----------|----------|-----------|----------|-----------|-------
 163:Drivers/STM32L4xx_HAL_Driver/Src/stm32l4xx_hal_spi.c ****        |         |       DMA      | Fpclk/2  | Fpclk/2  |     NA    |    NA    | Fpclk/8   | Fpclk/
 164:Drivers/STM32L4xx_HAL_Driver/Src/stm32l4xx_hal_spi.c ****        +-------------------------------------------------------------------------------------------
 165:Drivers/STM32L4xx_HAL_Driver/Src/stm32l4xx_hal_spi.c **** 
 166:Drivers/STM32L4xx_HAL_Driver/Src/stm32l4xx_hal_spi.c ****        DataSize = SPI_DATASIZE_16BIT:
 167:Drivers/STM32L4xx_HAL_Driver/Src/stm32l4xx_hal_spi.c ****        +-------------------------------------------------------------------------------------------
 168:Drivers/STM32L4xx_HAL_Driver/Src/stm32l4xx_hal_spi.c ****        |         |                | 2Lines Fullduplex   |     2Lines RxOnly    |         1Line     
 169:Drivers/STM32L4xx_HAL_Driver/Src/stm32l4xx_hal_spi.c ****        | Process | Transfer mode  |---------------------|----------------------|-------------------
 170:Drivers/STM32L4xx_HAL_Driver/Src/stm32l4xx_hal_spi.c ****        |         |                |  Master  |  Slave   |  Master   |  Slave   |  Master   |  Slave
 171:Drivers/STM32L4xx_HAL_Driver/Src/stm32l4xx_hal_spi.c ****        |===========================================================================================
 172:Drivers/STM32L4xx_HAL_Driver/Src/stm32l4xx_hal_spi.c ****        |    T    |     Polling    | Fpclk/4  | Fpclk/8  |    NA     |    NA    |    NA     |   NA  
 173:Drivers/STM32L4xx_HAL_Driver/Src/stm32l4xx_hal_spi.c ****        |    X    |----------------|----------|----------|-----------|----------|-----------|-------
 174:Drivers/STM32L4xx_HAL_Driver/Src/stm32l4xx_hal_spi.c ****        |    /    |     Interrupt  | Fpclk/4  | Fpclk/16 |    NA     |    NA    |    NA     |   NA  
 175:Drivers/STM32L4xx_HAL_Driver/Src/stm32l4xx_hal_spi.c ****        |    R    |----------------|----------|----------|-----------|----------|-----------|-------
 176:Drivers/STM32L4xx_HAL_Driver/Src/stm32l4xx_hal_spi.c ****        |    X    |       DMA      | Fpclk/2  | Fpclk/2  |    NA     |    NA    |    NA     |   NA  
 177:Drivers/STM32L4xx_HAL_Driver/Src/stm32l4xx_hal_spi.c ****        |=========|================|==========|==========|===========|==========|===========|=======
 178:Drivers/STM32L4xx_HAL_Driver/Src/stm32l4xx_hal_spi.c ****        |         |     Polling    | Fpclk/4  | Fpclk/8  | Fpclk/16  | Fpclk/8  | Fpclk/8   | Fpclk/
 179:Drivers/STM32L4xx_HAL_Driver/Src/stm32l4xx_hal_spi.c ****        |         |----------------|----------|----------|-----------|----------|-----------|-------
 180:Drivers/STM32L4xx_HAL_Driver/Src/stm32l4xx_hal_spi.c ****        |    R    |     Interrupt  | Fpclk/8  | Fpclk/16 | Fpclk/8   | Fpclk/8  | Fpclk/8   | Fpclk/
 181:Drivers/STM32L4xx_HAL_Driver/Src/stm32l4xx_hal_spi.c ****        |    X    |----------------|----------|----------|-----------|----------|-----------|-------
 182:Drivers/STM32L4xx_HAL_Driver/Src/stm32l4xx_hal_spi.c ****        |         |       DMA      | Fpclk/4  | Fpclk/2  | Fpclk/2   | Fpclk/16 | Fpclk/2   | Fpclk/
 183:Drivers/STM32L4xx_HAL_Driver/Src/stm32l4xx_hal_spi.c ****        |=========|================|==========|==========|===========|==========|===========|=======
 184:Drivers/STM32L4xx_HAL_Driver/Src/stm32l4xx_hal_spi.c ****        |         |     Polling    | Fpclk/8  | Fpclk/2  |     NA    |    NA    | Fpclk/8   | Fpclk/
 185:Drivers/STM32L4xx_HAL_Driver/Src/stm32l4xx_hal_spi.c ****        |         |----------------|----------|----------|-----------|----------|-----------|-------
 186:Drivers/STM32L4xx_HAL_Driver/Src/stm32l4xx_hal_spi.c ****        |    T    |     Interrupt  | Fpclk/2  | Fpclk/4  |     NA    |    NA    | Fpclk/16  | Fpclk/
 187:Drivers/STM32L4xx_HAL_Driver/Src/stm32l4xx_hal_spi.c ****        |    X    |----------------|----------|----------|-----------|----------|-----------|-------
 188:Drivers/STM32L4xx_HAL_Driver/Src/stm32l4xx_hal_spi.c ****        |         |       DMA      | Fpclk/2  | Fpclk/2  |     NA    |    NA    | Fpclk/8   | Fpclk/
 189:Drivers/STM32L4xx_HAL_Driver/Src/stm32l4xx_hal_spi.c ****        +-------------------------------------------------------------------------------------------
 190:Drivers/STM32L4xx_HAL_Driver/Src/stm32l4xx_hal_spi.c ****        @note The max SPI frequency depend on SPI data size (4bits, 5bits,..., 8bits,...15bits, 16bi
 191:Drivers/STM32L4xx_HAL_Driver/Src/stm32l4xx_hal_spi.c ****              SPI mode(2 Lines fullduplex, 2 lines RxOnly, 1 line TX/RX) and Process mode (Polling, 
 192:Drivers/STM32L4xx_HAL_Driver/Src/stm32l4xx_hal_spi.c ****        @note
 193:Drivers/STM32L4xx_HAL_Driver/Src/stm32l4xx_hal_spi.c ****             (#) TX/RX processes are HAL_SPI_TransmitReceive(), HAL_SPI_TransmitReceive_IT() and HAL
 194:Drivers/STM32L4xx_HAL_Driver/Src/stm32l4xx_hal_spi.c ****             (#) RX processes are HAL_SPI_Receive(), HAL_SPI_Receive_IT() and HAL_SPI_Receive_DMA()
 195:Drivers/STM32L4xx_HAL_Driver/Src/stm32l4xx_hal_spi.c ****             (#) TX processes are HAL_SPI_Transmit(), HAL_SPI_Transmit_IT() and HAL_SPI_Transmit_DMA
 196:Drivers/STM32L4xx_HAL_Driver/Src/stm32l4xx_hal_spi.c **** 
 197:Drivers/STM32L4xx_HAL_Driver/Src/stm32l4xx_hal_spi.c ****   */
 198:Drivers/STM32L4xx_HAL_Driver/Src/stm32l4xx_hal_spi.c **** 
 199:Drivers/STM32L4xx_HAL_Driver/Src/stm32l4xx_hal_spi.c **** /* Includes ------------------------------------------------------------------*/
 200:Drivers/STM32L4xx_HAL_Driver/Src/stm32l4xx_hal_spi.c **** #include "stm32l4xx_hal.h"
 201:Drivers/STM32L4xx_HAL_Driver/Src/stm32l4xx_hal_spi.c **** 
ARM GAS  /tmp/ccEksN7Z.s 			page 5


 202:Drivers/STM32L4xx_HAL_Driver/Src/stm32l4xx_hal_spi.c **** /** @addtogroup STM32L4xx_HAL_Driver
 203:Drivers/STM32L4xx_HAL_Driver/Src/stm32l4xx_hal_spi.c ****   * @{
 204:Drivers/STM32L4xx_HAL_Driver/Src/stm32l4xx_hal_spi.c ****   */
 205:Drivers/STM32L4xx_HAL_Driver/Src/stm32l4xx_hal_spi.c **** 
 206:Drivers/STM32L4xx_HAL_Driver/Src/stm32l4xx_hal_spi.c **** /** @defgroup SPI SPI
 207:Drivers/STM32L4xx_HAL_Driver/Src/stm32l4xx_hal_spi.c ****   * @brief SPI HAL module driver
 208:Drivers/STM32L4xx_HAL_Driver/Src/stm32l4xx_hal_spi.c ****   * @{
 209:Drivers/STM32L4xx_HAL_Driver/Src/stm32l4xx_hal_spi.c ****   */
 210:Drivers/STM32L4xx_HAL_Driver/Src/stm32l4xx_hal_spi.c **** #ifdef HAL_SPI_MODULE_ENABLED
 211:Drivers/STM32L4xx_HAL_Driver/Src/stm32l4xx_hal_spi.c **** 
 212:Drivers/STM32L4xx_HAL_Driver/Src/stm32l4xx_hal_spi.c **** /* Private typedef -----------------------------------------------------------*/
 213:Drivers/STM32L4xx_HAL_Driver/Src/stm32l4xx_hal_spi.c **** /* Private defines -----------------------------------------------------------*/
 214:Drivers/STM32L4xx_HAL_Driver/Src/stm32l4xx_hal_spi.c **** /** @defgroup SPI_Private_Constants SPI Private Constants
 215:Drivers/STM32L4xx_HAL_Driver/Src/stm32l4xx_hal_spi.c ****   * @{
 216:Drivers/STM32L4xx_HAL_Driver/Src/stm32l4xx_hal_spi.c ****   */
 217:Drivers/STM32L4xx_HAL_Driver/Src/stm32l4xx_hal_spi.c **** #define SPI_DEFAULT_TIMEOUT 100U
 218:Drivers/STM32L4xx_HAL_Driver/Src/stm32l4xx_hal_spi.c **** /**
 219:Drivers/STM32L4xx_HAL_Driver/Src/stm32l4xx_hal_spi.c ****   * @}
 220:Drivers/STM32L4xx_HAL_Driver/Src/stm32l4xx_hal_spi.c ****   */
 221:Drivers/STM32L4xx_HAL_Driver/Src/stm32l4xx_hal_spi.c **** 
 222:Drivers/STM32L4xx_HAL_Driver/Src/stm32l4xx_hal_spi.c **** /* Private macros ------------------------------------------------------------*/
 223:Drivers/STM32L4xx_HAL_Driver/Src/stm32l4xx_hal_spi.c **** /* Private variables ---------------------------------------------------------*/
 224:Drivers/STM32L4xx_HAL_Driver/Src/stm32l4xx_hal_spi.c **** /* Private function prototypes -----------------------------------------------*/
 225:Drivers/STM32L4xx_HAL_Driver/Src/stm32l4xx_hal_spi.c **** /** @defgroup SPI_Private_Functions SPI Private Functions
 226:Drivers/STM32L4xx_HAL_Driver/Src/stm32l4xx_hal_spi.c ****   * @{
 227:Drivers/STM32L4xx_HAL_Driver/Src/stm32l4xx_hal_spi.c ****   */
 228:Drivers/STM32L4xx_HAL_Driver/Src/stm32l4xx_hal_spi.c **** static void SPI_DMATransmitCplt(DMA_HandleTypeDef *hdma);
 229:Drivers/STM32L4xx_HAL_Driver/Src/stm32l4xx_hal_spi.c **** static void SPI_DMAReceiveCplt(DMA_HandleTypeDef *hdma);
 230:Drivers/STM32L4xx_HAL_Driver/Src/stm32l4xx_hal_spi.c **** static void SPI_DMATransmitReceiveCplt(DMA_HandleTypeDef *hdma);
 231:Drivers/STM32L4xx_HAL_Driver/Src/stm32l4xx_hal_spi.c **** static void SPI_DMAHalfTransmitCplt(DMA_HandleTypeDef *hdma);
 232:Drivers/STM32L4xx_HAL_Driver/Src/stm32l4xx_hal_spi.c **** static void SPI_DMAHalfReceiveCplt(DMA_HandleTypeDef *hdma);
 233:Drivers/STM32L4xx_HAL_Driver/Src/stm32l4xx_hal_spi.c **** static void SPI_DMAHalfTransmitReceiveCplt(DMA_HandleTypeDef *hdma);
 234:Drivers/STM32L4xx_HAL_Driver/Src/stm32l4xx_hal_spi.c **** static void SPI_DMAError(DMA_HandleTypeDef *hdma);
 235:Drivers/STM32L4xx_HAL_Driver/Src/stm32l4xx_hal_spi.c **** static void SPI_DMAAbortOnError(DMA_HandleTypeDef *hdma);
 236:Drivers/STM32L4xx_HAL_Driver/Src/stm32l4xx_hal_spi.c **** static void SPI_DMATxAbortCallback(DMA_HandleTypeDef *hdma);
 237:Drivers/STM32L4xx_HAL_Driver/Src/stm32l4xx_hal_spi.c **** static void SPI_DMARxAbortCallback(DMA_HandleTypeDef *hdma);
 238:Drivers/STM32L4xx_HAL_Driver/Src/stm32l4xx_hal_spi.c **** static HAL_StatusTypeDef SPI_WaitFlagStateUntilTimeout(SPI_HandleTypeDef *hspi, uint32_t Flag, Flag
 239:Drivers/STM32L4xx_HAL_Driver/Src/stm32l4xx_hal_spi.c ****                                                        uint32_t Timeout, uint32_t Tickstart);
 240:Drivers/STM32L4xx_HAL_Driver/Src/stm32l4xx_hal_spi.c **** static HAL_StatusTypeDef SPI_WaitFifoStateUntilTimeout(SPI_HandleTypeDef *hspi, uint32_t Fifo, uint
 241:Drivers/STM32L4xx_HAL_Driver/Src/stm32l4xx_hal_spi.c ****                                                        uint32_t Timeout, uint32_t Tickstart);
 242:Drivers/STM32L4xx_HAL_Driver/Src/stm32l4xx_hal_spi.c **** static void SPI_TxISR_8BIT(struct __SPI_HandleTypeDef *hspi);
 243:Drivers/STM32L4xx_HAL_Driver/Src/stm32l4xx_hal_spi.c **** static void SPI_TxISR_16BIT(struct __SPI_HandleTypeDef *hspi);
 244:Drivers/STM32L4xx_HAL_Driver/Src/stm32l4xx_hal_spi.c **** static void SPI_RxISR_8BIT(struct __SPI_HandleTypeDef *hspi);
 245:Drivers/STM32L4xx_HAL_Driver/Src/stm32l4xx_hal_spi.c **** static void SPI_RxISR_16BIT(struct __SPI_HandleTypeDef *hspi);
 246:Drivers/STM32L4xx_HAL_Driver/Src/stm32l4xx_hal_spi.c **** static void SPI_2linesRxISR_8BIT(struct __SPI_HandleTypeDef *hspi);
 247:Drivers/STM32L4xx_HAL_Driver/Src/stm32l4xx_hal_spi.c **** static void SPI_2linesTxISR_8BIT(struct __SPI_HandleTypeDef *hspi);
 248:Drivers/STM32L4xx_HAL_Driver/Src/stm32l4xx_hal_spi.c **** static void SPI_2linesTxISR_16BIT(struct __SPI_HandleTypeDef *hspi);
 249:Drivers/STM32L4xx_HAL_Driver/Src/stm32l4xx_hal_spi.c **** static void SPI_2linesRxISR_16BIT(struct __SPI_HandleTypeDef *hspi);
 250:Drivers/STM32L4xx_HAL_Driver/Src/stm32l4xx_hal_spi.c **** #if (USE_SPI_CRC != 0U)
 251:Drivers/STM32L4xx_HAL_Driver/Src/stm32l4xx_hal_spi.c **** static void SPI_RxISR_8BITCRC(struct __SPI_HandleTypeDef *hspi);
 252:Drivers/STM32L4xx_HAL_Driver/Src/stm32l4xx_hal_spi.c **** static void SPI_RxISR_16BITCRC(struct __SPI_HandleTypeDef *hspi);
 253:Drivers/STM32L4xx_HAL_Driver/Src/stm32l4xx_hal_spi.c **** static void SPI_2linesRxISR_8BITCRC(struct __SPI_HandleTypeDef *hspi);
 254:Drivers/STM32L4xx_HAL_Driver/Src/stm32l4xx_hal_spi.c **** static void SPI_2linesRxISR_16BITCRC(struct __SPI_HandleTypeDef *hspi);
 255:Drivers/STM32L4xx_HAL_Driver/Src/stm32l4xx_hal_spi.c **** #endif /* USE_SPI_CRC */
 256:Drivers/STM32L4xx_HAL_Driver/Src/stm32l4xx_hal_spi.c **** static void SPI_AbortRx_ISR(SPI_HandleTypeDef *hspi);
 257:Drivers/STM32L4xx_HAL_Driver/Src/stm32l4xx_hal_spi.c **** static void SPI_AbortTx_ISR(SPI_HandleTypeDef *hspi);
 258:Drivers/STM32L4xx_HAL_Driver/Src/stm32l4xx_hal_spi.c **** static void SPI_CloseRxTx_ISR(SPI_HandleTypeDef *hspi);
ARM GAS  /tmp/ccEksN7Z.s 			page 6


 259:Drivers/STM32L4xx_HAL_Driver/Src/stm32l4xx_hal_spi.c **** static void SPI_CloseRx_ISR(SPI_HandleTypeDef *hspi);
 260:Drivers/STM32L4xx_HAL_Driver/Src/stm32l4xx_hal_spi.c **** static void SPI_CloseTx_ISR(SPI_HandleTypeDef *hspi);
 261:Drivers/STM32L4xx_HAL_Driver/Src/stm32l4xx_hal_spi.c **** static HAL_StatusTypeDef SPI_EndRxTransaction(SPI_HandleTypeDef *hspi, uint32_t Timeout, uint32_t T
 262:Drivers/STM32L4xx_HAL_Driver/Src/stm32l4xx_hal_spi.c **** static HAL_StatusTypeDef SPI_EndRxTxTransaction(SPI_HandleTypeDef *hspi, uint32_t Timeout, uint32_t
 263:Drivers/STM32L4xx_HAL_Driver/Src/stm32l4xx_hal_spi.c **** /**
 264:Drivers/STM32L4xx_HAL_Driver/Src/stm32l4xx_hal_spi.c ****   * @}
 265:Drivers/STM32L4xx_HAL_Driver/Src/stm32l4xx_hal_spi.c ****   */
 266:Drivers/STM32L4xx_HAL_Driver/Src/stm32l4xx_hal_spi.c **** 
 267:Drivers/STM32L4xx_HAL_Driver/Src/stm32l4xx_hal_spi.c **** /* Exported functions --------------------------------------------------------*/
 268:Drivers/STM32L4xx_HAL_Driver/Src/stm32l4xx_hal_spi.c **** /** @defgroup SPI_Exported_Functions SPI Exported Functions
 269:Drivers/STM32L4xx_HAL_Driver/Src/stm32l4xx_hal_spi.c ****   * @{
 270:Drivers/STM32L4xx_HAL_Driver/Src/stm32l4xx_hal_spi.c ****   */
 271:Drivers/STM32L4xx_HAL_Driver/Src/stm32l4xx_hal_spi.c **** 
 272:Drivers/STM32L4xx_HAL_Driver/Src/stm32l4xx_hal_spi.c **** /** @defgroup SPI_Exported_Functions_Group1 Initialization and de-initialization functions
 273:Drivers/STM32L4xx_HAL_Driver/Src/stm32l4xx_hal_spi.c ****   *  @brief    Initialization and Configuration functions
 274:Drivers/STM32L4xx_HAL_Driver/Src/stm32l4xx_hal_spi.c ****   *
 275:Drivers/STM32L4xx_HAL_Driver/Src/stm32l4xx_hal_spi.c **** @verbatim
 276:Drivers/STM32L4xx_HAL_Driver/Src/stm32l4xx_hal_spi.c ****  ===============================================================================
 277:Drivers/STM32L4xx_HAL_Driver/Src/stm32l4xx_hal_spi.c ****               ##### Initialization and de-initialization functions #####
 278:Drivers/STM32L4xx_HAL_Driver/Src/stm32l4xx_hal_spi.c ****  ===============================================================================
 279:Drivers/STM32L4xx_HAL_Driver/Src/stm32l4xx_hal_spi.c ****     [..]  This subsection provides a set of functions allowing to initialize and
 280:Drivers/STM32L4xx_HAL_Driver/Src/stm32l4xx_hal_spi.c ****           de-initialize the SPIx peripheral:
 281:Drivers/STM32L4xx_HAL_Driver/Src/stm32l4xx_hal_spi.c **** 
 282:Drivers/STM32L4xx_HAL_Driver/Src/stm32l4xx_hal_spi.c ****       (+) User must implement HAL_SPI_MspInit() function in which he configures
 283:Drivers/STM32L4xx_HAL_Driver/Src/stm32l4xx_hal_spi.c ****           all related peripherals resources (CLOCK, GPIO, DMA, IT and NVIC ).
 284:Drivers/STM32L4xx_HAL_Driver/Src/stm32l4xx_hal_spi.c **** 
 285:Drivers/STM32L4xx_HAL_Driver/Src/stm32l4xx_hal_spi.c ****       (+) Call the function HAL_SPI_Init() to configure the selected device with
 286:Drivers/STM32L4xx_HAL_Driver/Src/stm32l4xx_hal_spi.c ****           the selected configuration:
 287:Drivers/STM32L4xx_HAL_Driver/Src/stm32l4xx_hal_spi.c ****         (++) Mode
 288:Drivers/STM32L4xx_HAL_Driver/Src/stm32l4xx_hal_spi.c ****         (++) Direction
 289:Drivers/STM32L4xx_HAL_Driver/Src/stm32l4xx_hal_spi.c ****         (++) Data Size
 290:Drivers/STM32L4xx_HAL_Driver/Src/stm32l4xx_hal_spi.c ****         (++) Clock Polarity and Phase
 291:Drivers/STM32L4xx_HAL_Driver/Src/stm32l4xx_hal_spi.c ****         (++) NSS Management
 292:Drivers/STM32L4xx_HAL_Driver/Src/stm32l4xx_hal_spi.c ****         (++) BaudRate Prescaler
 293:Drivers/STM32L4xx_HAL_Driver/Src/stm32l4xx_hal_spi.c ****         (++) FirstBit
 294:Drivers/STM32L4xx_HAL_Driver/Src/stm32l4xx_hal_spi.c ****         (++) TIMode
 295:Drivers/STM32L4xx_HAL_Driver/Src/stm32l4xx_hal_spi.c ****         (++) CRC Calculation
 296:Drivers/STM32L4xx_HAL_Driver/Src/stm32l4xx_hal_spi.c ****         (++) CRC Polynomial if CRC enabled
 297:Drivers/STM32L4xx_HAL_Driver/Src/stm32l4xx_hal_spi.c ****         (++) CRC Length, used only with Data8 and Data16
 298:Drivers/STM32L4xx_HAL_Driver/Src/stm32l4xx_hal_spi.c ****         (++) FIFO reception threshold
 299:Drivers/STM32L4xx_HAL_Driver/Src/stm32l4xx_hal_spi.c **** 
 300:Drivers/STM32L4xx_HAL_Driver/Src/stm32l4xx_hal_spi.c ****       (+) Call the function HAL_SPI_DeInit() to restore the default configuration
 301:Drivers/STM32L4xx_HAL_Driver/Src/stm32l4xx_hal_spi.c ****           of the selected SPIx peripheral.
 302:Drivers/STM32L4xx_HAL_Driver/Src/stm32l4xx_hal_spi.c **** 
 303:Drivers/STM32L4xx_HAL_Driver/Src/stm32l4xx_hal_spi.c **** @endverbatim
 304:Drivers/STM32L4xx_HAL_Driver/Src/stm32l4xx_hal_spi.c ****   * @{
 305:Drivers/STM32L4xx_HAL_Driver/Src/stm32l4xx_hal_spi.c ****   */
 306:Drivers/STM32L4xx_HAL_Driver/Src/stm32l4xx_hal_spi.c **** 
 307:Drivers/STM32L4xx_HAL_Driver/Src/stm32l4xx_hal_spi.c **** /**
 308:Drivers/STM32L4xx_HAL_Driver/Src/stm32l4xx_hal_spi.c ****   * @brief  Initialize the SPI according to the specified parameters
 309:Drivers/STM32L4xx_HAL_Driver/Src/stm32l4xx_hal_spi.c ****   *         in the SPI_InitTypeDef and initialize the associated handle.
 310:Drivers/STM32L4xx_HAL_Driver/Src/stm32l4xx_hal_spi.c ****   * @param  hspi pointer to a SPI_HandleTypeDef structure that contains
 311:Drivers/STM32L4xx_HAL_Driver/Src/stm32l4xx_hal_spi.c ****   *               the configuration information for SPI module.
 312:Drivers/STM32L4xx_HAL_Driver/Src/stm32l4xx_hal_spi.c ****   * @retval HAL status
 313:Drivers/STM32L4xx_HAL_Driver/Src/stm32l4xx_hal_spi.c ****   */
 314:Drivers/STM32L4xx_HAL_Driver/Src/stm32l4xx_hal_spi.c **** HAL_StatusTypeDef HAL_SPI_Init(SPI_HandleTypeDef *hspi)
 315:Drivers/STM32L4xx_HAL_Driver/Src/stm32l4xx_hal_spi.c **** {
ARM GAS  /tmp/ccEksN7Z.s 			page 7


 316:Drivers/STM32L4xx_HAL_Driver/Src/stm32l4xx_hal_spi.c ****   uint32_t frxth;
 317:Drivers/STM32L4xx_HAL_Driver/Src/stm32l4xx_hal_spi.c **** 
 318:Drivers/STM32L4xx_HAL_Driver/Src/stm32l4xx_hal_spi.c ****   /* Check the SPI handle allocation */
 319:Drivers/STM32L4xx_HAL_Driver/Src/stm32l4xx_hal_spi.c ****   if (hspi == NULL)
 320:Drivers/STM32L4xx_HAL_Driver/Src/stm32l4xx_hal_spi.c ****   {
 321:Drivers/STM32L4xx_HAL_Driver/Src/stm32l4xx_hal_spi.c ****     return HAL_ERROR;
 322:Drivers/STM32L4xx_HAL_Driver/Src/stm32l4xx_hal_spi.c ****   }
 323:Drivers/STM32L4xx_HAL_Driver/Src/stm32l4xx_hal_spi.c **** 
 324:Drivers/STM32L4xx_HAL_Driver/Src/stm32l4xx_hal_spi.c ****   /* Check the parameters */
 325:Drivers/STM32L4xx_HAL_Driver/Src/stm32l4xx_hal_spi.c ****   assert_param(IS_SPI_ALL_INSTANCE(hspi->Instance));
 326:Drivers/STM32L4xx_HAL_Driver/Src/stm32l4xx_hal_spi.c ****   assert_param(IS_SPI_MODE(hspi->Init.Mode));
 327:Drivers/STM32L4xx_HAL_Driver/Src/stm32l4xx_hal_spi.c ****   assert_param(IS_SPI_DIRECTION(hspi->Init.Direction));
 328:Drivers/STM32L4xx_HAL_Driver/Src/stm32l4xx_hal_spi.c ****   assert_param(IS_SPI_DATASIZE(hspi->Init.DataSize));
 329:Drivers/STM32L4xx_HAL_Driver/Src/stm32l4xx_hal_spi.c ****   assert_param(IS_SPI_NSS(hspi->Init.NSS));
 330:Drivers/STM32L4xx_HAL_Driver/Src/stm32l4xx_hal_spi.c ****   assert_param(IS_SPI_NSSP(hspi->Init.NSSPMode));
 331:Drivers/STM32L4xx_HAL_Driver/Src/stm32l4xx_hal_spi.c ****   assert_param(IS_SPI_BAUDRATE_PRESCALER(hspi->Init.BaudRatePrescaler));
 332:Drivers/STM32L4xx_HAL_Driver/Src/stm32l4xx_hal_spi.c ****   assert_param(IS_SPI_FIRST_BIT(hspi->Init.FirstBit));
 333:Drivers/STM32L4xx_HAL_Driver/Src/stm32l4xx_hal_spi.c ****   assert_param(IS_SPI_TIMODE(hspi->Init.TIMode));
 334:Drivers/STM32L4xx_HAL_Driver/Src/stm32l4xx_hal_spi.c ****   if (hspi->Init.TIMode == SPI_TIMODE_DISABLE)
 335:Drivers/STM32L4xx_HAL_Driver/Src/stm32l4xx_hal_spi.c ****   {
 336:Drivers/STM32L4xx_HAL_Driver/Src/stm32l4xx_hal_spi.c ****     assert_param(IS_SPI_CPOL(hspi->Init.CLKPolarity));
 337:Drivers/STM32L4xx_HAL_Driver/Src/stm32l4xx_hal_spi.c ****     assert_param(IS_SPI_CPHA(hspi->Init.CLKPhase));
 338:Drivers/STM32L4xx_HAL_Driver/Src/stm32l4xx_hal_spi.c **** 
 339:Drivers/STM32L4xx_HAL_Driver/Src/stm32l4xx_hal_spi.c ****     if (hspi->Init.Mode == SPI_MODE_MASTER)
 340:Drivers/STM32L4xx_HAL_Driver/Src/stm32l4xx_hal_spi.c ****     {
 341:Drivers/STM32L4xx_HAL_Driver/Src/stm32l4xx_hal_spi.c ****       assert_param(IS_SPI_BAUDRATE_PRESCALER(hspi->Init.BaudRatePrescaler));
 342:Drivers/STM32L4xx_HAL_Driver/Src/stm32l4xx_hal_spi.c ****     }
 343:Drivers/STM32L4xx_HAL_Driver/Src/stm32l4xx_hal_spi.c ****     else
 344:Drivers/STM32L4xx_HAL_Driver/Src/stm32l4xx_hal_spi.c ****     {
 345:Drivers/STM32L4xx_HAL_Driver/Src/stm32l4xx_hal_spi.c ****       /* Baudrate prescaler not use in Motoraola Slave mode. force to default value */
 346:Drivers/STM32L4xx_HAL_Driver/Src/stm32l4xx_hal_spi.c ****       hspi->Init.BaudRatePrescaler = SPI_BAUDRATEPRESCALER_2;
 347:Drivers/STM32L4xx_HAL_Driver/Src/stm32l4xx_hal_spi.c ****     }
 348:Drivers/STM32L4xx_HAL_Driver/Src/stm32l4xx_hal_spi.c ****   }
 349:Drivers/STM32L4xx_HAL_Driver/Src/stm32l4xx_hal_spi.c ****   else
 350:Drivers/STM32L4xx_HAL_Driver/Src/stm32l4xx_hal_spi.c ****   {
 351:Drivers/STM32L4xx_HAL_Driver/Src/stm32l4xx_hal_spi.c ****     assert_param(IS_SPI_BAUDRATE_PRESCALER(hspi->Init.BaudRatePrescaler));
 352:Drivers/STM32L4xx_HAL_Driver/Src/stm32l4xx_hal_spi.c **** 
 353:Drivers/STM32L4xx_HAL_Driver/Src/stm32l4xx_hal_spi.c ****     /* Force polarity and phase to TI protocaol requirements */
 354:Drivers/STM32L4xx_HAL_Driver/Src/stm32l4xx_hal_spi.c ****     hspi->Init.CLKPolarity = SPI_POLARITY_LOW;
 355:Drivers/STM32L4xx_HAL_Driver/Src/stm32l4xx_hal_spi.c ****     hspi->Init.CLKPhase    = SPI_PHASE_1EDGE;
 356:Drivers/STM32L4xx_HAL_Driver/Src/stm32l4xx_hal_spi.c ****   }
 357:Drivers/STM32L4xx_HAL_Driver/Src/stm32l4xx_hal_spi.c **** #if (USE_SPI_CRC != 0U)
 358:Drivers/STM32L4xx_HAL_Driver/Src/stm32l4xx_hal_spi.c ****   assert_param(IS_SPI_CRC_CALCULATION(hspi->Init.CRCCalculation));
 359:Drivers/STM32L4xx_HAL_Driver/Src/stm32l4xx_hal_spi.c ****   if (hspi->Init.CRCCalculation == SPI_CRCCALCULATION_ENABLE)
 360:Drivers/STM32L4xx_HAL_Driver/Src/stm32l4xx_hal_spi.c ****   {
 361:Drivers/STM32L4xx_HAL_Driver/Src/stm32l4xx_hal_spi.c ****     assert_param(IS_SPI_CRC_POLYNOMIAL(hspi->Init.CRCPolynomial));
 362:Drivers/STM32L4xx_HAL_Driver/Src/stm32l4xx_hal_spi.c ****     assert_param(IS_SPI_CRC_LENGTH(hspi->Init.CRCLength));
 363:Drivers/STM32L4xx_HAL_Driver/Src/stm32l4xx_hal_spi.c ****   }
 364:Drivers/STM32L4xx_HAL_Driver/Src/stm32l4xx_hal_spi.c **** #else
 365:Drivers/STM32L4xx_HAL_Driver/Src/stm32l4xx_hal_spi.c ****   hspi->Init.CRCCalculation = SPI_CRCCALCULATION_DISABLE;
 366:Drivers/STM32L4xx_HAL_Driver/Src/stm32l4xx_hal_spi.c **** #endif /* USE_SPI_CRC */
 367:Drivers/STM32L4xx_HAL_Driver/Src/stm32l4xx_hal_spi.c **** 
 368:Drivers/STM32L4xx_HAL_Driver/Src/stm32l4xx_hal_spi.c ****   if (hspi->State == HAL_SPI_STATE_RESET)
 369:Drivers/STM32L4xx_HAL_Driver/Src/stm32l4xx_hal_spi.c ****   {
 370:Drivers/STM32L4xx_HAL_Driver/Src/stm32l4xx_hal_spi.c ****     /* Allocate lock resource and initialize it */
 371:Drivers/STM32L4xx_HAL_Driver/Src/stm32l4xx_hal_spi.c ****     hspi->Lock = HAL_UNLOCKED;
 372:Drivers/STM32L4xx_HAL_Driver/Src/stm32l4xx_hal_spi.c **** 
ARM GAS  /tmp/ccEksN7Z.s 			page 8


 373:Drivers/STM32L4xx_HAL_Driver/Src/stm32l4xx_hal_spi.c **** #if (USE_HAL_SPI_REGISTER_CALLBACKS == 1U)
 374:Drivers/STM32L4xx_HAL_Driver/Src/stm32l4xx_hal_spi.c ****     /* Init the SPI Callback settings */
 375:Drivers/STM32L4xx_HAL_Driver/Src/stm32l4xx_hal_spi.c ****     hspi->TxCpltCallback       = HAL_SPI_TxCpltCallback;       /* Legacy weak TxCpltCallback       
 376:Drivers/STM32L4xx_HAL_Driver/Src/stm32l4xx_hal_spi.c ****     hspi->RxCpltCallback       = HAL_SPI_RxCpltCallback;       /* Legacy weak RxCpltCallback       
 377:Drivers/STM32L4xx_HAL_Driver/Src/stm32l4xx_hal_spi.c ****     hspi->TxRxCpltCallback     = HAL_SPI_TxRxCpltCallback;     /* Legacy weak TxRxCpltCallback     
 378:Drivers/STM32L4xx_HAL_Driver/Src/stm32l4xx_hal_spi.c ****     hspi->TxHalfCpltCallback   = HAL_SPI_TxHalfCpltCallback;   /* Legacy weak TxHalfCpltCallback   
 379:Drivers/STM32L4xx_HAL_Driver/Src/stm32l4xx_hal_spi.c ****     hspi->RxHalfCpltCallback   = HAL_SPI_RxHalfCpltCallback;   /* Legacy weak RxHalfCpltCallback   
 380:Drivers/STM32L4xx_HAL_Driver/Src/stm32l4xx_hal_spi.c ****     hspi->TxRxHalfCpltCallback = HAL_SPI_TxRxHalfCpltCallback; /* Legacy weak TxRxHalfCpltCallback 
 381:Drivers/STM32L4xx_HAL_Driver/Src/stm32l4xx_hal_spi.c ****     hspi->ErrorCallback        = HAL_SPI_ErrorCallback;        /* Legacy weak ErrorCallback        
 382:Drivers/STM32L4xx_HAL_Driver/Src/stm32l4xx_hal_spi.c ****     hspi->AbortCpltCallback    = HAL_SPI_AbortCpltCallback;    /* Legacy weak AbortCpltCallback    
 383:Drivers/STM32L4xx_HAL_Driver/Src/stm32l4xx_hal_spi.c **** 
 384:Drivers/STM32L4xx_HAL_Driver/Src/stm32l4xx_hal_spi.c ****     if (hspi->MspInitCallback == NULL)
 385:Drivers/STM32L4xx_HAL_Driver/Src/stm32l4xx_hal_spi.c ****     {
 386:Drivers/STM32L4xx_HAL_Driver/Src/stm32l4xx_hal_spi.c ****       hspi->MspInitCallback = HAL_SPI_MspInit; /* Legacy weak MspInit  */
 387:Drivers/STM32L4xx_HAL_Driver/Src/stm32l4xx_hal_spi.c ****     }
 388:Drivers/STM32L4xx_HAL_Driver/Src/stm32l4xx_hal_spi.c **** 
 389:Drivers/STM32L4xx_HAL_Driver/Src/stm32l4xx_hal_spi.c ****     /* Init the low level hardware : GPIO, CLOCK, NVIC... */
 390:Drivers/STM32L4xx_HAL_Driver/Src/stm32l4xx_hal_spi.c ****     hspi->MspInitCallback(hspi);
 391:Drivers/STM32L4xx_HAL_Driver/Src/stm32l4xx_hal_spi.c **** #else
 392:Drivers/STM32L4xx_HAL_Driver/Src/stm32l4xx_hal_spi.c ****     /* Init the low level hardware : GPIO, CLOCK, NVIC... */
 393:Drivers/STM32L4xx_HAL_Driver/Src/stm32l4xx_hal_spi.c ****     HAL_SPI_MspInit(hspi);
 394:Drivers/STM32L4xx_HAL_Driver/Src/stm32l4xx_hal_spi.c **** #endif /* USE_HAL_SPI_REGISTER_CALLBACKS */
 395:Drivers/STM32L4xx_HAL_Driver/Src/stm32l4xx_hal_spi.c ****   }
 396:Drivers/STM32L4xx_HAL_Driver/Src/stm32l4xx_hal_spi.c **** 
 397:Drivers/STM32L4xx_HAL_Driver/Src/stm32l4xx_hal_spi.c ****   hspi->State = HAL_SPI_STATE_BUSY;
 398:Drivers/STM32L4xx_HAL_Driver/Src/stm32l4xx_hal_spi.c **** 
 399:Drivers/STM32L4xx_HAL_Driver/Src/stm32l4xx_hal_spi.c ****   /* Disable the selected SPI peripheral */
 400:Drivers/STM32L4xx_HAL_Driver/Src/stm32l4xx_hal_spi.c ****   __HAL_SPI_DISABLE(hspi);
 401:Drivers/STM32L4xx_HAL_Driver/Src/stm32l4xx_hal_spi.c **** 
 402:Drivers/STM32L4xx_HAL_Driver/Src/stm32l4xx_hal_spi.c ****   /* Align by default the rs fifo threshold on the data size */
 403:Drivers/STM32L4xx_HAL_Driver/Src/stm32l4xx_hal_spi.c ****   if (hspi->Init.DataSize > SPI_DATASIZE_8BIT)
 404:Drivers/STM32L4xx_HAL_Driver/Src/stm32l4xx_hal_spi.c ****   {
 405:Drivers/STM32L4xx_HAL_Driver/Src/stm32l4xx_hal_spi.c ****     frxth = SPI_RXFIFO_THRESHOLD_HF;
 406:Drivers/STM32L4xx_HAL_Driver/Src/stm32l4xx_hal_spi.c ****   }
 407:Drivers/STM32L4xx_HAL_Driver/Src/stm32l4xx_hal_spi.c ****   else
 408:Drivers/STM32L4xx_HAL_Driver/Src/stm32l4xx_hal_spi.c ****   {
 409:Drivers/STM32L4xx_HAL_Driver/Src/stm32l4xx_hal_spi.c ****     frxth = SPI_RXFIFO_THRESHOLD_QF;
 410:Drivers/STM32L4xx_HAL_Driver/Src/stm32l4xx_hal_spi.c ****   }
 411:Drivers/STM32L4xx_HAL_Driver/Src/stm32l4xx_hal_spi.c **** 
 412:Drivers/STM32L4xx_HAL_Driver/Src/stm32l4xx_hal_spi.c ****   /* CRC calculation is valid only for 16Bit and 8 Bit */
 413:Drivers/STM32L4xx_HAL_Driver/Src/stm32l4xx_hal_spi.c ****   if ((hspi->Init.DataSize != SPI_DATASIZE_16BIT) && (hspi->Init.DataSize != SPI_DATASIZE_8BIT))
 414:Drivers/STM32L4xx_HAL_Driver/Src/stm32l4xx_hal_spi.c ****   {
 415:Drivers/STM32L4xx_HAL_Driver/Src/stm32l4xx_hal_spi.c ****     /* CRC must be disabled */
 416:Drivers/STM32L4xx_HAL_Driver/Src/stm32l4xx_hal_spi.c ****     hspi->Init.CRCCalculation = SPI_CRCCALCULATION_DISABLE;
 417:Drivers/STM32L4xx_HAL_Driver/Src/stm32l4xx_hal_spi.c ****   }
 418:Drivers/STM32L4xx_HAL_Driver/Src/stm32l4xx_hal_spi.c **** 
 419:Drivers/STM32L4xx_HAL_Driver/Src/stm32l4xx_hal_spi.c ****   /*----------------------- SPIx CR1 & CR2 Configuration ---------------------*/
 420:Drivers/STM32L4xx_HAL_Driver/Src/stm32l4xx_hal_spi.c ****   /* Configure : SPI Mode, Communication Mode, Clock polarity and phase, NSS management,
 421:Drivers/STM32L4xx_HAL_Driver/Src/stm32l4xx_hal_spi.c ****   Communication speed, First bit and CRC calculation state */
 422:Drivers/STM32L4xx_HAL_Driver/Src/stm32l4xx_hal_spi.c ****   WRITE_REG(hspi->Instance->CR1, ((hspi->Init.Mode & (SPI_CR1_MSTR | SPI_CR1_SSI)) |
 423:Drivers/STM32L4xx_HAL_Driver/Src/stm32l4xx_hal_spi.c ****                                   (hspi->Init.Direction & (SPI_CR1_RXONLY | SPI_CR1_BIDIMODE)) |
 424:Drivers/STM32L4xx_HAL_Driver/Src/stm32l4xx_hal_spi.c ****                                   (hspi->Init.CLKPolarity & SPI_CR1_CPOL) |
 425:Drivers/STM32L4xx_HAL_Driver/Src/stm32l4xx_hal_spi.c ****                                   (hspi->Init.CLKPhase & SPI_CR1_CPHA) |
 426:Drivers/STM32L4xx_HAL_Driver/Src/stm32l4xx_hal_spi.c ****                                   (hspi->Init.NSS & SPI_CR1_SSM) |
 427:Drivers/STM32L4xx_HAL_Driver/Src/stm32l4xx_hal_spi.c ****                                   (hspi->Init.BaudRatePrescaler & SPI_CR1_BR_Msk) |
 428:Drivers/STM32L4xx_HAL_Driver/Src/stm32l4xx_hal_spi.c ****                                   (hspi->Init.FirstBit  & SPI_CR1_LSBFIRST) |
 429:Drivers/STM32L4xx_HAL_Driver/Src/stm32l4xx_hal_spi.c ****                                   (hspi->Init.CRCCalculation & SPI_CR1_CRCEN)));
ARM GAS  /tmp/ccEksN7Z.s 			page 9


 430:Drivers/STM32L4xx_HAL_Driver/Src/stm32l4xx_hal_spi.c **** #if (USE_SPI_CRC != 0U)
 431:Drivers/STM32L4xx_HAL_Driver/Src/stm32l4xx_hal_spi.c ****   /*---------------------------- SPIx CRCL Configuration -------------------*/
 432:Drivers/STM32L4xx_HAL_Driver/Src/stm32l4xx_hal_spi.c ****   if (hspi->Init.CRCCalculation == SPI_CRCCALCULATION_ENABLE)
 433:Drivers/STM32L4xx_HAL_Driver/Src/stm32l4xx_hal_spi.c ****   {
 434:Drivers/STM32L4xx_HAL_Driver/Src/stm32l4xx_hal_spi.c ****     /* Align the CRC Length on the data size */
 435:Drivers/STM32L4xx_HAL_Driver/Src/stm32l4xx_hal_spi.c ****     if (hspi->Init.CRCLength == SPI_CRC_LENGTH_DATASIZE)
 436:Drivers/STM32L4xx_HAL_Driver/Src/stm32l4xx_hal_spi.c ****     {
 437:Drivers/STM32L4xx_HAL_Driver/Src/stm32l4xx_hal_spi.c ****       /* CRC Length aligned on the data size : value set by default */
 438:Drivers/STM32L4xx_HAL_Driver/Src/stm32l4xx_hal_spi.c ****       if (hspi->Init.DataSize > SPI_DATASIZE_8BIT)
 439:Drivers/STM32L4xx_HAL_Driver/Src/stm32l4xx_hal_spi.c ****       {
 440:Drivers/STM32L4xx_HAL_Driver/Src/stm32l4xx_hal_spi.c ****         hspi->Init.CRCLength = SPI_CRC_LENGTH_16BIT;
 441:Drivers/STM32L4xx_HAL_Driver/Src/stm32l4xx_hal_spi.c ****       }
 442:Drivers/STM32L4xx_HAL_Driver/Src/stm32l4xx_hal_spi.c ****       else
 443:Drivers/STM32L4xx_HAL_Driver/Src/stm32l4xx_hal_spi.c ****       {
 444:Drivers/STM32L4xx_HAL_Driver/Src/stm32l4xx_hal_spi.c ****         hspi->Init.CRCLength = SPI_CRC_LENGTH_8BIT;
 445:Drivers/STM32L4xx_HAL_Driver/Src/stm32l4xx_hal_spi.c ****       }
 446:Drivers/STM32L4xx_HAL_Driver/Src/stm32l4xx_hal_spi.c ****     }
 447:Drivers/STM32L4xx_HAL_Driver/Src/stm32l4xx_hal_spi.c **** 
 448:Drivers/STM32L4xx_HAL_Driver/Src/stm32l4xx_hal_spi.c ****     /* Configure : CRC Length */
 449:Drivers/STM32L4xx_HAL_Driver/Src/stm32l4xx_hal_spi.c ****     if (hspi->Init.CRCLength == SPI_CRC_LENGTH_16BIT)
 450:Drivers/STM32L4xx_HAL_Driver/Src/stm32l4xx_hal_spi.c ****     {
 451:Drivers/STM32L4xx_HAL_Driver/Src/stm32l4xx_hal_spi.c ****       SET_BIT(hspi->Instance->CR1, SPI_CR1_CRCL);
 452:Drivers/STM32L4xx_HAL_Driver/Src/stm32l4xx_hal_spi.c ****     }
 453:Drivers/STM32L4xx_HAL_Driver/Src/stm32l4xx_hal_spi.c ****   }
 454:Drivers/STM32L4xx_HAL_Driver/Src/stm32l4xx_hal_spi.c **** #endif /* USE_SPI_CRC */
 455:Drivers/STM32L4xx_HAL_Driver/Src/stm32l4xx_hal_spi.c **** 
 456:Drivers/STM32L4xx_HAL_Driver/Src/stm32l4xx_hal_spi.c ****   /* Configure : NSS management, TI Mode, NSS Pulse, Data size and Rx Fifo threshold */
 457:Drivers/STM32L4xx_HAL_Driver/Src/stm32l4xx_hal_spi.c ****   WRITE_REG(hspi->Instance->CR2, (((hspi->Init.NSS >> 16U) & SPI_CR2_SSOE) |
 458:Drivers/STM32L4xx_HAL_Driver/Src/stm32l4xx_hal_spi.c ****                                   (hspi->Init.TIMode & SPI_CR2_FRF) |
 459:Drivers/STM32L4xx_HAL_Driver/Src/stm32l4xx_hal_spi.c ****                                   (hspi->Init.NSSPMode & SPI_CR2_NSSP) |
 460:Drivers/STM32L4xx_HAL_Driver/Src/stm32l4xx_hal_spi.c ****                                   (hspi->Init.DataSize & SPI_CR2_DS_Msk) |
 461:Drivers/STM32L4xx_HAL_Driver/Src/stm32l4xx_hal_spi.c ****                                   (frxth & SPI_CR2_FRXTH)));
 462:Drivers/STM32L4xx_HAL_Driver/Src/stm32l4xx_hal_spi.c **** 
 463:Drivers/STM32L4xx_HAL_Driver/Src/stm32l4xx_hal_spi.c **** #if (USE_SPI_CRC != 0U)
 464:Drivers/STM32L4xx_HAL_Driver/Src/stm32l4xx_hal_spi.c ****   /*---------------------------- SPIx CRCPOLY Configuration ------------------*/
 465:Drivers/STM32L4xx_HAL_Driver/Src/stm32l4xx_hal_spi.c ****   /* Configure : CRC Polynomial */
 466:Drivers/STM32L4xx_HAL_Driver/Src/stm32l4xx_hal_spi.c ****   if (hspi->Init.CRCCalculation == SPI_CRCCALCULATION_ENABLE)
 467:Drivers/STM32L4xx_HAL_Driver/Src/stm32l4xx_hal_spi.c ****   {
 468:Drivers/STM32L4xx_HAL_Driver/Src/stm32l4xx_hal_spi.c ****     WRITE_REG(hspi->Instance->CRCPR, (hspi->Init.CRCPolynomial & SPI_CRCPR_CRCPOLY_Msk));
 469:Drivers/STM32L4xx_HAL_Driver/Src/stm32l4xx_hal_spi.c ****   }
 470:Drivers/STM32L4xx_HAL_Driver/Src/stm32l4xx_hal_spi.c **** #endif /* USE_SPI_CRC */
 471:Drivers/STM32L4xx_HAL_Driver/Src/stm32l4xx_hal_spi.c **** 
 472:Drivers/STM32L4xx_HAL_Driver/Src/stm32l4xx_hal_spi.c **** #if defined(SPI_I2SCFGR_I2SMOD)
 473:Drivers/STM32L4xx_HAL_Driver/Src/stm32l4xx_hal_spi.c ****   /* Activate the SPI mode (Make sure that I2SMOD bit in I2SCFGR register is reset) */
 474:Drivers/STM32L4xx_HAL_Driver/Src/stm32l4xx_hal_spi.c ****   CLEAR_BIT(hspi->Instance->I2SCFGR, SPI_I2SCFGR_I2SMOD);
 475:Drivers/STM32L4xx_HAL_Driver/Src/stm32l4xx_hal_spi.c **** #endif /* SPI_I2SCFGR_I2SMOD */
 476:Drivers/STM32L4xx_HAL_Driver/Src/stm32l4xx_hal_spi.c **** 
 477:Drivers/STM32L4xx_HAL_Driver/Src/stm32l4xx_hal_spi.c ****   hspi->ErrorCode = HAL_SPI_ERROR_NONE;
 478:Drivers/STM32L4xx_HAL_Driver/Src/stm32l4xx_hal_spi.c ****   hspi->State     = HAL_SPI_STATE_READY;
 479:Drivers/STM32L4xx_HAL_Driver/Src/stm32l4xx_hal_spi.c **** 
 480:Drivers/STM32L4xx_HAL_Driver/Src/stm32l4xx_hal_spi.c ****   return HAL_OK;
 481:Drivers/STM32L4xx_HAL_Driver/Src/stm32l4xx_hal_spi.c **** }
 482:Drivers/STM32L4xx_HAL_Driver/Src/stm32l4xx_hal_spi.c **** 
 483:Drivers/STM32L4xx_HAL_Driver/Src/stm32l4xx_hal_spi.c **** /**
 484:Drivers/STM32L4xx_HAL_Driver/Src/stm32l4xx_hal_spi.c ****   * @brief  De-Initialize the SPI peripheral.
 485:Drivers/STM32L4xx_HAL_Driver/Src/stm32l4xx_hal_spi.c ****   * @param  hspi pointer to a SPI_HandleTypeDef structure that contains
 486:Drivers/STM32L4xx_HAL_Driver/Src/stm32l4xx_hal_spi.c ****   *               the configuration information for SPI module.
ARM GAS  /tmp/ccEksN7Z.s 			page 10


 487:Drivers/STM32L4xx_HAL_Driver/Src/stm32l4xx_hal_spi.c ****   * @retval HAL status
 488:Drivers/STM32L4xx_HAL_Driver/Src/stm32l4xx_hal_spi.c ****   */
 489:Drivers/STM32L4xx_HAL_Driver/Src/stm32l4xx_hal_spi.c **** HAL_StatusTypeDef HAL_SPI_DeInit(SPI_HandleTypeDef *hspi)
 490:Drivers/STM32L4xx_HAL_Driver/Src/stm32l4xx_hal_spi.c **** {
 491:Drivers/STM32L4xx_HAL_Driver/Src/stm32l4xx_hal_spi.c ****   /* Check the SPI handle allocation */
 492:Drivers/STM32L4xx_HAL_Driver/Src/stm32l4xx_hal_spi.c ****   if (hspi == NULL)
 493:Drivers/STM32L4xx_HAL_Driver/Src/stm32l4xx_hal_spi.c ****   {
 494:Drivers/STM32L4xx_HAL_Driver/Src/stm32l4xx_hal_spi.c ****     return HAL_ERROR;
 495:Drivers/STM32L4xx_HAL_Driver/Src/stm32l4xx_hal_spi.c ****   }
 496:Drivers/STM32L4xx_HAL_Driver/Src/stm32l4xx_hal_spi.c **** 
 497:Drivers/STM32L4xx_HAL_Driver/Src/stm32l4xx_hal_spi.c ****   /* Check SPI Instance parameter */
 498:Drivers/STM32L4xx_HAL_Driver/Src/stm32l4xx_hal_spi.c ****   assert_param(IS_SPI_ALL_INSTANCE(hspi->Instance));
 499:Drivers/STM32L4xx_HAL_Driver/Src/stm32l4xx_hal_spi.c **** 
 500:Drivers/STM32L4xx_HAL_Driver/Src/stm32l4xx_hal_spi.c ****   hspi->State = HAL_SPI_STATE_BUSY;
 501:Drivers/STM32L4xx_HAL_Driver/Src/stm32l4xx_hal_spi.c **** 
 502:Drivers/STM32L4xx_HAL_Driver/Src/stm32l4xx_hal_spi.c ****   /* Disable the SPI Peripheral Clock */
 503:Drivers/STM32L4xx_HAL_Driver/Src/stm32l4xx_hal_spi.c ****   __HAL_SPI_DISABLE(hspi);
 504:Drivers/STM32L4xx_HAL_Driver/Src/stm32l4xx_hal_spi.c **** 
 505:Drivers/STM32L4xx_HAL_Driver/Src/stm32l4xx_hal_spi.c **** #if (USE_HAL_SPI_REGISTER_CALLBACKS == 1U)
 506:Drivers/STM32L4xx_HAL_Driver/Src/stm32l4xx_hal_spi.c ****   if (hspi->MspDeInitCallback == NULL)
 507:Drivers/STM32L4xx_HAL_Driver/Src/stm32l4xx_hal_spi.c ****   {
 508:Drivers/STM32L4xx_HAL_Driver/Src/stm32l4xx_hal_spi.c ****     hspi->MspDeInitCallback = HAL_SPI_MspDeInit; /* Legacy weak MspDeInit  */
 509:Drivers/STM32L4xx_HAL_Driver/Src/stm32l4xx_hal_spi.c ****   }
 510:Drivers/STM32L4xx_HAL_Driver/Src/stm32l4xx_hal_spi.c **** 
 511:Drivers/STM32L4xx_HAL_Driver/Src/stm32l4xx_hal_spi.c ****   /* DeInit the low level hardware: GPIO, CLOCK, NVIC... */
 512:Drivers/STM32L4xx_HAL_Driver/Src/stm32l4xx_hal_spi.c ****   hspi->MspDeInitCallback(hspi);
 513:Drivers/STM32L4xx_HAL_Driver/Src/stm32l4xx_hal_spi.c **** #else
 514:Drivers/STM32L4xx_HAL_Driver/Src/stm32l4xx_hal_spi.c ****   /* DeInit the low level hardware: GPIO, CLOCK, NVIC... */
 515:Drivers/STM32L4xx_HAL_Driver/Src/stm32l4xx_hal_spi.c ****   HAL_SPI_MspDeInit(hspi);
 516:Drivers/STM32L4xx_HAL_Driver/Src/stm32l4xx_hal_spi.c **** #endif /* USE_HAL_SPI_REGISTER_CALLBACKS */
 517:Drivers/STM32L4xx_HAL_Driver/Src/stm32l4xx_hal_spi.c **** 
 518:Drivers/STM32L4xx_HAL_Driver/Src/stm32l4xx_hal_spi.c ****   hspi->ErrorCode = HAL_SPI_ERROR_NONE;
 519:Drivers/STM32L4xx_HAL_Driver/Src/stm32l4xx_hal_spi.c ****   hspi->State = HAL_SPI_STATE_RESET;
 520:Drivers/STM32L4xx_HAL_Driver/Src/stm32l4xx_hal_spi.c **** 
 521:Drivers/STM32L4xx_HAL_Driver/Src/stm32l4xx_hal_spi.c ****   /* Release Lock */
 522:Drivers/STM32L4xx_HAL_Driver/Src/stm32l4xx_hal_spi.c ****   __HAL_UNLOCK(hspi);
 523:Drivers/STM32L4xx_HAL_Driver/Src/stm32l4xx_hal_spi.c **** 
 524:Drivers/STM32L4xx_HAL_Driver/Src/stm32l4xx_hal_spi.c ****   return HAL_OK;
 525:Drivers/STM32L4xx_HAL_Driver/Src/stm32l4xx_hal_spi.c **** }
 526:Drivers/STM32L4xx_HAL_Driver/Src/stm32l4xx_hal_spi.c **** 
 527:Drivers/STM32L4xx_HAL_Driver/Src/stm32l4xx_hal_spi.c **** /**
 528:Drivers/STM32L4xx_HAL_Driver/Src/stm32l4xx_hal_spi.c ****   * @brief  Initialize the SPI MSP.
 529:Drivers/STM32L4xx_HAL_Driver/Src/stm32l4xx_hal_spi.c ****   * @param  hspi pointer to a SPI_HandleTypeDef structure that contains
 530:Drivers/STM32L4xx_HAL_Driver/Src/stm32l4xx_hal_spi.c ****   *               the configuration information for SPI module.
 531:Drivers/STM32L4xx_HAL_Driver/Src/stm32l4xx_hal_spi.c ****   * @retval None
 532:Drivers/STM32L4xx_HAL_Driver/Src/stm32l4xx_hal_spi.c ****   */
 533:Drivers/STM32L4xx_HAL_Driver/Src/stm32l4xx_hal_spi.c **** __weak void HAL_SPI_MspInit(SPI_HandleTypeDef *hspi)
 534:Drivers/STM32L4xx_HAL_Driver/Src/stm32l4xx_hal_spi.c **** {
 535:Drivers/STM32L4xx_HAL_Driver/Src/stm32l4xx_hal_spi.c ****   /* Prevent unused argument(s) compilation warning */
 536:Drivers/STM32L4xx_HAL_Driver/Src/stm32l4xx_hal_spi.c ****   UNUSED(hspi);
 537:Drivers/STM32L4xx_HAL_Driver/Src/stm32l4xx_hal_spi.c **** 
 538:Drivers/STM32L4xx_HAL_Driver/Src/stm32l4xx_hal_spi.c ****   /* NOTE : This function should not be modified, when the callback is needed,
 539:Drivers/STM32L4xx_HAL_Driver/Src/stm32l4xx_hal_spi.c ****             the HAL_SPI_MspInit should be implemented in the user file
 540:Drivers/STM32L4xx_HAL_Driver/Src/stm32l4xx_hal_spi.c ****    */
 541:Drivers/STM32L4xx_HAL_Driver/Src/stm32l4xx_hal_spi.c **** }
 542:Drivers/STM32L4xx_HAL_Driver/Src/stm32l4xx_hal_spi.c **** 
 543:Drivers/STM32L4xx_HAL_Driver/Src/stm32l4xx_hal_spi.c **** /**
ARM GAS  /tmp/ccEksN7Z.s 			page 11


 544:Drivers/STM32L4xx_HAL_Driver/Src/stm32l4xx_hal_spi.c ****   * @brief  De-Initialize the SPI MSP.
 545:Drivers/STM32L4xx_HAL_Driver/Src/stm32l4xx_hal_spi.c ****   * @param  hspi pointer to a SPI_HandleTypeDef structure that contains
 546:Drivers/STM32L4xx_HAL_Driver/Src/stm32l4xx_hal_spi.c ****   *               the configuration information for SPI module.
 547:Drivers/STM32L4xx_HAL_Driver/Src/stm32l4xx_hal_spi.c ****   * @retval None
 548:Drivers/STM32L4xx_HAL_Driver/Src/stm32l4xx_hal_spi.c ****   */
 549:Drivers/STM32L4xx_HAL_Driver/Src/stm32l4xx_hal_spi.c **** __weak void HAL_SPI_MspDeInit(SPI_HandleTypeDef *hspi)
 550:Drivers/STM32L4xx_HAL_Driver/Src/stm32l4xx_hal_spi.c **** {
 551:Drivers/STM32L4xx_HAL_Driver/Src/stm32l4xx_hal_spi.c ****   /* Prevent unused argument(s) compilation warning */
 552:Drivers/STM32L4xx_HAL_Driver/Src/stm32l4xx_hal_spi.c ****   UNUSED(hspi);
 553:Drivers/STM32L4xx_HAL_Driver/Src/stm32l4xx_hal_spi.c **** 
 554:Drivers/STM32L4xx_HAL_Driver/Src/stm32l4xx_hal_spi.c ****   /* NOTE : This function should not be modified, when the callback is needed,
 555:Drivers/STM32L4xx_HAL_Driver/Src/stm32l4xx_hal_spi.c ****             the HAL_SPI_MspDeInit should be implemented in the user file
 556:Drivers/STM32L4xx_HAL_Driver/Src/stm32l4xx_hal_spi.c ****    */
 557:Drivers/STM32L4xx_HAL_Driver/Src/stm32l4xx_hal_spi.c **** }
 558:Drivers/STM32L4xx_HAL_Driver/Src/stm32l4xx_hal_spi.c **** 
 559:Drivers/STM32L4xx_HAL_Driver/Src/stm32l4xx_hal_spi.c **** #if (USE_HAL_SPI_REGISTER_CALLBACKS == 1U)
 560:Drivers/STM32L4xx_HAL_Driver/Src/stm32l4xx_hal_spi.c **** /**
 561:Drivers/STM32L4xx_HAL_Driver/Src/stm32l4xx_hal_spi.c ****   * @brief  Register a User SPI Callback
 562:Drivers/STM32L4xx_HAL_Driver/Src/stm32l4xx_hal_spi.c ****   *         To be used instead of the weak predefined callback
 563:Drivers/STM32L4xx_HAL_Driver/Src/stm32l4xx_hal_spi.c ****   * @param  hspi Pointer to a SPI_HandleTypeDef structure that contains
 564:Drivers/STM32L4xx_HAL_Driver/Src/stm32l4xx_hal_spi.c ****   *                the configuration information for the specified SPI.
 565:Drivers/STM32L4xx_HAL_Driver/Src/stm32l4xx_hal_spi.c ****   * @param  CallbackID ID of the callback to be registered
 566:Drivers/STM32L4xx_HAL_Driver/Src/stm32l4xx_hal_spi.c ****   * @param  pCallback pointer to the Callback function
 567:Drivers/STM32L4xx_HAL_Driver/Src/stm32l4xx_hal_spi.c ****   * @retval HAL status
 568:Drivers/STM32L4xx_HAL_Driver/Src/stm32l4xx_hal_spi.c ****   */
 569:Drivers/STM32L4xx_HAL_Driver/Src/stm32l4xx_hal_spi.c **** HAL_StatusTypeDef HAL_SPI_RegisterCallback(SPI_HandleTypeDef *hspi, HAL_SPI_CallbackIDTypeDef Callb
 570:Drivers/STM32L4xx_HAL_Driver/Src/stm32l4xx_hal_spi.c ****                                            pSPI_CallbackTypeDef pCallback)
 571:Drivers/STM32L4xx_HAL_Driver/Src/stm32l4xx_hal_spi.c **** {
 572:Drivers/STM32L4xx_HAL_Driver/Src/stm32l4xx_hal_spi.c ****   HAL_StatusTypeDef status = HAL_OK;
 573:Drivers/STM32L4xx_HAL_Driver/Src/stm32l4xx_hal_spi.c **** 
 574:Drivers/STM32L4xx_HAL_Driver/Src/stm32l4xx_hal_spi.c ****   if (pCallback == NULL)
 575:Drivers/STM32L4xx_HAL_Driver/Src/stm32l4xx_hal_spi.c ****   {
 576:Drivers/STM32L4xx_HAL_Driver/Src/stm32l4xx_hal_spi.c ****     /* Update the error code */
 577:Drivers/STM32L4xx_HAL_Driver/Src/stm32l4xx_hal_spi.c ****     hspi->ErrorCode |= HAL_SPI_ERROR_INVALID_CALLBACK;
 578:Drivers/STM32L4xx_HAL_Driver/Src/stm32l4xx_hal_spi.c **** 
 579:Drivers/STM32L4xx_HAL_Driver/Src/stm32l4xx_hal_spi.c ****     return HAL_ERROR;
 580:Drivers/STM32L4xx_HAL_Driver/Src/stm32l4xx_hal_spi.c ****   }
 581:Drivers/STM32L4xx_HAL_Driver/Src/stm32l4xx_hal_spi.c ****   /* Process locked */
 582:Drivers/STM32L4xx_HAL_Driver/Src/stm32l4xx_hal_spi.c ****   __HAL_LOCK(hspi);
 583:Drivers/STM32L4xx_HAL_Driver/Src/stm32l4xx_hal_spi.c **** 
 584:Drivers/STM32L4xx_HAL_Driver/Src/stm32l4xx_hal_spi.c ****   if (HAL_SPI_STATE_READY == hspi->State)
 585:Drivers/STM32L4xx_HAL_Driver/Src/stm32l4xx_hal_spi.c ****   {
 586:Drivers/STM32L4xx_HAL_Driver/Src/stm32l4xx_hal_spi.c ****     switch (CallbackID)
 587:Drivers/STM32L4xx_HAL_Driver/Src/stm32l4xx_hal_spi.c ****     {
 588:Drivers/STM32L4xx_HAL_Driver/Src/stm32l4xx_hal_spi.c ****       case HAL_SPI_TX_COMPLETE_CB_ID :
 589:Drivers/STM32L4xx_HAL_Driver/Src/stm32l4xx_hal_spi.c ****         hspi->TxCpltCallback = pCallback;
 590:Drivers/STM32L4xx_HAL_Driver/Src/stm32l4xx_hal_spi.c ****         break;
 591:Drivers/STM32L4xx_HAL_Driver/Src/stm32l4xx_hal_spi.c **** 
 592:Drivers/STM32L4xx_HAL_Driver/Src/stm32l4xx_hal_spi.c ****       case HAL_SPI_RX_COMPLETE_CB_ID :
 593:Drivers/STM32L4xx_HAL_Driver/Src/stm32l4xx_hal_spi.c ****         hspi->RxCpltCallback = pCallback;
 594:Drivers/STM32L4xx_HAL_Driver/Src/stm32l4xx_hal_spi.c ****         break;
 595:Drivers/STM32L4xx_HAL_Driver/Src/stm32l4xx_hal_spi.c **** 
 596:Drivers/STM32L4xx_HAL_Driver/Src/stm32l4xx_hal_spi.c ****       case HAL_SPI_TX_RX_COMPLETE_CB_ID :
 597:Drivers/STM32L4xx_HAL_Driver/Src/stm32l4xx_hal_spi.c ****         hspi->TxRxCpltCallback = pCallback;
 598:Drivers/STM32L4xx_HAL_Driver/Src/stm32l4xx_hal_spi.c ****         break;
 599:Drivers/STM32L4xx_HAL_Driver/Src/stm32l4xx_hal_spi.c **** 
 600:Drivers/STM32L4xx_HAL_Driver/Src/stm32l4xx_hal_spi.c ****       case HAL_SPI_TX_HALF_COMPLETE_CB_ID :
ARM GAS  /tmp/ccEksN7Z.s 			page 12


 601:Drivers/STM32L4xx_HAL_Driver/Src/stm32l4xx_hal_spi.c ****         hspi->TxHalfCpltCallback = pCallback;
 602:Drivers/STM32L4xx_HAL_Driver/Src/stm32l4xx_hal_spi.c ****         break;
 603:Drivers/STM32L4xx_HAL_Driver/Src/stm32l4xx_hal_spi.c **** 
 604:Drivers/STM32L4xx_HAL_Driver/Src/stm32l4xx_hal_spi.c ****       case HAL_SPI_RX_HALF_COMPLETE_CB_ID :
 605:Drivers/STM32L4xx_HAL_Driver/Src/stm32l4xx_hal_spi.c ****         hspi->RxHalfCpltCallback = pCallback;
 606:Drivers/STM32L4xx_HAL_Driver/Src/stm32l4xx_hal_spi.c ****         break;
 607:Drivers/STM32L4xx_HAL_Driver/Src/stm32l4xx_hal_spi.c **** 
 608:Drivers/STM32L4xx_HAL_Driver/Src/stm32l4xx_hal_spi.c ****       case HAL_SPI_TX_RX_HALF_COMPLETE_CB_ID :
 609:Drivers/STM32L4xx_HAL_Driver/Src/stm32l4xx_hal_spi.c ****         hspi->TxRxHalfCpltCallback = pCallback;
 610:Drivers/STM32L4xx_HAL_Driver/Src/stm32l4xx_hal_spi.c ****         break;
 611:Drivers/STM32L4xx_HAL_Driver/Src/stm32l4xx_hal_spi.c **** 
 612:Drivers/STM32L4xx_HAL_Driver/Src/stm32l4xx_hal_spi.c ****       case HAL_SPI_ERROR_CB_ID :
 613:Drivers/STM32L4xx_HAL_Driver/Src/stm32l4xx_hal_spi.c ****         hspi->ErrorCallback = pCallback;
 614:Drivers/STM32L4xx_HAL_Driver/Src/stm32l4xx_hal_spi.c ****         break;
 615:Drivers/STM32L4xx_HAL_Driver/Src/stm32l4xx_hal_spi.c **** 
 616:Drivers/STM32L4xx_HAL_Driver/Src/stm32l4xx_hal_spi.c ****       case HAL_SPI_ABORT_CB_ID :
 617:Drivers/STM32L4xx_HAL_Driver/Src/stm32l4xx_hal_spi.c ****         hspi->AbortCpltCallback = pCallback;
 618:Drivers/STM32L4xx_HAL_Driver/Src/stm32l4xx_hal_spi.c ****         break;
 619:Drivers/STM32L4xx_HAL_Driver/Src/stm32l4xx_hal_spi.c **** 
 620:Drivers/STM32L4xx_HAL_Driver/Src/stm32l4xx_hal_spi.c ****       case HAL_SPI_MSPINIT_CB_ID :
 621:Drivers/STM32L4xx_HAL_Driver/Src/stm32l4xx_hal_spi.c ****         hspi->MspInitCallback = pCallback;
 622:Drivers/STM32L4xx_HAL_Driver/Src/stm32l4xx_hal_spi.c ****         break;
 623:Drivers/STM32L4xx_HAL_Driver/Src/stm32l4xx_hal_spi.c **** 
 624:Drivers/STM32L4xx_HAL_Driver/Src/stm32l4xx_hal_spi.c ****       case HAL_SPI_MSPDEINIT_CB_ID :
 625:Drivers/STM32L4xx_HAL_Driver/Src/stm32l4xx_hal_spi.c ****         hspi->MspDeInitCallback = pCallback;
 626:Drivers/STM32L4xx_HAL_Driver/Src/stm32l4xx_hal_spi.c ****         break;
 627:Drivers/STM32L4xx_HAL_Driver/Src/stm32l4xx_hal_spi.c **** 
 628:Drivers/STM32L4xx_HAL_Driver/Src/stm32l4xx_hal_spi.c ****       default :
 629:Drivers/STM32L4xx_HAL_Driver/Src/stm32l4xx_hal_spi.c ****         /* Update the error code */
 630:Drivers/STM32L4xx_HAL_Driver/Src/stm32l4xx_hal_spi.c ****         SET_BIT(hspi->ErrorCode, HAL_SPI_ERROR_INVALID_CALLBACK);
 631:Drivers/STM32L4xx_HAL_Driver/Src/stm32l4xx_hal_spi.c **** 
 632:Drivers/STM32L4xx_HAL_Driver/Src/stm32l4xx_hal_spi.c ****         /* Return error status */
 633:Drivers/STM32L4xx_HAL_Driver/Src/stm32l4xx_hal_spi.c ****         status =  HAL_ERROR;
 634:Drivers/STM32L4xx_HAL_Driver/Src/stm32l4xx_hal_spi.c ****         break;
 635:Drivers/STM32L4xx_HAL_Driver/Src/stm32l4xx_hal_spi.c ****     }
 636:Drivers/STM32L4xx_HAL_Driver/Src/stm32l4xx_hal_spi.c ****   }
 637:Drivers/STM32L4xx_HAL_Driver/Src/stm32l4xx_hal_spi.c ****   else if (HAL_SPI_STATE_RESET == hspi->State)
 638:Drivers/STM32L4xx_HAL_Driver/Src/stm32l4xx_hal_spi.c ****   {
 639:Drivers/STM32L4xx_HAL_Driver/Src/stm32l4xx_hal_spi.c ****     switch (CallbackID)
 640:Drivers/STM32L4xx_HAL_Driver/Src/stm32l4xx_hal_spi.c ****     {
 641:Drivers/STM32L4xx_HAL_Driver/Src/stm32l4xx_hal_spi.c ****       case HAL_SPI_MSPINIT_CB_ID :
 642:Drivers/STM32L4xx_HAL_Driver/Src/stm32l4xx_hal_spi.c ****         hspi->MspInitCallback = pCallback;
 643:Drivers/STM32L4xx_HAL_Driver/Src/stm32l4xx_hal_spi.c ****         break;
 644:Drivers/STM32L4xx_HAL_Driver/Src/stm32l4xx_hal_spi.c **** 
 645:Drivers/STM32L4xx_HAL_Driver/Src/stm32l4xx_hal_spi.c ****       case HAL_SPI_MSPDEINIT_CB_ID :
 646:Drivers/STM32L4xx_HAL_Driver/Src/stm32l4xx_hal_spi.c ****         hspi->MspDeInitCallback = pCallback;
 647:Drivers/STM32L4xx_HAL_Driver/Src/stm32l4xx_hal_spi.c ****         break;
 648:Drivers/STM32L4xx_HAL_Driver/Src/stm32l4xx_hal_spi.c **** 
 649:Drivers/STM32L4xx_HAL_Driver/Src/stm32l4xx_hal_spi.c ****       default :
 650:Drivers/STM32L4xx_HAL_Driver/Src/stm32l4xx_hal_spi.c ****         /* Update the error code */
 651:Drivers/STM32L4xx_HAL_Driver/Src/stm32l4xx_hal_spi.c ****         SET_BIT(hspi->ErrorCode, HAL_SPI_ERROR_INVALID_CALLBACK);
 652:Drivers/STM32L4xx_HAL_Driver/Src/stm32l4xx_hal_spi.c **** 
 653:Drivers/STM32L4xx_HAL_Driver/Src/stm32l4xx_hal_spi.c ****         /* Return error status */
 654:Drivers/STM32L4xx_HAL_Driver/Src/stm32l4xx_hal_spi.c ****         status =  HAL_ERROR;
 655:Drivers/STM32L4xx_HAL_Driver/Src/stm32l4xx_hal_spi.c ****         break;
 656:Drivers/STM32L4xx_HAL_Driver/Src/stm32l4xx_hal_spi.c ****     }
 657:Drivers/STM32L4xx_HAL_Driver/Src/stm32l4xx_hal_spi.c ****   }
ARM GAS  /tmp/ccEksN7Z.s 			page 13


 658:Drivers/STM32L4xx_HAL_Driver/Src/stm32l4xx_hal_spi.c ****   else
 659:Drivers/STM32L4xx_HAL_Driver/Src/stm32l4xx_hal_spi.c ****   {
 660:Drivers/STM32L4xx_HAL_Driver/Src/stm32l4xx_hal_spi.c ****     /* Update the error code */
 661:Drivers/STM32L4xx_HAL_Driver/Src/stm32l4xx_hal_spi.c ****     SET_BIT(hspi->ErrorCode, HAL_SPI_ERROR_INVALID_CALLBACK);
 662:Drivers/STM32L4xx_HAL_Driver/Src/stm32l4xx_hal_spi.c **** 
 663:Drivers/STM32L4xx_HAL_Driver/Src/stm32l4xx_hal_spi.c ****     /* Return error status */
 664:Drivers/STM32L4xx_HAL_Driver/Src/stm32l4xx_hal_spi.c ****     status =  HAL_ERROR;
 665:Drivers/STM32L4xx_HAL_Driver/Src/stm32l4xx_hal_spi.c ****   }
 666:Drivers/STM32L4xx_HAL_Driver/Src/stm32l4xx_hal_spi.c **** 
 667:Drivers/STM32L4xx_HAL_Driver/Src/stm32l4xx_hal_spi.c ****   /* Release Lock */
 668:Drivers/STM32L4xx_HAL_Driver/Src/stm32l4xx_hal_spi.c ****   __HAL_UNLOCK(hspi);
 669:Drivers/STM32L4xx_HAL_Driver/Src/stm32l4xx_hal_spi.c ****   return status;
 670:Drivers/STM32L4xx_HAL_Driver/Src/stm32l4xx_hal_spi.c **** }
 671:Drivers/STM32L4xx_HAL_Driver/Src/stm32l4xx_hal_spi.c **** 
 672:Drivers/STM32L4xx_HAL_Driver/Src/stm32l4xx_hal_spi.c **** /**
 673:Drivers/STM32L4xx_HAL_Driver/Src/stm32l4xx_hal_spi.c ****   * @brief  Unregister an SPI Callback
 674:Drivers/STM32L4xx_HAL_Driver/Src/stm32l4xx_hal_spi.c ****   *         SPI callback is redirected to the weak predefined callback
 675:Drivers/STM32L4xx_HAL_Driver/Src/stm32l4xx_hal_spi.c ****   * @param  hspi Pointer to a SPI_HandleTypeDef structure that contains
 676:Drivers/STM32L4xx_HAL_Driver/Src/stm32l4xx_hal_spi.c ****   *                the configuration information for the specified SPI.
 677:Drivers/STM32L4xx_HAL_Driver/Src/stm32l4xx_hal_spi.c ****   * @param  CallbackID ID of the callback to be unregistered
 678:Drivers/STM32L4xx_HAL_Driver/Src/stm32l4xx_hal_spi.c ****   * @retval HAL status
 679:Drivers/STM32L4xx_HAL_Driver/Src/stm32l4xx_hal_spi.c ****   */
 680:Drivers/STM32L4xx_HAL_Driver/Src/stm32l4xx_hal_spi.c **** HAL_StatusTypeDef HAL_SPI_UnRegisterCallback(SPI_HandleTypeDef *hspi, HAL_SPI_CallbackIDTypeDef Cal
 681:Drivers/STM32L4xx_HAL_Driver/Src/stm32l4xx_hal_spi.c **** {
 682:Drivers/STM32L4xx_HAL_Driver/Src/stm32l4xx_hal_spi.c ****   HAL_StatusTypeDef status = HAL_OK;
 683:Drivers/STM32L4xx_HAL_Driver/Src/stm32l4xx_hal_spi.c **** 
 684:Drivers/STM32L4xx_HAL_Driver/Src/stm32l4xx_hal_spi.c ****   /* Process locked */
 685:Drivers/STM32L4xx_HAL_Driver/Src/stm32l4xx_hal_spi.c ****   __HAL_LOCK(hspi);
 686:Drivers/STM32L4xx_HAL_Driver/Src/stm32l4xx_hal_spi.c **** 
 687:Drivers/STM32L4xx_HAL_Driver/Src/stm32l4xx_hal_spi.c ****   if (HAL_SPI_STATE_READY == hspi->State)
 688:Drivers/STM32L4xx_HAL_Driver/Src/stm32l4xx_hal_spi.c ****   {
 689:Drivers/STM32L4xx_HAL_Driver/Src/stm32l4xx_hal_spi.c ****     switch (CallbackID)
 690:Drivers/STM32L4xx_HAL_Driver/Src/stm32l4xx_hal_spi.c ****     {
 691:Drivers/STM32L4xx_HAL_Driver/Src/stm32l4xx_hal_spi.c ****       case HAL_SPI_TX_COMPLETE_CB_ID :
 692:Drivers/STM32L4xx_HAL_Driver/Src/stm32l4xx_hal_spi.c ****         hspi->TxCpltCallback = HAL_SPI_TxCpltCallback;             /* Legacy weak TxCpltCallback   
 693:Drivers/STM32L4xx_HAL_Driver/Src/stm32l4xx_hal_spi.c ****         break;
 694:Drivers/STM32L4xx_HAL_Driver/Src/stm32l4xx_hal_spi.c **** 
 695:Drivers/STM32L4xx_HAL_Driver/Src/stm32l4xx_hal_spi.c ****       case HAL_SPI_RX_COMPLETE_CB_ID :
 696:Drivers/STM32L4xx_HAL_Driver/Src/stm32l4xx_hal_spi.c ****         hspi->RxCpltCallback = HAL_SPI_RxCpltCallback;             /* Legacy weak RxCpltCallback   
 697:Drivers/STM32L4xx_HAL_Driver/Src/stm32l4xx_hal_spi.c ****         break;
 698:Drivers/STM32L4xx_HAL_Driver/Src/stm32l4xx_hal_spi.c **** 
 699:Drivers/STM32L4xx_HAL_Driver/Src/stm32l4xx_hal_spi.c ****       case HAL_SPI_TX_RX_COMPLETE_CB_ID :
 700:Drivers/STM32L4xx_HAL_Driver/Src/stm32l4xx_hal_spi.c ****         hspi->TxRxCpltCallback = HAL_SPI_TxRxCpltCallback;         /* Legacy weak TxRxCpltCallback 
 701:Drivers/STM32L4xx_HAL_Driver/Src/stm32l4xx_hal_spi.c ****         break;
 702:Drivers/STM32L4xx_HAL_Driver/Src/stm32l4xx_hal_spi.c **** 
 703:Drivers/STM32L4xx_HAL_Driver/Src/stm32l4xx_hal_spi.c ****       case HAL_SPI_TX_HALF_COMPLETE_CB_ID :
 704:Drivers/STM32L4xx_HAL_Driver/Src/stm32l4xx_hal_spi.c ****         hspi->TxHalfCpltCallback = HAL_SPI_TxHalfCpltCallback;     /* Legacy weak TxHalfCpltCallbac
 705:Drivers/STM32L4xx_HAL_Driver/Src/stm32l4xx_hal_spi.c ****         break;
 706:Drivers/STM32L4xx_HAL_Driver/Src/stm32l4xx_hal_spi.c **** 
 707:Drivers/STM32L4xx_HAL_Driver/Src/stm32l4xx_hal_spi.c ****       case HAL_SPI_RX_HALF_COMPLETE_CB_ID :
 708:Drivers/STM32L4xx_HAL_Driver/Src/stm32l4xx_hal_spi.c ****         hspi->RxHalfCpltCallback = HAL_SPI_RxHalfCpltCallback;     /* Legacy weak RxHalfCpltCallbac
 709:Drivers/STM32L4xx_HAL_Driver/Src/stm32l4xx_hal_spi.c ****         break;
 710:Drivers/STM32L4xx_HAL_Driver/Src/stm32l4xx_hal_spi.c **** 
 711:Drivers/STM32L4xx_HAL_Driver/Src/stm32l4xx_hal_spi.c ****       case HAL_SPI_TX_RX_HALF_COMPLETE_CB_ID :
 712:Drivers/STM32L4xx_HAL_Driver/Src/stm32l4xx_hal_spi.c ****         hspi->TxRxHalfCpltCallback = HAL_SPI_TxRxHalfCpltCallback; /* Legacy weak TxRxHalfCpltCallb
 713:Drivers/STM32L4xx_HAL_Driver/Src/stm32l4xx_hal_spi.c ****         break;
 714:Drivers/STM32L4xx_HAL_Driver/Src/stm32l4xx_hal_spi.c **** 
ARM GAS  /tmp/ccEksN7Z.s 			page 14


 715:Drivers/STM32L4xx_HAL_Driver/Src/stm32l4xx_hal_spi.c ****       case HAL_SPI_ERROR_CB_ID :
 716:Drivers/STM32L4xx_HAL_Driver/Src/stm32l4xx_hal_spi.c ****         hspi->ErrorCallback = HAL_SPI_ErrorCallback;               /* Legacy weak ErrorCallback    
 717:Drivers/STM32L4xx_HAL_Driver/Src/stm32l4xx_hal_spi.c ****         break;
 718:Drivers/STM32L4xx_HAL_Driver/Src/stm32l4xx_hal_spi.c **** 
 719:Drivers/STM32L4xx_HAL_Driver/Src/stm32l4xx_hal_spi.c ****       case HAL_SPI_ABORT_CB_ID :
 720:Drivers/STM32L4xx_HAL_Driver/Src/stm32l4xx_hal_spi.c ****         hspi->AbortCpltCallback = HAL_SPI_AbortCpltCallback;       /* Legacy weak AbortCpltCallback
 721:Drivers/STM32L4xx_HAL_Driver/Src/stm32l4xx_hal_spi.c ****         break;
 722:Drivers/STM32L4xx_HAL_Driver/Src/stm32l4xx_hal_spi.c **** 
 723:Drivers/STM32L4xx_HAL_Driver/Src/stm32l4xx_hal_spi.c ****       case HAL_SPI_MSPINIT_CB_ID :
 724:Drivers/STM32L4xx_HAL_Driver/Src/stm32l4xx_hal_spi.c ****         hspi->MspInitCallback = HAL_SPI_MspInit;                   /* Legacy weak MspInit          
 725:Drivers/STM32L4xx_HAL_Driver/Src/stm32l4xx_hal_spi.c ****         break;
 726:Drivers/STM32L4xx_HAL_Driver/Src/stm32l4xx_hal_spi.c **** 
 727:Drivers/STM32L4xx_HAL_Driver/Src/stm32l4xx_hal_spi.c ****       case HAL_SPI_MSPDEINIT_CB_ID :
 728:Drivers/STM32L4xx_HAL_Driver/Src/stm32l4xx_hal_spi.c ****         hspi->MspDeInitCallback = HAL_SPI_MspDeInit;               /* Legacy weak MspDeInit        
 729:Drivers/STM32L4xx_HAL_Driver/Src/stm32l4xx_hal_spi.c ****         break;
 730:Drivers/STM32L4xx_HAL_Driver/Src/stm32l4xx_hal_spi.c **** 
 731:Drivers/STM32L4xx_HAL_Driver/Src/stm32l4xx_hal_spi.c ****       default :
 732:Drivers/STM32L4xx_HAL_Driver/Src/stm32l4xx_hal_spi.c ****         /* Update the error code */
 733:Drivers/STM32L4xx_HAL_Driver/Src/stm32l4xx_hal_spi.c ****         SET_BIT(hspi->ErrorCode, HAL_SPI_ERROR_INVALID_CALLBACK);
 734:Drivers/STM32L4xx_HAL_Driver/Src/stm32l4xx_hal_spi.c **** 
 735:Drivers/STM32L4xx_HAL_Driver/Src/stm32l4xx_hal_spi.c ****         /* Return error status */
 736:Drivers/STM32L4xx_HAL_Driver/Src/stm32l4xx_hal_spi.c ****         status =  HAL_ERROR;
 737:Drivers/STM32L4xx_HAL_Driver/Src/stm32l4xx_hal_spi.c ****         break;
 738:Drivers/STM32L4xx_HAL_Driver/Src/stm32l4xx_hal_spi.c ****     }
 739:Drivers/STM32L4xx_HAL_Driver/Src/stm32l4xx_hal_spi.c ****   }
 740:Drivers/STM32L4xx_HAL_Driver/Src/stm32l4xx_hal_spi.c ****   else if (HAL_SPI_STATE_RESET == hspi->State)
 741:Drivers/STM32L4xx_HAL_Driver/Src/stm32l4xx_hal_spi.c ****   {
 742:Drivers/STM32L4xx_HAL_Driver/Src/stm32l4xx_hal_spi.c ****     switch (CallbackID)
 743:Drivers/STM32L4xx_HAL_Driver/Src/stm32l4xx_hal_spi.c ****     {
 744:Drivers/STM32L4xx_HAL_Driver/Src/stm32l4xx_hal_spi.c ****       case HAL_SPI_MSPINIT_CB_ID :
 745:Drivers/STM32L4xx_HAL_Driver/Src/stm32l4xx_hal_spi.c ****         hspi->MspInitCallback = HAL_SPI_MspInit;                   /* Legacy weak MspInit          
 746:Drivers/STM32L4xx_HAL_Driver/Src/stm32l4xx_hal_spi.c ****         break;
 747:Drivers/STM32L4xx_HAL_Driver/Src/stm32l4xx_hal_spi.c **** 
 748:Drivers/STM32L4xx_HAL_Driver/Src/stm32l4xx_hal_spi.c ****       case HAL_SPI_MSPDEINIT_CB_ID :
 749:Drivers/STM32L4xx_HAL_Driver/Src/stm32l4xx_hal_spi.c ****         hspi->MspDeInitCallback = HAL_SPI_MspDeInit;               /* Legacy weak MspDeInit        
 750:Drivers/STM32L4xx_HAL_Driver/Src/stm32l4xx_hal_spi.c ****         break;
 751:Drivers/STM32L4xx_HAL_Driver/Src/stm32l4xx_hal_spi.c **** 
 752:Drivers/STM32L4xx_HAL_Driver/Src/stm32l4xx_hal_spi.c ****       default :
 753:Drivers/STM32L4xx_HAL_Driver/Src/stm32l4xx_hal_spi.c ****         /* Update the error code */
 754:Drivers/STM32L4xx_HAL_Driver/Src/stm32l4xx_hal_spi.c ****         SET_BIT(hspi->ErrorCode, HAL_SPI_ERROR_INVALID_CALLBACK);
 755:Drivers/STM32L4xx_HAL_Driver/Src/stm32l4xx_hal_spi.c **** 
 756:Drivers/STM32L4xx_HAL_Driver/Src/stm32l4xx_hal_spi.c ****         /* Return error status */
 757:Drivers/STM32L4xx_HAL_Driver/Src/stm32l4xx_hal_spi.c ****         status =  HAL_ERROR;
 758:Drivers/STM32L4xx_HAL_Driver/Src/stm32l4xx_hal_spi.c ****         break;
 759:Drivers/STM32L4xx_HAL_Driver/Src/stm32l4xx_hal_spi.c ****     }
 760:Drivers/STM32L4xx_HAL_Driver/Src/stm32l4xx_hal_spi.c ****   }
 761:Drivers/STM32L4xx_HAL_Driver/Src/stm32l4xx_hal_spi.c ****   else
 762:Drivers/STM32L4xx_HAL_Driver/Src/stm32l4xx_hal_spi.c ****   {
 763:Drivers/STM32L4xx_HAL_Driver/Src/stm32l4xx_hal_spi.c ****     /* Update the error code */
 764:Drivers/STM32L4xx_HAL_Driver/Src/stm32l4xx_hal_spi.c ****     SET_BIT(hspi->ErrorCode, HAL_SPI_ERROR_INVALID_CALLBACK);
 765:Drivers/STM32L4xx_HAL_Driver/Src/stm32l4xx_hal_spi.c **** 
 766:Drivers/STM32L4xx_HAL_Driver/Src/stm32l4xx_hal_spi.c ****     /* Return error status */
 767:Drivers/STM32L4xx_HAL_Driver/Src/stm32l4xx_hal_spi.c ****     status =  HAL_ERROR;
 768:Drivers/STM32L4xx_HAL_Driver/Src/stm32l4xx_hal_spi.c ****   }
 769:Drivers/STM32L4xx_HAL_Driver/Src/stm32l4xx_hal_spi.c **** 
 770:Drivers/STM32L4xx_HAL_Driver/Src/stm32l4xx_hal_spi.c ****   /* Release Lock */
 771:Drivers/STM32L4xx_HAL_Driver/Src/stm32l4xx_hal_spi.c ****   __HAL_UNLOCK(hspi);
ARM GAS  /tmp/ccEksN7Z.s 			page 15


 772:Drivers/STM32L4xx_HAL_Driver/Src/stm32l4xx_hal_spi.c ****   return status;
 773:Drivers/STM32L4xx_HAL_Driver/Src/stm32l4xx_hal_spi.c **** }
 774:Drivers/STM32L4xx_HAL_Driver/Src/stm32l4xx_hal_spi.c **** #endif /* USE_HAL_SPI_REGISTER_CALLBACKS */
 775:Drivers/STM32L4xx_HAL_Driver/Src/stm32l4xx_hal_spi.c **** /**
 776:Drivers/STM32L4xx_HAL_Driver/Src/stm32l4xx_hal_spi.c ****   * @}
 777:Drivers/STM32L4xx_HAL_Driver/Src/stm32l4xx_hal_spi.c ****   */
 778:Drivers/STM32L4xx_HAL_Driver/Src/stm32l4xx_hal_spi.c **** 
 779:Drivers/STM32L4xx_HAL_Driver/Src/stm32l4xx_hal_spi.c **** /** @defgroup SPI_Exported_Functions_Group2 IO operation functions
 780:Drivers/STM32L4xx_HAL_Driver/Src/stm32l4xx_hal_spi.c ****   *  @brief   Data transfers functions
 781:Drivers/STM32L4xx_HAL_Driver/Src/stm32l4xx_hal_spi.c ****   *
 782:Drivers/STM32L4xx_HAL_Driver/Src/stm32l4xx_hal_spi.c **** @verbatim
 783:Drivers/STM32L4xx_HAL_Driver/Src/stm32l4xx_hal_spi.c ****   ==============================================================================
 784:Drivers/STM32L4xx_HAL_Driver/Src/stm32l4xx_hal_spi.c ****                       ##### IO operation functions #####
 785:Drivers/STM32L4xx_HAL_Driver/Src/stm32l4xx_hal_spi.c ****  ===============================================================================
 786:Drivers/STM32L4xx_HAL_Driver/Src/stm32l4xx_hal_spi.c ****  [..]
 787:Drivers/STM32L4xx_HAL_Driver/Src/stm32l4xx_hal_spi.c ****     This subsection provides a set of functions allowing to manage the SPI
 788:Drivers/STM32L4xx_HAL_Driver/Src/stm32l4xx_hal_spi.c ****     data transfers.
 789:Drivers/STM32L4xx_HAL_Driver/Src/stm32l4xx_hal_spi.c **** 
 790:Drivers/STM32L4xx_HAL_Driver/Src/stm32l4xx_hal_spi.c ****     [..] The SPI supports master and slave mode :
 791:Drivers/STM32L4xx_HAL_Driver/Src/stm32l4xx_hal_spi.c **** 
 792:Drivers/STM32L4xx_HAL_Driver/Src/stm32l4xx_hal_spi.c ****     (#) There are two modes of transfer:
 793:Drivers/STM32L4xx_HAL_Driver/Src/stm32l4xx_hal_spi.c ****        (++) Blocking mode: The communication is performed in polling mode.
 794:Drivers/STM32L4xx_HAL_Driver/Src/stm32l4xx_hal_spi.c ****             The HAL status of all data processing is returned by the same function
 795:Drivers/STM32L4xx_HAL_Driver/Src/stm32l4xx_hal_spi.c ****             after finishing transfer.
 796:Drivers/STM32L4xx_HAL_Driver/Src/stm32l4xx_hal_spi.c ****        (++) No-Blocking mode: The communication is performed using Interrupts
 797:Drivers/STM32L4xx_HAL_Driver/Src/stm32l4xx_hal_spi.c ****             or DMA, These APIs return the HAL status.
 798:Drivers/STM32L4xx_HAL_Driver/Src/stm32l4xx_hal_spi.c ****             The end of the data processing will be indicated through the
 799:Drivers/STM32L4xx_HAL_Driver/Src/stm32l4xx_hal_spi.c ****             dedicated SPI IRQ when using Interrupt mode or the DMA IRQ when
 800:Drivers/STM32L4xx_HAL_Driver/Src/stm32l4xx_hal_spi.c ****             using DMA mode.
 801:Drivers/STM32L4xx_HAL_Driver/Src/stm32l4xx_hal_spi.c ****             The HAL_SPI_TxCpltCallback(), HAL_SPI_RxCpltCallback() and HAL_SPI_TxRxCpltCallback() u
 802:Drivers/STM32L4xx_HAL_Driver/Src/stm32l4xx_hal_spi.c ****             will be executed respectively at the end of the transmit or Receive process
 803:Drivers/STM32L4xx_HAL_Driver/Src/stm32l4xx_hal_spi.c ****             The HAL_SPI_ErrorCallback()user callback will be executed when a communication error is
 804:Drivers/STM32L4xx_HAL_Driver/Src/stm32l4xx_hal_spi.c **** 
 805:Drivers/STM32L4xx_HAL_Driver/Src/stm32l4xx_hal_spi.c ****     (#) APIs provided for these 2 transfer modes (Blocking mode or Non blocking mode using either I
 806:Drivers/STM32L4xx_HAL_Driver/Src/stm32l4xx_hal_spi.c ****         exist for 1Line (simplex) and 2Lines (full duplex) modes.
 807:Drivers/STM32L4xx_HAL_Driver/Src/stm32l4xx_hal_spi.c **** 
 808:Drivers/STM32L4xx_HAL_Driver/Src/stm32l4xx_hal_spi.c **** @endverbatim
 809:Drivers/STM32L4xx_HAL_Driver/Src/stm32l4xx_hal_spi.c ****   * @{
 810:Drivers/STM32L4xx_HAL_Driver/Src/stm32l4xx_hal_spi.c ****   */
 811:Drivers/STM32L4xx_HAL_Driver/Src/stm32l4xx_hal_spi.c **** 
 812:Drivers/STM32L4xx_HAL_Driver/Src/stm32l4xx_hal_spi.c **** /**
 813:Drivers/STM32L4xx_HAL_Driver/Src/stm32l4xx_hal_spi.c ****   * @brief  Transmit an amount of data in blocking mode.
 814:Drivers/STM32L4xx_HAL_Driver/Src/stm32l4xx_hal_spi.c ****   * @param  hspi pointer to a SPI_HandleTypeDef structure that contains
 815:Drivers/STM32L4xx_HAL_Driver/Src/stm32l4xx_hal_spi.c ****   *               the configuration information for SPI module.
 816:Drivers/STM32L4xx_HAL_Driver/Src/stm32l4xx_hal_spi.c ****   * @param  pData pointer to data buffer
 817:Drivers/STM32L4xx_HAL_Driver/Src/stm32l4xx_hal_spi.c ****   * @param  Size amount of data to be sent
 818:Drivers/STM32L4xx_HAL_Driver/Src/stm32l4xx_hal_spi.c ****   * @param  Timeout Timeout duration
 819:Drivers/STM32L4xx_HAL_Driver/Src/stm32l4xx_hal_spi.c ****   * @retval HAL status
 820:Drivers/STM32L4xx_HAL_Driver/Src/stm32l4xx_hal_spi.c ****   */
 821:Drivers/STM32L4xx_HAL_Driver/Src/stm32l4xx_hal_spi.c **** HAL_StatusTypeDef HAL_SPI_Transmit(SPI_HandleTypeDef *hspi, uint8_t *pData, uint16_t Size, uint32_t
 822:Drivers/STM32L4xx_HAL_Driver/Src/stm32l4xx_hal_spi.c **** {
 823:Drivers/STM32L4xx_HAL_Driver/Src/stm32l4xx_hal_spi.c ****   uint32_t tickstart;
 824:Drivers/STM32L4xx_HAL_Driver/Src/stm32l4xx_hal_spi.c ****   HAL_StatusTypeDef errorcode = HAL_OK;
 825:Drivers/STM32L4xx_HAL_Driver/Src/stm32l4xx_hal_spi.c ****   uint16_t initial_TxXferCount;
 826:Drivers/STM32L4xx_HAL_Driver/Src/stm32l4xx_hal_spi.c **** 
 827:Drivers/STM32L4xx_HAL_Driver/Src/stm32l4xx_hal_spi.c ****   /* Check Direction parameter */
 828:Drivers/STM32L4xx_HAL_Driver/Src/stm32l4xx_hal_spi.c ****   assert_param(IS_SPI_DIRECTION_2LINES_OR_1LINE(hspi->Init.Direction));
ARM GAS  /tmp/ccEksN7Z.s 			page 16


 829:Drivers/STM32L4xx_HAL_Driver/Src/stm32l4xx_hal_spi.c **** 
 830:Drivers/STM32L4xx_HAL_Driver/Src/stm32l4xx_hal_spi.c ****   /* Process Locked */
 831:Drivers/STM32L4xx_HAL_Driver/Src/stm32l4xx_hal_spi.c ****   __HAL_LOCK(hspi);
 832:Drivers/STM32L4xx_HAL_Driver/Src/stm32l4xx_hal_spi.c **** 
 833:Drivers/STM32L4xx_HAL_Driver/Src/stm32l4xx_hal_spi.c ****   /* Init tickstart for timeout management*/
 834:Drivers/STM32L4xx_HAL_Driver/Src/stm32l4xx_hal_spi.c ****   tickstart = HAL_GetTick();
 835:Drivers/STM32L4xx_HAL_Driver/Src/stm32l4xx_hal_spi.c ****   initial_TxXferCount = Size;
 836:Drivers/STM32L4xx_HAL_Driver/Src/stm32l4xx_hal_spi.c **** 
 837:Drivers/STM32L4xx_HAL_Driver/Src/stm32l4xx_hal_spi.c ****   if (hspi->State != HAL_SPI_STATE_READY)
 838:Drivers/STM32L4xx_HAL_Driver/Src/stm32l4xx_hal_spi.c ****   {
 839:Drivers/STM32L4xx_HAL_Driver/Src/stm32l4xx_hal_spi.c ****     errorcode = HAL_BUSY;
 840:Drivers/STM32L4xx_HAL_Driver/Src/stm32l4xx_hal_spi.c ****     goto error;
 841:Drivers/STM32L4xx_HAL_Driver/Src/stm32l4xx_hal_spi.c ****   }
 842:Drivers/STM32L4xx_HAL_Driver/Src/stm32l4xx_hal_spi.c **** 
 843:Drivers/STM32L4xx_HAL_Driver/Src/stm32l4xx_hal_spi.c ****   if ((pData == NULL) || (Size == 0U))
 844:Drivers/STM32L4xx_HAL_Driver/Src/stm32l4xx_hal_spi.c ****   {
 845:Drivers/STM32L4xx_HAL_Driver/Src/stm32l4xx_hal_spi.c ****     errorcode = HAL_ERROR;
 846:Drivers/STM32L4xx_HAL_Driver/Src/stm32l4xx_hal_spi.c ****     goto error;
 847:Drivers/STM32L4xx_HAL_Driver/Src/stm32l4xx_hal_spi.c ****   }
 848:Drivers/STM32L4xx_HAL_Driver/Src/stm32l4xx_hal_spi.c **** 
 849:Drivers/STM32L4xx_HAL_Driver/Src/stm32l4xx_hal_spi.c ****   /* Set the transaction information */
 850:Drivers/STM32L4xx_HAL_Driver/Src/stm32l4xx_hal_spi.c ****   hspi->State       = HAL_SPI_STATE_BUSY_TX;
 851:Drivers/STM32L4xx_HAL_Driver/Src/stm32l4xx_hal_spi.c ****   hspi->ErrorCode   = HAL_SPI_ERROR_NONE;
 852:Drivers/STM32L4xx_HAL_Driver/Src/stm32l4xx_hal_spi.c ****   hspi->pTxBuffPtr  = (uint8_t *)pData;
 853:Drivers/STM32L4xx_HAL_Driver/Src/stm32l4xx_hal_spi.c ****   hspi->TxXferSize  = Size;
 854:Drivers/STM32L4xx_HAL_Driver/Src/stm32l4xx_hal_spi.c ****   hspi->TxXferCount = Size;
 855:Drivers/STM32L4xx_HAL_Driver/Src/stm32l4xx_hal_spi.c **** 
 856:Drivers/STM32L4xx_HAL_Driver/Src/stm32l4xx_hal_spi.c ****   /*Init field not used in handle to zero */
 857:Drivers/STM32L4xx_HAL_Driver/Src/stm32l4xx_hal_spi.c ****   hspi->pRxBuffPtr  = (uint8_t *)NULL;
 858:Drivers/STM32L4xx_HAL_Driver/Src/stm32l4xx_hal_spi.c ****   hspi->RxXferSize  = 0U;
 859:Drivers/STM32L4xx_HAL_Driver/Src/stm32l4xx_hal_spi.c ****   hspi->RxXferCount = 0U;
 860:Drivers/STM32L4xx_HAL_Driver/Src/stm32l4xx_hal_spi.c ****   hspi->TxISR       = NULL;
 861:Drivers/STM32L4xx_HAL_Driver/Src/stm32l4xx_hal_spi.c ****   hspi->RxISR       = NULL;
 862:Drivers/STM32L4xx_HAL_Driver/Src/stm32l4xx_hal_spi.c **** 
 863:Drivers/STM32L4xx_HAL_Driver/Src/stm32l4xx_hal_spi.c ****   /* Configure communication direction : 1Line */
 864:Drivers/STM32L4xx_HAL_Driver/Src/stm32l4xx_hal_spi.c ****   if (hspi->Init.Direction == SPI_DIRECTION_1LINE)
 865:Drivers/STM32L4xx_HAL_Driver/Src/stm32l4xx_hal_spi.c ****   {
 866:Drivers/STM32L4xx_HAL_Driver/Src/stm32l4xx_hal_spi.c ****     /* Disable SPI Peripheral before set 1Line direction (BIDIOE bit) */
 867:Drivers/STM32L4xx_HAL_Driver/Src/stm32l4xx_hal_spi.c ****     __HAL_SPI_DISABLE(hspi);
 868:Drivers/STM32L4xx_HAL_Driver/Src/stm32l4xx_hal_spi.c ****     SPI_1LINE_TX(hspi);
 869:Drivers/STM32L4xx_HAL_Driver/Src/stm32l4xx_hal_spi.c ****   }
 870:Drivers/STM32L4xx_HAL_Driver/Src/stm32l4xx_hal_spi.c **** 
 871:Drivers/STM32L4xx_HAL_Driver/Src/stm32l4xx_hal_spi.c **** #if (USE_SPI_CRC != 0U)
 872:Drivers/STM32L4xx_HAL_Driver/Src/stm32l4xx_hal_spi.c ****   /* Reset CRC Calculation */
 873:Drivers/STM32L4xx_HAL_Driver/Src/stm32l4xx_hal_spi.c ****   if (hspi->Init.CRCCalculation == SPI_CRCCALCULATION_ENABLE)
 874:Drivers/STM32L4xx_HAL_Driver/Src/stm32l4xx_hal_spi.c ****   {
 875:Drivers/STM32L4xx_HAL_Driver/Src/stm32l4xx_hal_spi.c ****     SPI_RESET_CRC(hspi);
 876:Drivers/STM32L4xx_HAL_Driver/Src/stm32l4xx_hal_spi.c ****   }
 877:Drivers/STM32L4xx_HAL_Driver/Src/stm32l4xx_hal_spi.c **** #endif /* USE_SPI_CRC */
 878:Drivers/STM32L4xx_HAL_Driver/Src/stm32l4xx_hal_spi.c **** 
 879:Drivers/STM32L4xx_HAL_Driver/Src/stm32l4xx_hal_spi.c ****   /* Check if the SPI is already enabled */
 880:Drivers/STM32L4xx_HAL_Driver/Src/stm32l4xx_hal_spi.c ****   if ((hspi->Instance->CR1 & SPI_CR1_SPE) != SPI_CR1_SPE)
 881:Drivers/STM32L4xx_HAL_Driver/Src/stm32l4xx_hal_spi.c ****   {
 882:Drivers/STM32L4xx_HAL_Driver/Src/stm32l4xx_hal_spi.c ****     /* Enable SPI peripheral */
 883:Drivers/STM32L4xx_HAL_Driver/Src/stm32l4xx_hal_spi.c ****     __HAL_SPI_ENABLE(hspi);
 884:Drivers/STM32L4xx_HAL_Driver/Src/stm32l4xx_hal_spi.c ****   }
 885:Drivers/STM32L4xx_HAL_Driver/Src/stm32l4xx_hal_spi.c **** 
ARM GAS  /tmp/ccEksN7Z.s 			page 17


 886:Drivers/STM32L4xx_HAL_Driver/Src/stm32l4xx_hal_spi.c ****   /* Transmit data in 16 Bit mode */
 887:Drivers/STM32L4xx_HAL_Driver/Src/stm32l4xx_hal_spi.c ****   if (hspi->Init.DataSize > SPI_DATASIZE_8BIT)
 888:Drivers/STM32L4xx_HAL_Driver/Src/stm32l4xx_hal_spi.c ****   {
 889:Drivers/STM32L4xx_HAL_Driver/Src/stm32l4xx_hal_spi.c ****     if ((hspi->Init.Mode == SPI_MODE_SLAVE) || (initial_TxXferCount == 0x01U))
 890:Drivers/STM32L4xx_HAL_Driver/Src/stm32l4xx_hal_spi.c ****     {
 891:Drivers/STM32L4xx_HAL_Driver/Src/stm32l4xx_hal_spi.c ****       hspi->Instance->DR = *((uint16_t *)hspi->pTxBuffPtr);
 892:Drivers/STM32L4xx_HAL_Driver/Src/stm32l4xx_hal_spi.c ****       hspi->pTxBuffPtr += sizeof(uint16_t);
 893:Drivers/STM32L4xx_HAL_Driver/Src/stm32l4xx_hal_spi.c ****       hspi->TxXferCount--;
 894:Drivers/STM32L4xx_HAL_Driver/Src/stm32l4xx_hal_spi.c ****     }
 895:Drivers/STM32L4xx_HAL_Driver/Src/stm32l4xx_hal_spi.c ****     /* Transmit data in 16 Bit mode */
 896:Drivers/STM32L4xx_HAL_Driver/Src/stm32l4xx_hal_spi.c ****     while (hspi->TxXferCount > 0U)
 897:Drivers/STM32L4xx_HAL_Driver/Src/stm32l4xx_hal_spi.c ****     {
 898:Drivers/STM32L4xx_HAL_Driver/Src/stm32l4xx_hal_spi.c ****       /* Wait until TXE flag is set to send data */
 899:Drivers/STM32L4xx_HAL_Driver/Src/stm32l4xx_hal_spi.c ****       if (__HAL_SPI_GET_FLAG(hspi, SPI_FLAG_TXE))
 900:Drivers/STM32L4xx_HAL_Driver/Src/stm32l4xx_hal_spi.c ****       {
 901:Drivers/STM32L4xx_HAL_Driver/Src/stm32l4xx_hal_spi.c ****         hspi->Instance->DR = *((uint16_t *)hspi->pTxBuffPtr);
 902:Drivers/STM32L4xx_HAL_Driver/Src/stm32l4xx_hal_spi.c ****         hspi->pTxBuffPtr += sizeof(uint16_t);
 903:Drivers/STM32L4xx_HAL_Driver/Src/stm32l4xx_hal_spi.c ****         hspi->TxXferCount--;
 904:Drivers/STM32L4xx_HAL_Driver/Src/stm32l4xx_hal_spi.c ****       }
 905:Drivers/STM32L4xx_HAL_Driver/Src/stm32l4xx_hal_spi.c ****       else
 906:Drivers/STM32L4xx_HAL_Driver/Src/stm32l4xx_hal_spi.c ****       {
 907:Drivers/STM32L4xx_HAL_Driver/Src/stm32l4xx_hal_spi.c ****         /* Timeout management */
 908:Drivers/STM32L4xx_HAL_Driver/Src/stm32l4xx_hal_spi.c ****         if ((((HAL_GetTick() - tickstart) >=  Timeout) && (Timeout != HAL_MAX_DELAY)) || (Timeout =
 909:Drivers/STM32L4xx_HAL_Driver/Src/stm32l4xx_hal_spi.c ****         {
 910:Drivers/STM32L4xx_HAL_Driver/Src/stm32l4xx_hal_spi.c ****           errorcode = HAL_TIMEOUT;
 911:Drivers/STM32L4xx_HAL_Driver/Src/stm32l4xx_hal_spi.c ****           hspi->State = HAL_SPI_STATE_READY;
 912:Drivers/STM32L4xx_HAL_Driver/Src/stm32l4xx_hal_spi.c ****           goto error;
 913:Drivers/STM32L4xx_HAL_Driver/Src/stm32l4xx_hal_spi.c ****         }
 914:Drivers/STM32L4xx_HAL_Driver/Src/stm32l4xx_hal_spi.c ****       }
 915:Drivers/STM32L4xx_HAL_Driver/Src/stm32l4xx_hal_spi.c ****     }
 916:Drivers/STM32L4xx_HAL_Driver/Src/stm32l4xx_hal_spi.c ****   }
 917:Drivers/STM32L4xx_HAL_Driver/Src/stm32l4xx_hal_spi.c ****   /* Transmit data in 8 Bit mode */
 918:Drivers/STM32L4xx_HAL_Driver/Src/stm32l4xx_hal_spi.c ****   else
 919:Drivers/STM32L4xx_HAL_Driver/Src/stm32l4xx_hal_spi.c ****   {
 920:Drivers/STM32L4xx_HAL_Driver/Src/stm32l4xx_hal_spi.c ****     if ((hspi->Init.Mode == SPI_MODE_SLAVE) || (initial_TxXferCount == 0x01U))
 921:Drivers/STM32L4xx_HAL_Driver/Src/stm32l4xx_hal_spi.c ****     {
 922:Drivers/STM32L4xx_HAL_Driver/Src/stm32l4xx_hal_spi.c ****       if (hspi->TxXferCount > 1U)
 923:Drivers/STM32L4xx_HAL_Driver/Src/stm32l4xx_hal_spi.c ****       {
 924:Drivers/STM32L4xx_HAL_Driver/Src/stm32l4xx_hal_spi.c ****         /* write on the data register in packing mode */
 925:Drivers/STM32L4xx_HAL_Driver/Src/stm32l4xx_hal_spi.c ****         hspi->Instance->DR = *((uint16_t *)hspi->pTxBuffPtr);
 926:Drivers/STM32L4xx_HAL_Driver/Src/stm32l4xx_hal_spi.c ****         hspi->pTxBuffPtr += sizeof(uint16_t);
 927:Drivers/STM32L4xx_HAL_Driver/Src/stm32l4xx_hal_spi.c ****         hspi->TxXferCount -= 2U;
 928:Drivers/STM32L4xx_HAL_Driver/Src/stm32l4xx_hal_spi.c ****       }
 929:Drivers/STM32L4xx_HAL_Driver/Src/stm32l4xx_hal_spi.c ****       else
 930:Drivers/STM32L4xx_HAL_Driver/Src/stm32l4xx_hal_spi.c ****       {
 931:Drivers/STM32L4xx_HAL_Driver/Src/stm32l4xx_hal_spi.c ****         *((__IO uint8_t *)&hspi->Instance->DR) = (*hspi->pTxBuffPtr);
 932:Drivers/STM32L4xx_HAL_Driver/Src/stm32l4xx_hal_spi.c ****         hspi->pTxBuffPtr ++;
 933:Drivers/STM32L4xx_HAL_Driver/Src/stm32l4xx_hal_spi.c ****         hspi->TxXferCount--;
 934:Drivers/STM32L4xx_HAL_Driver/Src/stm32l4xx_hal_spi.c ****       }
 935:Drivers/STM32L4xx_HAL_Driver/Src/stm32l4xx_hal_spi.c ****     }
 936:Drivers/STM32L4xx_HAL_Driver/Src/stm32l4xx_hal_spi.c ****     while (hspi->TxXferCount > 0U)
 937:Drivers/STM32L4xx_HAL_Driver/Src/stm32l4xx_hal_spi.c ****     {
 938:Drivers/STM32L4xx_HAL_Driver/Src/stm32l4xx_hal_spi.c ****       /* Wait until TXE flag is set to send data */
 939:Drivers/STM32L4xx_HAL_Driver/Src/stm32l4xx_hal_spi.c ****       if (__HAL_SPI_GET_FLAG(hspi, SPI_FLAG_TXE))
 940:Drivers/STM32L4xx_HAL_Driver/Src/stm32l4xx_hal_spi.c ****       {
 941:Drivers/STM32L4xx_HAL_Driver/Src/stm32l4xx_hal_spi.c ****         if (hspi->TxXferCount > 1U)
 942:Drivers/STM32L4xx_HAL_Driver/Src/stm32l4xx_hal_spi.c ****         {
ARM GAS  /tmp/ccEksN7Z.s 			page 18


 943:Drivers/STM32L4xx_HAL_Driver/Src/stm32l4xx_hal_spi.c ****           /* write on the data register in packing mode */
 944:Drivers/STM32L4xx_HAL_Driver/Src/stm32l4xx_hal_spi.c ****           hspi->Instance->DR = *((uint16_t *)hspi->pTxBuffPtr);
 945:Drivers/STM32L4xx_HAL_Driver/Src/stm32l4xx_hal_spi.c ****           hspi->pTxBuffPtr += sizeof(uint16_t);
 946:Drivers/STM32L4xx_HAL_Driver/Src/stm32l4xx_hal_spi.c ****           hspi->TxXferCount -= 2U;
 947:Drivers/STM32L4xx_HAL_Driver/Src/stm32l4xx_hal_spi.c ****         }
 948:Drivers/STM32L4xx_HAL_Driver/Src/stm32l4xx_hal_spi.c ****         else
 949:Drivers/STM32L4xx_HAL_Driver/Src/stm32l4xx_hal_spi.c ****         {
 950:Drivers/STM32L4xx_HAL_Driver/Src/stm32l4xx_hal_spi.c ****           *((__IO uint8_t *)&hspi->Instance->DR) = (*hspi->pTxBuffPtr);
 951:Drivers/STM32L4xx_HAL_Driver/Src/stm32l4xx_hal_spi.c ****           hspi->pTxBuffPtr++;
 952:Drivers/STM32L4xx_HAL_Driver/Src/stm32l4xx_hal_spi.c ****           hspi->TxXferCount--;
 953:Drivers/STM32L4xx_HAL_Driver/Src/stm32l4xx_hal_spi.c ****         }
 954:Drivers/STM32L4xx_HAL_Driver/Src/stm32l4xx_hal_spi.c ****       }
 955:Drivers/STM32L4xx_HAL_Driver/Src/stm32l4xx_hal_spi.c ****       else
 956:Drivers/STM32L4xx_HAL_Driver/Src/stm32l4xx_hal_spi.c ****       {
 957:Drivers/STM32L4xx_HAL_Driver/Src/stm32l4xx_hal_spi.c ****         /* Timeout management */
 958:Drivers/STM32L4xx_HAL_Driver/Src/stm32l4xx_hal_spi.c ****         if ((((HAL_GetTick() - tickstart) >=  Timeout) && (Timeout != HAL_MAX_DELAY)) || (Timeout =
 959:Drivers/STM32L4xx_HAL_Driver/Src/stm32l4xx_hal_spi.c ****         {
 960:Drivers/STM32L4xx_HAL_Driver/Src/stm32l4xx_hal_spi.c ****           errorcode = HAL_TIMEOUT;
 961:Drivers/STM32L4xx_HAL_Driver/Src/stm32l4xx_hal_spi.c ****           hspi->State = HAL_SPI_STATE_READY;
 962:Drivers/STM32L4xx_HAL_Driver/Src/stm32l4xx_hal_spi.c ****           goto error;
 963:Drivers/STM32L4xx_HAL_Driver/Src/stm32l4xx_hal_spi.c ****         }
 964:Drivers/STM32L4xx_HAL_Driver/Src/stm32l4xx_hal_spi.c ****       }
 965:Drivers/STM32L4xx_HAL_Driver/Src/stm32l4xx_hal_spi.c ****     }
 966:Drivers/STM32L4xx_HAL_Driver/Src/stm32l4xx_hal_spi.c ****   }
 967:Drivers/STM32L4xx_HAL_Driver/Src/stm32l4xx_hal_spi.c **** #if (USE_SPI_CRC != 0U)
 968:Drivers/STM32L4xx_HAL_Driver/Src/stm32l4xx_hal_spi.c ****   /* Enable CRC Transmission */
 969:Drivers/STM32L4xx_HAL_Driver/Src/stm32l4xx_hal_spi.c ****   if (hspi->Init.CRCCalculation == SPI_CRCCALCULATION_ENABLE)
 970:Drivers/STM32L4xx_HAL_Driver/Src/stm32l4xx_hal_spi.c ****   {
 971:Drivers/STM32L4xx_HAL_Driver/Src/stm32l4xx_hal_spi.c ****     SET_BIT(hspi->Instance->CR1, SPI_CR1_CRCNEXT);
 972:Drivers/STM32L4xx_HAL_Driver/Src/stm32l4xx_hal_spi.c ****   }
 973:Drivers/STM32L4xx_HAL_Driver/Src/stm32l4xx_hal_spi.c **** #endif /* USE_SPI_CRC */
 974:Drivers/STM32L4xx_HAL_Driver/Src/stm32l4xx_hal_spi.c **** 
 975:Drivers/STM32L4xx_HAL_Driver/Src/stm32l4xx_hal_spi.c ****   /* Check the end of the transaction */
 976:Drivers/STM32L4xx_HAL_Driver/Src/stm32l4xx_hal_spi.c ****   if (SPI_EndRxTxTransaction(hspi, Timeout, tickstart) != HAL_OK)
 977:Drivers/STM32L4xx_HAL_Driver/Src/stm32l4xx_hal_spi.c ****   {
 978:Drivers/STM32L4xx_HAL_Driver/Src/stm32l4xx_hal_spi.c ****     hspi->ErrorCode = HAL_SPI_ERROR_FLAG;
 979:Drivers/STM32L4xx_HAL_Driver/Src/stm32l4xx_hal_spi.c ****   }
 980:Drivers/STM32L4xx_HAL_Driver/Src/stm32l4xx_hal_spi.c **** 
 981:Drivers/STM32L4xx_HAL_Driver/Src/stm32l4xx_hal_spi.c ****   /* Clear overrun flag in 2 Lines communication mode because received is not read */
 982:Drivers/STM32L4xx_HAL_Driver/Src/stm32l4xx_hal_spi.c ****   if (hspi->Init.Direction == SPI_DIRECTION_2LINES)
 983:Drivers/STM32L4xx_HAL_Driver/Src/stm32l4xx_hal_spi.c ****   {
 984:Drivers/STM32L4xx_HAL_Driver/Src/stm32l4xx_hal_spi.c ****     __HAL_SPI_CLEAR_OVRFLAG(hspi);
 985:Drivers/STM32L4xx_HAL_Driver/Src/stm32l4xx_hal_spi.c ****   }
 986:Drivers/STM32L4xx_HAL_Driver/Src/stm32l4xx_hal_spi.c **** 
 987:Drivers/STM32L4xx_HAL_Driver/Src/stm32l4xx_hal_spi.c ****   if (hspi->ErrorCode != HAL_SPI_ERROR_NONE)
 988:Drivers/STM32L4xx_HAL_Driver/Src/stm32l4xx_hal_spi.c ****   {
 989:Drivers/STM32L4xx_HAL_Driver/Src/stm32l4xx_hal_spi.c ****     errorcode = HAL_ERROR;
 990:Drivers/STM32L4xx_HAL_Driver/Src/stm32l4xx_hal_spi.c ****   }
 991:Drivers/STM32L4xx_HAL_Driver/Src/stm32l4xx_hal_spi.c ****   else
 992:Drivers/STM32L4xx_HAL_Driver/Src/stm32l4xx_hal_spi.c ****   {
 993:Drivers/STM32L4xx_HAL_Driver/Src/stm32l4xx_hal_spi.c ****     hspi->State = HAL_SPI_STATE_READY;
 994:Drivers/STM32L4xx_HAL_Driver/Src/stm32l4xx_hal_spi.c ****   }
 995:Drivers/STM32L4xx_HAL_Driver/Src/stm32l4xx_hal_spi.c **** 
 996:Drivers/STM32L4xx_HAL_Driver/Src/stm32l4xx_hal_spi.c **** error:
 997:Drivers/STM32L4xx_HAL_Driver/Src/stm32l4xx_hal_spi.c ****   /* Process Unlocked */
 998:Drivers/STM32L4xx_HAL_Driver/Src/stm32l4xx_hal_spi.c ****   __HAL_UNLOCK(hspi);
 999:Drivers/STM32L4xx_HAL_Driver/Src/stm32l4xx_hal_spi.c ****   return errorcode;
ARM GAS  /tmp/ccEksN7Z.s 			page 19


1000:Drivers/STM32L4xx_HAL_Driver/Src/stm32l4xx_hal_spi.c **** }
1001:Drivers/STM32L4xx_HAL_Driver/Src/stm32l4xx_hal_spi.c **** 
1002:Drivers/STM32L4xx_HAL_Driver/Src/stm32l4xx_hal_spi.c **** /**
1003:Drivers/STM32L4xx_HAL_Driver/Src/stm32l4xx_hal_spi.c ****   * @brief  Receive an amount of data in blocking mode.
1004:Drivers/STM32L4xx_HAL_Driver/Src/stm32l4xx_hal_spi.c ****   * @param  hspi pointer to a SPI_HandleTypeDef structure that contains
1005:Drivers/STM32L4xx_HAL_Driver/Src/stm32l4xx_hal_spi.c ****   *               the configuration information for SPI module.
1006:Drivers/STM32L4xx_HAL_Driver/Src/stm32l4xx_hal_spi.c ****   * @param  pData pointer to data buffer
1007:Drivers/STM32L4xx_HAL_Driver/Src/stm32l4xx_hal_spi.c ****   * @param  Size amount of data to be received
1008:Drivers/STM32L4xx_HAL_Driver/Src/stm32l4xx_hal_spi.c ****   * @param  Timeout Timeout duration
1009:Drivers/STM32L4xx_HAL_Driver/Src/stm32l4xx_hal_spi.c ****   * @retval HAL status
1010:Drivers/STM32L4xx_HAL_Driver/Src/stm32l4xx_hal_spi.c ****   */
1011:Drivers/STM32L4xx_HAL_Driver/Src/stm32l4xx_hal_spi.c **** HAL_StatusTypeDef HAL_SPI_Receive(SPI_HandleTypeDef *hspi, uint8_t *pData, uint16_t Size, uint32_t 
1012:Drivers/STM32L4xx_HAL_Driver/Src/stm32l4xx_hal_spi.c **** {
1013:Drivers/STM32L4xx_HAL_Driver/Src/stm32l4xx_hal_spi.c **** #if (USE_SPI_CRC != 0U)
1014:Drivers/STM32L4xx_HAL_Driver/Src/stm32l4xx_hal_spi.c ****   __IO uint32_t tmpreg = 0U;
1015:Drivers/STM32L4xx_HAL_Driver/Src/stm32l4xx_hal_spi.c ****   __IO uint8_t  *ptmpreg8;
1016:Drivers/STM32L4xx_HAL_Driver/Src/stm32l4xx_hal_spi.c ****   __IO uint8_t  tmpreg8 = 0;
1017:Drivers/STM32L4xx_HAL_Driver/Src/stm32l4xx_hal_spi.c **** #endif /* USE_SPI_CRC */
1018:Drivers/STM32L4xx_HAL_Driver/Src/stm32l4xx_hal_spi.c ****   uint32_t tickstart;
1019:Drivers/STM32L4xx_HAL_Driver/Src/stm32l4xx_hal_spi.c ****   HAL_StatusTypeDef errorcode = HAL_OK;
1020:Drivers/STM32L4xx_HAL_Driver/Src/stm32l4xx_hal_spi.c **** 
1021:Drivers/STM32L4xx_HAL_Driver/Src/stm32l4xx_hal_spi.c ****   if (hspi->State != HAL_SPI_STATE_READY)
1022:Drivers/STM32L4xx_HAL_Driver/Src/stm32l4xx_hal_spi.c ****   {
1023:Drivers/STM32L4xx_HAL_Driver/Src/stm32l4xx_hal_spi.c ****     errorcode = HAL_BUSY;
1024:Drivers/STM32L4xx_HAL_Driver/Src/stm32l4xx_hal_spi.c ****     goto error;
1025:Drivers/STM32L4xx_HAL_Driver/Src/stm32l4xx_hal_spi.c ****   }
1026:Drivers/STM32L4xx_HAL_Driver/Src/stm32l4xx_hal_spi.c **** 
1027:Drivers/STM32L4xx_HAL_Driver/Src/stm32l4xx_hal_spi.c ****   if ((hspi->Init.Mode == SPI_MODE_MASTER) && (hspi->Init.Direction == SPI_DIRECTION_2LINES))
1028:Drivers/STM32L4xx_HAL_Driver/Src/stm32l4xx_hal_spi.c ****   {
1029:Drivers/STM32L4xx_HAL_Driver/Src/stm32l4xx_hal_spi.c ****     hspi->State = HAL_SPI_STATE_BUSY_RX;
1030:Drivers/STM32L4xx_HAL_Driver/Src/stm32l4xx_hal_spi.c ****     /* Call transmit-receive function to send Dummy data on Tx line and generate clock on CLK line 
1031:Drivers/STM32L4xx_HAL_Driver/Src/stm32l4xx_hal_spi.c ****     return HAL_SPI_TransmitReceive(hspi, pData, pData, Size, Timeout);
1032:Drivers/STM32L4xx_HAL_Driver/Src/stm32l4xx_hal_spi.c ****   }
1033:Drivers/STM32L4xx_HAL_Driver/Src/stm32l4xx_hal_spi.c **** 
1034:Drivers/STM32L4xx_HAL_Driver/Src/stm32l4xx_hal_spi.c ****   /* Process Locked */
1035:Drivers/STM32L4xx_HAL_Driver/Src/stm32l4xx_hal_spi.c ****   __HAL_LOCK(hspi);
1036:Drivers/STM32L4xx_HAL_Driver/Src/stm32l4xx_hal_spi.c **** 
1037:Drivers/STM32L4xx_HAL_Driver/Src/stm32l4xx_hal_spi.c ****   /* Init tickstart for timeout management*/
1038:Drivers/STM32L4xx_HAL_Driver/Src/stm32l4xx_hal_spi.c ****   tickstart = HAL_GetTick();
1039:Drivers/STM32L4xx_HAL_Driver/Src/stm32l4xx_hal_spi.c **** 
1040:Drivers/STM32L4xx_HAL_Driver/Src/stm32l4xx_hal_spi.c ****   if ((pData == NULL) || (Size == 0U))
1041:Drivers/STM32L4xx_HAL_Driver/Src/stm32l4xx_hal_spi.c ****   {
1042:Drivers/STM32L4xx_HAL_Driver/Src/stm32l4xx_hal_spi.c ****     errorcode = HAL_ERROR;
1043:Drivers/STM32L4xx_HAL_Driver/Src/stm32l4xx_hal_spi.c ****     goto error;
1044:Drivers/STM32L4xx_HAL_Driver/Src/stm32l4xx_hal_spi.c ****   }
1045:Drivers/STM32L4xx_HAL_Driver/Src/stm32l4xx_hal_spi.c **** 
1046:Drivers/STM32L4xx_HAL_Driver/Src/stm32l4xx_hal_spi.c ****   /* Set the transaction information */
1047:Drivers/STM32L4xx_HAL_Driver/Src/stm32l4xx_hal_spi.c ****   hspi->State       = HAL_SPI_STATE_BUSY_RX;
1048:Drivers/STM32L4xx_HAL_Driver/Src/stm32l4xx_hal_spi.c ****   hspi->ErrorCode   = HAL_SPI_ERROR_NONE;
1049:Drivers/STM32L4xx_HAL_Driver/Src/stm32l4xx_hal_spi.c ****   hspi->pRxBuffPtr  = (uint8_t *)pData;
1050:Drivers/STM32L4xx_HAL_Driver/Src/stm32l4xx_hal_spi.c ****   hspi->RxXferSize  = Size;
1051:Drivers/STM32L4xx_HAL_Driver/Src/stm32l4xx_hal_spi.c ****   hspi->RxXferCount = Size;
1052:Drivers/STM32L4xx_HAL_Driver/Src/stm32l4xx_hal_spi.c **** 
1053:Drivers/STM32L4xx_HAL_Driver/Src/stm32l4xx_hal_spi.c ****   /*Init field not used in handle to zero */
1054:Drivers/STM32L4xx_HAL_Driver/Src/stm32l4xx_hal_spi.c ****   hspi->pTxBuffPtr  = (uint8_t *)NULL;
1055:Drivers/STM32L4xx_HAL_Driver/Src/stm32l4xx_hal_spi.c ****   hspi->TxXferSize  = 0U;
1056:Drivers/STM32L4xx_HAL_Driver/Src/stm32l4xx_hal_spi.c ****   hspi->TxXferCount = 0U;
ARM GAS  /tmp/ccEksN7Z.s 			page 20


1057:Drivers/STM32L4xx_HAL_Driver/Src/stm32l4xx_hal_spi.c ****   hspi->RxISR       = NULL;
1058:Drivers/STM32L4xx_HAL_Driver/Src/stm32l4xx_hal_spi.c ****   hspi->TxISR       = NULL;
1059:Drivers/STM32L4xx_HAL_Driver/Src/stm32l4xx_hal_spi.c **** 
1060:Drivers/STM32L4xx_HAL_Driver/Src/stm32l4xx_hal_spi.c **** #if (USE_SPI_CRC != 0U)
1061:Drivers/STM32L4xx_HAL_Driver/Src/stm32l4xx_hal_spi.c ****   /* Reset CRC Calculation */
1062:Drivers/STM32L4xx_HAL_Driver/Src/stm32l4xx_hal_spi.c ****   if (hspi->Init.CRCCalculation == SPI_CRCCALCULATION_ENABLE)
1063:Drivers/STM32L4xx_HAL_Driver/Src/stm32l4xx_hal_spi.c ****   {
1064:Drivers/STM32L4xx_HAL_Driver/Src/stm32l4xx_hal_spi.c ****     SPI_RESET_CRC(hspi);
1065:Drivers/STM32L4xx_HAL_Driver/Src/stm32l4xx_hal_spi.c ****     /* this is done to handle the CRCNEXT before the latest data */
1066:Drivers/STM32L4xx_HAL_Driver/Src/stm32l4xx_hal_spi.c ****     hspi->RxXferCount--;
1067:Drivers/STM32L4xx_HAL_Driver/Src/stm32l4xx_hal_spi.c ****   }
1068:Drivers/STM32L4xx_HAL_Driver/Src/stm32l4xx_hal_spi.c **** #endif /* USE_SPI_CRC */
1069:Drivers/STM32L4xx_HAL_Driver/Src/stm32l4xx_hal_spi.c **** 
1070:Drivers/STM32L4xx_HAL_Driver/Src/stm32l4xx_hal_spi.c ****   /* Set the Rx Fifo threshold */
1071:Drivers/STM32L4xx_HAL_Driver/Src/stm32l4xx_hal_spi.c ****   if (hspi->Init.DataSize > SPI_DATASIZE_8BIT)
1072:Drivers/STM32L4xx_HAL_Driver/Src/stm32l4xx_hal_spi.c ****   {
1073:Drivers/STM32L4xx_HAL_Driver/Src/stm32l4xx_hal_spi.c ****     /* Set RX Fifo threshold according the reception data length: 16bit */
1074:Drivers/STM32L4xx_HAL_Driver/Src/stm32l4xx_hal_spi.c ****     CLEAR_BIT(hspi->Instance->CR2, SPI_RXFIFO_THRESHOLD);
1075:Drivers/STM32L4xx_HAL_Driver/Src/stm32l4xx_hal_spi.c ****   }
1076:Drivers/STM32L4xx_HAL_Driver/Src/stm32l4xx_hal_spi.c ****   else
1077:Drivers/STM32L4xx_HAL_Driver/Src/stm32l4xx_hal_spi.c ****   {
1078:Drivers/STM32L4xx_HAL_Driver/Src/stm32l4xx_hal_spi.c ****     /* Set RX Fifo threshold according the reception data length: 8bit */
1079:Drivers/STM32L4xx_HAL_Driver/Src/stm32l4xx_hal_spi.c ****     SET_BIT(hspi->Instance->CR2, SPI_RXFIFO_THRESHOLD);
1080:Drivers/STM32L4xx_HAL_Driver/Src/stm32l4xx_hal_spi.c ****   }
1081:Drivers/STM32L4xx_HAL_Driver/Src/stm32l4xx_hal_spi.c **** 
1082:Drivers/STM32L4xx_HAL_Driver/Src/stm32l4xx_hal_spi.c ****   /* Configure communication direction: 1Line */
1083:Drivers/STM32L4xx_HAL_Driver/Src/stm32l4xx_hal_spi.c ****   if (hspi->Init.Direction == SPI_DIRECTION_1LINE)
1084:Drivers/STM32L4xx_HAL_Driver/Src/stm32l4xx_hal_spi.c ****   {
1085:Drivers/STM32L4xx_HAL_Driver/Src/stm32l4xx_hal_spi.c ****     /* Disable SPI Peripheral before set 1Line direction (BIDIOE bit) */
1086:Drivers/STM32L4xx_HAL_Driver/Src/stm32l4xx_hal_spi.c ****     __HAL_SPI_DISABLE(hspi);
1087:Drivers/STM32L4xx_HAL_Driver/Src/stm32l4xx_hal_spi.c ****     SPI_1LINE_RX(hspi);
1088:Drivers/STM32L4xx_HAL_Driver/Src/stm32l4xx_hal_spi.c ****   }
1089:Drivers/STM32L4xx_HAL_Driver/Src/stm32l4xx_hal_spi.c **** 
1090:Drivers/STM32L4xx_HAL_Driver/Src/stm32l4xx_hal_spi.c ****   /* Check if the SPI is already enabled */
1091:Drivers/STM32L4xx_HAL_Driver/Src/stm32l4xx_hal_spi.c ****   if ((hspi->Instance->CR1 & SPI_CR1_SPE) != SPI_CR1_SPE)
1092:Drivers/STM32L4xx_HAL_Driver/Src/stm32l4xx_hal_spi.c ****   {
1093:Drivers/STM32L4xx_HAL_Driver/Src/stm32l4xx_hal_spi.c ****     /* Enable SPI peripheral */
1094:Drivers/STM32L4xx_HAL_Driver/Src/stm32l4xx_hal_spi.c ****     __HAL_SPI_ENABLE(hspi);
1095:Drivers/STM32L4xx_HAL_Driver/Src/stm32l4xx_hal_spi.c ****   }
1096:Drivers/STM32L4xx_HAL_Driver/Src/stm32l4xx_hal_spi.c **** 
1097:Drivers/STM32L4xx_HAL_Driver/Src/stm32l4xx_hal_spi.c ****   /* Receive data in 8 Bit mode */
1098:Drivers/STM32L4xx_HAL_Driver/Src/stm32l4xx_hal_spi.c ****   if (hspi->Init.DataSize <= SPI_DATASIZE_8BIT)
1099:Drivers/STM32L4xx_HAL_Driver/Src/stm32l4xx_hal_spi.c ****   {
1100:Drivers/STM32L4xx_HAL_Driver/Src/stm32l4xx_hal_spi.c ****     /* Transfer loop */
1101:Drivers/STM32L4xx_HAL_Driver/Src/stm32l4xx_hal_spi.c ****     while (hspi->RxXferCount > 0U)
1102:Drivers/STM32L4xx_HAL_Driver/Src/stm32l4xx_hal_spi.c ****     {
1103:Drivers/STM32L4xx_HAL_Driver/Src/stm32l4xx_hal_spi.c ****       /* Check the RXNE flag */
1104:Drivers/STM32L4xx_HAL_Driver/Src/stm32l4xx_hal_spi.c ****       if (__HAL_SPI_GET_FLAG(hspi, SPI_FLAG_RXNE))
1105:Drivers/STM32L4xx_HAL_Driver/Src/stm32l4xx_hal_spi.c ****       {
1106:Drivers/STM32L4xx_HAL_Driver/Src/stm32l4xx_hal_spi.c ****         /* read the received data */
1107:Drivers/STM32L4xx_HAL_Driver/Src/stm32l4xx_hal_spi.c ****         (* (uint8_t *)hspi->pRxBuffPtr) = *(__IO uint8_t *)&hspi->Instance->DR;
1108:Drivers/STM32L4xx_HAL_Driver/Src/stm32l4xx_hal_spi.c ****         hspi->pRxBuffPtr += sizeof(uint8_t);
1109:Drivers/STM32L4xx_HAL_Driver/Src/stm32l4xx_hal_spi.c ****         hspi->RxXferCount--;
1110:Drivers/STM32L4xx_HAL_Driver/Src/stm32l4xx_hal_spi.c ****       }
1111:Drivers/STM32L4xx_HAL_Driver/Src/stm32l4xx_hal_spi.c ****       else
1112:Drivers/STM32L4xx_HAL_Driver/Src/stm32l4xx_hal_spi.c ****       {
1113:Drivers/STM32L4xx_HAL_Driver/Src/stm32l4xx_hal_spi.c ****         /* Timeout management */
ARM GAS  /tmp/ccEksN7Z.s 			page 21


1114:Drivers/STM32L4xx_HAL_Driver/Src/stm32l4xx_hal_spi.c ****         if ((((HAL_GetTick() - tickstart) >=  Timeout) && (Timeout != HAL_MAX_DELAY)) || (Timeout =
1115:Drivers/STM32L4xx_HAL_Driver/Src/stm32l4xx_hal_spi.c ****         {
1116:Drivers/STM32L4xx_HAL_Driver/Src/stm32l4xx_hal_spi.c ****           errorcode = HAL_TIMEOUT;
1117:Drivers/STM32L4xx_HAL_Driver/Src/stm32l4xx_hal_spi.c ****           hspi->State = HAL_SPI_STATE_READY;
1118:Drivers/STM32L4xx_HAL_Driver/Src/stm32l4xx_hal_spi.c ****           goto error;
1119:Drivers/STM32L4xx_HAL_Driver/Src/stm32l4xx_hal_spi.c ****         }
1120:Drivers/STM32L4xx_HAL_Driver/Src/stm32l4xx_hal_spi.c ****       }
1121:Drivers/STM32L4xx_HAL_Driver/Src/stm32l4xx_hal_spi.c ****     }
1122:Drivers/STM32L4xx_HAL_Driver/Src/stm32l4xx_hal_spi.c ****   }
1123:Drivers/STM32L4xx_HAL_Driver/Src/stm32l4xx_hal_spi.c ****   else
1124:Drivers/STM32L4xx_HAL_Driver/Src/stm32l4xx_hal_spi.c ****   {
1125:Drivers/STM32L4xx_HAL_Driver/Src/stm32l4xx_hal_spi.c ****     /* Transfer loop */
1126:Drivers/STM32L4xx_HAL_Driver/Src/stm32l4xx_hal_spi.c ****     while (hspi->RxXferCount > 0U)
1127:Drivers/STM32L4xx_HAL_Driver/Src/stm32l4xx_hal_spi.c ****     {
1128:Drivers/STM32L4xx_HAL_Driver/Src/stm32l4xx_hal_spi.c ****       /* Check the RXNE flag */
1129:Drivers/STM32L4xx_HAL_Driver/Src/stm32l4xx_hal_spi.c ****       if (__HAL_SPI_GET_FLAG(hspi, SPI_FLAG_RXNE))
1130:Drivers/STM32L4xx_HAL_Driver/Src/stm32l4xx_hal_spi.c ****       {
1131:Drivers/STM32L4xx_HAL_Driver/Src/stm32l4xx_hal_spi.c ****         *((uint16_t *)hspi->pRxBuffPtr) = (uint16_t)hspi->Instance->DR;
1132:Drivers/STM32L4xx_HAL_Driver/Src/stm32l4xx_hal_spi.c ****         hspi->pRxBuffPtr += sizeof(uint16_t);
1133:Drivers/STM32L4xx_HAL_Driver/Src/stm32l4xx_hal_spi.c ****         hspi->RxXferCount--;
1134:Drivers/STM32L4xx_HAL_Driver/Src/stm32l4xx_hal_spi.c ****       }
1135:Drivers/STM32L4xx_HAL_Driver/Src/stm32l4xx_hal_spi.c ****       else
1136:Drivers/STM32L4xx_HAL_Driver/Src/stm32l4xx_hal_spi.c ****       {
1137:Drivers/STM32L4xx_HAL_Driver/Src/stm32l4xx_hal_spi.c ****         /* Timeout management */
1138:Drivers/STM32L4xx_HAL_Driver/Src/stm32l4xx_hal_spi.c ****         if ((((HAL_GetTick() - tickstart) >=  Timeout) && (Timeout != HAL_MAX_DELAY)) || (Timeout =
1139:Drivers/STM32L4xx_HAL_Driver/Src/stm32l4xx_hal_spi.c ****         {
1140:Drivers/STM32L4xx_HAL_Driver/Src/stm32l4xx_hal_spi.c ****           errorcode = HAL_TIMEOUT;
1141:Drivers/STM32L4xx_HAL_Driver/Src/stm32l4xx_hal_spi.c ****           hspi->State = HAL_SPI_STATE_READY;
1142:Drivers/STM32L4xx_HAL_Driver/Src/stm32l4xx_hal_spi.c ****           goto error;
1143:Drivers/STM32L4xx_HAL_Driver/Src/stm32l4xx_hal_spi.c ****         }
1144:Drivers/STM32L4xx_HAL_Driver/Src/stm32l4xx_hal_spi.c ****       }
1145:Drivers/STM32L4xx_HAL_Driver/Src/stm32l4xx_hal_spi.c ****     }
1146:Drivers/STM32L4xx_HAL_Driver/Src/stm32l4xx_hal_spi.c ****   }
1147:Drivers/STM32L4xx_HAL_Driver/Src/stm32l4xx_hal_spi.c **** 
1148:Drivers/STM32L4xx_HAL_Driver/Src/stm32l4xx_hal_spi.c **** #if (USE_SPI_CRC != 0U)
1149:Drivers/STM32L4xx_HAL_Driver/Src/stm32l4xx_hal_spi.c ****   /* Handle the CRC Transmission */
1150:Drivers/STM32L4xx_HAL_Driver/Src/stm32l4xx_hal_spi.c ****   if (hspi->Init.CRCCalculation == SPI_CRCCALCULATION_ENABLE)
1151:Drivers/STM32L4xx_HAL_Driver/Src/stm32l4xx_hal_spi.c ****   {
1152:Drivers/STM32L4xx_HAL_Driver/Src/stm32l4xx_hal_spi.c ****     /* freeze the CRC before the latest data */
1153:Drivers/STM32L4xx_HAL_Driver/Src/stm32l4xx_hal_spi.c ****     SET_BIT(hspi->Instance->CR1, SPI_CR1_CRCNEXT);
1154:Drivers/STM32L4xx_HAL_Driver/Src/stm32l4xx_hal_spi.c **** 
1155:Drivers/STM32L4xx_HAL_Driver/Src/stm32l4xx_hal_spi.c ****     /* Read the latest data */
1156:Drivers/STM32L4xx_HAL_Driver/Src/stm32l4xx_hal_spi.c ****     if (SPI_WaitFlagStateUntilTimeout(hspi, SPI_FLAG_RXNE, SET, Timeout, tickstart) != HAL_OK)
1157:Drivers/STM32L4xx_HAL_Driver/Src/stm32l4xx_hal_spi.c ****     {
1158:Drivers/STM32L4xx_HAL_Driver/Src/stm32l4xx_hal_spi.c ****       /* the latest data has not been received */
1159:Drivers/STM32L4xx_HAL_Driver/Src/stm32l4xx_hal_spi.c ****       errorcode = HAL_TIMEOUT;
1160:Drivers/STM32L4xx_HAL_Driver/Src/stm32l4xx_hal_spi.c ****       goto error;
1161:Drivers/STM32L4xx_HAL_Driver/Src/stm32l4xx_hal_spi.c ****     }
1162:Drivers/STM32L4xx_HAL_Driver/Src/stm32l4xx_hal_spi.c **** 
1163:Drivers/STM32L4xx_HAL_Driver/Src/stm32l4xx_hal_spi.c ****     /* Receive last data in 16 Bit mode */
1164:Drivers/STM32L4xx_HAL_Driver/Src/stm32l4xx_hal_spi.c ****     if (hspi->Init.DataSize > SPI_DATASIZE_8BIT)
1165:Drivers/STM32L4xx_HAL_Driver/Src/stm32l4xx_hal_spi.c ****     {
1166:Drivers/STM32L4xx_HAL_Driver/Src/stm32l4xx_hal_spi.c ****       *((uint16_t *)hspi->pRxBuffPtr) = (uint16_t)hspi->Instance->DR;
1167:Drivers/STM32L4xx_HAL_Driver/Src/stm32l4xx_hal_spi.c ****     }
1168:Drivers/STM32L4xx_HAL_Driver/Src/stm32l4xx_hal_spi.c ****     /* Receive last data in 8 Bit mode */
1169:Drivers/STM32L4xx_HAL_Driver/Src/stm32l4xx_hal_spi.c ****     else
1170:Drivers/STM32L4xx_HAL_Driver/Src/stm32l4xx_hal_spi.c ****     {
ARM GAS  /tmp/ccEksN7Z.s 			page 22


1171:Drivers/STM32L4xx_HAL_Driver/Src/stm32l4xx_hal_spi.c ****       (*(uint8_t *)hspi->pRxBuffPtr) = *(__IO uint8_t *)&hspi->Instance->DR;
1172:Drivers/STM32L4xx_HAL_Driver/Src/stm32l4xx_hal_spi.c ****     }
1173:Drivers/STM32L4xx_HAL_Driver/Src/stm32l4xx_hal_spi.c **** 
1174:Drivers/STM32L4xx_HAL_Driver/Src/stm32l4xx_hal_spi.c ****     /* Wait the CRC data */
1175:Drivers/STM32L4xx_HAL_Driver/Src/stm32l4xx_hal_spi.c ****     if (SPI_WaitFlagStateUntilTimeout(hspi, SPI_FLAG_RXNE, SET, Timeout, tickstart) != HAL_OK)
1176:Drivers/STM32L4xx_HAL_Driver/Src/stm32l4xx_hal_spi.c ****     {
1177:Drivers/STM32L4xx_HAL_Driver/Src/stm32l4xx_hal_spi.c ****       SET_BIT(hspi->ErrorCode, HAL_SPI_ERROR_CRC);
1178:Drivers/STM32L4xx_HAL_Driver/Src/stm32l4xx_hal_spi.c ****       errorcode = HAL_TIMEOUT;
1179:Drivers/STM32L4xx_HAL_Driver/Src/stm32l4xx_hal_spi.c ****       goto error;
1180:Drivers/STM32L4xx_HAL_Driver/Src/stm32l4xx_hal_spi.c ****     }
1181:Drivers/STM32L4xx_HAL_Driver/Src/stm32l4xx_hal_spi.c **** 
1182:Drivers/STM32L4xx_HAL_Driver/Src/stm32l4xx_hal_spi.c ****     /* Read CRC to Flush DR and RXNE flag */
1183:Drivers/STM32L4xx_HAL_Driver/Src/stm32l4xx_hal_spi.c ****     if (hspi->Init.DataSize == SPI_DATASIZE_16BIT)
1184:Drivers/STM32L4xx_HAL_Driver/Src/stm32l4xx_hal_spi.c ****     {
1185:Drivers/STM32L4xx_HAL_Driver/Src/stm32l4xx_hal_spi.c ****       /* Read 16bit CRC */
1186:Drivers/STM32L4xx_HAL_Driver/Src/stm32l4xx_hal_spi.c ****       tmpreg = READ_REG(hspi->Instance->DR);
1187:Drivers/STM32L4xx_HAL_Driver/Src/stm32l4xx_hal_spi.c ****       /* To avoid GCC warning */
1188:Drivers/STM32L4xx_HAL_Driver/Src/stm32l4xx_hal_spi.c ****       UNUSED(tmpreg);
1189:Drivers/STM32L4xx_HAL_Driver/Src/stm32l4xx_hal_spi.c ****     }
1190:Drivers/STM32L4xx_HAL_Driver/Src/stm32l4xx_hal_spi.c ****     else
1191:Drivers/STM32L4xx_HAL_Driver/Src/stm32l4xx_hal_spi.c ****     {
1192:Drivers/STM32L4xx_HAL_Driver/Src/stm32l4xx_hal_spi.c ****       /* Initialize the 8bit temporary pointer */
1193:Drivers/STM32L4xx_HAL_Driver/Src/stm32l4xx_hal_spi.c ****       ptmpreg8 = (__IO uint8_t *)&hspi->Instance->DR;
1194:Drivers/STM32L4xx_HAL_Driver/Src/stm32l4xx_hal_spi.c ****       /* Read 8bit CRC */
1195:Drivers/STM32L4xx_HAL_Driver/Src/stm32l4xx_hal_spi.c ****       tmpreg8 = *ptmpreg8;
1196:Drivers/STM32L4xx_HAL_Driver/Src/stm32l4xx_hal_spi.c ****       /* To avoid GCC warning */
1197:Drivers/STM32L4xx_HAL_Driver/Src/stm32l4xx_hal_spi.c ****       UNUSED(tmpreg8);
1198:Drivers/STM32L4xx_HAL_Driver/Src/stm32l4xx_hal_spi.c **** 
1199:Drivers/STM32L4xx_HAL_Driver/Src/stm32l4xx_hal_spi.c ****       if ((hspi->Init.DataSize == SPI_DATASIZE_8BIT) && (hspi->Init.CRCLength == SPI_CRC_LENGTH_16B
1200:Drivers/STM32L4xx_HAL_Driver/Src/stm32l4xx_hal_spi.c ****       {
1201:Drivers/STM32L4xx_HAL_Driver/Src/stm32l4xx_hal_spi.c ****         if (SPI_WaitFlagStateUntilTimeout(hspi, SPI_FLAG_RXNE, SET, Timeout, tickstart) != HAL_OK)
1202:Drivers/STM32L4xx_HAL_Driver/Src/stm32l4xx_hal_spi.c ****         {
1203:Drivers/STM32L4xx_HAL_Driver/Src/stm32l4xx_hal_spi.c ****           /* Error on the CRC reception */
1204:Drivers/STM32L4xx_HAL_Driver/Src/stm32l4xx_hal_spi.c ****           SET_BIT(hspi->ErrorCode, HAL_SPI_ERROR_CRC);
1205:Drivers/STM32L4xx_HAL_Driver/Src/stm32l4xx_hal_spi.c ****           errorcode = HAL_TIMEOUT;
1206:Drivers/STM32L4xx_HAL_Driver/Src/stm32l4xx_hal_spi.c ****           goto error;
1207:Drivers/STM32L4xx_HAL_Driver/Src/stm32l4xx_hal_spi.c ****         }
1208:Drivers/STM32L4xx_HAL_Driver/Src/stm32l4xx_hal_spi.c ****         /* Read 8bit CRC again in case of 16bit CRC in 8bit Data mode */
1209:Drivers/STM32L4xx_HAL_Driver/Src/stm32l4xx_hal_spi.c ****         tmpreg8 = *ptmpreg8;
1210:Drivers/STM32L4xx_HAL_Driver/Src/stm32l4xx_hal_spi.c ****         /* To avoid GCC warning */
1211:Drivers/STM32L4xx_HAL_Driver/Src/stm32l4xx_hal_spi.c ****         UNUSED(tmpreg8);
1212:Drivers/STM32L4xx_HAL_Driver/Src/stm32l4xx_hal_spi.c ****       }
1213:Drivers/STM32L4xx_HAL_Driver/Src/stm32l4xx_hal_spi.c ****     }
1214:Drivers/STM32L4xx_HAL_Driver/Src/stm32l4xx_hal_spi.c ****   }
1215:Drivers/STM32L4xx_HAL_Driver/Src/stm32l4xx_hal_spi.c **** #endif /* USE_SPI_CRC */
1216:Drivers/STM32L4xx_HAL_Driver/Src/stm32l4xx_hal_spi.c **** 
1217:Drivers/STM32L4xx_HAL_Driver/Src/stm32l4xx_hal_spi.c ****   /* Check the end of the transaction */
1218:Drivers/STM32L4xx_HAL_Driver/Src/stm32l4xx_hal_spi.c ****   if (SPI_EndRxTransaction(hspi, Timeout, tickstart) != HAL_OK)
1219:Drivers/STM32L4xx_HAL_Driver/Src/stm32l4xx_hal_spi.c ****   {
1220:Drivers/STM32L4xx_HAL_Driver/Src/stm32l4xx_hal_spi.c ****     hspi->ErrorCode = HAL_SPI_ERROR_FLAG;
1221:Drivers/STM32L4xx_HAL_Driver/Src/stm32l4xx_hal_spi.c ****   }
1222:Drivers/STM32L4xx_HAL_Driver/Src/stm32l4xx_hal_spi.c **** 
1223:Drivers/STM32L4xx_HAL_Driver/Src/stm32l4xx_hal_spi.c **** #if (USE_SPI_CRC != 0U)
1224:Drivers/STM32L4xx_HAL_Driver/Src/stm32l4xx_hal_spi.c ****   /* Check if CRC error occurred */
1225:Drivers/STM32L4xx_HAL_Driver/Src/stm32l4xx_hal_spi.c ****   if (__HAL_SPI_GET_FLAG(hspi, SPI_FLAG_CRCERR))
1226:Drivers/STM32L4xx_HAL_Driver/Src/stm32l4xx_hal_spi.c ****   {
1227:Drivers/STM32L4xx_HAL_Driver/Src/stm32l4xx_hal_spi.c ****     SET_BIT(hspi->ErrorCode, HAL_SPI_ERROR_CRC);
ARM GAS  /tmp/ccEksN7Z.s 			page 23


1228:Drivers/STM32L4xx_HAL_Driver/Src/stm32l4xx_hal_spi.c ****     __HAL_SPI_CLEAR_CRCERRFLAG(hspi);
1229:Drivers/STM32L4xx_HAL_Driver/Src/stm32l4xx_hal_spi.c ****   }
1230:Drivers/STM32L4xx_HAL_Driver/Src/stm32l4xx_hal_spi.c **** #endif /* USE_SPI_CRC */
1231:Drivers/STM32L4xx_HAL_Driver/Src/stm32l4xx_hal_spi.c **** 
1232:Drivers/STM32L4xx_HAL_Driver/Src/stm32l4xx_hal_spi.c ****   if (hspi->ErrorCode != HAL_SPI_ERROR_NONE)
1233:Drivers/STM32L4xx_HAL_Driver/Src/stm32l4xx_hal_spi.c ****   {
1234:Drivers/STM32L4xx_HAL_Driver/Src/stm32l4xx_hal_spi.c ****     errorcode = HAL_ERROR;
1235:Drivers/STM32L4xx_HAL_Driver/Src/stm32l4xx_hal_spi.c ****   }
1236:Drivers/STM32L4xx_HAL_Driver/Src/stm32l4xx_hal_spi.c ****   else
1237:Drivers/STM32L4xx_HAL_Driver/Src/stm32l4xx_hal_spi.c ****   {
1238:Drivers/STM32L4xx_HAL_Driver/Src/stm32l4xx_hal_spi.c ****     hspi->State = HAL_SPI_STATE_READY;
1239:Drivers/STM32L4xx_HAL_Driver/Src/stm32l4xx_hal_spi.c ****   }
1240:Drivers/STM32L4xx_HAL_Driver/Src/stm32l4xx_hal_spi.c **** 
1241:Drivers/STM32L4xx_HAL_Driver/Src/stm32l4xx_hal_spi.c **** error :
1242:Drivers/STM32L4xx_HAL_Driver/Src/stm32l4xx_hal_spi.c ****   __HAL_UNLOCK(hspi);
1243:Drivers/STM32L4xx_HAL_Driver/Src/stm32l4xx_hal_spi.c ****   return errorcode;
1244:Drivers/STM32L4xx_HAL_Driver/Src/stm32l4xx_hal_spi.c **** }
1245:Drivers/STM32L4xx_HAL_Driver/Src/stm32l4xx_hal_spi.c **** 
1246:Drivers/STM32L4xx_HAL_Driver/Src/stm32l4xx_hal_spi.c **** /**
1247:Drivers/STM32L4xx_HAL_Driver/Src/stm32l4xx_hal_spi.c ****   * @brief  Transmit and Receive an amount of data in blocking mode.
1248:Drivers/STM32L4xx_HAL_Driver/Src/stm32l4xx_hal_spi.c ****   * @param  hspi pointer to a SPI_HandleTypeDef structure that contains
1249:Drivers/STM32L4xx_HAL_Driver/Src/stm32l4xx_hal_spi.c ****   *               the configuration information for SPI module.
1250:Drivers/STM32L4xx_HAL_Driver/Src/stm32l4xx_hal_spi.c ****   * @param  pTxData pointer to transmission data buffer
1251:Drivers/STM32L4xx_HAL_Driver/Src/stm32l4xx_hal_spi.c ****   * @param  pRxData pointer to reception data buffer
1252:Drivers/STM32L4xx_HAL_Driver/Src/stm32l4xx_hal_spi.c ****   * @param  Size amount of data to be sent and received
1253:Drivers/STM32L4xx_HAL_Driver/Src/stm32l4xx_hal_spi.c ****   * @param  Timeout Timeout duration
1254:Drivers/STM32L4xx_HAL_Driver/Src/stm32l4xx_hal_spi.c ****   * @retval HAL status
1255:Drivers/STM32L4xx_HAL_Driver/Src/stm32l4xx_hal_spi.c ****   */
1256:Drivers/STM32L4xx_HAL_Driver/Src/stm32l4xx_hal_spi.c **** HAL_StatusTypeDef HAL_SPI_TransmitReceive(SPI_HandleTypeDef *hspi, uint8_t *pTxData, uint8_t *pRxDa
1257:Drivers/STM32L4xx_HAL_Driver/Src/stm32l4xx_hal_spi.c ****                                           uint32_t Timeout)
1258:Drivers/STM32L4xx_HAL_Driver/Src/stm32l4xx_hal_spi.c **** {
1259:Drivers/STM32L4xx_HAL_Driver/Src/stm32l4xx_hal_spi.c ****   uint16_t             initial_TxXferCount;
1260:Drivers/STM32L4xx_HAL_Driver/Src/stm32l4xx_hal_spi.c ****   uint16_t             initial_RxXferCount;
1261:Drivers/STM32L4xx_HAL_Driver/Src/stm32l4xx_hal_spi.c ****   uint32_t             tmp_mode;
1262:Drivers/STM32L4xx_HAL_Driver/Src/stm32l4xx_hal_spi.c ****   HAL_SPI_StateTypeDef tmp_state;
1263:Drivers/STM32L4xx_HAL_Driver/Src/stm32l4xx_hal_spi.c ****   uint32_t             tickstart;
1264:Drivers/STM32L4xx_HAL_Driver/Src/stm32l4xx_hal_spi.c **** #if (USE_SPI_CRC != 0U)
1265:Drivers/STM32L4xx_HAL_Driver/Src/stm32l4xx_hal_spi.c ****   __IO uint32_t tmpreg = 0U;
1266:Drivers/STM32L4xx_HAL_Driver/Src/stm32l4xx_hal_spi.c ****   uint32_t             spi_cr1;
1267:Drivers/STM32L4xx_HAL_Driver/Src/stm32l4xx_hal_spi.c ****   uint32_t             spi_cr2;
1268:Drivers/STM32L4xx_HAL_Driver/Src/stm32l4xx_hal_spi.c ****   __IO uint8_t  *ptmpreg8;
1269:Drivers/STM32L4xx_HAL_Driver/Src/stm32l4xx_hal_spi.c ****   __IO uint8_t  tmpreg8 = 0;
1270:Drivers/STM32L4xx_HAL_Driver/Src/stm32l4xx_hal_spi.c **** #endif /* USE_SPI_CRC */
1271:Drivers/STM32L4xx_HAL_Driver/Src/stm32l4xx_hal_spi.c **** 
1272:Drivers/STM32L4xx_HAL_Driver/Src/stm32l4xx_hal_spi.c ****   /* Variable used to alternate Rx and Tx during transfer */
1273:Drivers/STM32L4xx_HAL_Driver/Src/stm32l4xx_hal_spi.c ****   uint32_t             txallowed = 1U;
1274:Drivers/STM32L4xx_HAL_Driver/Src/stm32l4xx_hal_spi.c ****   HAL_StatusTypeDef    errorcode = HAL_OK;
1275:Drivers/STM32L4xx_HAL_Driver/Src/stm32l4xx_hal_spi.c **** 
1276:Drivers/STM32L4xx_HAL_Driver/Src/stm32l4xx_hal_spi.c ****   /* Check Direction parameter */
1277:Drivers/STM32L4xx_HAL_Driver/Src/stm32l4xx_hal_spi.c ****   assert_param(IS_SPI_DIRECTION_2LINES(hspi->Init.Direction));
1278:Drivers/STM32L4xx_HAL_Driver/Src/stm32l4xx_hal_spi.c **** 
1279:Drivers/STM32L4xx_HAL_Driver/Src/stm32l4xx_hal_spi.c ****   /* Process Locked */
1280:Drivers/STM32L4xx_HAL_Driver/Src/stm32l4xx_hal_spi.c ****   __HAL_LOCK(hspi);
1281:Drivers/STM32L4xx_HAL_Driver/Src/stm32l4xx_hal_spi.c **** 
1282:Drivers/STM32L4xx_HAL_Driver/Src/stm32l4xx_hal_spi.c ****   /* Init tickstart for timeout management*/
1283:Drivers/STM32L4xx_HAL_Driver/Src/stm32l4xx_hal_spi.c ****   tickstart = HAL_GetTick();
1284:Drivers/STM32L4xx_HAL_Driver/Src/stm32l4xx_hal_spi.c **** 
ARM GAS  /tmp/ccEksN7Z.s 			page 24


1285:Drivers/STM32L4xx_HAL_Driver/Src/stm32l4xx_hal_spi.c ****   /* Init temporary variables */
1286:Drivers/STM32L4xx_HAL_Driver/Src/stm32l4xx_hal_spi.c ****   tmp_state           = hspi->State;
1287:Drivers/STM32L4xx_HAL_Driver/Src/stm32l4xx_hal_spi.c ****   tmp_mode            = hspi->Init.Mode;
1288:Drivers/STM32L4xx_HAL_Driver/Src/stm32l4xx_hal_spi.c ****   initial_TxXferCount = Size;
1289:Drivers/STM32L4xx_HAL_Driver/Src/stm32l4xx_hal_spi.c ****   initial_RxXferCount = Size;
1290:Drivers/STM32L4xx_HAL_Driver/Src/stm32l4xx_hal_spi.c **** #if (USE_SPI_CRC != 0U)
1291:Drivers/STM32L4xx_HAL_Driver/Src/stm32l4xx_hal_spi.c ****   spi_cr1             = READ_REG(hspi->Instance->CR1);
1292:Drivers/STM32L4xx_HAL_Driver/Src/stm32l4xx_hal_spi.c ****   spi_cr2             = READ_REG(hspi->Instance->CR2);
1293:Drivers/STM32L4xx_HAL_Driver/Src/stm32l4xx_hal_spi.c **** #endif /* USE_SPI_CRC */
1294:Drivers/STM32L4xx_HAL_Driver/Src/stm32l4xx_hal_spi.c **** 
1295:Drivers/STM32L4xx_HAL_Driver/Src/stm32l4xx_hal_spi.c ****   if (!((tmp_state == HAL_SPI_STATE_READY) || \
1296:Drivers/STM32L4xx_HAL_Driver/Src/stm32l4xx_hal_spi.c ****         ((tmp_mode == SPI_MODE_MASTER) && (hspi->Init.Direction == SPI_DIRECTION_2LINES) && (tmp_st
1297:Drivers/STM32L4xx_HAL_Driver/Src/stm32l4xx_hal_spi.c ****   {
1298:Drivers/STM32L4xx_HAL_Driver/Src/stm32l4xx_hal_spi.c ****     errorcode = HAL_BUSY;
1299:Drivers/STM32L4xx_HAL_Driver/Src/stm32l4xx_hal_spi.c ****     goto error;
1300:Drivers/STM32L4xx_HAL_Driver/Src/stm32l4xx_hal_spi.c ****   }
1301:Drivers/STM32L4xx_HAL_Driver/Src/stm32l4xx_hal_spi.c **** 
1302:Drivers/STM32L4xx_HAL_Driver/Src/stm32l4xx_hal_spi.c ****   if ((pTxData == NULL) || (pRxData == NULL) || (Size == 0U))
1303:Drivers/STM32L4xx_HAL_Driver/Src/stm32l4xx_hal_spi.c ****   {
1304:Drivers/STM32L4xx_HAL_Driver/Src/stm32l4xx_hal_spi.c ****     errorcode = HAL_ERROR;
1305:Drivers/STM32L4xx_HAL_Driver/Src/stm32l4xx_hal_spi.c ****     goto error;
1306:Drivers/STM32L4xx_HAL_Driver/Src/stm32l4xx_hal_spi.c ****   }
1307:Drivers/STM32L4xx_HAL_Driver/Src/stm32l4xx_hal_spi.c **** 
1308:Drivers/STM32L4xx_HAL_Driver/Src/stm32l4xx_hal_spi.c ****   /* Don't overwrite in case of HAL_SPI_STATE_BUSY_RX */
1309:Drivers/STM32L4xx_HAL_Driver/Src/stm32l4xx_hal_spi.c ****   if (hspi->State != HAL_SPI_STATE_BUSY_RX)
1310:Drivers/STM32L4xx_HAL_Driver/Src/stm32l4xx_hal_spi.c ****   {
1311:Drivers/STM32L4xx_HAL_Driver/Src/stm32l4xx_hal_spi.c ****     hspi->State = HAL_SPI_STATE_BUSY_TX_RX;
1312:Drivers/STM32L4xx_HAL_Driver/Src/stm32l4xx_hal_spi.c ****   }
1313:Drivers/STM32L4xx_HAL_Driver/Src/stm32l4xx_hal_spi.c **** 
1314:Drivers/STM32L4xx_HAL_Driver/Src/stm32l4xx_hal_spi.c ****   /* Set the transaction information */
1315:Drivers/STM32L4xx_HAL_Driver/Src/stm32l4xx_hal_spi.c ****   hspi->ErrorCode   = HAL_SPI_ERROR_NONE;
1316:Drivers/STM32L4xx_HAL_Driver/Src/stm32l4xx_hal_spi.c ****   hspi->pRxBuffPtr  = (uint8_t *)pRxData;
1317:Drivers/STM32L4xx_HAL_Driver/Src/stm32l4xx_hal_spi.c ****   hspi->RxXferCount = Size;
1318:Drivers/STM32L4xx_HAL_Driver/Src/stm32l4xx_hal_spi.c ****   hspi->RxXferSize  = Size;
1319:Drivers/STM32L4xx_HAL_Driver/Src/stm32l4xx_hal_spi.c ****   hspi->pTxBuffPtr  = (uint8_t *)pTxData;
1320:Drivers/STM32L4xx_HAL_Driver/Src/stm32l4xx_hal_spi.c ****   hspi->TxXferCount = Size;
1321:Drivers/STM32L4xx_HAL_Driver/Src/stm32l4xx_hal_spi.c ****   hspi->TxXferSize  = Size;
1322:Drivers/STM32L4xx_HAL_Driver/Src/stm32l4xx_hal_spi.c **** 
1323:Drivers/STM32L4xx_HAL_Driver/Src/stm32l4xx_hal_spi.c ****   /*Init field not used in handle to zero */
1324:Drivers/STM32L4xx_HAL_Driver/Src/stm32l4xx_hal_spi.c ****   hspi->RxISR       = NULL;
1325:Drivers/STM32L4xx_HAL_Driver/Src/stm32l4xx_hal_spi.c ****   hspi->TxISR       = NULL;
1326:Drivers/STM32L4xx_HAL_Driver/Src/stm32l4xx_hal_spi.c **** 
1327:Drivers/STM32L4xx_HAL_Driver/Src/stm32l4xx_hal_spi.c **** #if (USE_SPI_CRC != 0U)
1328:Drivers/STM32L4xx_HAL_Driver/Src/stm32l4xx_hal_spi.c ****   /* Reset CRC Calculation */
1329:Drivers/STM32L4xx_HAL_Driver/Src/stm32l4xx_hal_spi.c ****   if (hspi->Init.CRCCalculation == SPI_CRCCALCULATION_ENABLE)
1330:Drivers/STM32L4xx_HAL_Driver/Src/stm32l4xx_hal_spi.c ****   {
1331:Drivers/STM32L4xx_HAL_Driver/Src/stm32l4xx_hal_spi.c ****     SPI_RESET_CRC(hspi);
1332:Drivers/STM32L4xx_HAL_Driver/Src/stm32l4xx_hal_spi.c ****   }
1333:Drivers/STM32L4xx_HAL_Driver/Src/stm32l4xx_hal_spi.c **** #endif /* USE_SPI_CRC */
1334:Drivers/STM32L4xx_HAL_Driver/Src/stm32l4xx_hal_spi.c **** 
1335:Drivers/STM32L4xx_HAL_Driver/Src/stm32l4xx_hal_spi.c ****   /* Set the Rx Fifo threshold */
1336:Drivers/STM32L4xx_HAL_Driver/Src/stm32l4xx_hal_spi.c ****   if ((hspi->Init.DataSize > SPI_DATASIZE_8BIT) || (initial_RxXferCount > 1U))
1337:Drivers/STM32L4xx_HAL_Driver/Src/stm32l4xx_hal_spi.c ****   {
1338:Drivers/STM32L4xx_HAL_Driver/Src/stm32l4xx_hal_spi.c ****     /* Set fiforxthreshold according the reception data length: 16bit */
1339:Drivers/STM32L4xx_HAL_Driver/Src/stm32l4xx_hal_spi.c ****     CLEAR_BIT(hspi->Instance->CR2, SPI_RXFIFO_THRESHOLD);
1340:Drivers/STM32L4xx_HAL_Driver/Src/stm32l4xx_hal_spi.c ****   }
1341:Drivers/STM32L4xx_HAL_Driver/Src/stm32l4xx_hal_spi.c ****   else
ARM GAS  /tmp/ccEksN7Z.s 			page 25


1342:Drivers/STM32L4xx_HAL_Driver/Src/stm32l4xx_hal_spi.c ****   {
1343:Drivers/STM32L4xx_HAL_Driver/Src/stm32l4xx_hal_spi.c ****     /* Set fiforxthreshold according the reception data length: 8bit */
1344:Drivers/STM32L4xx_HAL_Driver/Src/stm32l4xx_hal_spi.c ****     SET_BIT(hspi->Instance->CR2, SPI_RXFIFO_THRESHOLD);
1345:Drivers/STM32L4xx_HAL_Driver/Src/stm32l4xx_hal_spi.c ****   }
1346:Drivers/STM32L4xx_HAL_Driver/Src/stm32l4xx_hal_spi.c **** 
1347:Drivers/STM32L4xx_HAL_Driver/Src/stm32l4xx_hal_spi.c ****   /* Check if the SPI is already enabled */
1348:Drivers/STM32L4xx_HAL_Driver/Src/stm32l4xx_hal_spi.c ****   if ((hspi->Instance->CR1 & SPI_CR1_SPE) != SPI_CR1_SPE)
1349:Drivers/STM32L4xx_HAL_Driver/Src/stm32l4xx_hal_spi.c ****   {
1350:Drivers/STM32L4xx_HAL_Driver/Src/stm32l4xx_hal_spi.c ****     /* Enable SPI peripheral */
1351:Drivers/STM32L4xx_HAL_Driver/Src/stm32l4xx_hal_spi.c ****     __HAL_SPI_ENABLE(hspi);
1352:Drivers/STM32L4xx_HAL_Driver/Src/stm32l4xx_hal_spi.c ****   }
1353:Drivers/STM32L4xx_HAL_Driver/Src/stm32l4xx_hal_spi.c **** 
1354:Drivers/STM32L4xx_HAL_Driver/Src/stm32l4xx_hal_spi.c ****   /* Transmit and Receive data in 16 Bit mode */
1355:Drivers/STM32L4xx_HAL_Driver/Src/stm32l4xx_hal_spi.c ****   if (hspi->Init.DataSize > SPI_DATASIZE_8BIT)
1356:Drivers/STM32L4xx_HAL_Driver/Src/stm32l4xx_hal_spi.c ****   {
1357:Drivers/STM32L4xx_HAL_Driver/Src/stm32l4xx_hal_spi.c ****     if ((hspi->Init.Mode == SPI_MODE_SLAVE) || (initial_TxXferCount == 0x01U))
1358:Drivers/STM32L4xx_HAL_Driver/Src/stm32l4xx_hal_spi.c ****     {
1359:Drivers/STM32L4xx_HAL_Driver/Src/stm32l4xx_hal_spi.c ****       hspi->Instance->DR = *((uint16_t *)hspi->pTxBuffPtr);
1360:Drivers/STM32L4xx_HAL_Driver/Src/stm32l4xx_hal_spi.c ****       hspi->pTxBuffPtr += sizeof(uint16_t);
1361:Drivers/STM32L4xx_HAL_Driver/Src/stm32l4xx_hal_spi.c ****       hspi->TxXferCount--;
1362:Drivers/STM32L4xx_HAL_Driver/Src/stm32l4xx_hal_spi.c **** 
1363:Drivers/STM32L4xx_HAL_Driver/Src/stm32l4xx_hal_spi.c **** #if (USE_SPI_CRC != 0U)
1364:Drivers/STM32L4xx_HAL_Driver/Src/stm32l4xx_hal_spi.c ****       /* Enable CRC Transmission */
1365:Drivers/STM32L4xx_HAL_Driver/Src/stm32l4xx_hal_spi.c ****       if ((hspi->TxXferCount == 0U) && (hspi->Init.CRCCalculation == SPI_CRCCALCULATION_ENABLE))
1366:Drivers/STM32L4xx_HAL_Driver/Src/stm32l4xx_hal_spi.c ****       {
1367:Drivers/STM32L4xx_HAL_Driver/Src/stm32l4xx_hal_spi.c ****         /* Set NSS Soft to received correctly the CRC on slave mode with NSS pulse activated */
1368:Drivers/STM32L4xx_HAL_Driver/Src/stm32l4xx_hal_spi.c ****         if ((READ_BIT(spi_cr1, SPI_CR1_MSTR) == 0U) && (READ_BIT(spi_cr2, SPI_CR2_NSSP) == SPI_CR2_
1369:Drivers/STM32L4xx_HAL_Driver/Src/stm32l4xx_hal_spi.c ****         {
1370:Drivers/STM32L4xx_HAL_Driver/Src/stm32l4xx_hal_spi.c ****           SET_BIT(hspi->Instance->CR1, SPI_CR1_SSM);
1371:Drivers/STM32L4xx_HAL_Driver/Src/stm32l4xx_hal_spi.c ****         }
1372:Drivers/STM32L4xx_HAL_Driver/Src/stm32l4xx_hal_spi.c ****         SET_BIT(hspi->Instance->CR1, SPI_CR1_CRCNEXT);
1373:Drivers/STM32L4xx_HAL_Driver/Src/stm32l4xx_hal_spi.c ****       }
1374:Drivers/STM32L4xx_HAL_Driver/Src/stm32l4xx_hal_spi.c **** #endif /* USE_SPI_CRC */
1375:Drivers/STM32L4xx_HAL_Driver/Src/stm32l4xx_hal_spi.c **** 
1376:Drivers/STM32L4xx_HAL_Driver/Src/stm32l4xx_hal_spi.c ****     }
1377:Drivers/STM32L4xx_HAL_Driver/Src/stm32l4xx_hal_spi.c ****     while ((hspi->TxXferCount > 0U) || (hspi->RxXferCount > 0U))
1378:Drivers/STM32L4xx_HAL_Driver/Src/stm32l4xx_hal_spi.c ****     {
1379:Drivers/STM32L4xx_HAL_Driver/Src/stm32l4xx_hal_spi.c ****       /* Check TXE flag */
1380:Drivers/STM32L4xx_HAL_Driver/Src/stm32l4xx_hal_spi.c ****       if ((__HAL_SPI_GET_FLAG(hspi, SPI_FLAG_TXE)) && (hspi->TxXferCount > 0U) && (txallowed == 1U)
1381:Drivers/STM32L4xx_HAL_Driver/Src/stm32l4xx_hal_spi.c ****       {
1382:Drivers/STM32L4xx_HAL_Driver/Src/stm32l4xx_hal_spi.c ****         hspi->Instance->DR = *((uint16_t *)hspi->pTxBuffPtr);
1383:Drivers/STM32L4xx_HAL_Driver/Src/stm32l4xx_hal_spi.c ****         hspi->pTxBuffPtr += sizeof(uint16_t);
1384:Drivers/STM32L4xx_HAL_Driver/Src/stm32l4xx_hal_spi.c ****         hspi->TxXferCount--;
1385:Drivers/STM32L4xx_HAL_Driver/Src/stm32l4xx_hal_spi.c ****         /* Next Data is a reception (Rx). Tx not allowed */
1386:Drivers/STM32L4xx_HAL_Driver/Src/stm32l4xx_hal_spi.c ****         txallowed = 0U;
1387:Drivers/STM32L4xx_HAL_Driver/Src/stm32l4xx_hal_spi.c **** 
1388:Drivers/STM32L4xx_HAL_Driver/Src/stm32l4xx_hal_spi.c **** #if (USE_SPI_CRC != 0U)
1389:Drivers/STM32L4xx_HAL_Driver/Src/stm32l4xx_hal_spi.c ****         /* Enable CRC Transmission */
1390:Drivers/STM32L4xx_HAL_Driver/Src/stm32l4xx_hal_spi.c ****         if ((hspi->TxXferCount == 0U) && (hspi->Init.CRCCalculation == SPI_CRCCALCULATION_ENABLE))
1391:Drivers/STM32L4xx_HAL_Driver/Src/stm32l4xx_hal_spi.c ****         {
1392:Drivers/STM32L4xx_HAL_Driver/Src/stm32l4xx_hal_spi.c ****           /* Set NSS Soft to received correctly the CRC on slave mode with NSS pulse activated */
1393:Drivers/STM32L4xx_HAL_Driver/Src/stm32l4xx_hal_spi.c ****           if ((READ_BIT(spi_cr1, SPI_CR1_MSTR) == 0U) && (READ_BIT(spi_cr2, SPI_CR2_NSSP) == SPI_CR
1394:Drivers/STM32L4xx_HAL_Driver/Src/stm32l4xx_hal_spi.c ****           {
1395:Drivers/STM32L4xx_HAL_Driver/Src/stm32l4xx_hal_spi.c ****             SET_BIT(hspi->Instance->CR1, SPI_CR1_SSM);
1396:Drivers/STM32L4xx_HAL_Driver/Src/stm32l4xx_hal_spi.c ****           }
1397:Drivers/STM32L4xx_HAL_Driver/Src/stm32l4xx_hal_spi.c ****           SET_BIT(hspi->Instance->CR1, SPI_CR1_CRCNEXT);
1398:Drivers/STM32L4xx_HAL_Driver/Src/stm32l4xx_hal_spi.c ****         }
ARM GAS  /tmp/ccEksN7Z.s 			page 26


1399:Drivers/STM32L4xx_HAL_Driver/Src/stm32l4xx_hal_spi.c **** #endif /* USE_SPI_CRC */
1400:Drivers/STM32L4xx_HAL_Driver/Src/stm32l4xx_hal_spi.c ****       }
1401:Drivers/STM32L4xx_HAL_Driver/Src/stm32l4xx_hal_spi.c **** 
1402:Drivers/STM32L4xx_HAL_Driver/Src/stm32l4xx_hal_spi.c ****       /* Check RXNE flag */
1403:Drivers/STM32L4xx_HAL_Driver/Src/stm32l4xx_hal_spi.c ****       if ((__HAL_SPI_GET_FLAG(hspi, SPI_FLAG_RXNE)) && (hspi->RxXferCount > 0U))
1404:Drivers/STM32L4xx_HAL_Driver/Src/stm32l4xx_hal_spi.c ****       {
1405:Drivers/STM32L4xx_HAL_Driver/Src/stm32l4xx_hal_spi.c ****         *((uint16_t *)hspi->pRxBuffPtr) = (uint16_t)hspi->Instance->DR;
1406:Drivers/STM32L4xx_HAL_Driver/Src/stm32l4xx_hal_spi.c ****         hspi->pRxBuffPtr += sizeof(uint16_t);
1407:Drivers/STM32L4xx_HAL_Driver/Src/stm32l4xx_hal_spi.c ****         hspi->RxXferCount--;
1408:Drivers/STM32L4xx_HAL_Driver/Src/stm32l4xx_hal_spi.c ****         /* Next Data is a Transmission (Tx). Tx is allowed */
1409:Drivers/STM32L4xx_HAL_Driver/Src/stm32l4xx_hal_spi.c ****         txallowed = 1U;
1410:Drivers/STM32L4xx_HAL_Driver/Src/stm32l4xx_hal_spi.c ****       }
1411:Drivers/STM32L4xx_HAL_Driver/Src/stm32l4xx_hal_spi.c ****       if (((HAL_GetTick() - tickstart) >=  Timeout) && (Timeout != HAL_MAX_DELAY))
1412:Drivers/STM32L4xx_HAL_Driver/Src/stm32l4xx_hal_spi.c ****       {
1413:Drivers/STM32L4xx_HAL_Driver/Src/stm32l4xx_hal_spi.c ****         errorcode = HAL_TIMEOUT;
1414:Drivers/STM32L4xx_HAL_Driver/Src/stm32l4xx_hal_spi.c ****         hspi->State = HAL_SPI_STATE_READY;
1415:Drivers/STM32L4xx_HAL_Driver/Src/stm32l4xx_hal_spi.c ****         goto error;
1416:Drivers/STM32L4xx_HAL_Driver/Src/stm32l4xx_hal_spi.c ****       }
1417:Drivers/STM32L4xx_HAL_Driver/Src/stm32l4xx_hal_spi.c ****     }
1418:Drivers/STM32L4xx_HAL_Driver/Src/stm32l4xx_hal_spi.c ****   }
1419:Drivers/STM32L4xx_HAL_Driver/Src/stm32l4xx_hal_spi.c ****   /* Transmit and Receive data in 8 Bit mode */
1420:Drivers/STM32L4xx_HAL_Driver/Src/stm32l4xx_hal_spi.c ****   else
1421:Drivers/STM32L4xx_HAL_Driver/Src/stm32l4xx_hal_spi.c ****   {
1422:Drivers/STM32L4xx_HAL_Driver/Src/stm32l4xx_hal_spi.c ****     if ((hspi->Init.Mode == SPI_MODE_SLAVE) || (initial_TxXferCount == 0x01U))
1423:Drivers/STM32L4xx_HAL_Driver/Src/stm32l4xx_hal_spi.c ****     {
1424:Drivers/STM32L4xx_HAL_Driver/Src/stm32l4xx_hal_spi.c ****       if (hspi->TxXferCount > 1U)
1425:Drivers/STM32L4xx_HAL_Driver/Src/stm32l4xx_hal_spi.c ****       {
1426:Drivers/STM32L4xx_HAL_Driver/Src/stm32l4xx_hal_spi.c ****         hspi->Instance->DR = *((uint16_t *)hspi->pTxBuffPtr);
1427:Drivers/STM32L4xx_HAL_Driver/Src/stm32l4xx_hal_spi.c ****         hspi->pTxBuffPtr += sizeof(uint16_t);
1428:Drivers/STM32L4xx_HAL_Driver/Src/stm32l4xx_hal_spi.c ****         hspi->TxXferCount -= 2U;
1429:Drivers/STM32L4xx_HAL_Driver/Src/stm32l4xx_hal_spi.c ****       }
1430:Drivers/STM32L4xx_HAL_Driver/Src/stm32l4xx_hal_spi.c ****       else
1431:Drivers/STM32L4xx_HAL_Driver/Src/stm32l4xx_hal_spi.c ****       {
1432:Drivers/STM32L4xx_HAL_Driver/Src/stm32l4xx_hal_spi.c ****         *(__IO uint8_t *)&hspi->Instance->DR = (*hspi->pTxBuffPtr);
1433:Drivers/STM32L4xx_HAL_Driver/Src/stm32l4xx_hal_spi.c ****         hspi->pTxBuffPtr++;
1434:Drivers/STM32L4xx_HAL_Driver/Src/stm32l4xx_hal_spi.c ****         hspi->TxXferCount--;
1435:Drivers/STM32L4xx_HAL_Driver/Src/stm32l4xx_hal_spi.c **** 
1436:Drivers/STM32L4xx_HAL_Driver/Src/stm32l4xx_hal_spi.c **** #if (USE_SPI_CRC != 0U)
1437:Drivers/STM32L4xx_HAL_Driver/Src/stm32l4xx_hal_spi.c ****         /* Enable CRC Transmission */
1438:Drivers/STM32L4xx_HAL_Driver/Src/stm32l4xx_hal_spi.c ****         if ((hspi->TxXferCount == 0U) && (hspi->Init.CRCCalculation == SPI_CRCCALCULATION_ENABLE))
1439:Drivers/STM32L4xx_HAL_Driver/Src/stm32l4xx_hal_spi.c ****         {
1440:Drivers/STM32L4xx_HAL_Driver/Src/stm32l4xx_hal_spi.c ****           /* Set NSS Soft to received correctly the CRC on slave mode with NSS pulse activated */
1441:Drivers/STM32L4xx_HAL_Driver/Src/stm32l4xx_hal_spi.c ****           if ((READ_BIT(spi_cr1, SPI_CR1_MSTR) == 0U) && (READ_BIT(spi_cr2, SPI_CR2_NSSP) == SPI_CR
1442:Drivers/STM32L4xx_HAL_Driver/Src/stm32l4xx_hal_spi.c ****           {
1443:Drivers/STM32L4xx_HAL_Driver/Src/stm32l4xx_hal_spi.c ****             SET_BIT(hspi->Instance->CR1, SPI_CR1_SSM);
1444:Drivers/STM32L4xx_HAL_Driver/Src/stm32l4xx_hal_spi.c ****           }
1445:Drivers/STM32L4xx_HAL_Driver/Src/stm32l4xx_hal_spi.c ****           SET_BIT(hspi->Instance->CR1, SPI_CR1_CRCNEXT);
1446:Drivers/STM32L4xx_HAL_Driver/Src/stm32l4xx_hal_spi.c ****         }
1447:Drivers/STM32L4xx_HAL_Driver/Src/stm32l4xx_hal_spi.c **** #endif /* USE_SPI_CRC */
1448:Drivers/STM32L4xx_HAL_Driver/Src/stm32l4xx_hal_spi.c ****       }
1449:Drivers/STM32L4xx_HAL_Driver/Src/stm32l4xx_hal_spi.c ****     }
1450:Drivers/STM32L4xx_HAL_Driver/Src/stm32l4xx_hal_spi.c ****     while ((hspi->TxXferCount > 0U) || (hspi->RxXferCount > 0U))
1451:Drivers/STM32L4xx_HAL_Driver/Src/stm32l4xx_hal_spi.c ****     {
1452:Drivers/STM32L4xx_HAL_Driver/Src/stm32l4xx_hal_spi.c ****       /* Check TXE flag */
1453:Drivers/STM32L4xx_HAL_Driver/Src/stm32l4xx_hal_spi.c ****       if ((__HAL_SPI_GET_FLAG(hspi, SPI_FLAG_TXE)) && (hspi->TxXferCount > 0U) && (txallowed == 1U)
1454:Drivers/STM32L4xx_HAL_Driver/Src/stm32l4xx_hal_spi.c ****       {
1455:Drivers/STM32L4xx_HAL_Driver/Src/stm32l4xx_hal_spi.c ****         if (hspi->TxXferCount > 1U)
ARM GAS  /tmp/ccEksN7Z.s 			page 27


1456:Drivers/STM32L4xx_HAL_Driver/Src/stm32l4xx_hal_spi.c ****         {
1457:Drivers/STM32L4xx_HAL_Driver/Src/stm32l4xx_hal_spi.c ****           hspi->Instance->DR = *((uint16_t *)hspi->pTxBuffPtr);
1458:Drivers/STM32L4xx_HAL_Driver/Src/stm32l4xx_hal_spi.c ****           hspi->pTxBuffPtr += sizeof(uint16_t);
1459:Drivers/STM32L4xx_HAL_Driver/Src/stm32l4xx_hal_spi.c ****           hspi->TxXferCount -= 2U;
1460:Drivers/STM32L4xx_HAL_Driver/Src/stm32l4xx_hal_spi.c ****         }
1461:Drivers/STM32L4xx_HAL_Driver/Src/stm32l4xx_hal_spi.c ****         else
1462:Drivers/STM32L4xx_HAL_Driver/Src/stm32l4xx_hal_spi.c ****         {
1463:Drivers/STM32L4xx_HAL_Driver/Src/stm32l4xx_hal_spi.c ****           *(__IO uint8_t *)&hspi->Instance->DR = (*hspi->pTxBuffPtr);
1464:Drivers/STM32L4xx_HAL_Driver/Src/stm32l4xx_hal_spi.c ****           hspi->pTxBuffPtr++;
1465:Drivers/STM32L4xx_HAL_Driver/Src/stm32l4xx_hal_spi.c ****           hspi->TxXferCount--;
1466:Drivers/STM32L4xx_HAL_Driver/Src/stm32l4xx_hal_spi.c ****         }
1467:Drivers/STM32L4xx_HAL_Driver/Src/stm32l4xx_hal_spi.c ****         /* Next Data is a reception (Rx). Tx not allowed */
1468:Drivers/STM32L4xx_HAL_Driver/Src/stm32l4xx_hal_spi.c ****         txallowed = 0U;
1469:Drivers/STM32L4xx_HAL_Driver/Src/stm32l4xx_hal_spi.c **** 
1470:Drivers/STM32L4xx_HAL_Driver/Src/stm32l4xx_hal_spi.c **** #if (USE_SPI_CRC != 0U)
1471:Drivers/STM32L4xx_HAL_Driver/Src/stm32l4xx_hal_spi.c ****         /* Enable CRC Transmission */
1472:Drivers/STM32L4xx_HAL_Driver/Src/stm32l4xx_hal_spi.c ****         if ((hspi->TxXferCount == 0U) && (hspi->Init.CRCCalculation == SPI_CRCCALCULATION_ENABLE))
1473:Drivers/STM32L4xx_HAL_Driver/Src/stm32l4xx_hal_spi.c ****         {
1474:Drivers/STM32L4xx_HAL_Driver/Src/stm32l4xx_hal_spi.c ****           /* Set NSS Soft to received correctly the CRC on slave mode with NSS pulse activated */
1475:Drivers/STM32L4xx_HAL_Driver/Src/stm32l4xx_hal_spi.c ****           if ((READ_BIT(spi_cr1, SPI_CR1_MSTR) == 0U) && (READ_BIT(spi_cr2, SPI_CR2_NSSP) == SPI_CR
1476:Drivers/STM32L4xx_HAL_Driver/Src/stm32l4xx_hal_spi.c ****           {
1477:Drivers/STM32L4xx_HAL_Driver/Src/stm32l4xx_hal_spi.c ****             SET_BIT(hspi->Instance->CR1, SPI_CR1_SSM);
1478:Drivers/STM32L4xx_HAL_Driver/Src/stm32l4xx_hal_spi.c ****           }
1479:Drivers/STM32L4xx_HAL_Driver/Src/stm32l4xx_hal_spi.c ****           SET_BIT(hspi->Instance->CR1, SPI_CR1_CRCNEXT);
1480:Drivers/STM32L4xx_HAL_Driver/Src/stm32l4xx_hal_spi.c ****         }
1481:Drivers/STM32L4xx_HAL_Driver/Src/stm32l4xx_hal_spi.c **** #endif /* USE_SPI_CRC */
1482:Drivers/STM32L4xx_HAL_Driver/Src/stm32l4xx_hal_spi.c ****       }
1483:Drivers/STM32L4xx_HAL_Driver/Src/stm32l4xx_hal_spi.c **** 
1484:Drivers/STM32L4xx_HAL_Driver/Src/stm32l4xx_hal_spi.c ****       /* Wait until RXNE flag is reset */
1485:Drivers/STM32L4xx_HAL_Driver/Src/stm32l4xx_hal_spi.c ****       if ((__HAL_SPI_GET_FLAG(hspi, SPI_FLAG_RXNE)) && (hspi->RxXferCount > 0U))
1486:Drivers/STM32L4xx_HAL_Driver/Src/stm32l4xx_hal_spi.c ****       {
1487:Drivers/STM32L4xx_HAL_Driver/Src/stm32l4xx_hal_spi.c ****         if (hspi->RxXferCount > 1U)
1488:Drivers/STM32L4xx_HAL_Driver/Src/stm32l4xx_hal_spi.c ****         {
1489:Drivers/STM32L4xx_HAL_Driver/Src/stm32l4xx_hal_spi.c ****           *((uint16_t *)hspi->pRxBuffPtr) = (uint16_t)hspi->Instance->DR;
1490:Drivers/STM32L4xx_HAL_Driver/Src/stm32l4xx_hal_spi.c ****           hspi->pRxBuffPtr += sizeof(uint16_t);
1491:Drivers/STM32L4xx_HAL_Driver/Src/stm32l4xx_hal_spi.c ****           hspi->RxXferCount -= 2U;
1492:Drivers/STM32L4xx_HAL_Driver/Src/stm32l4xx_hal_spi.c ****           if (hspi->RxXferCount <= 1U)
1493:Drivers/STM32L4xx_HAL_Driver/Src/stm32l4xx_hal_spi.c ****           {
1494:Drivers/STM32L4xx_HAL_Driver/Src/stm32l4xx_hal_spi.c ****             /* Set RX Fifo threshold before to switch on 8 bit data size */
1495:Drivers/STM32L4xx_HAL_Driver/Src/stm32l4xx_hal_spi.c ****             SET_BIT(hspi->Instance->CR2, SPI_RXFIFO_THRESHOLD);
1496:Drivers/STM32L4xx_HAL_Driver/Src/stm32l4xx_hal_spi.c ****           }
1497:Drivers/STM32L4xx_HAL_Driver/Src/stm32l4xx_hal_spi.c ****         }
1498:Drivers/STM32L4xx_HAL_Driver/Src/stm32l4xx_hal_spi.c ****         else
1499:Drivers/STM32L4xx_HAL_Driver/Src/stm32l4xx_hal_spi.c ****         {
1500:Drivers/STM32L4xx_HAL_Driver/Src/stm32l4xx_hal_spi.c ****           (*(uint8_t *)hspi->pRxBuffPtr) = *(__IO uint8_t *)&hspi->Instance->DR;
1501:Drivers/STM32L4xx_HAL_Driver/Src/stm32l4xx_hal_spi.c ****           hspi->pRxBuffPtr++;
1502:Drivers/STM32L4xx_HAL_Driver/Src/stm32l4xx_hal_spi.c ****           hspi->RxXferCount--;
1503:Drivers/STM32L4xx_HAL_Driver/Src/stm32l4xx_hal_spi.c ****         }
1504:Drivers/STM32L4xx_HAL_Driver/Src/stm32l4xx_hal_spi.c ****         /* Next Data is a Transmission (Tx). Tx is allowed */
1505:Drivers/STM32L4xx_HAL_Driver/Src/stm32l4xx_hal_spi.c ****         txallowed = 1U;
1506:Drivers/STM32L4xx_HAL_Driver/Src/stm32l4xx_hal_spi.c ****       }
1507:Drivers/STM32L4xx_HAL_Driver/Src/stm32l4xx_hal_spi.c ****       if ((((HAL_GetTick() - tickstart) >=  Timeout) && ((Timeout != HAL_MAX_DELAY))) || (Timeout =
1508:Drivers/STM32L4xx_HAL_Driver/Src/stm32l4xx_hal_spi.c ****       {
1509:Drivers/STM32L4xx_HAL_Driver/Src/stm32l4xx_hal_spi.c ****         errorcode = HAL_TIMEOUT;
1510:Drivers/STM32L4xx_HAL_Driver/Src/stm32l4xx_hal_spi.c ****         hspi->State = HAL_SPI_STATE_READY;
1511:Drivers/STM32L4xx_HAL_Driver/Src/stm32l4xx_hal_spi.c ****         goto error;
1512:Drivers/STM32L4xx_HAL_Driver/Src/stm32l4xx_hal_spi.c ****       }
ARM GAS  /tmp/ccEksN7Z.s 			page 28


1513:Drivers/STM32L4xx_HAL_Driver/Src/stm32l4xx_hal_spi.c ****     }
1514:Drivers/STM32L4xx_HAL_Driver/Src/stm32l4xx_hal_spi.c ****   }
1515:Drivers/STM32L4xx_HAL_Driver/Src/stm32l4xx_hal_spi.c **** 
1516:Drivers/STM32L4xx_HAL_Driver/Src/stm32l4xx_hal_spi.c **** #if (USE_SPI_CRC != 0U)
1517:Drivers/STM32L4xx_HAL_Driver/Src/stm32l4xx_hal_spi.c ****   /* Read CRC from DR to close CRC calculation process */
1518:Drivers/STM32L4xx_HAL_Driver/Src/stm32l4xx_hal_spi.c ****   if (hspi->Init.CRCCalculation == SPI_CRCCALCULATION_ENABLE)
1519:Drivers/STM32L4xx_HAL_Driver/Src/stm32l4xx_hal_spi.c ****   {
1520:Drivers/STM32L4xx_HAL_Driver/Src/stm32l4xx_hal_spi.c ****     /* Wait until TXE flag */
1521:Drivers/STM32L4xx_HAL_Driver/Src/stm32l4xx_hal_spi.c ****     if (SPI_WaitFlagStateUntilTimeout(hspi, SPI_FLAG_RXNE, SET, Timeout, tickstart) != HAL_OK)
1522:Drivers/STM32L4xx_HAL_Driver/Src/stm32l4xx_hal_spi.c ****     {
1523:Drivers/STM32L4xx_HAL_Driver/Src/stm32l4xx_hal_spi.c ****       /* Error on the CRC reception */
1524:Drivers/STM32L4xx_HAL_Driver/Src/stm32l4xx_hal_spi.c ****       SET_BIT(hspi->ErrorCode, HAL_SPI_ERROR_CRC);
1525:Drivers/STM32L4xx_HAL_Driver/Src/stm32l4xx_hal_spi.c ****       errorcode = HAL_TIMEOUT;
1526:Drivers/STM32L4xx_HAL_Driver/Src/stm32l4xx_hal_spi.c ****       goto error;
1527:Drivers/STM32L4xx_HAL_Driver/Src/stm32l4xx_hal_spi.c ****     }
1528:Drivers/STM32L4xx_HAL_Driver/Src/stm32l4xx_hal_spi.c ****     /* Read CRC */
1529:Drivers/STM32L4xx_HAL_Driver/Src/stm32l4xx_hal_spi.c ****     if (hspi->Init.DataSize == SPI_DATASIZE_16BIT)
1530:Drivers/STM32L4xx_HAL_Driver/Src/stm32l4xx_hal_spi.c ****     {
1531:Drivers/STM32L4xx_HAL_Driver/Src/stm32l4xx_hal_spi.c ****       /* Read 16bit CRC */
1532:Drivers/STM32L4xx_HAL_Driver/Src/stm32l4xx_hal_spi.c ****       tmpreg = READ_REG(hspi->Instance->DR);
1533:Drivers/STM32L4xx_HAL_Driver/Src/stm32l4xx_hal_spi.c ****       /* To avoid GCC warning */
1534:Drivers/STM32L4xx_HAL_Driver/Src/stm32l4xx_hal_spi.c ****       UNUSED(tmpreg);
1535:Drivers/STM32L4xx_HAL_Driver/Src/stm32l4xx_hal_spi.c ****     }
1536:Drivers/STM32L4xx_HAL_Driver/Src/stm32l4xx_hal_spi.c ****     else
1537:Drivers/STM32L4xx_HAL_Driver/Src/stm32l4xx_hal_spi.c ****     {
1538:Drivers/STM32L4xx_HAL_Driver/Src/stm32l4xx_hal_spi.c ****       /* Initialize the 8bit temporary pointer */
1539:Drivers/STM32L4xx_HAL_Driver/Src/stm32l4xx_hal_spi.c ****       ptmpreg8 = (__IO uint8_t *)&hspi->Instance->DR;
1540:Drivers/STM32L4xx_HAL_Driver/Src/stm32l4xx_hal_spi.c ****       /* Read 8bit CRC */
1541:Drivers/STM32L4xx_HAL_Driver/Src/stm32l4xx_hal_spi.c ****       tmpreg8 = *ptmpreg8;
1542:Drivers/STM32L4xx_HAL_Driver/Src/stm32l4xx_hal_spi.c ****       /* To avoid GCC warning */
1543:Drivers/STM32L4xx_HAL_Driver/Src/stm32l4xx_hal_spi.c ****       UNUSED(tmpreg8);
1544:Drivers/STM32L4xx_HAL_Driver/Src/stm32l4xx_hal_spi.c **** 
1545:Drivers/STM32L4xx_HAL_Driver/Src/stm32l4xx_hal_spi.c ****       if (hspi->Init.CRCLength == SPI_CRC_LENGTH_16BIT)
1546:Drivers/STM32L4xx_HAL_Driver/Src/stm32l4xx_hal_spi.c ****       {
1547:Drivers/STM32L4xx_HAL_Driver/Src/stm32l4xx_hal_spi.c ****         if (SPI_WaitFlagStateUntilTimeout(hspi, SPI_FLAG_RXNE, SET, Timeout, tickstart) != HAL_OK)
1548:Drivers/STM32L4xx_HAL_Driver/Src/stm32l4xx_hal_spi.c ****         {
1549:Drivers/STM32L4xx_HAL_Driver/Src/stm32l4xx_hal_spi.c ****           /* Error on the CRC reception */
1550:Drivers/STM32L4xx_HAL_Driver/Src/stm32l4xx_hal_spi.c ****           SET_BIT(hspi->ErrorCode, HAL_SPI_ERROR_CRC);
1551:Drivers/STM32L4xx_HAL_Driver/Src/stm32l4xx_hal_spi.c ****           errorcode = HAL_TIMEOUT;
1552:Drivers/STM32L4xx_HAL_Driver/Src/stm32l4xx_hal_spi.c ****           goto error;
1553:Drivers/STM32L4xx_HAL_Driver/Src/stm32l4xx_hal_spi.c ****         }
1554:Drivers/STM32L4xx_HAL_Driver/Src/stm32l4xx_hal_spi.c ****         /* Read 8bit CRC again in case of 16bit CRC in 8bit Data mode */
1555:Drivers/STM32L4xx_HAL_Driver/Src/stm32l4xx_hal_spi.c ****         tmpreg8 = *ptmpreg8;
1556:Drivers/STM32L4xx_HAL_Driver/Src/stm32l4xx_hal_spi.c ****         /* To avoid GCC warning */
1557:Drivers/STM32L4xx_HAL_Driver/Src/stm32l4xx_hal_spi.c ****         UNUSED(tmpreg8);
1558:Drivers/STM32L4xx_HAL_Driver/Src/stm32l4xx_hal_spi.c ****       }
1559:Drivers/STM32L4xx_HAL_Driver/Src/stm32l4xx_hal_spi.c ****     }
1560:Drivers/STM32L4xx_HAL_Driver/Src/stm32l4xx_hal_spi.c ****   }
1561:Drivers/STM32L4xx_HAL_Driver/Src/stm32l4xx_hal_spi.c **** 
1562:Drivers/STM32L4xx_HAL_Driver/Src/stm32l4xx_hal_spi.c ****   /* Check if CRC error occurred */
1563:Drivers/STM32L4xx_HAL_Driver/Src/stm32l4xx_hal_spi.c ****   if (__HAL_SPI_GET_FLAG(hspi, SPI_FLAG_CRCERR))
1564:Drivers/STM32L4xx_HAL_Driver/Src/stm32l4xx_hal_spi.c ****   {
1565:Drivers/STM32L4xx_HAL_Driver/Src/stm32l4xx_hal_spi.c ****     SET_BIT(hspi->ErrorCode, HAL_SPI_ERROR_CRC);
1566:Drivers/STM32L4xx_HAL_Driver/Src/stm32l4xx_hal_spi.c ****     /* Clear CRC Flag */
1567:Drivers/STM32L4xx_HAL_Driver/Src/stm32l4xx_hal_spi.c ****     __HAL_SPI_CLEAR_CRCERRFLAG(hspi);
1568:Drivers/STM32L4xx_HAL_Driver/Src/stm32l4xx_hal_spi.c **** 
1569:Drivers/STM32L4xx_HAL_Driver/Src/stm32l4xx_hal_spi.c ****     errorcode = HAL_ERROR;
ARM GAS  /tmp/ccEksN7Z.s 			page 29


1570:Drivers/STM32L4xx_HAL_Driver/Src/stm32l4xx_hal_spi.c ****   }
1571:Drivers/STM32L4xx_HAL_Driver/Src/stm32l4xx_hal_spi.c **** #endif /* USE_SPI_CRC */
1572:Drivers/STM32L4xx_HAL_Driver/Src/stm32l4xx_hal_spi.c **** 
1573:Drivers/STM32L4xx_HAL_Driver/Src/stm32l4xx_hal_spi.c ****   /* Check the end of the transaction */
1574:Drivers/STM32L4xx_HAL_Driver/Src/stm32l4xx_hal_spi.c ****   if (SPI_EndRxTxTransaction(hspi, Timeout, tickstart) != HAL_OK)
1575:Drivers/STM32L4xx_HAL_Driver/Src/stm32l4xx_hal_spi.c ****   {
1576:Drivers/STM32L4xx_HAL_Driver/Src/stm32l4xx_hal_spi.c ****     errorcode = HAL_ERROR;
1577:Drivers/STM32L4xx_HAL_Driver/Src/stm32l4xx_hal_spi.c ****     hspi->ErrorCode = HAL_SPI_ERROR_FLAG;
1578:Drivers/STM32L4xx_HAL_Driver/Src/stm32l4xx_hal_spi.c ****   }
1579:Drivers/STM32L4xx_HAL_Driver/Src/stm32l4xx_hal_spi.c **** 
1580:Drivers/STM32L4xx_HAL_Driver/Src/stm32l4xx_hal_spi.c ****   if (hspi->ErrorCode != HAL_SPI_ERROR_NONE)
1581:Drivers/STM32L4xx_HAL_Driver/Src/stm32l4xx_hal_spi.c ****   {
1582:Drivers/STM32L4xx_HAL_Driver/Src/stm32l4xx_hal_spi.c ****     errorcode = HAL_ERROR;
1583:Drivers/STM32L4xx_HAL_Driver/Src/stm32l4xx_hal_spi.c ****   }
1584:Drivers/STM32L4xx_HAL_Driver/Src/stm32l4xx_hal_spi.c ****   else
1585:Drivers/STM32L4xx_HAL_Driver/Src/stm32l4xx_hal_spi.c ****   {
1586:Drivers/STM32L4xx_HAL_Driver/Src/stm32l4xx_hal_spi.c ****     hspi->State = HAL_SPI_STATE_READY;
1587:Drivers/STM32L4xx_HAL_Driver/Src/stm32l4xx_hal_spi.c ****   }
1588:Drivers/STM32L4xx_HAL_Driver/Src/stm32l4xx_hal_spi.c ****   
1589:Drivers/STM32L4xx_HAL_Driver/Src/stm32l4xx_hal_spi.c **** error :
1590:Drivers/STM32L4xx_HAL_Driver/Src/stm32l4xx_hal_spi.c ****   __HAL_UNLOCK(hspi);
1591:Drivers/STM32L4xx_HAL_Driver/Src/stm32l4xx_hal_spi.c ****   return errorcode;
1592:Drivers/STM32L4xx_HAL_Driver/Src/stm32l4xx_hal_spi.c **** }
1593:Drivers/STM32L4xx_HAL_Driver/Src/stm32l4xx_hal_spi.c **** 
1594:Drivers/STM32L4xx_HAL_Driver/Src/stm32l4xx_hal_spi.c **** /**
1595:Drivers/STM32L4xx_HAL_Driver/Src/stm32l4xx_hal_spi.c ****   * @brief  Transmit an amount of data in non-blocking mode with Interrupt.
1596:Drivers/STM32L4xx_HAL_Driver/Src/stm32l4xx_hal_spi.c ****   * @param  hspi pointer to a SPI_HandleTypeDef structure that contains
1597:Drivers/STM32L4xx_HAL_Driver/Src/stm32l4xx_hal_spi.c ****   *               the configuration information for SPI module.
1598:Drivers/STM32L4xx_HAL_Driver/Src/stm32l4xx_hal_spi.c ****   * @param  pData pointer to data buffer
1599:Drivers/STM32L4xx_HAL_Driver/Src/stm32l4xx_hal_spi.c ****   * @param  Size amount of data to be sent
1600:Drivers/STM32L4xx_HAL_Driver/Src/stm32l4xx_hal_spi.c ****   * @retval HAL status
1601:Drivers/STM32L4xx_HAL_Driver/Src/stm32l4xx_hal_spi.c ****   */
1602:Drivers/STM32L4xx_HAL_Driver/Src/stm32l4xx_hal_spi.c **** HAL_StatusTypeDef HAL_SPI_Transmit_IT(SPI_HandleTypeDef *hspi, uint8_t *pData, uint16_t Size)
1603:Drivers/STM32L4xx_HAL_Driver/Src/stm32l4xx_hal_spi.c **** {
1604:Drivers/STM32L4xx_HAL_Driver/Src/stm32l4xx_hal_spi.c ****   HAL_StatusTypeDef errorcode = HAL_OK;
1605:Drivers/STM32L4xx_HAL_Driver/Src/stm32l4xx_hal_spi.c **** 
1606:Drivers/STM32L4xx_HAL_Driver/Src/stm32l4xx_hal_spi.c ****   /* Check Direction parameter */
1607:Drivers/STM32L4xx_HAL_Driver/Src/stm32l4xx_hal_spi.c ****   assert_param(IS_SPI_DIRECTION_2LINES_OR_1LINE(hspi->Init.Direction));
1608:Drivers/STM32L4xx_HAL_Driver/Src/stm32l4xx_hal_spi.c **** 
1609:Drivers/STM32L4xx_HAL_Driver/Src/stm32l4xx_hal_spi.c **** 
1610:Drivers/STM32L4xx_HAL_Driver/Src/stm32l4xx_hal_spi.c ****   if ((pData == NULL) || (Size == 0U))
1611:Drivers/STM32L4xx_HAL_Driver/Src/stm32l4xx_hal_spi.c ****   {
1612:Drivers/STM32L4xx_HAL_Driver/Src/stm32l4xx_hal_spi.c ****     errorcode = HAL_ERROR;
1613:Drivers/STM32L4xx_HAL_Driver/Src/stm32l4xx_hal_spi.c ****     goto error;
1614:Drivers/STM32L4xx_HAL_Driver/Src/stm32l4xx_hal_spi.c ****   }
1615:Drivers/STM32L4xx_HAL_Driver/Src/stm32l4xx_hal_spi.c **** 
1616:Drivers/STM32L4xx_HAL_Driver/Src/stm32l4xx_hal_spi.c ****   if (hspi->State != HAL_SPI_STATE_READY)
1617:Drivers/STM32L4xx_HAL_Driver/Src/stm32l4xx_hal_spi.c ****   {
1618:Drivers/STM32L4xx_HAL_Driver/Src/stm32l4xx_hal_spi.c ****     errorcode = HAL_BUSY;
1619:Drivers/STM32L4xx_HAL_Driver/Src/stm32l4xx_hal_spi.c ****     goto error;
1620:Drivers/STM32L4xx_HAL_Driver/Src/stm32l4xx_hal_spi.c ****   }
1621:Drivers/STM32L4xx_HAL_Driver/Src/stm32l4xx_hal_spi.c **** 
1622:Drivers/STM32L4xx_HAL_Driver/Src/stm32l4xx_hal_spi.c ****   /* Process Locked */
1623:Drivers/STM32L4xx_HAL_Driver/Src/stm32l4xx_hal_spi.c ****   __HAL_LOCK(hspi);
1624:Drivers/STM32L4xx_HAL_Driver/Src/stm32l4xx_hal_spi.c **** 
1625:Drivers/STM32L4xx_HAL_Driver/Src/stm32l4xx_hal_spi.c ****   /* Set the transaction information */
1626:Drivers/STM32L4xx_HAL_Driver/Src/stm32l4xx_hal_spi.c ****   hspi->State       = HAL_SPI_STATE_BUSY_TX;
ARM GAS  /tmp/ccEksN7Z.s 			page 30


1627:Drivers/STM32L4xx_HAL_Driver/Src/stm32l4xx_hal_spi.c ****   hspi->ErrorCode   = HAL_SPI_ERROR_NONE;
1628:Drivers/STM32L4xx_HAL_Driver/Src/stm32l4xx_hal_spi.c ****   hspi->pTxBuffPtr  = (uint8_t *)pData;
1629:Drivers/STM32L4xx_HAL_Driver/Src/stm32l4xx_hal_spi.c ****   hspi->TxXferSize  = Size;
1630:Drivers/STM32L4xx_HAL_Driver/Src/stm32l4xx_hal_spi.c ****   hspi->TxXferCount = Size;
1631:Drivers/STM32L4xx_HAL_Driver/Src/stm32l4xx_hal_spi.c **** 
1632:Drivers/STM32L4xx_HAL_Driver/Src/stm32l4xx_hal_spi.c ****   /* Init field not used in handle to zero */
1633:Drivers/STM32L4xx_HAL_Driver/Src/stm32l4xx_hal_spi.c ****   hspi->pRxBuffPtr  = (uint8_t *)NULL;
1634:Drivers/STM32L4xx_HAL_Driver/Src/stm32l4xx_hal_spi.c ****   hspi->RxXferSize  = 0U;
1635:Drivers/STM32L4xx_HAL_Driver/Src/stm32l4xx_hal_spi.c ****   hspi->RxXferCount = 0U;
1636:Drivers/STM32L4xx_HAL_Driver/Src/stm32l4xx_hal_spi.c ****   hspi->RxISR       = NULL;
1637:Drivers/STM32L4xx_HAL_Driver/Src/stm32l4xx_hal_spi.c **** 
1638:Drivers/STM32L4xx_HAL_Driver/Src/stm32l4xx_hal_spi.c ****   /* Set the function for IT treatment */
1639:Drivers/STM32L4xx_HAL_Driver/Src/stm32l4xx_hal_spi.c ****   if (hspi->Init.DataSize > SPI_DATASIZE_8BIT)
1640:Drivers/STM32L4xx_HAL_Driver/Src/stm32l4xx_hal_spi.c ****   {
1641:Drivers/STM32L4xx_HAL_Driver/Src/stm32l4xx_hal_spi.c ****     hspi->TxISR = SPI_TxISR_16BIT;
1642:Drivers/STM32L4xx_HAL_Driver/Src/stm32l4xx_hal_spi.c ****   }
1643:Drivers/STM32L4xx_HAL_Driver/Src/stm32l4xx_hal_spi.c ****   else
1644:Drivers/STM32L4xx_HAL_Driver/Src/stm32l4xx_hal_spi.c ****   {
1645:Drivers/STM32L4xx_HAL_Driver/Src/stm32l4xx_hal_spi.c ****     hspi->TxISR = SPI_TxISR_8BIT;
1646:Drivers/STM32L4xx_HAL_Driver/Src/stm32l4xx_hal_spi.c ****   }
1647:Drivers/STM32L4xx_HAL_Driver/Src/stm32l4xx_hal_spi.c **** 
1648:Drivers/STM32L4xx_HAL_Driver/Src/stm32l4xx_hal_spi.c ****   /* Configure communication direction : 1Line */
1649:Drivers/STM32L4xx_HAL_Driver/Src/stm32l4xx_hal_spi.c ****   if (hspi->Init.Direction == SPI_DIRECTION_1LINE)
1650:Drivers/STM32L4xx_HAL_Driver/Src/stm32l4xx_hal_spi.c ****   {
1651:Drivers/STM32L4xx_HAL_Driver/Src/stm32l4xx_hal_spi.c ****     /* Disable SPI Peripheral before set 1Line direction (BIDIOE bit) */
1652:Drivers/STM32L4xx_HAL_Driver/Src/stm32l4xx_hal_spi.c ****     __HAL_SPI_DISABLE(hspi);
1653:Drivers/STM32L4xx_HAL_Driver/Src/stm32l4xx_hal_spi.c ****     SPI_1LINE_TX(hspi);
1654:Drivers/STM32L4xx_HAL_Driver/Src/stm32l4xx_hal_spi.c ****   }
1655:Drivers/STM32L4xx_HAL_Driver/Src/stm32l4xx_hal_spi.c **** 
1656:Drivers/STM32L4xx_HAL_Driver/Src/stm32l4xx_hal_spi.c **** #if (USE_SPI_CRC != 0U)
1657:Drivers/STM32L4xx_HAL_Driver/Src/stm32l4xx_hal_spi.c ****   /* Reset CRC Calculation */
1658:Drivers/STM32L4xx_HAL_Driver/Src/stm32l4xx_hal_spi.c ****   if (hspi->Init.CRCCalculation == SPI_CRCCALCULATION_ENABLE)
1659:Drivers/STM32L4xx_HAL_Driver/Src/stm32l4xx_hal_spi.c ****   {
1660:Drivers/STM32L4xx_HAL_Driver/Src/stm32l4xx_hal_spi.c ****     SPI_RESET_CRC(hspi);
1661:Drivers/STM32L4xx_HAL_Driver/Src/stm32l4xx_hal_spi.c ****   }
1662:Drivers/STM32L4xx_HAL_Driver/Src/stm32l4xx_hal_spi.c **** #endif /* USE_SPI_CRC */
1663:Drivers/STM32L4xx_HAL_Driver/Src/stm32l4xx_hal_spi.c **** 
1664:Drivers/STM32L4xx_HAL_Driver/Src/stm32l4xx_hal_spi.c ****   /* Check if the SPI is already enabled */
1665:Drivers/STM32L4xx_HAL_Driver/Src/stm32l4xx_hal_spi.c ****   if ((hspi->Instance->CR1 & SPI_CR1_SPE) != SPI_CR1_SPE)
1666:Drivers/STM32L4xx_HAL_Driver/Src/stm32l4xx_hal_spi.c ****   {
1667:Drivers/STM32L4xx_HAL_Driver/Src/stm32l4xx_hal_spi.c ****     /* Enable SPI peripheral */
1668:Drivers/STM32L4xx_HAL_Driver/Src/stm32l4xx_hal_spi.c ****     __HAL_SPI_ENABLE(hspi);
1669:Drivers/STM32L4xx_HAL_Driver/Src/stm32l4xx_hal_spi.c ****   }
1670:Drivers/STM32L4xx_HAL_Driver/Src/stm32l4xx_hal_spi.c **** 
1671:Drivers/STM32L4xx_HAL_Driver/Src/stm32l4xx_hal_spi.c ****   /* Process Unlocked */
1672:Drivers/STM32L4xx_HAL_Driver/Src/stm32l4xx_hal_spi.c ****   __HAL_UNLOCK(hspi);
1673:Drivers/STM32L4xx_HAL_Driver/Src/stm32l4xx_hal_spi.c ****   /* Enable TXE and ERR interrupt */
1674:Drivers/STM32L4xx_HAL_Driver/Src/stm32l4xx_hal_spi.c ****   __HAL_SPI_ENABLE_IT(hspi, (SPI_IT_TXE | SPI_IT_ERR));
1675:Drivers/STM32L4xx_HAL_Driver/Src/stm32l4xx_hal_spi.c **** 
1676:Drivers/STM32L4xx_HAL_Driver/Src/stm32l4xx_hal_spi.c **** error :
1677:Drivers/STM32L4xx_HAL_Driver/Src/stm32l4xx_hal_spi.c ****   return errorcode;
1678:Drivers/STM32L4xx_HAL_Driver/Src/stm32l4xx_hal_spi.c **** }
1679:Drivers/STM32L4xx_HAL_Driver/Src/stm32l4xx_hal_spi.c **** 
1680:Drivers/STM32L4xx_HAL_Driver/Src/stm32l4xx_hal_spi.c **** /**
1681:Drivers/STM32L4xx_HAL_Driver/Src/stm32l4xx_hal_spi.c ****   * @brief  Receive an amount of data in non-blocking mode with Interrupt.
1682:Drivers/STM32L4xx_HAL_Driver/Src/stm32l4xx_hal_spi.c ****   * @param  hspi pointer to a SPI_HandleTypeDef structure that contains
1683:Drivers/STM32L4xx_HAL_Driver/Src/stm32l4xx_hal_spi.c ****   *               the configuration information for SPI module.
ARM GAS  /tmp/ccEksN7Z.s 			page 31


1684:Drivers/STM32L4xx_HAL_Driver/Src/stm32l4xx_hal_spi.c ****   * @param  pData pointer to data buffer
1685:Drivers/STM32L4xx_HAL_Driver/Src/stm32l4xx_hal_spi.c ****   * @param  Size amount of data to be sent
1686:Drivers/STM32L4xx_HAL_Driver/Src/stm32l4xx_hal_spi.c ****   * @retval HAL status
1687:Drivers/STM32L4xx_HAL_Driver/Src/stm32l4xx_hal_spi.c ****   */
1688:Drivers/STM32L4xx_HAL_Driver/Src/stm32l4xx_hal_spi.c **** HAL_StatusTypeDef HAL_SPI_Receive_IT(SPI_HandleTypeDef *hspi, uint8_t *pData, uint16_t Size)
1689:Drivers/STM32L4xx_HAL_Driver/Src/stm32l4xx_hal_spi.c **** {
1690:Drivers/STM32L4xx_HAL_Driver/Src/stm32l4xx_hal_spi.c ****   HAL_StatusTypeDef errorcode = HAL_OK;
1691:Drivers/STM32L4xx_HAL_Driver/Src/stm32l4xx_hal_spi.c **** 
1692:Drivers/STM32L4xx_HAL_Driver/Src/stm32l4xx_hal_spi.c **** 
1693:Drivers/STM32L4xx_HAL_Driver/Src/stm32l4xx_hal_spi.c ****   if (hspi->State != HAL_SPI_STATE_READY)
1694:Drivers/STM32L4xx_HAL_Driver/Src/stm32l4xx_hal_spi.c ****   {
1695:Drivers/STM32L4xx_HAL_Driver/Src/stm32l4xx_hal_spi.c ****     errorcode = HAL_BUSY;
1696:Drivers/STM32L4xx_HAL_Driver/Src/stm32l4xx_hal_spi.c ****     goto error;
1697:Drivers/STM32L4xx_HAL_Driver/Src/stm32l4xx_hal_spi.c ****   }
1698:Drivers/STM32L4xx_HAL_Driver/Src/stm32l4xx_hal_spi.c **** 
1699:Drivers/STM32L4xx_HAL_Driver/Src/stm32l4xx_hal_spi.c ****   if ((hspi->Init.Direction == SPI_DIRECTION_2LINES) && (hspi->Init.Mode == SPI_MODE_MASTER))
1700:Drivers/STM32L4xx_HAL_Driver/Src/stm32l4xx_hal_spi.c ****   {
1701:Drivers/STM32L4xx_HAL_Driver/Src/stm32l4xx_hal_spi.c ****     hspi->State = HAL_SPI_STATE_BUSY_RX;
1702:Drivers/STM32L4xx_HAL_Driver/Src/stm32l4xx_hal_spi.c ****     /* Call transmit-receive function to send Dummy data on Tx line and generate clock on CLK line 
1703:Drivers/STM32L4xx_HAL_Driver/Src/stm32l4xx_hal_spi.c ****     return HAL_SPI_TransmitReceive_IT(hspi, pData, pData, Size);
1704:Drivers/STM32L4xx_HAL_Driver/Src/stm32l4xx_hal_spi.c ****   }
1705:Drivers/STM32L4xx_HAL_Driver/Src/stm32l4xx_hal_spi.c **** 
1706:Drivers/STM32L4xx_HAL_Driver/Src/stm32l4xx_hal_spi.c **** 
1707:Drivers/STM32L4xx_HAL_Driver/Src/stm32l4xx_hal_spi.c ****   if ((pData == NULL) || (Size == 0U))
1708:Drivers/STM32L4xx_HAL_Driver/Src/stm32l4xx_hal_spi.c ****   {
1709:Drivers/STM32L4xx_HAL_Driver/Src/stm32l4xx_hal_spi.c ****     errorcode = HAL_ERROR;
1710:Drivers/STM32L4xx_HAL_Driver/Src/stm32l4xx_hal_spi.c ****     goto error;
1711:Drivers/STM32L4xx_HAL_Driver/Src/stm32l4xx_hal_spi.c ****   }
1712:Drivers/STM32L4xx_HAL_Driver/Src/stm32l4xx_hal_spi.c **** 
1713:Drivers/STM32L4xx_HAL_Driver/Src/stm32l4xx_hal_spi.c ****   /* Process Locked */
1714:Drivers/STM32L4xx_HAL_Driver/Src/stm32l4xx_hal_spi.c ****   __HAL_LOCK(hspi);
1715:Drivers/STM32L4xx_HAL_Driver/Src/stm32l4xx_hal_spi.c **** 
1716:Drivers/STM32L4xx_HAL_Driver/Src/stm32l4xx_hal_spi.c ****   /* Set the transaction information */
1717:Drivers/STM32L4xx_HAL_Driver/Src/stm32l4xx_hal_spi.c ****   hspi->State       = HAL_SPI_STATE_BUSY_RX;
1718:Drivers/STM32L4xx_HAL_Driver/Src/stm32l4xx_hal_spi.c ****   hspi->ErrorCode   = HAL_SPI_ERROR_NONE;
1719:Drivers/STM32L4xx_HAL_Driver/Src/stm32l4xx_hal_spi.c ****   hspi->pRxBuffPtr  = (uint8_t *)pData;
1720:Drivers/STM32L4xx_HAL_Driver/Src/stm32l4xx_hal_spi.c ****   hspi->RxXferSize  = Size;
1721:Drivers/STM32L4xx_HAL_Driver/Src/stm32l4xx_hal_spi.c ****   hspi->RxXferCount = Size;
1722:Drivers/STM32L4xx_HAL_Driver/Src/stm32l4xx_hal_spi.c **** 
1723:Drivers/STM32L4xx_HAL_Driver/Src/stm32l4xx_hal_spi.c ****   /* Init field not used in handle to zero */
1724:Drivers/STM32L4xx_HAL_Driver/Src/stm32l4xx_hal_spi.c ****   hspi->pTxBuffPtr  = (uint8_t *)NULL;
1725:Drivers/STM32L4xx_HAL_Driver/Src/stm32l4xx_hal_spi.c ****   hspi->TxXferSize  = 0U;
1726:Drivers/STM32L4xx_HAL_Driver/Src/stm32l4xx_hal_spi.c ****   hspi->TxXferCount = 0U;
1727:Drivers/STM32L4xx_HAL_Driver/Src/stm32l4xx_hal_spi.c ****   hspi->TxISR       = NULL;
1728:Drivers/STM32L4xx_HAL_Driver/Src/stm32l4xx_hal_spi.c **** 
1729:Drivers/STM32L4xx_HAL_Driver/Src/stm32l4xx_hal_spi.c ****   /* Check the data size to adapt Rx threshold and the set the function for IT treatment */
1730:Drivers/STM32L4xx_HAL_Driver/Src/stm32l4xx_hal_spi.c ****   if (hspi->Init.DataSize > SPI_DATASIZE_8BIT)
1731:Drivers/STM32L4xx_HAL_Driver/Src/stm32l4xx_hal_spi.c ****   {
1732:Drivers/STM32L4xx_HAL_Driver/Src/stm32l4xx_hal_spi.c ****     /* Set RX Fifo threshold according the reception data length: 16 bit */
1733:Drivers/STM32L4xx_HAL_Driver/Src/stm32l4xx_hal_spi.c ****     CLEAR_BIT(hspi->Instance->CR2, SPI_RXFIFO_THRESHOLD);
1734:Drivers/STM32L4xx_HAL_Driver/Src/stm32l4xx_hal_spi.c ****     hspi->RxISR = SPI_RxISR_16BIT;
1735:Drivers/STM32L4xx_HAL_Driver/Src/stm32l4xx_hal_spi.c ****   }
1736:Drivers/STM32L4xx_HAL_Driver/Src/stm32l4xx_hal_spi.c ****   else
1737:Drivers/STM32L4xx_HAL_Driver/Src/stm32l4xx_hal_spi.c ****   {
1738:Drivers/STM32L4xx_HAL_Driver/Src/stm32l4xx_hal_spi.c ****     /* Set RX Fifo threshold according the reception data length: 8 bit */
1739:Drivers/STM32L4xx_HAL_Driver/Src/stm32l4xx_hal_spi.c ****     SET_BIT(hspi->Instance->CR2, SPI_RXFIFO_THRESHOLD);
1740:Drivers/STM32L4xx_HAL_Driver/Src/stm32l4xx_hal_spi.c ****     hspi->RxISR = SPI_RxISR_8BIT;
ARM GAS  /tmp/ccEksN7Z.s 			page 32


1741:Drivers/STM32L4xx_HAL_Driver/Src/stm32l4xx_hal_spi.c ****   }
1742:Drivers/STM32L4xx_HAL_Driver/Src/stm32l4xx_hal_spi.c **** 
1743:Drivers/STM32L4xx_HAL_Driver/Src/stm32l4xx_hal_spi.c ****   /* Configure communication direction : 1Line */
1744:Drivers/STM32L4xx_HAL_Driver/Src/stm32l4xx_hal_spi.c ****   if (hspi->Init.Direction == SPI_DIRECTION_1LINE)
1745:Drivers/STM32L4xx_HAL_Driver/Src/stm32l4xx_hal_spi.c ****   {
1746:Drivers/STM32L4xx_HAL_Driver/Src/stm32l4xx_hal_spi.c ****     /* Disable SPI Peripheral before set 1Line direction (BIDIOE bit) */
1747:Drivers/STM32L4xx_HAL_Driver/Src/stm32l4xx_hal_spi.c ****     __HAL_SPI_DISABLE(hspi);
1748:Drivers/STM32L4xx_HAL_Driver/Src/stm32l4xx_hal_spi.c ****     SPI_1LINE_RX(hspi);
1749:Drivers/STM32L4xx_HAL_Driver/Src/stm32l4xx_hal_spi.c ****   }
1750:Drivers/STM32L4xx_HAL_Driver/Src/stm32l4xx_hal_spi.c **** 
1751:Drivers/STM32L4xx_HAL_Driver/Src/stm32l4xx_hal_spi.c **** #if (USE_SPI_CRC != 0U)
1752:Drivers/STM32L4xx_HAL_Driver/Src/stm32l4xx_hal_spi.c ****   /* Reset CRC Calculation */
1753:Drivers/STM32L4xx_HAL_Driver/Src/stm32l4xx_hal_spi.c ****   if (hspi->Init.CRCCalculation == SPI_CRCCALCULATION_ENABLE)
1754:Drivers/STM32L4xx_HAL_Driver/Src/stm32l4xx_hal_spi.c ****   {
1755:Drivers/STM32L4xx_HAL_Driver/Src/stm32l4xx_hal_spi.c ****     hspi->CRCSize = 1U;
1756:Drivers/STM32L4xx_HAL_Driver/Src/stm32l4xx_hal_spi.c ****     if ((hspi->Init.DataSize <= SPI_DATASIZE_8BIT) && (hspi->Init.CRCLength == SPI_CRC_LENGTH_16BIT
1757:Drivers/STM32L4xx_HAL_Driver/Src/stm32l4xx_hal_spi.c ****     {
1758:Drivers/STM32L4xx_HAL_Driver/Src/stm32l4xx_hal_spi.c ****       hspi->CRCSize = 2U;
1759:Drivers/STM32L4xx_HAL_Driver/Src/stm32l4xx_hal_spi.c ****     }
1760:Drivers/STM32L4xx_HAL_Driver/Src/stm32l4xx_hal_spi.c ****     SPI_RESET_CRC(hspi);
1761:Drivers/STM32L4xx_HAL_Driver/Src/stm32l4xx_hal_spi.c ****   }
1762:Drivers/STM32L4xx_HAL_Driver/Src/stm32l4xx_hal_spi.c ****   else
1763:Drivers/STM32L4xx_HAL_Driver/Src/stm32l4xx_hal_spi.c ****   {
1764:Drivers/STM32L4xx_HAL_Driver/Src/stm32l4xx_hal_spi.c ****     hspi->CRCSize = 0U;
1765:Drivers/STM32L4xx_HAL_Driver/Src/stm32l4xx_hal_spi.c ****   }
1766:Drivers/STM32L4xx_HAL_Driver/Src/stm32l4xx_hal_spi.c **** #endif /* USE_SPI_CRC */
1767:Drivers/STM32L4xx_HAL_Driver/Src/stm32l4xx_hal_spi.c **** 
1768:Drivers/STM32L4xx_HAL_Driver/Src/stm32l4xx_hal_spi.c ****   /* Note : The SPI must be enabled after unlocking current process
1769:Drivers/STM32L4xx_HAL_Driver/Src/stm32l4xx_hal_spi.c ****             to avoid the risk of SPI interrupt handle execution before current
1770:Drivers/STM32L4xx_HAL_Driver/Src/stm32l4xx_hal_spi.c ****             process unlock */
1771:Drivers/STM32L4xx_HAL_Driver/Src/stm32l4xx_hal_spi.c **** 
1772:Drivers/STM32L4xx_HAL_Driver/Src/stm32l4xx_hal_spi.c ****   /* Check if the SPI is already enabled */
1773:Drivers/STM32L4xx_HAL_Driver/Src/stm32l4xx_hal_spi.c ****   if ((hspi->Instance->CR1 & SPI_CR1_SPE) != SPI_CR1_SPE)
1774:Drivers/STM32L4xx_HAL_Driver/Src/stm32l4xx_hal_spi.c ****   {
1775:Drivers/STM32L4xx_HAL_Driver/Src/stm32l4xx_hal_spi.c ****     /* Enable SPI peripheral */
1776:Drivers/STM32L4xx_HAL_Driver/Src/stm32l4xx_hal_spi.c ****     __HAL_SPI_ENABLE(hspi);
1777:Drivers/STM32L4xx_HAL_Driver/Src/stm32l4xx_hal_spi.c ****   }
1778:Drivers/STM32L4xx_HAL_Driver/Src/stm32l4xx_hal_spi.c **** 
1779:Drivers/STM32L4xx_HAL_Driver/Src/stm32l4xx_hal_spi.c ****   /* Process Unlocked */
1780:Drivers/STM32L4xx_HAL_Driver/Src/stm32l4xx_hal_spi.c ****   __HAL_UNLOCK(hspi);
1781:Drivers/STM32L4xx_HAL_Driver/Src/stm32l4xx_hal_spi.c ****   /* Enable RXNE and ERR interrupt */
1782:Drivers/STM32L4xx_HAL_Driver/Src/stm32l4xx_hal_spi.c ****   __HAL_SPI_ENABLE_IT(hspi, (SPI_IT_RXNE | SPI_IT_ERR));
1783:Drivers/STM32L4xx_HAL_Driver/Src/stm32l4xx_hal_spi.c **** 
1784:Drivers/STM32L4xx_HAL_Driver/Src/stm32l4xx_hal_spi.c **** error :
1785:Drivers/STM32L4xx_HAL_Driver/Src/stm32l4xx_hal_spi.c ****   return errorcode;
1786:Drivers/STM32L4xx_HAL_Driver/Src/stm32l4xx_hal_spi.c **** }
1787:Drivers/STM32L4xx_HAL_Driver/Src/stm32l4xx_hal_spi.c **** 
1788:Drivers/STM32L4xx_HAL_Driver/Src/stm32l4xx_hal_spi.c **** /**
1789:Drivers/STM32L4xx_HAL_Driver/Src/stm32l4xx_hal_spi.c ****   * @brief  Transmit and Receive an amount of data in non-blocking mode with Interrupt.
1790:Drivers/STM32L4xx_HAL_Driver/Src/stm32l4xx_hal_spi.c ****   * @param  hspi pointer to a SPI_HandleTypeDef structure that contains
1791:Drivers/STM32L4xx_HAL_Driver/Src/stm32l4xx_hal_spi.c ****   *               the configuration information for SPI module.
1792:Drivers/STM32L4xx_HAL_Driver/Src/stm32l4xx_hal_spi.c ****   * @param  pTxData pointer to transmission data buffer
1793:Drivers/STM32L4xx_HAL_Driver/Src/stm32l4xx_hal_spi.c ****   * @param  pRxData pointer to reception data buffer
1794:Drivers/STM32L4xx_HAL_Driver/Src/stm32l4xx_hal_spi.c ****   * @param  Size amount of data to be sent and received
1795:Drivers/STM32L4xx_HAL_Driver/Src/stm32l4xx_hal_spi.c ****   * @retval HAL status
1796:Drivers/STM32L4xx_HAL_Driver/Src/stm32l4xx_hal_spi.c ****   */
1797:Drivers/STM32L4xx_HAL_Driver/Src/stm32l4xx_hal_spi.c **** HAL_StatusTypeDef HAL_SPI_TransmitReceive_IT(SPI_HandleTypeDef *hspi, uint8_t *pTxData, uint8_t *pR
ARM GAS  /tmp/ccEksN7Z.s 			page 33


1798:Drivers/STM32L4xx_HAL_Driver/Src/stm32l4xx_hal_spi.c **** {
1799:Drivers/STM32L4xx_HAL_Driver/Src/stm32l4xx_hal_spi.c ****   uint32_t             tmp_mode;
1800:Drivers/STM32L4xx_HAL_Driver/Src/stm32l4xx_hal_spi.c ****   HAL_SPI_StateTypeDef tmp_state;
1801:Drivers/STM32L4xx_HAL_Driver/Src/stm32l4xx_hal_spi.c ****   HAL_StatusTypeDef    errorcode = HAL_OK;
1802:Drivers/STM32L4xx_HAL_Driver/Src/stm32l4xx_hal_spi.c **** 
1803:Drivers/STM32L4xx_HAL_Driver/Src/stm32l4xx_hal_spi.c ****   /* Check Direction parameter */
1804:Drivers/STM32L4xx_HAL_Driver/Src/stm32l4xx_hal_spi.c ****   assert_param(IS_SPI_DIRECTION_2LINES(hspi->Init.Direction));
1805:Drivers/STM32L4xx_HAL_Driver/Src/stm32l4xx_hal_spi.c **** 
1806:Drivers/STM32L4xx_HAL_Driver/Src/stm32l4xx_hal_spi.c ****   /* Init temporary variables */
1807:Drivers/STM32L4xx_HAL_Driver/Src/stm32l4xx_hal_spi.c ****   tmp_state           = hspi->State;
1808:Drivers/STM32L4xx_HAL_Driver/Src/stm32l4xx_hal_spi.c ****   tmp_mode            = hspi->Init.Mode;
1809:Drivers/STM32L4xx_HAL_Driver/Src/stm32l4xx_hal_spi.c **** 
1810:Drivers/STM32L4xx_HAL_Driver/Src/stm32l4xx_hal_spi.c ****   if (!((tmp_state == HAL_SPI_STATE_READY) || \
1811:Drivers/STM32L4xx_HAL_Driver/Src/stm32l4xx_hal_spi.c ****         ((tmp_mode == SPI_MODE_MASTER) && (hspi->Init.Direction == SPI_DIRECTION_2LINES) && (tmp_st
1812:Drivers/STM32L4xx_HAL_Driver/Src/stm32l4xx_hal_spi.c ****   {
1813:Drivers/STM32L4xx_HAL_Driver/Src/stm32l4xx_hal_spi.c ****     errorcode = HAL_BUSY;
1814:Drivers/STM32L4xx_HAL_Driver/Src/stm32l4xx_hal_spi.c ****     goto error;
1815:Drivers/STM32L4xx_HAL_Driver/Src/stm32l4xx_hal_spi.c ****   }
1816:Drivers/STM32L4xx_HAL_Driver/Src/stm32l4xx_hal_spi.c **** 
1817:Drivers/STM32L4xx_HAL_Driver/Src/stm32l4xx_hal_spi.c ****   if ((pTxData == NULL) || (pRxData == NULL) || (Size == 0U))
1818:Drivers/STM32L4xx_HAL_Driver/Src/stm32l4xx_hal_spi.c ****   {
1819:Drivers/STM32L4xx_HAL_Driver/Src/stm32l4xx_hal_spi.c ****     errorcode = HAL_ERROR;
1820:Drivers/STM32L4xx_HAL_Driver/Src/stm32l4xx_hal_spi.c ****     goto error;
1821:Drivers/STM32L4xx_HAL_Driver/Src/stm32l4xx_hal_spi.c ****   }
1822:Drivers/STM32L4xx_HAL_Driver/Src/stm32l4xx_hal_spi.c **** 
1823:Drivers/STM32L4xx_HAL_Driver/Src/stm32l4xx_hal_spi.c ****   /* Process locked */
1824:Drivers/STM32L4xx_HAL_Driver/Src/stm32l4xx_hal_spi.c ****   __HAL_LOCK(hspi);
1825:Drivers/STM32L4xx_HAL_Driver/Src/stm32l4xx_hal_spi.c **** 
1826:Drivers/STM32L4xx_HAL_Driver/Src/stm32l4xx_hal_spi.c ****   /* Don't overwrite in case of HAL_SPI_STATE_BUSY_RX */
1827:Drivers/STM32L4xx_HAL_Driver/Src/stm32l4xx_hal_spi.c ****   if (hspi->State != HAL_SPI_STATE_BUSY_RX)
1828:Drivers/STM32L4xx_HAL_Driver/Src/stm32l4xx_hal_spi.c ****   {
1829:Drivers/STM32L4xx_HAL_Driver/Src/stm32l4xx_hal_spi.c ****     hspi->State = HAL_SPI_STATE_BUSY_TX_RX;
1830:Drivers/STM32L4xx_HAL_Driver/Src/stm32l4xx_hal_spi.c ****   }
1831:Drivers/STM32L4xx_HAL_Driver/Src/stm32l4xx_hal_spi.c **** 
1832:Drivers/STM32L4xx_HAL_Driver/Src/stm32l4xx_hal_spi.c ****   /* Set the transaction information */
1833:Drivers/STM32L4xx_HAL_Driver/Src/stm32l4xx_hal_spi.c ****   hspi->ErrorCode   = HAL_SPI_ERROR_NONE;
1834:Drivers/STM32L4xx_HAL_Driver/Src/stm32l4xx_hal_spi.c ****   hspi->pTxBuffPtr  = (uint8_t *)pTxData;
1835:Drivers/STM32L4xx_HAL_Driver/Src/stm32l4xx_hal_spi.c ****   hspi->TxXferSize  = Size;
1836:Drivers/STM32L4xx_HAL_Driver/Src/stm32l4xx_hal_spi.c ****   hspi->TxXferCount = Size;
1837:Drivers/STM32L4xx_HAL_Driver/Src/stm32l4xx_hal_spi.c ****   hspi->pRxBuffPtr  = (uint8_t *)pRxData;
1838:Drivers/STM32L4xx_HAL_Driver/Src/stm32l4xx_hal_spi.c ****   hspi->RxXferSize  = Size;
1839:Drivers/STM32L4xx_HAL_Driver/Src/stm32l4xx_hal_spi.c ****   hspi->RxXferCount = Size;
1840:Drivers/STM32L4xx_HAL_Driver/Src/stm32l4xx_hal_spi.c **** 
1841:Drivers/STM32L4xx_HAL_Driver/Src/stm32l4xx_hal_spi.c ****   /* Set the function for IT treatment */
1842:Drivers/STM32L4xx_HAL_Driver/Src/stm32l4xx_hal_spi.c ****   if (hspi->Init.DataSize > SPI_DATASIZE_8BIT)
1843:Drivers/STM32L4xx_HAL_Driver/Src/stm32l4xx_hal_spi.c ****   {
1844:Drivers/STM32L4xx_HAL_Driver/Src/stm32l4xx_hal_spi.c ****     hspi->RxISR     = SPI_2linesRxISR_16BIT;
1845:Drivers/STM32L4xx_HAL_Driver/Src/stm32l4xx_hal_spi.c ****     hspi->TxISR     = SPI_2linesTxISR_16BIT;
1846:Drivers/STM32L4xx_HAL_Driver/Src/stm32l4xx_hal_spi.c ****   }
1847:Drivers/STM32L4xx_HAL_Driver/Src/stm32l4xx_hal_spi.c ****   else
1848:Drivers/STM32L4xx_HAL_Driver/Src/stm32l4xx_hal_spi.c ****   {
1849:Drivers/STM32L4xx_HAL_Driver/Src/stm32l4xx_hal_spi.c ****     hspi->RxISR     = SPI_2linesRxISR_8BIT;
1850:Drivers/STM32L4xx_HAL_Driver/Src/stm32l4xx_hal_spi.c ****     hspi->TxISR     = SPI_2linesTxISR_8BIT;
1851:Drivers/STM32L4xx_HAL_Driver/Src/stm32l4xx_hal_spi.c ****   }
1852:Drivers/STM32L4xx_HAL_Driver/Src/stm32l4xx_hal_spi.c **** 
1853:Drivers/STM32L4xx_HAL_Driver/Src/stm32l4xx_hal_spi.c **** #if (USE_SPI_CRC != 0U)
1854:Drivers/STM32L4xx_HAL_Driver/Src/stm32l4xx_hal_spi.c ****   /* Reset CRC Calculation */
ARM GAS  /tmp/ccEksN7Z.s 			page 34


1855:Drivers/STM32L4xx_HAL_Driver/Src/stm32l4xx_hal_spi.c ****   if (hspi->Init.CRCCalculation == SPI_CRCCALCULATION_ENABLE)
1856:Drivers/STM32L4xx_HAL_Driver/Src/stm32l4xx_hal_spi.c ****   {
1857:Drivers/STM32L4xx_HAL_Driver/Src/stm32l4xx_hal_spi.c ****     hspi->CRCSize = 1U;
1858:Drivers/STM32L4xx_HAL_Driver/Src/stm32l4xx_hal_spi.c ****     if ((hspi->Init.DataSize <= SPI_DATASIZE_8BIT) && (hspi->Init.CRCLength == SPI_CRC_LENGTH_16BIT
1859:Drivers/STM32L4xx_HAL_Driver/Src/stm32l4xx_hal_spi.c ****     {
1860:Drivers/STM32L4xx_HAL_Driver/Src/stm32l4xx_hal_spi.c ****       hspi->CRCSize = 2U;
1861:Drivers/STM32L4xx_HAL_Driver/Src/stm32l4xx_hal_spi.c ****     }
1862:Drivers/STM32L4xx_HAL_Driver/Src/stm32l4xx_hal_spi.c ****     SPI_RESET_CRC(hspi);
1863:Drivers/STM32L4xx_HAL_Driver/Src/stm32l4xx_hal_spi.c ****   }
1864:Drivers/STM32L4xx_HAL_Driver/Src/stm32l4xx_hal_spi.c ****   else
1865:Drivers/STM32L4xx_HAL_Driver/Src/stm32l4xx_hal_spi.c ****   {
1866:Drivers/STM32L4xx_HAL_Driver/Src/stm32l4xx_hal_spi.c ****     hspi->CRCSize = 0U;
1867:Drivers/STM32L4xx_HAL_Driver/Src/stm32l4xx_hal_spi.c ****   }
1868:Drivers/STM32L4xx_HAL_Driver/Src/stm32l4xx_hal_spi.c **** #endif /* USE_SPI_CRC */
1869:Drivers/STM32L4xx_HAL_Driver/Src/stm32l4xx_hal_spi.c **** 
1870:Drivers/STM32L4xx_HAL_Driver/Src/stm32l4xx_hal_spi.c ****   /* Check if packing mode is enabled and if there is more than 2 data to receive */
1871:Drivers/STM32L4xx_HAL_Driver/Src/stm32l4xx_hal_spi.c ****   if ((hspi->Init.DataSize > SPI_DATASIZE_8BIT) || (Size >= 2U))
1872:Drivers/STM32L4xx_HAL_Driver/Src/stm32l4xx_hal_spi.c ****   {
1873:Drivers/STM32L4xx_HAL_Driver/Src/stm32l4xx_hal_spi.c ****     /* Set RX Fifo threshold according the reception data length: 16 bit */
1874:Drivers/STM32L4xx_HAL_Driver/Src/stm32l4xx_hal_spi.c ****     CLEAR_BIT(hspi->Instance->CR2, SPI_RXFIFO_THRESHOLD);
1875:Drivers/STM32L4xx_HAL_Driver/Src/stm32l4xx_hal_spi.c ****   }
1876:Drivers/STM32L4xx_HAL_Driver/Src/stm32l4xx_hal_spi.c ****   else
1877:Drivers/STM32L4xx_HAL_Driver/Src/stm32l4xx_hal_spi.c ****   {
1878:Drivers/STM32L4xx_HAL_Driver/Src/stm32l4xx_hal_spi.c ****     /* Set RX Fifo threshold according the reception data length: 8 bit */
1879:Drivers/STM32L4xx_HAL_Driver/Src/stm32l4xx_hal_spi.c ****     SET_BIT(hspi->Instance->CR2, SPI_RXFIFO_THRESHOLD);
1880:Drivers/STM32L4xx_HAL_Driver/Src/stm32l4xx_hal_spi.c ****   }
1881:Drivers/STM32L4xx_HAL_Driver/Src/stm32l4xx_hal_spi.c **** 
1882:Drivers/STM32L4xx_HAL_Driver/Src/stm32l4xx_hal_spi.c **** 
1883:Drivers/STM32L4xx_HAL_Driver/Src/stm32l4xx_hal_spi.c ****   /* Check if the SPI is already enabled */
1884:Drivers/STM32L4xx_HAL_Driver/Src/stm32l4xx_hal_spi.c ****   if ((hspi->Instance->CR1 & SPI_CR1_SPE) != SPI_CR1_SPE)
1885:Drivers/STM32L4xx_HAL_Driver/Src/stm32l4xx_hal_spi.c ****   {
1886:Drivers/STM32L4xx_HAL_Driver/Src/stm32l4xx_hal_spi.c ****     /* Enable SPI peripheral */
1887:Drivers/STM32L4xx_HAL_Driver/Src/stm32l4xx_hal_spi.c ****     __HAL_SPI_ENABLE(hspi);
1888:Drivers/STM32L4xx_HAL_Driver/Src/stm32l4xx_hal_spi.c ****   }
1889:Drivers/STM32L4xx_HAL_Driver/Src/stm32l4xx_hal_spi.c **** 
1890:Drivers/STM32L4xx_HAL_Driver/Src/stm32l4xx_hal_spi.c ****   /* Process Unlocked */
1891:Drivers/STM32L4xx_HAL_Driver/Src/stm32l4xx_hal_spi.c ****   __HAL_UNLOCK(hspi);
1892:Drivers/STM32L4xx_HAL_Driver/Src/stm32l4xx_hal_spi.c ****   /* Enable TXE, RXNE and ERR interrupt */
1893:Drivers/STM32L4xx_HAL_Driver/Src/stm32l4xx_hal_spi.c ****   __HAL_SPI_ENABLE_IT(hspi, (SPI_IT_TXE | SPI_IT_RXNE | SPI_IT_ERR));
1894:Drivers/STM32L4xx_HAL_Driver/Src/stm32l4xx_hal_spi.c **** 
1895:Drivers/STM32L4xx_HAL_Driver/Src/stm32l4xx_hal_spi.c **** error :
1896:Drivers/STM32L4xx_HAL_Driver/Src/stm32l4xx_hal_spi.c ****   return errorcode;
1897:Drivers/STM32L4xx_HAL_Driver/Src/stm32l4xx_hal_spi.c **** }
1898:Drivers/STM32L4xx_HAL_Driver/Src/stm32l4xx_hal_spi.c **** 
1899:Drivers/STM32L4xx_HAL_Driver/Src/stm32l4xx_hal_spi.c **** /**
1900:Drivers/STM32L4xx_HAL_Driver/Src/stm32l4xx_hal_spi.c ****   * @brief  Transmit an amount of data in non-blocking mode with DMA.
1901:Drivers/STM32L4xx_HAL_Driver/Src/stm32l4xx_hal_spi.c ****   * @param  hspi pointer to a SPI_HandleTypeDef structure that contains
1902:Drivers/STM32L4xx_HAL_Driver/Src/stm32l4xx_hal_spi.c ****   *               the configuration information for SPI module.
1903:Drivers/STM32L4xx_HAL_Driver/Src/stm32l4xx_hal_spi.c ****   * @param  pData pointer to data buffer
1904:Drivers/STM32L4xx_HAL_Driver/Src/stm32l4xx_hal_spi.c ****   * @param  Size amount of data to be sent
1905:Drivers/STM32L4xx_HAL_Driver/Src/stm32l4xx_hal_spi.c ****   * @retval HAL status
1906:Drivers/STM32L4xx_HAL_Driver/Src/stm32l4xx_hal_spi.c ****   */
1907:Drivers/STM32L4xx_HAL_Driver/Src/stm32l4xx_hal_spi.c **** HAL_StatusTypeDef HAL_SPI_Transmit_DMA(SPI_HandleTypeDef *hspi, uint8_t *pData, uint16_t Size)
1908:Drivers/STM32L4xx_HAL_Driver/Src/stm32l4xx_hal_spi.c **** {
1909:Drivers/STM32L4xx_HAL_Driver/Src/stm32l4xx_hal_spi.c ****   HAL_StatusTypeDef errorcode = HAL_OK;
1910:Drivers/STM32L4xx_HAL_Driver/Src/stm32l4xx_hal_spi.c **** 
1911:Drivers/STM32L4xx_HAL_Driver/Src/stm32l4xx_hal_spi.c ****   /* Check tx dma handle */
ARM GAS  /tmp/ccEksN7Z.s 			page 35


1912:Drivers/STM32L4xx_HAL_Driver/Src/stm32l4xx_hal_spi.c ****   assert_param(IS_SPI_DMA_HANDLE(hspi->hdmatx));
1913:Drivers/STM32L4xx_HAL_Driver/Src/stm32l4xx_hal_spi.c **** 
1914:Drivers/STM32L4xx_HAL_Driver/Src/stm32l4xx_hal_spi.c ****   /* Check Direction parameter */
1915:Drivers/STM32L4xx_HAL_Driver/Src/stm32l4xx_hal_spi.c ****   assert_param(IS_SPI_DIRECTION_2LINES_OR_1LINE(hspi->Init.Direction));
1916:Drivers/STM32L4xx_HAL_Driver/Src/stm32l4xx_hal_spi.c **** 
1917:Drivers/STM32L4xx_HAL_Driver/Src/stm32l4xx_hal_spi.c ****   /* Process Locked */
1918:Drivers/STM32L4xx_HAL_Driver/Src/stm32l4xx_hal_spi.c ****   __HAL_LOCK(hspi);
1919:Drivers/STM32L4xx_HAL_Driver/Src/stm32l4xx_hal_spi.c **** 
1920:Drivers/STM32L4xx_HAL_Driver/Src/stm32l4xx_hal_spi.c ****   if (hspi->State != HAL_SPI_STATE_READY)
1921:Drivers/STM32L4xx_HAL_Driver/Src/stm32l4xx_hal_spi.c ****   {
1922:Drivers/STM32L4xx_HAL_Driver/Src/stm32l4xx_hal_spi.c ****     errorcode = HAL_BUSY;
1923:Drivers/STM32L4xx_HAL_Driver/Src/stm32l4xx_hal_spi.c ****     goto error;
1924:Drivers/STM32L4xx_HAL_Driver/Src/stm32l4xx_hal_spi.c ****   }
1925:Drivers/STM32L4xx_HAL_Driver/Src/stm32l4xx_hal_spi.c **** 
1926:Drivers/STM32L4xx_HAL_Driver/Src/stm32l4xx_hal_spi.c ****   if ((pData == NULL) || (Size == 0U))
1927:Drivers/STM32L4xx_HAL_Driver/Src/stm32l4xx_hal_spi.c ****   {
1928:Drivers/STM32L4xx_HAL_Driver/Src/stm32l4xx_hal_spi.c ****     errorcode = HAL_ERROR;
1929:Drivers/STM32L4xx_HAL_Driver/Src/stm32l4xx_hal_spi.c ****     goto error;
1930:Drivers/STM32L4xx_HAL_Driver/Src/stm32l4xx_hal_spi.c ****   }
1931:Drivers/STM32L4xx_HAL_Driver/Src/stm32l4xx_hal_spi.c **** 
1932:Drivers/STM32L4xx_HAL_Driver/Src/stm32l4xx_hal_spi.c ****   /* Set the transaction information */
1933:Drivers/STM32L4xx_HAL_Driver/Src/stm32l4xx_hal_spi.c ****   hspi->State       = HAL_SPI_STATE_BUSY_TX;
1934:Drivers/STM32L4xx_HAL_Driver/Src/stm32l4xx_hal_spi.c ****   hspi->ErrorCode   = HAL_SPI_ERROR_NONE;
1935:Drivers/STM32L4xx_HAL_Driver/Src/stm32l4xx_hal_spi.c ****   hspi->pTxBuffPtr  = (uint8_t *)pData;
1936:Drivers/STM32L4xx_HAL_Driver/Src/stm32l4xx_hal_spi.c ****   hspi->TxXferSize  = Size;
1937:Drivers/STM32L4xx_HAL_Driver/Src/stm32l4xx_hal_spi.c ****   hspi->TxXferCount = Size;
1938:Drivers/STM32L4xx_HAL_Driver/Src/stm32l4xx_hal_spi.c **** 
1939:Drivers/STM32L4xx_HAL_Driver/Src/stm32l4xx_hal_spi.c ****   /* Init field not used in handle to zero */
1940:Drivers/STM32L4xx_HAL_Driver/Src/stm32l4xx_hal_spi.c ****   hspi->pRxBuffPtr  = (uint8_t *)NULL;
1941:Drivers/STM32L4xx_HAL_Driver/Src/stm32l4xx_hal_spi.c ****   hspi->TxISR       = NULL;
1942:Drivers/STM32L4xx_HAL_Driver/Src/stm32l4xx_hal_spi.c ****   hspi->RxISR       = NULL;
1943:Drivers/STM32L4xx_HAL_Driver/Src/stm32l4xx_hal_spi.c ****   hspi->RxXferSize  = 0U;
1944:Drivers/STM32L4xx_HAL_Driver/Src/stm32l4xx_hal_spi.c ****   hspi->RxXferCount = 0U;
1945:Drivers/STM32L4xx_HAL_Driver/Src/stm32l4xx_hal_spi.c **** 
1946:Drivers/STM32L4xx_HAL_Driver/Src/stm32l4xx_hal_spi.c ****   /* Configure communication direction : 1Line */
1947:Drivers/STM32L4xx_HAL_Driver/Src/stm32l4xx_hal_spi.c ****   if (hspi->Init.Direction == SPI_DIRECTION_1LINE)
1948:Drivers/STM32L4xx_HAL_Driver/Src/stm32l4xx_hal_spi.c ****   {
1949:Drivers/STM32L4xx_HAL_Driver/Src/stm32l4xx_hal_spi.c ****     /* Disable SPI Peripheral before set 1Line direction (BIDIOE bit) */
1950:Drivers/STM32L4xx_HAL_Driver/Src/stm32l4xx_hal_spi.c ****     __HAL_SPI_DISABLE(hspi);
1951:Drivers/STM32L4xx_HAL_Driver/Src/stm32l4xx_hal_spi.c ****     SPI_1LINE_TX(hspi);
1952:Drivers/STM32L4xx_HAL_Driver/Src/stm32l4xx_hal_spi.c ****   }
1953:Drivers/STM32L4xx_HAL_Driver/Src/stm32l4xx_hal_spi.c **** 
1954:Drivers/STM32L4xx_HAL_Driver/Src/stm32l4xx_hal_spi.c **** #if (USE_SPI_CRC != 0U)
1955:Drivers/STM32L4xx_HAL_Driver/Src/stm32l4xx_hal_spi.c ****   /* Reset CRC Calculation */
1956:Drivers/STM32L4xx_HAL_Driver/Src/stm32l4xx_hal_spi.c ****   if (hspi->Init.CRCCalculation == SPI_CRCCALCULATION_ENABLE)
1957:Drivers/STM32L4xx_HAL_Driver/Src/stm32l4xx_hal_spi.c ****   {
1958:Drivers/STM32L4xx_HAL_Driver/Src/stm32l4xx_hal_spi.c ****     SPI_RESET_CRC(hspi);
1959:Drivers/STM32L4xx_HAL_Driver/Src/stm32l4xx_hal_spi.c ****   }
1960:Drivers/STM32L4xx_HAL_Driver/Src/stm32l4xx_hal_spi.c **** #endif /* USE_SPI_CRC */
1961:Drivers/STM32L4xx_HAL_Driver/Src/stm32l4xx_hal_spi.c **** 
1962:Drivers/STM32L4xx_HAL_Driver/Src/stm32l4xx_hal_spi.c ****   /* Set the SPI TxDMA Half transfer complete callback */
1963:Drivers/STM32L4xx_HAL_Driver/Src/stm32l4xx_hal_spi.c ****   hspi->hdmatx->XferHalfCpltCallback = SPI_DMAHalfTransmitCplt;
1964:Drivers/STM32L4xx_HAL_Driver/Src/stm32l4xx_hal_spi.c **** 
1965:Drivers/STM32L4xx_HAL_Driver/Src/stm32l4xx_hal_spi.c ****   /* Set the SPI TxDMA transfer complete callback */
1966:Drivers/STM32L4xx_HAL_Driver/Src/stm32l4xx_hal_spi.c ****   hspi->hdmatx->XferCpltCallback = SPI_DMATransmitCplt;
1967:Drivers/STM32L4xx_HAL_Driver/Src/stm32l4xx_hal_spi.c **** 
1968:Drivers/STM32L4xx_HAL_Driver/Src/stm32l4xx_hal_spi.c ****   /* Set the DMA error callback */
ARM GAS  /tmp/ccEksN7Z.s 			page 36


1969:Drivers/STM32L4xx_HAL_Driver/Src/stm32l4xx_hal_spi.c ****   hspi->hdmatx->XferErrorCallback = SPI_DMAError;
1970:Drivers/STM32L4xx_HAL_Driver/Src/stm32l4xx_hal_spi.c **** 
1971:Drivers/STM32L4xx_HAL_Driver/Src/stm32l4xx_hal_spi.c ****   /* Set the DMA AbortCpltCallback */
1972:Drivers/STM32L4xx_HAL_Driver/Src/stm32l4xx_hal_spi.c ****   hspi->hdmatx->XferAbortCallback = NULL;
1973:Drivers/STM32L4xx_HAL_Driver/Src/stm32l4xx_hal_spi.c **** 
1974:Drivers/STM32L4xx_HAL_Driver/Src/stm32l4xx_hal_spi.c ****   CLEAR_BIT(hspi->Instance->CR2, SPI_CR2_LDMATX);
1975:Drivers/STM32L4xx_HAL_Driver/Src/stm32l4xx_hal_spi.c ****   /* Packing mode is enabled only if the DMA setting is HALWORD */
1976:Drivers/STM32L4xx_HAL_Driver/Src/stm32l4xx_hal_spi.c ****   if ((hspi->Init.DataSize <= SPI_DATASIZE_8BIT) && (hspi->hdmatx->Init.MemDataAlignment == DMA_MDA
1977:Drivers/STM32L4xx_HAL_Driver/Src/stm32l4xx_hal_spi.c ****   {
1978:Drivers/STM32L4xx_HAL_Driver/Src/stm32l4xx_hal_spi.c ****     /* Check the even/odd of the data size + crc if enabled */
1979:Drivers/STM32L4xx_HAL_Driver/Src/stm32l4xx_hal_spi.c ****     if ((hspi->TxXferCount & 0x1U) == 0U)
1980:Drivers/STM32L4xx_HAL_Driver/Src/stm32l4xx_hal_spi.c ****     {
1981:Drivers/STM32L4xx_HAL_Driver/Src/stm32l4xx_hal_spi.c ****       CLEAR_BIT(hspi->Instance->CR2, SPI_CR2_LDMATX);
1982:Drivers/STM32L4xx_HAL_Driver/Src/stm32l4xx_hal_spi.c ****       hspi->TxXferCount = (hspi->TxXferCount >> 1U);
1983:Drivers/STM32L4xx_HAL_Driver/Src/stm32l4xx_hal_spi.c ****     }
1984:Drivers/STM32L4xx_HAL_Driver/Src/stm32l4xx_hal_spi.c ****     else
1985:Drivers/STM32L4xx_HAL_Driver/Src/stm32l4xx_hal_spi.c ****     {
1986:Drivers/STM32L4xx_HAL_Driver/Src/stm32l4xx_hal_spi.c ****       SET_BIT(hspi->Instance->CR2, SPI_CR2_LDMATX);
1987:Drivers/STM32L4xx_HAL_Driver/Src/stm32l4xx_hal_spi.c ****       hspi->TxXferCount = (hspi->TxXferCount >> 1U) + 1U;
1988:Drivers/STM32L4xx_HAL_Driver/Src/stm32l4xx_hal_spi.c ****     }
1989:Drivers/STM32L4xx_HAL_Driver/Src/stm32l4xx_hal_spi.c ****   }
1990:Drivers/STM32L4xx_HAL_Driver/Src/stm32l4xx_hal_spi.c **** 
1991:Drivers/STM32L4xx_HAL_Driver/Src/stm32l4xx_hal_spi.c ****   /* Enable the Tx DMA Stream/Channel */
1992:Drivers/STM32L4xx_HAL_Driver/Src/stm32l4xx_hal_spi.c ****   if (HAL_OK != HAL_DMA_Start_IT(hspi->hdmatx, (uint32_t)hspi->pTxBuffPtr, (uint32_t)&hspi->Instanc
1993:Drivers/STM32L4xx_HAL_Driver/Src/stm32l4xx_hal_spi.c ****                                  hspi->TxXferCount))
1994:Drivers/STM32L4xx_HAL_Driver/Src/stm32l4xx_hal_spi.c ****   {
1995:Drivers/STM32L4xx_HAL_Driver/Src/stm32l4xx_hal_spi.c ****     /* Update SPI error code */
1996:Drivers/STM32L4xx_HAL_Driver/Src/stm32l4xx_hal_spi.c ****     SET_BIT(hspi->ErrorCode, HAL_SPI_ERROR_DMA);
1997:Drivers/STM32L4xx_HAL_Driver/Src/stm32l4xx_hal_spi.c ****     errorcode = HAL_ERROR;
1998:Drivers/STM32L4xx_HAL_Driver/Src/stm32l4xx_hal_spi.c **** 
1999:Drivers/STM32L4xx_HAL_Driver/Src/stm32l4xx_hal_spi.c ****     goto error;
2000:Drivers/STM32L4xx_HAL_Driver/Src/stm32l4xx_hal_spi.c ****   }
2001:Drivers/STM32L4xx_HAL_Driver/Src/stm32l4xx_hal_spi.c **** 
2002:Drivers/STM32L4xx_HAL_Driver/Src/stm32l4xx_hal_spi.c ****   /* Check if the SPI is already enabled */
2003:Drivers/STM32L4xx_HAL_Driver/Src/stm32l4xx_hal_spi.c ****   if ((hspi->Instance->CR1 & SPI_CR1_SPE) != SPI_CR1_SPE)
2004:Drivers/STM32L4xx_HAL_Driver/Src/stm32l4xx_hal_spi.c ****   {
2005:Drivers/STM32L4xx_HAL_Driver/Src/stm32l4xx_hal_spi.c ****     /* Enable SPI peripheral */
2006:Drivers/STM32L4xx_HAL_Driver/Src/stm32l4xx_hal_spi.c ****     __HAL_SPI_ENABLE(hspi);
2007:Drivers/STM32L4xx_HAL_Driver/Src/stm32l4xx_hal_spi.c ****   }
2008:Drivers/STM32L4xx_HAL_Driver/Src/stm32l4xx_hal_spi.c **** 
2009:Drivers/STM32L4xx_HAL_Driver/Src/stm32l4xx_hal_spi.c ****   /* Enable the SPI Error Interrupt Bit */
2010:Drivers/STM32L4xx_HAL_Driver/Src/stm32l4xx_hal_spi.c ****   __HAL_SPI_ENABLE_IT(hspi, (SPI_IT_ERR));
2011:Drivers/STM32L4xx_HAL_Driver/Src/stm32l4xx_hal_spi.c **** 
2012:Drivers/STM32L4xx_HAL_Driver/Src/stm32l4xx_hal_spi.c ****   /* Enable Tx DMA Request */
2013:Drivers/STM32L4xx_HAL_Driver/Src/stm32l4xx_hal_spi.c ****   SET_BIT(hspi->Instance->CR2, SPI_CR2_TXDMAEN);
2014:Drivers/STM32L4xx_HAL_Driver/Src/stm32l4xx_hal_spi.c **** 
2015:Drivers/STM32L4xx_HAL_Driver/Src/stm32l4xx_hal_spi.c **** error :
2016:Drivers/STM32L4xx_HAL_Driver/Src/stm32l4xx_hal_spi.c ****   /* Process Unlocked */
2017:Drivers/STM32L4xx_HAL_Driver/Src/stm32l4xx_hal_spi.c ****   __HAL_UNLOCK(hspi);
2018:Drivers/STM32L4xx_HAL_Driver/Src/stm32l4xx_hal_spi.c ****   return errorcode;
2019:Drivers/STM32L4xx_HAL_Driver/Src/stm32l4xx_hal_spi.c **** }
2020:Drivers/STM32L4xx_HAL_Driver/Src/stm32l4xx_hal_spi.c **** 
2021:Drivers/STM32L4xx_HAL_Driver/Src/stm32l4xx_hal_spi.c **** /**
2022:Drivers/STM32L4xx_HAL_Driver/Src/stm32l4xx_hal_spi.c ****   * @brief  Receive an amount of data in non-blocking mode with DMA.
2023:Drivers/STM32L4xx_HAL_Driver/Src/stm32l4xx_hal_spi.c ****   * @note   In case of MASTER mode and SPI_DIRECTION_2LINES direction, hdmatx shall be defined.
2024:Drivers/STM32L4xx_HAL_Driver/Src/stm32l4xx_hal_spi.c ****   * @param  hspi pointer to a SPI_HandleTypeDef structure that contains
2025:Drivers/STM32L4xx_HAL_Driver/Src/stm32l4xx_hal_spi.c ****   *               the configuration information for SPI module.
ARM GAS  /tmp/ccEksN7Z.s 			page 37


2026:Drivers/STM32L4xx_HAL_Driver/Src/stm32l4xx_hal_spi.c ****   * @param  pData pointer to data buffer
2027:Drivers/STM32L4xx_HAL_Driver/Src/stm32l4xx_hal_spi.c ****   * @note   When the CRC feature is enabled the pData Length must be Size + 1.
2028:Drivers/STM32L4xx_HAL_Driver/Src/stm32l4xx_hal_spi.c ****   * @param  Size amount of data to be sent
2029:Drivers/STM32L4xx_HAL_Driver/Src/stm32l4xx_hal_spi.c ****   * @retval HAL status
2030:Drivers/STM32L4xx_HAL_Driver/Src/stm32l4xx_hal_spi.c ****   */
2031:Drivers/STM32L4xx_HAL_Driver/Src/stm32l4xx_hal_spi.c **** HAL_StatusTypeDef HAL_SPI_Receive_DMA(SPI_HandleTypeDef *hspi, uint8_t *pData, uint16_t Size)
2032:Drivers/STM32L4xx_HAL_Driver/Src/stm32l4xx_hal_spi.c **** {
2033:Drivers/STM32L4xx_HAL_Driver/Src/stm32l4xx_hal_spi.c ****   HAL_StatusTypeDef errorcode = HAL_OK;
2034:Drivers/STM32L4xx_HAL_Driver/Src/stm32l4xx_hal_spi.c **** 
2035:Drivers/STM32L4xx_HAL_Driver/Src/stm32l4xx_hal_spi.c ****   /* Check rx dma handle */
2036:Drivers/STM32L4xx_HAL_Driver/Src/stm32l4xx_hal_spi.c ****   assert_param(IS_SPI_DMA_HANDLE(hspi->hdmarx));
2037:Drivers/STM32L4xx_HAL_Driver/Src/stm32l4xx_hal_spi.c **** 
2038:Drivers/STM32L4xx_HAL_Driver/Src/stm32l4xx_hal_spi.c ****   if (hspi->State != HAL_SPI_STATE_READY)
2039:Drivers/STM32L4xx_HAL_Driver/Src/stm32l4xx_hal_spi.c ****   {
2040:Drivers/STM32L4xx_HAL_Driver/Src/stm32l4xx_hal_spi.c ****     errorcode = HAL_BUSY;
2041:Drivers/STM32L4xx_HAL_Driver/Src/stm32l4xx_hal_spi.c ****     goto error;
2042:Drivers/STM32L4xx_HAL_Driver/Src/stm32l4xx_hal_spi.c ****   }
2043:Drivers/STM32L4xx_HAL_Driver/Src/stm32l4xx_hal_spi.c **** 
2044:Drivers/STM32L4xx_HAL_Driver/Src/stm32l4xx_hal_spi.c ****   if ((hspi->Init.Direction == SPI_DIRECTION_2LINES) && (hspi->Init.Mode == SPI_MODE_MASTER))
2045:Drivers/STM32L4xx_HAL_Driver/Src/stm32l4xx_hal_spi.c ****   {
2046:Drivers/STM32L4xx_HAL_Driver/Src/stm32l4xx_hal_spi.c ****     hspi->State = HAL_SPI_STATE_BUSY_RX;
2047:Drivers/STM32L4xx_HAL_Driver/Src/stm32l4xx_hal_spi.c **** 
2048:Drivers/STM32L4xx_HAL_Driver/Src/stm32l4xx_hal_spi.c ****     /* Check tx dma handle */
2049:Drivers/STM32L4xx_HAL_Driver/Src/stm32l4xx_hal_spi.c ****     assert_param(IS_SPI_DMA_HANDLE(hspi->hdmatx));
2050:Drivers/STM32L4xx_HAL_Driver/Src/stm32l4xx_hal_spi.c **** 
2051:Drivers/STM32L4xx_HAL_Driver/Src/stm32l4xx_hal_spi.c ****     /* Call transmit-receive function to send Dummy data on Tx line and generate clock on CLK line 
2052:Drivers/STM32L4xx_HAL_Driver/Src/stm32l4xx_hal_spi.c ****     return HAL_SPI_TransmitReceive_DMA(hspi, pData, pData, Size);
2053:Drivers/STM32L4xx_HAL_Driver/Src/stm32l4xx_hal_spi.c ****   }
2054:Drivers/STM32L4xx_HAL_Driver/Src/stm32l4xx_hal_spi.c **** 
2055:Drivers/STM32L4xx_HAL_Driver/Src/stm32l4xx_hal_spi.c ****   /* Process Locked */
2056:Drivers/STM32L4xx_HAL_Driver/Src/stm32l4xx_hal_spi.c ****   __HAL_LOCK(hspi);
2057:Drivers/STM32L4xx_HAL_Driver/Src/stm32l4xx_hal_spi.c **** 
2058:Drivers/STM32L4xx_HAL_Driver/Src/stm32l4xx_hal_spi.c ****   if ((pData == NULL) || (Size == 0U))
2059:Drivers/STM32L4xx_HAL_Driver/Src/stm32l4xx_hal_spi.c ****   {
2060:Drivers/STM32L4xx_HAL_Driver/Src/stm32l4xx_hal_spi.c ****     errorcode = HAL_ERROR;
2061:Drivers/STM32L4xx_HAL_Driver/Src/stm32l4xx_hal_spi.c ****     goto error;
2062:Drivers/STM32L4xx_HAL_Driver/Src/stm32l4xx_hal_spi.c ****   }
2063:Drivers/STM32L4xx_HAL_Driver/Src/stm32l4xx_hal_spi.c **** 
2064:Drivers/STM32L4xx_HAL_Driver/Src/stm32l4xx_hal_spi.c ****   /* Set the transaction information */
2065:Drivers/STM32L4xx_HAL_Driver/Src/stm32l4xx_hal_spi.c ****   hspi->State       = HAL_SPI_STATE_BUSY_RX;
2066:Drivers/STM32L4xx_HAL_Driver/Src/stm32l4xx_hal_spi.c ****   hspi->ErrorCode   = HAL_SPI_ERROR_NONE;
2067:Drivers/STM32L4xx_HAL_Driver/Src/stm32l4xx_hal_spi.c ****   hspi->pRxBuffPtr  = (uint8_t *)pData;
2068:Drivers/STM32L4xx_HAL_Driver/Src/stm32l4xx_hal_spi.c ****   hspi->RxXferSize  = Size;
2069:Drivers/STM32L4xx_HAL_Driver/Src/stm32l4xx_hal_spi.c ****   hspi->RxXferCount = Size;
2070:Drivers/STM32L4xx_HAL_Driver/Src/stm32l4xx_hal_spi.c **** 
2071:Drivers/STM32L4xx_HAL_Driver/Src/stm32l4xx_hal_spi.c ****   /*Init field not used in handle to zero */
2072:Drivers/STM32L4xx_HAL_Driver/Src/stm32l4xx_hal_spi.c ****   hspi->RxISR       = NULL;
2073:Drivers/STM32L4xx_HAL_Driver/Src/stm32l4xx_hal_spi.c ****   hspi->TxISR       = NULL;
2074:Drivers/STM32L4xx_HAL_Driver/Src/stm32l4xx_hal_spi.c ****   hspi->TxXferSize  = 0U;
2075:Drivers/STM32L4xx_HAL_Driver/Src/stm32l4xx_hal_spi.c ****   hspi->TxXferCount = 0U;
2076:Drivers/STM32L4xx_HAL_Driver/Src/stm32l4xx_hal_spi.c **** 
2077:Drivers/STM32L4xx_HAL_Driver/Src/stm32l4xx_hal_spi.c ****   /* Configure communication direction : 1Line */
2078:Drivers/STM32L4xx_HAL_Driver/Src/stm32l4xx_hal_spi.c ****   if (hspi->Init.Direction == SPI_DIRECTION_1LINE)
2079:Drivers/STM32L4xx_HAL_Driver/Src/stm32l4xx_hal_spi.c ****   {
2080:Drivers/STM32L4xx_HAL_Driver/Src/stm32l4xx_hal_spi.c ****     /* Disable SPI Peripheral before set 1Line direction (BIDIOE bit) */
2081:Drivers/STM32L4xx_HAL_Driver/Src/stm32l4xx_hal_spi.c ****     __HAL_SPI_DISABLE(hspi);
2082:Drivers/STM32L4xx_HAL_Driver/Src/stm32l4xx_hal_spi.c ****     SPI_1LINE_RX(hspi);
ARM GAS  /tmp/ccEksN7Z.s 			page 38


2083:Drivers/STM32L4xx_HAL_Driver/Src/stm32l4xx_hal_spi.c ****   }
2084:Drivers/STM32L4xx_HAL_Driver/Src/stm32l4xx_hal_spi.c **** 
2085:Drivers/STM32L4xx_HAL_Driver/Src/stm32l4xx_hal_spi.c **** #if (USE_SPI_CRC != 0U)
2086:Drivers/STM32L4xx_HAL_Driver/Src/stm32l4xx_hal_spi.c ****   /* Reset CRC Calculation */
2087:Drivers/STM32L4xx_HAL_Driver/Src/stm32l4xx_hal_spi.c ****   if (hspi->Init.CRCCalculation == SPI_CRCCALCULATION_ENABLE)
2088:Drivers/STM32L4xx_HAL_Driver/Src/stm32l4xx_hal_spi.c ****   {
2089:Drivers/STM32L4xx_HAL_Driver/Src/stm32l4xx_hal_spi.c ****     SPI_RESET_CRC(hspi);
2090:Drivers/STM32L4xx_HAL_Driver/Src/stm32l4xx_hal_spi.c ****   }
2091:Drivers/STM32L4xx_HAL_Driver/Src/stm32l4xx_hal_spi.c **** #endif /* USE_SPI_CRC */
2092:Drivers/STM32L4xx_HAL_Driver/Src/stm32l4xx_hal_spi.c **** 
2093:Drivers/STM32L4xx_HAL_Driver/Src/stm32l4xx_hal_spi.c **** 
2094:Drivers/STM32L4xx_HAL_Driver/Src/stm32l4xx_hal_spi.c ****   CLEAR_BIT(hspi->Instance->CR2, SPI_CR2_LDMARX);
2095:Drivers/STM32L4xx_HAL_Driver/Src/stm32l4xx_hal_spi.c ****   if (hspi->Init.DataSize > SPI_DATASIZE_8BIT)
2096:Drivers/STM32L4xx_HAL_Driver/Src/stm32l4xx_hal_spi.c ****   {
2097:Drivers/STM32L4xx_HAL_Driver/Src/stm32l4xx_hal_spi.c ****     /* Set RX Fifo threshold according the reception data length: 16bit */
2098:Drivers/STM32L4xx_HAL_Driver/Src/stm32l4xx_hal_spi.c ****     CLEAR_BIT(hspi->Instance->CR2, SPI_RXFIFO_THRESHOLD);
2099:Drivers/STM32L4xx_HAL_Driver/Src/stm32l4xx_hal_spi.c ****   }
2100:Drivers/STM32L4xx_HAL_Driver/Src/stm32l4xx_hal_spi.c ****   else
2101:Drivers/STM32L4xx_HAL_Driver/Src/stm32l4xx_hal_spi.c ****   {
2102:Drivers/STM32L4xx_HAL_Driver/Src/stm32l4xx_hal_spi.c ****     /* Set RX Fifo threshold according the reception data length: 8bit */
2103:Drivers/STM32L4xx_HAL_Driver/Src/stm32l4xx_hal_spi.c ****     SET_BIT(hspi->Instance->CR2, SPI_RXFIFO_THRESHOLD);
2104:Drivers/STM32L4xx_HAL_Driver/Src/stm32l4xx_hal_spi.c **** 
2105:Drivers/STM32L4xx_HAL_Driver/Src/stm32l4xx_hal_spi.c ****     if (hspi->hdmarx->Init.MemDataAlignment == DMA_MDATAALIGN_HALFWORD)
2106:Drivers/STM32L4xx_HAL_Driver/Src/stm32l4xx_hal_spi.c ****     {
2107:Drivers/STM32L4xx_HAL_Driver/Src/stm32l4xx_hal_spi.c ****       /* Set RX Fifo threshold according the reception data length: 16bit */
2108:Drivers/STM32L4xx_HAL_Driver/Src/stm32l4xx_hal_spi.c ****       CLEAR_BIT(hspi->Instance->CR2, SPI_RXFIFO_THRESHOLD);
2109:Drivers/STM32L4xx_HAL_Driver/Src/stm32l4xx_hal_spi.c **** 
2110:Drivers/STM32L4xx_HAL_Driver/Src/stm32l4xx_hal_spi.c ****       if ((hspi->RxXferCount & 0x1U) == 0x0U)
2111:Drivers/STM32L4xx_HAL_Driver/Src/stm32l4xx_hal_spi.c ****       {
2112:Drivers/STM32L4xx_HAL_Driver/Src/stm32l4xx_hal_spi.c ****         CLEAR_BIT(hspi->Instance->CR2, SPI_CR2_LDMARX);
2113:Drivers/STM32L4xx_HAL_Driver/Src/stm32l4xx_hal_spi.c ****         hspi->RxXferCount = hspi->RxXferCount >> 1U;
2114:Drivers/STM32L4xx_HAL_Driver/Src/stm32l4xx_hal_spi.c ****       }
2115:Drivers/STM32L4xx_HAL_Driver/Src/stm32l4xx_hal_spi.c ****       else
2116:Drivers/STM32L4xx_HAL_Driver/Src/stm32l4xx_hal_spi.c ****       {
2117:Drivers/STM32L4xx_HAL_Driver/Src/stm32l4xx_hal_spi.c ****         SET_BIT(hspi->Instance->CR2, SPI_CR2_LDMARX);
2118:Drivers/STM32L4xx_HAL_Driver/Src/stm32l4xx_hal_spi.c ****         hspi->RxXferCount = (hspi->RxXferCount >> 1U) + 1U;
2119:Drivers/STM32L4xx_HAL_Driver/Src/stm32l4xx_hal_spi.c ****       }
2120:Drivers/STM32L4xx_HAL_Driver/Src/stm32l4xx_hal_spi.c ****     }
2121:Drivers/STM32L4xx_HAL_Driver/Src/stm32l4xx_hal_spi.c ****   }
2122:Drivers/STM32L4xx_HAL_Driver/Src/stm32l4xx_hal_spi.c **** 
2123:Drivers/STM32L4xx_HAL_Driver/Src/stm32l4xx_hal_spi.c ****   /* Set the SPI RxDMA Half transfer complete callback */
2124:Drivers/STM32L4xx_HAL_Driver/Src/stm32l4xx_hal_spi.c ****   hspi->hdmarx->XferHalfCpltCallback = SPI_DMAHalfReceiveCplt;
2125:Drivers/STM32L4xx_HAL_Driver/Src/stm32l4xx_hal_spi.c **** 
2126:Drivers/STM32L4xx_HAL_Driver/Src/stm32l4xx_hal_spi.c ****   /* Set the SPI Rx DMA transfer complete callback */
2127:Drivers/STM32L4xx_HAL_Driver/Src/stm32l4xx_hal_spi.c ****   hspi->hdmarx->XferCpltCallback = SPI_DMAReceiveCplt;
2128:Drivers/STM32L4xx_HAL_Driver/Src/stm32l4xx_hal_spi.c **** 
2129:Drivers/STM32L4xx_HAL_Driver/Src/stm32l4xx_hal_spi.c ****   /* Set the DMA error callback */
2130:Drivers/STM32L4xx_HAL_Driver/Src/stm32l4xx_hal_spi.c ****   hspi->hdmarx->XferErrorCallback = SPI_DMAError;
2131:Drivers/STM32L4xx_HAL_Driver/Src/stm32l4xx_hal_spi.c **** 
2132:Drivers/STM32L4xx_HAL_Driver/Src/stm32l4xx_hal_spi.c ****   /* Set the DMA AbortCpltCallback */
2133:Drivers/STM32L4xx_HAL_Driver/Src/stm32l4xx_hal_spi.c ****   hspi->hdmarx->XferAbortCallback = NULL;
2134:Drivers/STM32L4xx_HAL_Driver/Src/stm32l4xx_hal_spi.c **** 
2135:Drivers/STM32L4xx_HAL_Driver/Src/stm32l4xx_hal_spi.c ****   /* Enable the Rx DMA Stream/Channel  */
2136:Drivers/STM32L4xx_HAL_Driver/Src/stm32l4xx_hal_spi.c ****   if (HAL_OK != HAL_DMA_Start_IT(hspi->hdmarx, (uint32_t)&hspi->Instance->DR, (uint32_t)hspi->pRxBu
2137:Drivers/STM32L4xx_HAL_Driver/Src/stm32l4xx_hal_spi.c ****                                  hspi->RxXferCount))
2138:Drivers/STM32L4xx_HAL_Driver/Src/stm32l4xx_hal_spi.c ****   {
2139:Drivers/STM32L4xx_HAL_Driver/Src/stm32l4xx_hal_spi.c ****     /* Update SPI error code */
ARM GAS  /tmp/ccEksN7Z.s 			page 39


2140:Drivers/STM32L4xx_HAL_Driver/Src/stm32l4xx_hal_spi.c ****     SET_BIT(hspi->ErrorCode, HAL_SPI_ERROR_DMA);
2141:Drivers/STM32L4xx_HAL_Driver/Src/stm32l4xx_hal_spi.c ****     errorcode = HAL_ERROR;
2142:Drivers/STM32L4xx_HAL_Driver/Src/stm32l4xx_hal_spi.c **** 
2143:Drivers/STM32L4xx_HAL_Driver/Src/stm32l4xx_hal_spi.c ****     goto error;
2144:Drivers/STM32L4xx_HAL_Driver/Src/stm32l4xx_hal_spi.c ****   }
2145:Drivers/STM32L4xx_HAL_Driver/Src/stm32l4xx_hal_spi.c **** 
2146:Drivers/STM32L4xx_HAL_Driver/Src/stm32l4xx_hal_spi.c ****   /* Check if the SPI is already enabled */
2147:Drivers/STM32L4xx_HAL_Driver/Src/stm32l4xx_hal_spi.c ****   if ((hspi->Instance->CR1 & SPI_CR1_SPE) != SPI_CR1_SPE)
2148:Drivers/STM32L4xx_HAL_Driver/Src/stm32l4xx_hal_spi.c ****   {
2149:Drivers/STM32L4xx_HAL_Driver/Src/stm32l4xx_hal_spi.c ****     /* Enable SPI peripheral */
2150:Drivers/STM32L4xx_HAL_Driver/Src/stm32l4xx_hal_spi.c ****     __HAL_SPI_ENABLE(hspi);
2151:Drivers/STM32L4xx_HAL_Driver/Src/stm32l4xx_hal_spi.c ****   }
2152:Drivers/STM32L4xx_HAL_Driver/Src/stm32l4xx_hal_spi.c **** 
2153:Drivers/STM32L4xx_HAL_Driver/Src/stm32l4xx_hal_spi.c ****   /* Enable the SPI Error Interrupt Bit */
2154:Drivers/STM32L4xx_HAL_Driver/Src/stm32l4xx_hal_spi.c ****   __HAL_SPI_ENABLE_IT(hspi, (SPI_IT_ERR));
2155:Drivers/STM32L4xx_HAL_Driver/Src/stm32l4xx_hal_spi.c **** 
2156:Drivers/STM32L4xx_HAL_Driver/Src/stm32l4xx_hal_spi.c ****   /* Enable Rx DMA Request */
2157:Drivers/STM32L4xx_HAL_Driver/Src/stm32l4xx_hal_spi.c ****   SET_BIT(hspi->Instance->CR2, SPI_CR2_RXDMAEN);
2158:Drivers/STM32L4xx_HAL_Driver/Src/stm32l4xx_hal_spi.c **** 
2159:Drivers/STM32L4xx_HAL_Driver/Src/stm32l4xx_hal_spi.c **** error:
2160:Drivers/STM32L4xx_HAL_Driver/Src/stm32l4xx_hal_spi.c ****   /* Process Unlocked */
2161:Drivers/STM32L4xx_HAL_Driver/Src/stm32l4xx_hal_spi.c ****   __HAL_UNLOCK(hspi);
2162:Drivers/STM32L4xx_HAL_Driver/Src/stm32l4xx_hal_spi.c ****   return errorcode;
2163:Drivers/STM32L4xx_HAL_Driver/Src/stm32l4xx_hal_spi.c **** }
2164:Drivers/STM32L4xx_HAL_Driver/Src/stm32l4xx_hal_spi.c **** 
2165:Drivers/STM32L4xx_HAL_Driver/Src/stm32l4xx_hal_spi.c **** /**
2166:Drivers/STM32L4xx_HAL_Driver/Src/stm32l4xx_hal_spi.c ****   * @brief  Transmit and Receive an amount of data in non-blocking mode with DMA.
2167:Drivers/STM32L4xx_HAL_Driver/Src/stm32l4xx_hal_spi.c ****   * @param  hspi pointer to a SPI_HandleTypeDef structure that contains
2168:Drivers/STM32L4xx_HAL_Driver/Src/stm32l4xx_hal_spi.c ****   *               the configuration information for SPI module.
2169:Drivers/STM32L4xx_HAL_Driver/Src/stm32l4xx_hal_spi.c ****   * @param  pTxData pointer to transmission data buffer
2170:Drivers/STM32L4xx_HAL_Driver/Src/stm32l4xx_hal_spi.c ****   * @param  pRxData pointer to reception data buffer
2171:Drivers/STM32L4xx_HAL_Driver/Src/stm32l4xx_hal_spi.c ****   * @note   When the CRC feature is enabled the pRxData Length must be Size + 1
2172:Drivers/STM32L4xx_HAL_Driver/Src/stm32l4xx_hal_spi.c ****   * @param  Size amount of data to be sent
2173:Drivers/STM32L4xx_HAL_Driver/Src/stm32l4xx_hal_spi.c ****   * @retval HAL status
2174:Drivers/STM32L4xx_HAL_Driver/Src/stm32l4xx_hal_spi.c ****   */
2175:Drivers/STM32L4xx_HAL_Driver/Src/stm32l4xx_hal_spi.c **** HAL_StatusTypeDef HAL_SPI_TransmitReceive_DMA(SPI_HandleTypeDef *hspi, uint8_t *pTxData, uint8_t *p
2176:Drivers/STM32L4xx_HAL_Driver/Src/stm32l4xx_hal_spi.c ****                                               uint16_t Size)
2177:Drivers/STM32L4xx_HAL_Driver/Src/stm32l4xx_hal_spi.c **** {
2178:Drivers/STM32L4xx_HAL_Driver/Src/stm32l4xx_hal_spi.c ****   uint32_t             tmp_mode;
2179:Drivers/STM32L4xx_HAL_Driver/Src/stm32l4xx_hal_spi.c ****   HAL_SPI_StateTypeDef tmp_state;
2180:Drivers/STM32L4xx_HAL_Driver/Src/stm32l4xx_hal_spi.c ****   HAL_StatusTypeDef errorcode = HAL_OK;
2181:Drivers/STM32L4xx_HAL_Driver/Src/stm32l4xx_hal_spi.c **** 
2182:Drivers/STM32L4xx_HAL_Driver/Src/stm32l4xx_hal_spi.c ****   /* Check rx & tx dma handles */
2183:Drivers/STM32L4xx_HAL_Driver/Src/stm32l4xx_hal_spi.c ****   assert_param(IS_SPI_DMA_HANDLE(hspi->hdmarx));
2184:Drivers/STM32L4xx_HAL_Driver/Src/stm32l4xx_hal_spi.c ****   assert_param(IS_SPI_DMA_HANDLE(hspi->hdmatx));
2185:Drivers/STM32L4xx_HAL_Driver/Src/stm32l4xx_hal_spi.c **** 
2186:Drivers/STM32L4xx_HAL_Driver/Src/stm32l4xx_hal_spi.c ****   /* Check Direction parameter */
2187:Drivers/STM32L4xx_HAL_Driver/Src/stm32l4xx_hal_spi.c ****   assert_param(IS_SPI_DIRECTION_2LINES(hspi->Init.Direction));
2188:Drivers/STM32L4xx_HAL_Driver/Src/stm32l4xx_hal_spi.c **** 
2189:Drivers/STM32L4xx_HAL_Driver/Src/stm32l4xx_hal_spi.c ****   /* Process locked */
2190:Drivers/STM32L4xx_HAL_Driver/Src/stm32l4xx_hal_spi.c ****   __HAL_LOCK(hspi);
2191:Drivers/STM32L4xx_HAL_Driver/Src/stm32l4xx_hal_spi.c **** 
2192:Drivers/STM32L4xx_HAL_Driver/Src/stm32l4xx_hal_spi.c ****   /* Init temporary variables */
2193:Drivers/STM32L4xx_HAL_Driver/Src/stm32l4xx_hal_spi.c ****   tmp_state           = hspi->State;
2194:Drivers/STM32L4xx_HAL_Driver/Src/stm32l4xx_hal_spi.c ****   tmp_mode            = hspi->Init.Mode;
2195:Drivers/STM32L4xx_HAL_Driver/Src/stm32l4xx_hal_spi.c **** 
2196:Drivers/STM32L4xx_HAL_Driver/Src/stm32l4xx_hal_spi.c ****   if (!((tmp_state == HAL_SPI_STATE_READY) ||
ARM GAS  /tmp/ccEksN7Z.s 			page 40


2197:Drivers/STM32L4xx_HAL_Driver/Src/stm32l4xx_hal_spi.c ****         ((tmp_mode == SPI_MODE_MASTER) && (hspi->Init.Direction == SPI_DIRECTION_2LINES) && (tmp_st
2198:Drivers/STM32L4xx_HAL_Driver/Src/stm32l4xx_hal_spi.c ****   {
2199:Drivers/STM32L4xx_HAL_Driver/Src/stm32l4xx_hal_spi.c ****     errorcode = HAL_BUSY;
2200:Drivers/STM32L4xx_HAL_Driver/Src/stm32l4xx_hal_spi.c ****     goto error;
2201:Drivers/STM32L4xx_HAL_Driver/Src/stm32l4xx_hal_spi.c ****   }
2202:Drivers/STM32L4xx_HAL_Driver/Src/stm32l4xx_hal_spi.c **** 
2203:Drivers/STM32L4xx_HAL_Driver/Src/stm32l4xx_hal_spi.c ****   if ((pTxData == NULL) || (pRxData == NULL) || (Size == 0U))
2204:Drivers/STM32L4xx_HAL_Driver/Src/stm32l4xx_hal_spi.c ****   {
2205:Drivers/STM32L4xx_HAL_Driver/Src/stm32l4xx_hal_spi.c ****     errorcode = HAL_ERROR;
2206:Drivers/STM32L4xx_HAL_Driver/Src/stm32l4xx_hal_spi.c ****     goto error;
2207:Drivers/STM32L4xx_HAL_Driver/Src/stm32l4xx_hal_spi.c ****   }
2208:Drivers/STM32L4xx_HAL_Driver/Src/stm32l4xx_hal_spi.c **** 
2209:Drivers/STM32L4xx_HAL_Driver/Src/stm32l4xx_hal_spi.c ****   /* Don't overwrite in case of HAL_SPI_STATE_BUSY_RX */
2210:Drivers/STM32L4xx_HAL_Driver/Src/stm32l4xx_hal_spi.c ****   if (hspi->State != HAL_SPI_STATE_BUSY_RX)
2211:Drivers/STM32L4xx_HAL_Driver/Src/stm32l4xx_hal_spi.c ****   {
2212:Drivers/STM32L4xx_HAL_Driver/Src/stm32l4xx_hal_spi.c ****     hspi->State = HAL_SPI_STATE_BUSY_TX_RX;
2213:Drivers/STM32L4xx_HAL_Driver/Src/stm32l4xx_hal_spi.c ****   }
2214:Drivers/STM32L4xx_HAL_Driver/Src/stm32l4xx_hal_spi.c **** 
2215:Drivers/STM32L4xx_HAL_Driver/Src/stm32l4xx_hal_spi.c ****   /* Set the transaction information */
2216:Drivers/STM32L4xx_HAL_Driver/Src/stm32l4xx_hal_spi.c ****   hspi->ErrorCode   = HAL_SPI_ERROR_NONE;
2217:Drivers/STM32L4xx_HAL_Driver/Src/stm32l4xx_hal_spi.c ****   hspi->pTxBuffPtr  = (uint8_t *)pTxData;
2218:Drivers/STM32L4xx_HAL_Driver/Src/stm32l4xx_hal_spi.c ****   hspi->TxXferSize  = Size;
2219:Drivers/STM32L4xx_HAL_Driver/Src/stm32l4xx_hal_spi.c ****   hspi->TxXferCount = Size;
2220:Drivers/STM32L4xx_HAL_Driver/Src/stm32l4xx_hal_spi.c ****   hspi->pRxBuffPtr  = (uint8_t *)pRxData;
2221:Drivers/STM32L4xx_HAL_Driver/Src/stm32l4xx_hal_spi.c ****   hspi->RxXferSize  = Size;
2222:Drivers/STM32L4xx_HAL_Driver/Src/stm32l4xx_hal_spi.c ****   hspi->RxXferCount = Size;
2223:Drivers/STM32L4xx_HAL_Driver/Src/stm32l4xx_hal_spi.c **** 
2224:Drivers/STM32L4xx_HAL_Driver/Src/stm32l4xx_hal_spi.c ****   /* Init field not used in handle to zero */
2225:Drivers/STM32L4xx_HAL_Driver/Src/stm32l4xx_hal_spi.c ****   hspi->RxISR       = NULL;
2226:Drivers/STM32L4xx_HAL_Driver/Src/stm32l4xx_hal_spi.c ****   hspi->TxISR       = NULL;
2227:Drivers/STM32L4xx_HAL_Driver/Src/stm32l4xx_hal_spi.c **** 
2228:Drivers/STM32L4xx_HAL_Driver/Src/stm32l4xx_hal_spi.c **** #if (USE_SPI_CRC != 0U)
2229:Drivers/STM32L4xx_HAL_Driver/Src/stm32l4xx_hal_spi.c ****   /* Reset CRC Calculation */
2230:Drivers/STM32L4xx_HAL_Driver/Src/stm32l4xx_hal_spi.c ****   if (hspi->Init.CRCCalculation == SPI_CRCCALCULATION_ENABLE)
2231:Drivers/STM32L4xx_HAL_Driver/Src/stm32l4xx_hal_spi.c ****   {
2232:Drivers/STM32L4xx_HAL_Driver/Src/stm32l4xx_hal_spi.c ****     SPI_RESET_CRC(hspi);
2233:Drivers/STM32L4xx_HAL_Driver/Src/stm32l4xx_hal_spi.c ****   }
2234:Drivers/STM32L4xx_HAL_Driver/Src/stm32l4xx_hal_spi.c **** #endif /* USE_SPI_CRC */
2235:Drivers/STM32L4xx_HAL_Driver/Src/stm32l4xx_hal_spi.c **** 
2236:Drivers/STM32L4xx_HAL_Driver/Src/stm32l4xx_hal_spi.c ****   /* Reset the threshold bit */
2237:Drivers/STM32L4xx_HAL_Driver/Src/stm32l4xx_hal_spi.c ****   CLEAR_BIT(hspi->Instance->CR2, SPI_CR2_LDMATX | SPI_CR2_LDMARX);
2238:Drivers/STM32L4xx_HAL_Driver/Src/stm32l4xx_hal_spi.c **** 
2239:Drivers/STM32L4xx_HAL_Driver/Src/stm32l4xx_hal_spi.c ****   /* The packing mode management is enabled by the DMA settings according the spi data size */
2240:Drivers/STM32L4xx_HAL_Driver/Src/stm32l4xx_hal_spi.c ****   if (hspi->Init.DataSize > SPI_DATASIZE_8BIT)
2241:Drivers/STM32L4xx_HAL_Driver/Src/stm32l4xx_hal_spi.c ****   {
2242:Drivers/STM32L4xx_HAL_Driver/Src/stm32l4xx_hal_spi.c ****     /* Set fiforxthreshold according the reception data length: 16bit */
2243:Drivers/STM32L4xx_HAL_Driver/Src/stm32l4xx_hal_spi.c ****     CLEAR_BIT(hspi->Instance->CR2, SPI_RXFIFO_THRESHOLD);
2244:Drivers/STM32L4xx_HAL_Driver/Src/stm32l4xx_hal_spi.c ****   }
2245:Drivers/STM32L4xx_HAL_Driver/Src/stm32l4xx_hal_spi.c ****   else
2246:Drivers/STM32L4xx_HAL_Driver/Src/stm32l4xx_hal_spi.c ****   {
2247:Drivers/STM32L4xx_HAL_Driver/Src/stm32l4xx_hal_spi.c ****     /* Set RX Fifo threshold according the reception data length: 8bit */
2248:Drivers/STM32L4xx_HAL_Driver/Src/stm32l4xx_hal_spi.c ****     SET_BIT(hspi->Instance->CR2, SPI_RXFIFO_THRESHOLD);
2249:Drivers/STM32L4xx_HAL_Driver/Src/stm32l4xx_hal_spi.c **** 
2250:Drivers/STM32L4xx_HAL_Driver/Src/stm32l4xx_hal_spi.c ****     if (hspi->hdmatx->Init.MemDataAlignment == DMA_MDATAALIGN_HALFWORD)
2251:Drivers/STM32L4xx_HAL_Driver/Src/stm32l4xx_hal_spi.c ****     {
2252:Drivers/STM32L4xx_HAL_Driver/Src/stm32l4xx_hal_spi.c ****       if ((hspi->TxXferSize & 0x1U) == 0x0U)
2253:Drivers/STM32L4xx_HAL_Driver/Src/stm32l4xx_hal_spi.c ****       {
ARM GAS  /tmp/ccEksN7Z.s 			page 41


2254:Drivers/STM32L4xx_HAL_Driver/Src/stm32l4xx_hal_spi.c ****         CLEAR_BIT(hspi->Instance->CR2, SPI_CR2_LDMATX);
2255:Drivers/STM32L4xx_HAL_Driver/Src/stm32l4xx_hal_spi.c ****         hspi->TxXferCount = hspi->TxXferCount >> 1U;
2256:Drivers/STM32L4xx_HAL_Driver/Src/stm32l4xx_hal_spi.c ****       }
2257:Drivers/STM32L4xx_HAL_Driver/Src/stm32l4xx_hal_spi.c ****       else
2258:Drivers/STM32L4xx_HAL_Driver/Src/stm32l4xx_hal_spi.c ****       {
2259:Drivers/STM32L4xx_HAL_Driver/Src/stm32l4xx_hal_spi.c ****         SET_BIT(hspi->Instance->CR2, SPI_CR2_LDMATX);
2260:Drivers/STM32L4xx_HAL_Driver/Src/stm32l4xx_hal_spi.c ****         hspi->TxXferCount = (hspi->TxXferCount >> 1U) + 1U;
2261:Drivers/STM32L4xx_HAL_Driver/Src/stm32l4xx_hal_spi.c ****       }
2262:Drivers/STM32L4xx_HAL_Driver/Src/stm32l4xx_hal_spi.c ****     }
2263:Drivers/STM32L4xx_HAL_Driver/Src/stm32l4xx_hal_spi.c **** 
2264:Drivers/STM32L4xx_HAL_Driver/Src/stm32l4xx_hal_spi.c ****     if (hspi->hdmarx->Init.MemDataAlignment == DMA_MDATAALIGN_HALFWORD)
2265:Drivers/STM32L4xx_HAL_Driver/Src/stm32l4xx_hal_spi.c ****     {
2266:Drivers/STM32L4xx_HAL_Driver/Src/stm32l4xx_hal_spi.c ****       /* Set RX Fifo threshold according the reception data length: 16bit */
2267:Drivers/STM32L4xx_HAL_Driver/Src/stm32l4xx_hal_spi.c ****       CLEAR_BIT(hspi->Instance->CR2, SPI_RXFIFO_THRESHOLD);
2268:Drivers/STM32L4xx_HAL_Driver/Src/stm32l4xx_hal_spi.c **** 
2269:Drivers/STM32L4xx_HAL_Driver/Src/stm32l4xx_hal_spi.c ****       if ((hspi->RxXferCount & 0x1U) == 0x0U)
2270:Drivers/STM32L4xx_HAL_Driver/Src/stm32l4xx_hal_spi.c ****       {
2271:Drivers/STM32L4xx_HAL_Driver/Src/stm32l4xx_hal_spi.c ****         CLEAR_BIT(hspi->Instance->CR2, SPI_CR2_LDMARX);
2272:Drivers/STM32L4xx_HAL_Driver/Src/stm32l4xx_hal_spi.c ****         hspi->RxXferCount = hspi->RxXferCount >> 1U;
2273:Drivers/STM32L4xx_HAL_Driver/Src/stm32l4xx_hal_spi.c ****       }
2274:Drivers/STM32L4xx_HAL_Driver/Src/stm32l4xx_hal_spi.c ****       else
2275:Drivers/STM32L4xx_HAL_Driver/Src/stm32l4xx_hal_spi.c ****       {
2276:Drivers/STM32L4xx_HAL_Driver/Src/stm32l4xx_hal_spi.c ****         SET_BIT(hspi->Instance->CR2, SPI_CR2_LDMARX);
2277:Drivers/STM32L4xx_HAL_Driver/Src/stm32l4xx_hal_spi.c ****         hspi->RxXferCount = (hspi->RxXferCount >> 1U) + 1U;
2278:Drivers/STM32L4xx_HAL_Driver/Src/stm32l4xx_hal_spi.c ****       }
2279:Drivers/STM32L4xx_HAL_Driver/Src/stm32l4xx_hal_spi.c ****     }
2280:Drivers/STM32L4xx_HAL_Driver/Src/stm32l4xx_hal_spi.c ****   }
2281:Drivers/STM32L4xx_HAL_Driver/Src/stm32l4xx_hal_spi.c **** 
2282:Drivers/STM32L4xx_HAL_Driver/Src/stm32l4xx_hal_spi.c ****   /* Check if we are in Rx only or in Rx/Tx Mode and configure the DMA transfer complete callback *
2283:Drivers/STM32L4xx_HAL_Driver/Src/stm32l4xx_hal_spi.c ****   if (hspi->State == HAL_SPI_STATE_BUSY_RX)
2284:Drivers/STM32L4xx_HAL_Driver/Src/stm32l4xx_hal_spi.c ****   {
2285:Drivers/STM32L4xx_HAL_Driver/Src/stm32l4xx_hal_spi.c ****     /* Set the SPI Rx DMA Half transfer complete callback */
2286:Drivers/STM32L4xx_HAL_Driver/Src/stm32l4xx_hal_spi.c ****     hspi->hdmarx->XferHalfCpltCallback = SPI_DMAHalfReceiveCplt;
2287:Drivers/STM32L4xx_HAL_Driver/Src/stm32l4xx_hal_spi.c ****     hspi->hdmarx->XferCpltCallback     = SPI_DMAReceiveCplt;
2288:Drivers/STM32L4xx_HAL_Driver/Src/stm32l4xx_hal_spi.c ****   }
2289:Drivers/STM32L4xx_HAL_Driver/Src/stm32l4xx_hal_spi.c ****   else
2290:Drivers/STM32L4xx_HAL_Driver/Src/stm32l4xx_hal_spi.c ****   {
2291:Drivers/STM32L4xx_HAL_Driver/Src/stm32l4xx_hal_spi.c ****     /* Set the SPI Tx/Rx DMA Half transfer complete callback */
2292:Drivers/STM32L4xx_HAL_Driver/Src/stm32l4xx_hal_spi.c ****     hspi->hdmarx->XferHalfCpltCallback = SPI_DMAHalfTransmitReceiveCplt;
2293:Drivers/STM32L4xx_HAL_Driver/Src/stm32l4xx_hal_spi.c ****     hspi->hdmarx->XferCpltCallback     = SPI_DMATransmitReceiveCplt;
2294:Drivers/STM32L4xx_HAL_Driver/Src/stm32l4xx_hal_spi.c ****   }
2295:Drivers/STM32L4xx_HAL_Driver/Src/stm32l4xx_hal_spi.c **** 
2296:Drivers/STM32L4xx_HAL_Driver/Src/stm32l4xx_hal_spi.c ****   /* Set the DMA error callback */
2297:Drivers/STM32L4xx_HAL_Driver/Src/stm32l4xx_hal_spi.c ****   hspi->hdmarx->XferErrorCallback = SPI_DMAError;
2298:Drivers/STM32L4xx_HAL_Driver/Src/stm32l4xx_hal_spi.c **** 
2299:Drivers/STM32L4xx_HAL_Driver/Src/stm32l4xx_hal_spi.c ****   /* Set the DMA AbortCpltCallback */
2300:Drivers/STM32L4xx_HAL_Driver/Src/stm32l4xx_hal_spi.c ****   hspi->hdmarx->XferAbortCallback = NULL;
2301:Drivers/STM32L4xx_HAL_Driver/Src/stm32l4xx_hal_spi.c **** 
2302:Drivers/STM32L4xx_HAL_Driver/Src/stm32l4xx_hal_spi.c ****   /* Enable the Rx DMA Stream/Channel  */
2303:Drivers/STM32L4xx_HAL_Driver/Src/stm32l4xx_hal_spi.c ****   if (HAL_OK != HAL_DMA_Start_IT(hspi->hdmarx, (uint32_t)&hspi->Instance->DR, (uint32_t)hspi->pRxBu
2304:Drivers/STM32L4xx_HAL_Driver/Src/stm32l4xx_hal_spi.c ****                                  hspi->RxXferCount))
2305:Drivers/STM32L4xx_HAL_Driver/Src/stm32l4xx_hal_spi.c ****   {
2306:Drivers/STM32L4xx_HAL_Driver/Src/stm32l4xx_hal_spi.c ****     /* Update SPI error code */
2307:Drivers/STM32L4xx_HAL_Driver/Src/stm32l4xx_hal_spi.c ****     SET_BIT(hspi->ErrorCode, HAL_SPI_ERROR_DMA);
2308:Drivers/STM32L4xx_HAL_Driver/Src/stm32l4xx_hal_spi.c ****     errorcode = HAL_ERROR;
2309:Drivers/STM32L4xx_HAL_Driver/Src/stm32l4xx_hal_spi.c **** 
2310:Drivers/STM32L4xx_HAL_Driver/Src/stm32l4xx_hal_spi.c ****     goto error;
ARM GAS  /tmp/ccEksN7Z.s 			page 42


2311:Drivers/STM32L4xx_HAL_Driver/Src/stm32l4xx_hal_spi.c ****   }
2312:Drivers/STM32L4xx_HAL_Driver/Src/stm32l4xx_hal_spi.c **** 
2313:Drivers/STM32L4xx_HAL_Driver/Src/stm32l4xx_hal_spi.c ****   /* Enable Rx DMA Request */
2314:Drivers/STM32L4xx_HAL_Driver/Src/stm32l4xx_hal_spi.c ****   SET_BIT(hspi->Instance->CR2, SPI_CR2_RXDMAEN);
2315:Drivers/STM32L4xx_HAL_Driver/Src/stm32l4xx_hal_spi.c **** 
2316:Drivers/STM32L4xx_HAL_Driver/Src/stm32l4xx_hal_spi.c ****   /* Set the SPI Tx DMA transfer complete callback as NULL because the communication closing
2317:Drivers/STM32L4xx_HAL_Driver/Src/stm32l4xx_hal_spi.c ****   is performed in DMA reception complete callback  */
2318:Drivers/STM32L4xx_HAL_Driver/Src/stm32l4xx_hal_spi.c ****   hspi->hdmatx->XferHalfCpltCallback = NULL;
2319:Drivers/STM32L4xx_HAL_Driver/Src/stm32l4xx_hal_spi.c ****   hspi->hdmatx->XferCpltCallback     = NULL;
2320:Drivers/STM32L4xx_HAL_Driver/Src/stm32l4xx_hal_spi.c ****   hspi->hdmatx->XferErrorCallback    = NULL;
2321:Drivers/STM32L4xx_HAL_Driver/Src/stm32l4xx_hal_spi.c ****   hspi->hdmatx->XferAbortCallback    = NULL;
2322:Drivers/STM32L4xx_HAL_Driver/Src/stm32l4xx_hal_spi.c **** 
2323:Drivers/STM32L4xx_HAL_Driver/Src/stm32l4xx_hal_spi.c ****   /* Enable the Tx DMA Stream/Channel  */
2324:Drivers/STM32L4xx_HAL_Driver/Src/stm32l4xx_hal_spi.c ****   if (HAL_OK != HAL_DMA_Start_IT(hspi->hdmatx, (uint32_t)hspi->pTxBuffPtr, (uint32_t)&hspi->Instanc
2325:Drivers/STM32L4xx_HAL_Driver/Src/stm32l4xx_hal_spi.c ****                                  hspi->TxXferCount))
2326:Drivers/STM32L4xx_HAL_Driver/Src/stm32l4xx_hal_spi.c ****   {
2327:Drivers/STM32L4xx_HAL_Driver/Src/stm32l4xx_hal_spi.c ****     /* Update SPI error code */
2328:Drivers/STM32L4xx_HAL_Driver/Src/stm32l4xx_hal_spi.c ****     SET_BIT(hspi->ErrorCode, HAL_SPI_ERROR_DMA);
2329:Drivers/STM32L4xx_HAL_Driver/Src/stm32l4xx_hal_spi.c ****     errorcode = HAL_ERROR;
2330:Drivers/STM32L4xx_HAL_Driver/Src/stm32l4xx_hal_spi.c **** 
2331:Drivers/STM32L4xx_HAL_Driver/Src/stm32l4xx_hal_spi.c ****     goto error;
2332:Drivers/STM32L4xx_HAL_Driver/Src/stm32l4xx_hal_spi.c ****   }
2333:Drivers/STM32L4xx_HAL_Driver/Src/stm32l4xx_hal_spi.c **** 
2334:Drivers/STM32L4xx_HAL_Driver/Src/stm32l4xx_hal_spi.c ****   /* Check if the SPI is already enabled */
2335:Drivers/STM32L4xx_HAL_Driver/Src/stm32l4xx_hal_spi.c ****   if ((hspi->Instance->CR1 & SPI_CR1_SPE) != SPI_CR1_SPE)
2336:Drivers/STM32L4xx_HAL_Driver/Src/stm32l4xx_hal_spi.c ****   {
2337:Drivers/STM32L4xx_HAL_Driver/Src/stm32l4xx_hal_spi.c ****     /* Enable SPI peripheral */
2338:Drivers/STM32L4xx_HAL_Driver/Src/stm32l4xx_hal_spi.c ****     __HAL_SPI_ENABLE(hspi);
2339:Drivers/STM32L4xx_HAL_Driver/Src/stm32l4xx_hal_spi.c ****   }
2340:Drivers/STM32L4xx_HAL_Driver/Src/stm32l4xx_hal_spi.c ****   /* Enable the SPI Error Interrupt Bit */
2341:Drivers/STM32L4xx_HAL_Driver/Src/stm32l4xx_hal_spi.c ****   __HAL_SPI_ENABLE_IT(hspi, (SPI_IT_ERR));
2342:Drivers/STM32L4xx_HAL_Driver/Src/stm32l4xx_hal_spi.c **** 
2343:Drivers/STM32L4xx_HAL_Driver/Src/stm32l4xx_hal_spi.c ****   /* Enable Tx DMA Request */
2344:Drivers/STM32L4xx_HAL_Driver/Src/stm32l4xx_hal_spi.c ****   SET_BIT(hspi->Instance->CR2, SPI_CR2_TXDMAEN);
2345:Drivers/STM32L4xx_HAL_Driver/Src/stm32l4xx_hal_spi.c **** 
2346:Drivers/STM32L4xx_HAL_Driver/Src/stm32l4xx_hal_spi.c **** error :
2347:Drivers/STM32L4xx_HAL_Driver/Src/stm32l4xx_hal_spi.c ****   /* Process Unlocked */
2348:Drivers/STM32L4xx_HAL_Driver/Src/stm32l4xx_hal_spi.c ****   __HAL_UNLOCK(hspi);
2349:Drivers/STM32L4xx_HAL_Driver/Src/stm32l4xx_hal_spi.c ****   return errorcode;
2350:Drivers/STM32L4xx_HAL_Driver/Src/stm32l4xx_hal_spi.c **** }
2351:Drivers/STM32L4xx_HAL_Driver/Src/stm32l4xx_hal_spi.c **** 
2352:Drivers/STM32L4xx_HAL_Driver/Src/stm32l4xx_hal_spi.c **** /**
2353:Drivers/STM32L4xx_HAL_Driver/Src/stm32l4xx_hal_spi.c ****   * @brief  Abort ongoing transfer (blocking mode).
2354:Drivers/STM32L4xx_HAL_Driver/Src/stm32l4xx_hal_spi.c ****   * @param  hspi SPI handle.
2355:Drivers/STM32L4xx_HAL_Driver/Src/stm32l4xx_hal_spi.c ****   * @note   This procedure could be used for aborting any ongoing transfer (Tx and Rx),
2356:Drivers/STM32L4xx_HAL_Driver/Src/stm32l4xx_hal_spi.c ****   *         started in Interrupt or DMA mode.
2357:Drivers/STM32L4xx_HAL_Driver/Src/stm32l4xx_hal_spi.c ****   *         This procedure performs following operations :
2358:Drivers/STM32L4xx_HAL_Driver/Src/stm32l4xx_hal_spi.c ****   *           - Disable SPI Interrupts (depending of transfer direction)
2359:Drivers/STM32L4xx_HAL_Driver/Src/stm32l4xx_hal_spi.c ****   *           - Disable the DMA transfer in the peripheral register (if enabled)
2360:Drivers/STM32L4xx_HAL_Driver/Src/stm32l4xx_hal_spi.c ****   *           - Abort DMA transfer by calling HAL_DMA_Abort (in case of transfer in DMA mode)
2361:Drivers/STM32L4xx_HAL_Driver/Src/stm32l4xx_hal_spi.c ****   *           - Set handle State to READY
2362:Drivers/STM32L4xx_HAL_Driver/Src/stm32l4xx_hal_spi.c ****   * @note   This procedure is executed in blocking mode : when exiting function, Abort is considere
2363:Drivers/STM32L4xx_HAL_Driver/Src/stm32l4xx_hal_spi.c ****   * @retval HAL status
2364:Drivers/STM32L4xx_HAL_Driver/Src/stm32l4xx_hal_spi.c ****   */
2365:Drivers/STM32L4xx_HAL_Driver/Src/stm32l4xx_hal_spi.c **** HAL_StatusTypeDef HAL_SPI_Abort(SPI_HandleTypeDef *hspi)
2366:Drivers/STM32L4xx_HAL_Driver/Src/stm32l4xx_hal_spi.c **** {
2367:Drivers/STM32L4xx_HAL_Driver/Src/stm32l4xx_hal_spi.c ****   HAL_StatusTypeDef errorcode;
ARM GAS  /tmp/ccEksN7Z.s 			page 43


2368:Drivers/STM32L4xx_HAL_Driver/Src/stm32l4xx_hal_spi.c ****   __IO uint32_t count;
2369:Drivers/STM32L4xx_HAL_Driver/Src/stm32l4xx_hal_spi.c ****   __IO uint32_t resetcount;
2370:Drivers/STM32L4xx_HAL_Driver/Src/stm32l4xx_hal_spi.c **** 
2371:Drivers/STM32L4xx_HAL_Driver/Src/stm32l4xx_hal_spi.c ****   /* Initialized local variable  */
2372:Drivers/STM32L4xx_HAL_Driver/Src/stm32l4xx_hal_spi.c ****   errorcode = HAL_OK;
2373:Drivers/STM32L4xx_HAL_Driver/Src/stm32l4xx_hal_spi.c ****   resetcount = SPI_DEFAULT_TIMEOUT * (SystemCoreClock / 24U / 1000U);
2374:Drivers/STM32L4xx_HAL_Driver/Src/stm32l4xx_hal_spi.c ****   count = resetcount;
2375:Drivers/STM32L4xx_HAL_Driver/Src/stm32l4xx_hal_spi.c **** 
2376:Drivers/STM32L4xx_HAL_Driver/Src/stm32l4xx_hal_spi.c ****   /* Clear ERRIE interrupt to avoid error interrupts generation during Abort procedure */
2377:Drivers/STM32L4xx_HAL_Driver/Src/stm32l4xx_hal_spi.c ****   CLEAR_BIT(hspi->Instance->CR2, SPI_CR2_ERRIE);
2378:Drivers/STM32L4xx_HAL_Driver/Src/stm32l4xx_hal_spi.c **** 
2379:Drivers/STM32L4xx_HAL_Driver/Src/stm32l4xx_hal_spi.c ****   /* Disable TXEIE, RXNEIE and ERRIE(mode fault event, overrun error, TI frame error) interrupts */
2380:Drivers/STM32L4xx_HAL_Driver/Src/stm32l4xx_hal_spi.c ****   if (HAL_IS_BIT_SET(hspi->Instance->CR2, SPI_CR2_TXEIE))
2381:Drivers/STM32L4xx_HAL_Driver/Src/stm32l4xx_hal_spi.c ****   {
2382:Drivers/STM32L4xx_HAL_Driver/Src/stm32l4xx_hal_spi.c ****     hspi->TxISR = SPI_AbortTx_ISR;
2383:Drivers/STM32L4xx_HAL_Driver/Src/stm32l4xx_hal_spi.c ****     /* Wait HAL_SPI_STATE_ABORT state */
2384:Drivers/STM32L4xx_HAL_Driver/Src/stm32l4xx_hal_spi.c ****     do
2385:Drivers/STM32L4xx_HAL_Driver/Src/stm32l4xx_hal_spi.c ****     {
2386:Drivers/STM32L4xx_HAL_Driver/Src/stm32l4xx_hal_spi.c ****       if (count == 0U)
2387:Drivers/STM32L4xx_HAL_Driver/Src/stm32l4xx_hal_spi.c ****       {
2388:Drivers/STM32L4xx_HAL_Driver/Src/stm32l4xx_hal_spi.c ****         SET_BIT(hspi->ErrorCode, HAL_SPI_ERROR_ABORT);
2389:Drivers/STM32L4xx_HAL_Driver/Src/stm32l4xx_hal_spi.c ****         break;
2390:Drivers/STM32L4xx_HAL_Driver/Src/stm32l4xx_hal_spi.c ****       }
2391:Drivers/STM32L4xx_HAL_Driver/Src/stm32l4xx_hal_spi.c ****       count--;
2392:Drivers/STM32L4xx_HAL_Driver/Src/stm32l4xx_hal_spi.c ****     } while (hspi->State != HAL_SPI_STATE_ABORT);
2393:Drivers/STM32L4xx_HAL_Driver/Src/stm32l4xx_hal_spi.c ****     /* Reset Timeout Counter */
2394:Drivers/STM32L4xx_HAL_Driver/Src/stm32l4xx_hal_spi.c ****     count = resetcount;
2395:Drivers/STM32L4xx_HAL_Driver/Src/stm32l4xx_hal_spi.c ****   }
2396:Drivers/STM32L4xx_HAL_Driver/Src/stm32l4xx_hal_spi.c **** 
2397:Drivers/STM32L4xx_HAL_Driver/Src/stm32l4xx_hal_spi.c ****   if (HAL_IS_BIT_SET(hspi->Instance->CR2, SPI_CR2_RXNEIE))
2398:Drivers/STM32L4xx_HAL_Driver/Src/stm32l4xx_hal_spi.c ****   {
2399:Drivers/STM32L4xx_HAL_Driver/Src/stm32l4xx_hal_spi.c ****     hspi->RxISR = SPI_AbortRx_ISR;
2400:Drivers/STM32L4xx_HAL_Driver/Src/stm32l4xx_hal_spi.c ****     /* Wait HAL_SPI_STATE_ABORT state */
2401:Drivers/STM32L4xx_HAL_Driver/Src/stm32l4xx_hal_spi.c ****     do
2402:Drivers/STM32L4xx_HAL_Driver/Src/stm32l4xx_hal_spi.c ****     {
2403:Drivers/STM32L4xx_HAL_Driver/Src/stm32l4xx_hal_spi.c ****       if (count == 0U)
2404:Drivers/STM32L4xx_HAL_Driver/Src/stm32l4xx_hal_spi.c ****       {
2405:Drivers/STM32L4xx_HAL_Driver/Src/stm32l4xx_hal_spi.c ****         SET_BIT(hspi->ErrorCode, HAL_SPI_ERROR_ABORT);
2406:Drivers/STM32L4xx_HAL_Driver/Src/stm32l4xx_hal_spi.c ****         break;
2407:Drivers/STM32L4xx_HAL_Driver/Src/stm32l4xx_hal_spi.c ****       }
2408:Drivers/STM32L4xx_HAL_Driver/Src/stm32l4xx_hal_spi.c ****       count--;
2409:Drivers/STM32L4xx_HAL_Driver/Src/stm32l4xx_hal_spi.c ****     } while (hspi->State != HAL_SPI_STATE_ABORT);
2410:Drivers/STM32L4xx_HAL_Driver/Src/stm32l4xx_hal_spi.c ****     /* Reset Timeout Counter */
2411:Drivers/STM32L4xx_HAL_Driver/Src/stm32l4xx_hal_spi.c ****     count = resetcount;
2412:Drivers/STM32L4xx_HAL_Driver/Src/stm32l4xx_hal_spi.c ****   }
2413:Drivers/STM32L4xx_HAL_Driver/Src/stm32l4xx_hal_spi.c **** 
2414:Drivers/STM32L4xx_HAL_Driver/Src/stm32l4xx_hal_spi.c ****   /* Disable the SPI DMA Tx request if enabled */
2415:Drivers/STM32L4xx_HAL_Driver/Src/stm32l4xx_hal_spi.c ****   if (HAL_IS_BIT_SET(hspi->Instance->CR2, SPI_CR2_TXDMAEN))
2416:Drivers/STM32L4xx_HAL_Driver/Src/stm32l4xx_hal_spi.c ****   {
2417:Drivers/STM32L4xx_HAL_Driver/Src/stm32l4xx_hal_spi.c ****     /* Abort the SPI DMA Tx Stream/Channel : use blocking DMA Abort API (no callback) */
2418:Drivers/STM32L4xx_HAL_Driver/Src/stm32l4xx_hal_spi.c ****     if (hspi->hdmatx != NULL)
2419:Drivers/STM32L4xx_HAL_Driver/Src/stm32l4xx_hal_spi.c ****     {
2420:Drivers/STM32L4xx_HAL_Driver/Src/stm32l4xx_hal_spi.c ****       /* Set the SPI DMA Abort callback :
2421:Drivers/STM32L4xx_HAL_Driver/Src/stm32l4xx_hal_spi.c ****       will lead to call HAL_SPI_AbortCpltCallback() at end of DMA abort procedure */
2422:Drivers/STM32L4xx_HAL_Driver/Src/stm32l4xx_hal_spi.c ****       hspi->hdmatx->XferAbortCallback = NULL;
2423:Drivers/STM32L4xx_HAL_Driver/Src/stm32l4xx_hal_spi.c **** 
2424:Drivers/STM32L4xx_HAL_Driver/Src/stm32l4xx_hal_spi.c ****       /* Abort DMA Tx Handle linked to SPI Peripheral */
ARM GAS  /tmp/ccEksN7Z.s 			page 44


2425:Drivers/STM32L4xx_HAL_Driver/Src/stm32l4xx_hal_spi.c ****       if (HAL_DMA_Abort(hspi->hdmatx) != HAL_OK)
2426:Drivers/STM32L4xx_HAL_Driver/Src/stm32l4xx_hal_spi.c ****       {
2427:Drivers/STM32L4xx_HAL_Driver/Src/stm32l4xx_hal_spi.c ****         hspi->ErrorCode = HAL_SPI_ERROR_ABORT;
2428:Drivers/STM32L4xx_HAL_Driver/Src/stm32l4xx_hal_spi.c ****       }
2429:Drivers/STM32L4xx_HAL_Driver/Src/stm32l4xx_hal_spi.c **** 
2430:Drivers/STM32L4xx_HAL_Driver/Src/stm32l4xx_hal_spi.c ****       /* Disable Tx DMA Request */
2431:Drivers/STM32L4xx_HAL_Driver/Src/stm32l4xx_hal_spi.c ****       CLEAR_BIT(hspi->Instance->CR2, (SPI_CR2_TXDMAEN));
2432:Drivers/STM32L4xx_HAL_Driver/Src/stm32l4xx_hal_spi.c **** 
2433:Drivers/STM32L4xx_HAL_Driver/Src/stm32l4xx_hal_spi.c ****       if (SPI_EndRxTxTransaction(hspi, SPI_DEFAULT_TIMEOUT, HAL_GetTick()) != HAL_OK)
2434:Drivers/STM32L4xx_HAL_Driver/Src/stm32l4xx_hal_spi.c ****       {
2435:Drivers/STM32L4xx_HAL_Driver/Src/stm32l4xx_hal_spi.c ****         hspi->ErrorCode = HAL_SPI_ERROR_ABORT;
2436:Drivers/STM32L4xx_HAL_Driver/Src/stm32l4xx_hal_spi.c ****       }
2437:Drivers/STM32L4xx_HAL_Driver/Src/stm32l4xx_hal_spi.c **** 
2438:Drivers/STM32L4xx_HAL_Driver/Src/stm32l4xx_hal_spi.c ****       /* Disable SPI Peripheral */
2439:Drivers/STM32L4xx_HAL_Driver/Src/stm32l4xx_hal_spi.c ****       __HAL_SPI_DISABLE(hspi);
2440:Drivers/STM32L4xx_HAL_Driver/Src/stm32l4xx_hal_spi.c **** 
2441:Drivers/STM32L4xx_HAL_Driver/Src/stm32l4xx_hal_spi.c ****       /* Empty the FRLVL fifo */
2442:Drivers/STM32L4xx_HAL_Driver/Src/stm32l4xx_hal_spi.c ****       if (SPI_WaitFifoStateUntilTimeout(hspi, SPI_FLAG_FRLVL, SPI_FRLVL_EMPTY, SPI_DEFAULT_TIMEOUT,
2443:Drivers/STM32L4xx_HAL_Driver/Src/stm32l4xx_hal_spi.c ****       {
2444:Drivers/STM32L4xx_HAL_Driver/Src/stm32l4xx_hal_spi.c ****         hspi->ErrorCode = HAL_SPI_ERROR_ABORT;
2445:Drivers/STM32L4xx_HAL_Driver/Src/stm32l4xx_hal_spi.c ****       }
2446:Drivers/STM32L4xx_HAL_Driver/Src/stm32l4xx_hal_spi.c ****     }
2447:Drivers/STM32L4xx_HAL_Driver/Src/stm32l4xx_hal_spi.c ****   }
2448:Drivers/STM32L4xx_HAL_Driver/Src/stm32l4xx_hal_spi.c **** 
2449:Drivers/STM32L4xx_HAL_Driver/Src/stm32l4xx_hal_spi.c ****   /* Disable the SPI DMA Rx request if enabled */
2450:Drivers/STM32L4xx_HAL_Driver/Src/stm32l4xx_hal_spi.c ****   if (HAL_IS_BIT_SET(hspi->Instance->CR2, SPI_CR2_RXDMAEN))
2451:Drivers/STM32L4xx_HAL_Driver/Src/stm32l4xx_hal_spi.c ****   {
2452:Drivers/STM32L4xx_HAL_Driver/Src/stm32l4xx_hal_spi.c ****     /* Abort the SPI DMA Rx Stream/Channel : use blocking DMA Abort API (no callback) */
2453:Drivers/STM32L4xx_HAL_Driver/Src/stm32l4xx_hal_spi.c ****     if (hspi->hdmarx != NULL)
2454:Drivers/STM32L4xx_HAL_Driver/Src/stm32l4xx_hal_spi.c ****     {
2455:Drivers/STM32L4xx_HAL_Driver/Src/stm32l4xx_hal_spi.c ****       /* Set the SPI DMA Abort callback :
2456:Drivers/STM32L4xx_HAL_Driver/Src/stm32l4xx_hal_spi.c ****       will lead to call HAL_SPI_AbortCpltCallback() at end of DMA abort procedure */
2457:Drivers/STM32L4xx_HAL_Driver/Src/stm32l4xx_hal_spi.c ****       hspi->hdmarx->XferAbortCallback = NULL;
2458:Drivers/STM32L4xx_HAL_Driver/Src/stm32l4xx_hal_spi.c **** 
2459:Drivers/STM32L4xx_HAL_Driver/Src/stm32l4xx_hal_spi.c ****       /* Abort DMA Rx Handle linked to SPI Peripheral */
2460:Drivers/STM32L4xx_HAL_Driver/Src/stm32l4xx_hal_spi.c ****       if (HAL_DMA_Abort(hspi->hdmarx) != HAL_OK)
2461:Drivers/STM32L4xx_HAL_Driver/Src/stm32l4xx_hal_spi.c ****       {
2462:Drivers/STM32L4xx_HAL_Driver/Src/stm32l4xx_hal_spi.c ****         hspi->ErrorCode = HAL_SPI_ERROR_ABORT;
2463:Drivers/STM32L4xx_HAL_Driver/Src/stm32l4xx_hal_spi.c ****       }
2464:Drivers/STM32L4xx_HAL_Driver/Src/stm32l4xx_hal_spi.c **** 
2465:Drivers/STM32L4xx_HAL_Driver/Src/stm32l4xx_hal_spi.c ****       /* Disable peripheral */
2466:Drivers/STM32L4xx_HAL_Driver/Src/stm32l4xx_hal_spi.c ****       __HAL_SPI_DISABLE(hspi);
2467:Drivers/STM32L4xx_HAL_Driver/Src/stm32l4xx_hal_spi.c **** 
2468:Drivers/STM32L4xx_HAL_Driver/Src/stm32l4xx_hal_spi.c ****       /* Control the BSY flag */
2469:Drivers/STM32L4xx_HAL_Driver/Src/stm32l4xx_hal_spi.c ****       if (SPI_WaitFlagStateUntilTimeout(hspi, SPI_FLAG_BSY, RESET, SPI_DEFAULT_TIMEOUT, HAL_GetTick
2470:Drivers/STM32L4xx_HAL_Driver/Src/stm32l4xx_hal_spi.c ****       {
2471:Drivers/STM32L4xx_HAL_Driver/Src/stm32l4xx_hal_spi.c ****         hspi->ErrorCode = HAL_SPI_ERROR_ABORT;
2472:Drivers/STM32L4xx_HAL_Driver/Src/stm32l4xx_hal_spi.c ****       }
2473:Drivers/STM32L4xx_HAL_Driver/Src/stm32l4xx_hal_spi.c **** 
2474:Drivers/STM32L4xx_HAL_Driver/Src/stm32l4xx_hal_spi.c ****       /* Empty the FRLVL fifo */
2475:Drivers/STM32L4xx_HAL_Driver/Src/stm32l4xx_hal_spi.c ****       if (SPI_WaitFifoStateUntilTimeout(hspi, SPI_FLAG_FRLVL, SPI_FRLVL_EMPTY, SPI_DEFAULT_TIMEOUT,
2476:Drivers/STM32L4xx_HAL_Driver/Src/stm32l4xx_hal_spi.c ****       {
2477:Drivers/STM32L4xx_HAL_Driver/Src/stm32l4xx_hal_spi.c ****         hspi->ErrorCode = HAL_SPI_ERROR_ABORT;
2478:Drivers/STM32L4xx_HAL_Driver/Src/stm32l4xx_hal_spi.c ****       }
2479:Drivers/STM32L4xx_HAL_Driver/Src/stm32l4xx_hal_spi.c **** 
2480:Drivers/STM32L4xx_HAL_Driver/Src/stm32l4xx_hal_spi.c ****       /* Disable Rx DMA Request */
2481:Drivers/STM32L4xx_HAL_Driver/Src/stm32l4xx_hal_spi.c ****       CLEAR_BIT(hspi->Instance->CR2, (SPI_CR2_RXDMAEN));
ARM GAS  /tmp/ccEksN7Z.s 			page 45


2482:Drivers/STM32L4xx_HAL_Driver/Src/stm32l4xx_hal_spi.c ****     }
2483:Drivers/STM32L4xx_HAL_Driver/Src/stm32l4xx_hal_spi.c ****   }
2484:Drivers/STM32L4xx_HAL_Driver/Src/stm32l4xx_hal_spi.c ****   /* Reset Tx and Rx transfer counters */
2485:Drivers/STM32L4xx_HAL_Driver/Src/stm32l4xx_hal_spi.c ****   hspi->RxXferCount = 0U;
2486:Drivers/STM32L4xx_HAL_Driver/Src/stm32l4xx_hal_spi.c ****   hspi->TxXferCount = 0U;
2487:Drivers/STM32L4xx_HAL_Driver/Src/stm32l4xx_hal_spi.c **** 
2488:Drivers/STM32L4xx_HAL_Driver/Src/stm32l4xx_hal_spi.c ****   /* Check error during Abort procedure */
2489:Drivers/STM32L4xx_HAL_Driver/Src/stm32l4xx_hal_spi.c ****   if (hspi->ErrorCode == HAL_SPI_ERROR_ABORT)
2490:Drivers/STM32L4xx_HAL_Driver/Src/stm32l4xx_hal_spi.c ****   {
2491:Drivers/STM32L4xx_HAL_Driver/Src/stm32l4xx_hal_spi.c ****     /* return HAL_Error in case of error during Abort procedure */
2492:Drivers/STM32L4xx_HAL_Driver/Src/stm32l4xx_hal_spi.c ****     errorcode = HAL_ERROR;
2493:Drivers/STM32L4xx_HAL_Driver/Src/stm32l4xx_hal_spi.c ****   }
2494:Drivers/STM32L4xx_HAL_Driver/Src/stm32l4xx_hal_spi.c ****   else
2495:Drivers/STM32L4xx_HAL_Driver/Src/stm32l4xx_hal_spi.c ****   {
2496:Drivers/STM32L4xx_HAL_Driver/Src/stm32l4xx_hal_spi.c ****     /* Reset errorCode */
2497:Drivers/STM32L4xx_HAL_Driver/Src/stm32l4xx_hal_spi.c ****     hspi->ErrorCode = HAL_SPI_ERROR_NONE;
2498:Drivers/STM32L4xx_HAL_Driver/Src/stm32l4xx_hal_spi.c ****   }
2499:Drivers/STM32L4xx_HAL_Driver/Src/stm32l4xx_hal_spi.c **** 
2500:Drivers/STM32L4xx_HAL_Driver/Src/stm32l4xx_hal_spi.c ****   /* Clear the Error flags in the SR register */
2501:Drivers/STM32L4xx_HAL_Driver/Src/stm32l4xx_hal_spi.c ****   __HAL_SPI_CLEAR_OVRFLAG(hspi);
2502:Drivers/STM32L4xx_HAL_Driver/Src/stm32l4xx_hal_spi.c ****   __HAL_SPI_CLEAR_FREFLAG(hspi);
2503:Drivers/STM32L4xx_HAL_Driver/Src/stm32l4xx_hal_spi.c **** 
2504:Drivers/STM32L4xx_HAL_Driver/Src/stm32l4xx_hal_spi.c ****   /* Restore hspi->state to ready */
2505:Drivers/STM32L4xx_HAL_Driver/Src/stm32l4xx_hal_spi.c ****   hspi->State = HAL_SPI_STATE_READY;
2506:Drivers/STM32L4xx_HAL_Driver/Src/stm32l4xx_hal_spi.c **** 
2507:Drivers/STM32L4xx_HAL_Driver/Src/stm32l4xx_hal_spi.c ****   return errorcode;
2508:Drivers/STM32L4xx_HAL_Driver/Src/stm32l4xx_hal_spi.c **** }
2509:Drivers/STM32L4xx_HAL_Driver/Src/stm32l4xx_hal_spi.c **** 
2510:Drivers/STM32L4xx_HAL_Driver/Src/stm32l4xx_hal_spi.c **** /**
2511:Drivers/STM32L4xx_HAL_Driver/Src/stm32l4xx_hal_spi.c ****   * @brief  Abort ongoing transfer (Interrupt mode).
2512:Drivers/STM32L4xx_HAL_Driver/Src/stm32l4xx_hal_spi.c ****   * @param  hspi SPI handle.
2513:Drivers/STM32L4xx_HAL_Driver/Src/stm32l4xx_hal_spi.c ****   * @note   This procedure could be used for aborting any ongoing transfer (Tx and Rx),
2514:Drivers/STM32L4xx_HAL_Driver/Src/stm32l4xx_hal_spi.c ****   *         started in Interrupt or DMA mode.
2515:Drivers/STM32L4xx_HAL_Driver/Src/stm32l4xx_hal_spi.c ****   *         This procedure performs following operations :
2516:Drivers/STM32L4xx_HAL_Driver/Src/stm32l4xx_hal_spi.c ****   *           - Disable SPI Interrupts (depending of transfer direction)
2517:Drivers/STM32L4xx_HAL_Driver/Src/stm32l4xx_hal_spi.c ****   *           - Disable the DMA transfer in the peripheral register (if enabled)
2518:Drivers/STM32L4xx_HAL_Driver/Src/stm32l4xx_hal_spi.c ****   *           - Abort DMA transfer by calling HAL_DMA_Abort_IT (in case of transfer in DMA mode)
2519:Drivers/STM32L4xx_HAL_Driver/Src/stm32l4xx_hal_spi.c ****   *           - Set handle State to READY
2520:Drivers/STM32L4xx_HAL_Driver/Src/stm32l4xx_hal_spi.c ****   *           - At abort completion, call user abort complete callback
2521:Drivers/STM32L4xx_HAL_Driver/Src/stm32l4xx_hal_spi.c ****   * @note   This procedure is executed in Interrupt mode, meaning that abort procedure could be
2522:Drivers/STM32L4xx_HAL_Driver/Src/stm32l4xx_hal_spi.c ****   *         considered as completed only when user abort complete callback is executed (not when ex
2523:Drivers/STM32L4xx_HAL_Driver/Src/stm32l4xx_hal_spi.c ****   * @retval HAL status
2524:Drivers/STM32L4xx_HAL_Driver/Src/stm32l4xx_hal_spi.c ****   */
2525:Drivers/STM32L4xx_HAL_Driver/Src/stm32l4xx_hal_spi.c **** HAL_StatusTypeDef HAL_SPI_Abort_IT(SPI_HandleTypeDef *hspi)
2526:Drivers/STM32L4xx_HAL_Driver/Src/stm32l4xx_hal_spi.c **** {
2527:Drivers/STM32L4xx_HAL_Driver/Src/stm32l4xx_hal_spi.c ****   HAL_StatusTypeDef errorcode;
2528:Drivers/STM32L4xx_HAL_Driver/Src/stm32l4xx_hal_spi.c ****   uint32_t abortcplt ;
2529:Drivers/STM32L4xx_HAL_Driver/Src/stm32l4xx_hal_spi.c ****   __IO uint32_t count;
2530:Drivers/STM32L4xx_HAL_Driver/Src/stm32l4xx_hal_spi.c ****   __IO uint32_t resetcount;
2531:Drivers/STM32L4xx_HAL_Driver/Src/stm32l4xx_hal_spi.c **** 
2532:Drivers/STM32L4xx_HAL_Driver/Src/stm32l4xx_hal_spi.c ****   /* Initialized local variable  */
2533:Drivers/STM32L4xx_HAL_Driver/Src/stm32l4xx_hal_spi.c ****   errorcode = HAL_OK;
2534:Drivers/STM32L4xx_HAL_Driver/Src/stm32l4xx_hal_spi.c ****   abortcplt = 1U;
2535:Drivers/STM32L4xx_HAL_Driver/Src/stm32l4xx_hal_spi.c ****   resetcount = SPI_DEFAULT_TIMEOUT * (SystemCoreClock / 24U / 1000U);
2536:Drivers/STM32L4xx_HAL_Driver/Src/stm32l4xx_hal_spi.c ****   count = resetcount;
2537:Drivers/STM32L4xx_HAL_Driver/Src/stm32l4xx_hal_spi.c **** 
2538:Drivers/STM32L4xx_HAL_Driver/Src/stm32l4xx_hal_spi.c ****   /* Clear ERRIE interrupt to avoid error interrupts generation during Abort procedure */
ARM GAS  /tmp/ccEksN7Z.s 			page 46


2539:Drivers/STM32L4xx_HAL_Driver/Src/stm32l4xx_hal_spi.c ****   CLEAR_BIT(hspi->Instance->CR2, SPI_CR2_ERRIE);
2540:Drivers/STM32L4xx_HAL_Driver/Src/stm32l4xx_hal_spi.c **** 
2541:Drivers/STM32L4xx_HAL_Driver/Src/stm32l4xx_hal_spi.c ****   /* Change Rx and Tx Irq Handler to Disable TXEIE, RXNEIE and ERRIE interrupts */
2542:Drivers/STM32L4xx_HAL_Driver/Src/stm32l4xx_hal_spi.c ****   if (HAL_IS_BIT_SET(hspi->Instance->CR2, SPI_CR2_TXEIE))
2543:Drivers/STM32L4xx_HAL_Driver/Src/stm32l4xx_hal_spi.c ****   {
2544:Drivers/STM32L4xx_HAL_Driver/Src/stm32l4xx_hal_spi.c ****     hspi->TxISR = SPI_AbortTx_ISR;
2545:Drivers/STM32L4xx_HAL_Driver/Src/stm32l4xx_hal_spi.c ****     /* Wait HAL_SPI_STATE_ABORT state */
2546:Drivers/STM32L4xx_HAL_Driver/Src/stm32l4xx_hal_spi.c ****     do
2547:Drivers/STM32L4xx_HAL_Driver/Src/stm32l4xx_hal_spi.c ****     {
2548:Drivers/STM32L4xx_HAL_Driver/Src/stm32l4xx_hal_spi.c ****       if (count == 0U)
2549:Drivers/STM32L4xx_HAL_Driver/Src/stm32l4xx_hal_spi.c ****       {
2550:Drivers/STM32L4xx_HAL_Driver/Src/stm32l4xx_hal_spi.c ****         SET_BIT(hspi->ErrorCode, HAL_SPI_ERROR_ABORT);
2551:Drivers/STM32L4xx_HAL_Driver/Src/stm32l4xx_hal_spi.c ****         break;
2552:Drivers/STM32L4xx_HAL_Driver/Src/stm32l4xx_hal_spi.c ****       }
2553:Drivers/STM32L4xx_HAL_Driver/Src/stm32l4xx_hal_spi.c ****       count--;
2554:Drivers/STM32L4xx_HAL_Driver/Src/stm32l4xx_hal_spi.c ****     } while (hspi->State != HAL_SPI_STATE_ABORT);
2555:Drivers/STM32L4xx_HAL_Driver/Src/stm32l4xx_hal_spi.c ****     /* Reset Timeout Counter */
2556:Drivers/STM32L4xx_HAL_Driver/Src/stm32l4xx_hal_spi.c ****     count = resetcount;
2557:Drivers/STM32L4xx_HAL_Driver/Src/stm32l4xx_hal_spi.c ****   }
2558:Drivers/STM32L4xx_HAL_Driver/Src/stm32l4xx_hal_spi.c **** 
2559:Drivers/STM32L4xx_HAL_Driver/Src/stm32l4xx_hal_spi.c ****   if (HAL_IS_BIT_SET(hspi->Instance->CR2, SPI_CR2_RXNEIE))
2560:Drivers/STM32L4xx_HAL_Driver/Src/stm32l4xx_hal_spi.c ****   {
2561:Drivers/STM32L4xx_HAL_Driver/Src/stm32l4xx_hal_spi.c ****     hspi->RxISR = SPI_AbortRx_ISR;
2562:Drivers/STM32L4xx_HAL_Driver/Src/stm32l4xx_hal_spi.c ****     /* Wait HAL_SPI_STATE_ABORT state */
2563:Drivers/STM32L4xx_HAL_Driver/Src/stm32l4xx_hal_spi.c ****     do
2564:Drivers/STM32L4xx_HAL_Driver/Src/stm32l4xx_hal_spi.c ****     {
2565:Drivers/STM32L4xx_HAL_Driver/Src/stm32l4xx_hal_spi.c ****       if (count == 0U)
2566:Drivers/STM32L4xx_HAL_Driver/Src/stm32l4xx_hal_spi.c ****       {
2567:Drivers/STM32L4xx_HAL_Driver/Src/stm32l4xx_hal_spi.c ****         SET_BIT(hspi->ErrorCode, HAL_SPI_ERROR_ABORT);
2568:Drivers/STM32L4xx_HAL_Driver/Src/stm32l4xx_hal_spi.c ****         break;
2569:Drivers/STM32L4xx_HAL_Driver/Src/stm32l4xx_hal_spi.c ****       }
2570:Drivers/STM32L4xx_HAL_Driver/Src/stm32l4xx_hal_spi.c ****       count--;
2571:Drivers/STM32L4xx_HAL_Driver/Src/stm32l4xx_hal_spi.c ****     } while (hspi->State != HAL_SPI_STATE_ABORT);
2572:Drivers/STM32L4xx_HAL_Driver/Src/stm32l4xx_hal_spi.c ****     /* Reset Timeout Counter */
2573:Drivers/STM32L4xx_HAL_Driver/Src/stm32l4xx_hal_spi.c ****     count = resetcount;
2574:Drivers/STM32L4xx_HAL_Driver/Src/stm32l4xx_hal_spi.c ****   }
2575:Drivers/STM32L4xx_HAL_Driver/Src/stm32l4xx_hal_spi.c **** 
2576:Drivers/STM32L4xx_HAL_Driver/Src/stm32l4xx_hal_spi.c ****   /* If DMA Tx and/or DMA Rx Handles are associated to SPI Handle, DMA Abort complete callbacks sho
2577:Drivers/STM32L4xx_HAL_Driver/Src/stm32l4xx_hal_spi.c ****      before any call to DMA Abort functions */
2578:Drivers/STM32L4xx_HAL_Driver/Src/stm32l4xx_hal_spi.c ****   /* DMA Tx Handle is valid */
2579:Drivers/STM32L4xx_HAL_Driver/Src/stm32l4xx_hal_spi.c ****   if (hspi->hdmatx != NULL)
2580:Drivers/STM32L4xx_HAL_Driver/Src/stm32l4xx_hal_spi.c ****   {
2581:Drivers/STM32L4xx_HAL_Driver/Src/stm32l4xx_hal_spi.c ****     /* Set DMA Abort Complete callback if UART DMA Tx request if enabled.
2582:Drivers/STM32L4xx_HAL_Driver/Src/stm32l4xx_hal_spi.c ****        Otherwise, set it to NULL */
2583:Drivers/STM32L4xx_HAL_Driver/Src/stm32l4xx_hal_spi.c ****     if (HAL_IS_BIT_SET(hspi->Instance->CR2, SPI_CR2_TXDMAEN))
2584:Drivers/STM32L4xx_HAL_Driver/Src/stm32l4xx_hal_spi.c ****     {
2585:Drivers/STM32L4xx_HAL_Driver/Src/stm32l4xx_hal_spi.c ****       hspi->hdmatx->XferAbortCallback = SPI_DMATxAbortCallback;
2586:Drivers/STM32L4xx_HAL_Driver/Src/stm32l4xx_hal_spi.c ****     }
2587:Drivers/STM32L4xx_HAL_Driver/Src/stm32l4xx_hal_spi.c ****     else
2588:Drivers/STM32L4xx_HAL_Driver/Src/stm32l4xx_hal_spi.c ****     {
2589:Drivers/STM32L4xx_HAL_Driver/Src/stm32l4xx_hal_spi.c ****       hspi->hdmatx->XferAbortCallback = NULL;
2590:Drivers/STM32L4xx_HAL_Driver/Src/stm32l4xx_hal_spi.c ****     }
2591:Drivers/STM32L4xx_HAL_Driver/Src/stm32l4xx_hal_spi.c ****   }
2592:Drivers/STM32L4xx_HAL_Driver/Src/stm32l4xx_hal_spi.c ****   /* DMA Rx Handle is valid */
2593:Drivers/STM32L4xx_HAL_Driver/Src/stm32l4xx_hal_spi.c ****   if (hspi->hdmarx != NULL)
2594:Drivers/STM32L4xx_HAL_Driver/Src/stm32l4xx_hal_spi.c ****   {
2595:Drivers/STM32L4xx_HAL_Driver/Src/stm32l4xx_hal_spi.c ****     /* Set DMA Abort Complete callback if UART DMA Rx request if enabled.
ARM GAS  /tmp/ccEksN7Z.s 			page 47


2596:Drivers/STM32L4xx_HAL_Driver/Src/stm32l4xx_hal_spi.c ****        Otherwise, set it to NULL */
2597:Drivers/STM32L4xx_HAL_Driver/Src/stm32l4xx_hal_spi.c ****     if (HAL_IS_BIT_SET(hspi->Instance->CR2, SPI_CR2_RXDMAEN))
2598:Drivers/STM32L4xx_HAL_Driver/Src/stm32l4xx_hal_spi.c ****     {
2599:Drivers/STM32L4xx_HAL_Driver/Src/stm32l4xx_hal_spi.c ****       hspi->hdmarx->XferAbortCallback = SPI_DMARxAbortCallback;
2600:Drivers/STM32L4xx_HAL_Driver/Src/stm32l4xx_hal_spi.c ****     }
2601:Drivers/STM32L4xx_HAL_Driver/Src/stm32l4xx_hal_spi.c ****     else
2602:Drivers/STM32L4xx_HAL_Driver/Src/stm32l4xx_hal_spi.c ****     {
2603:Drivers/STM32L4xx_HAL_Driver/Src/stm32l4xx_hal_spi.c ****       hspi->hdmarx->XferAbortCallback = NULL;
2604:Drivers/STM32L4xx_HAL_Driver/Src/stm32l4xx_hal_spi.c ****     }
2605:Drivers/STM32L4xx_HAL_Driver/Src/stm32l4xx_hal_spi.c ****   }
2606:Drivers/STM32L4xx_HAL_Driver/Src/stm32l4xx_hal_spi.c **** 
2607:Drivers/STM32L4xx_HAL_Driver/Src/stm32l4xx_hal_spi.c ****   /* Disable the SPI DMA Tx request if enabled */
2608:Drivers/STM32L4xx_HAL_Driver/Src/stm32l4xx_hal_spi.c ****   if (HAL_IS_BIT_SET(hspi->Instance->CR2, SPI_CR2_TXDMAEN))
2609:Drivers/STM32L4xx_HAL_Driver/Src/stm32l4xx_hal_spi.c ****   {
2610:Drivers/STM32L4xx_HAL_Driver/Src/stm32l4xx_hal_spi.c ****     /* Abort the SPI DMA Tx Stream/Channel */
2611:Drivers/STM32L4xx_HAL_Driver/Src/stm32l4xx_hal_spi.c ****     if (hspi->hdmatx != NULL)
2612:Drivers/STM32L4xx_HAL_Driver/Src/stm32l4xx_hal_spi.c ****     {
2613:Drivers/STM32L4xx_HAL_Driver/Src/stm32l4xx_hal_spi.c ****       /* Abort DMA Tx Handle linked to SPI Peripheral */
2614:Drivers/STM32L4xx_HAL_Driver/Src/stm32l4xx_hal_spi.c ****       if (HAL_DMA_Abort_IT(hspi->hdmatx) != HAL_OK)
2615:Drivers/STM32L4xx_HAL_Driver/Src/stm32l4xx_hal_spi.c ****       {
2616:Drivers/STM32L4xx_HAL_Driver/Src/stm32l4xx_hal_spi.c ****         hspi->hdmatx->XferAbortCallback = NULL;
2617:Drivers/STM32L4xx_HAL_Driver/Src/stm32l4xx_hal_spi.c ****         hspi->ErrorCode = HAL_SPI_ERROR_ABORT;
2618:Drivers/STM32L4xx_HAL_Driver/Src/stm32l4xx_hal_spi.c ****       }
2619:Drivers/STM32L4xx_HAL_Driver/Src/stm32l4xx_hal_spi.c ****       else
2620:Drivers/STM32L4xx_HAL_Driver/Src/stm32l4xx_hal_spi.c ****       {
2621:Drivers/STM32L4xx_HAL_Driver/Src/stm32l4xx_hal_spi.c ****         abortcplt = 0U;
2622:Drivers/STM32L4xx_HAL_Driver/Src/stm32l4xx_hal_spi.c ****       }
2623:Drivers/STM32L4xx_HAL_Driver/Src/stm32l4xx_hal_spi.c ****     }
2624:Drivers/STM32L4xx_HAL_Driver/Src/stm32l4xx_hal_spi.c ****   }
2625:Drivers/STM32L4xx_HAL_Driver/Src/stm32l4xx_hal_spi.c ****   /* Disable the SPI DMA Rx request if enabled */
2626:Drivers/STM32L4xx_HAL_Driver/Src/stm32l4xx_hal_spi.c ****   if (HAL_IS_BIT_SET(hspi->Instance->CR2, SPI_CR2_RXDMAEN))
2627:Drivers/STM32L4xx_HAL_Driver/Src/stm32l4xx_hal_spi.c ****   {
2628:Drivers/STM32L4xx_HAL_Driver/Src/stm32l4xx_hal_spi.c ****     /* Abort the SPI DMA Rx Stream/Channel */
2629:Drivers/STM32L4xx_HAL_Driver/Src/stm32l4xx_hal_spi.c ****     if (hspi->hdmarx != NULL)
2630:Drivers/STM32L4xx_HAL_Driver/Src/stm32l4xx_hal_spi.c ****     {
2631:Drivers/STM32L4xx_HAL_Driver/Src/stm32l4xx_hal_spi.c ****       /* Abort DMA Rx Handle linked to SPI Peripheral */
2632:Drivers/STM32L4xx_HAL_Driver/Src/stm32l4xx_hal_spi.c ****       if (HAL_DMA_Abort_IT(hspi->hdmarx) !=  HAL_OK)
2633:Drivers/STM32L4xx_HAL_Driver/Src/stm32l4xx_hal_spi.c ****       {
2634:Drivers/STM32L4xx_HAL_Driver/Src/stm32l4xx_hal_spi.c ****         hspi->hdmarx->XferAbortCallback = NULL;
2635:Drivers/STM32L4xx_HAL_Driver/Src/stm32l4xx_hal_spi.c ****         hspi->ErrorCode = HAL_SPI_ERROR_ABORT;
2636:Drivers/STM32L4xx_HAL_Driver/Src/stm32l4xx_hal_spi.c ****       }
2637:Drivers/STM32L4xx_HAL_Driver/Src/stm32l4xx_hal_spi.c ****       else
2638:Drivers/STM32L4xx_HAL_Driver/Src/stm32l4xx_hal_spi.c ****       {
2639:Drivers/STM32L4xx_HAL_Driver/Src/stm32l4xx_hal_spi.c ****         abortcplt = 0U;
2640:Drivers/STM32L4xx_HAL_Driver/Src/stm32l4xx_hal_spi.c ****       }
2641:Drivers/STM32L4xx_HAL_Driver/Src/stm32l4xx_hal_spi.c ****     }
2642:Drivers/STM32L4xx_HAL_Driver/Src/stm32l4xx_hal_spi.c ****   }
2643:Drivers/STM32L4xx_HAL_Driver/Src/stm32l4xx_hal_spi.c **** 
2644:Drivers/STM32L4xx_HAL_Driver/Src/stm32l4xx_hal_spi.c ****   if (abortcplt == 1U)
2645:Drivers/STM32L4xx_HAL_Driver/Src/stm32l4xx_hal_spi.c ****   {
2646:Drivers/STM32L4xx_HAL_Driver/Src/stm32l4xx_hal_spi.c ****     /* Reset Tx and Rx transfer counters */
2647:Drivers/STM32L4xx_HAL_Driver/Src/stm32l4xx_hal_spi.c ****     hspi->RxXferCount = 0U;
2648:Drivers/STM32L4xx_HAL_Driver/Src/stm32l4xx_hal_spi.c ****     hspi->TxXferCount = 0U;
2649:Drivers/STM32L4xx_HAL_Driver/Src/stm32l4xx_hal_spi.c **** 
2650:Drivers/STM32L4xx_HAL_Driver/Src/stm32l4xx_hal_spi.c ****     /* Check error during Abort procedure */
2651:Drivers/STM32L4xx_HAL_Driver/Src/stm32l4xx_hal_spi.c ****     if (hspi->ErrorCode == HAL_SPI_ERROR_ABORT)
2652:Drivers/STM32L4xx_HAL_Driver/Src/stm32l4xx_hal_spi.c ****     {
ARM GAS  /tmp/ccEksN7Z.s 			page 48


2653:Drivers/STM32L4xx_HAL_Driver/Src/stm32l4xx_hal_spi.c ****       /* return HAL_Error in case of error during Abort procedure */
2654:Drivers/STM32L4xx_HAL_Driver/Src/stm32l4xx_hal_spi.c ****       errorcode = HAL_ERROR;
2655:Drivers/STM32L4xx_HAL_Driver/Src/stm32l4xx_hal_spi.c ****     }
2656:Drivers/STM32L4xx_HAL_Driver/Src/stm32l4xx_hal_spi.c ****     else
2657:Drivers/STM32L4xx_HAL_Driver/Src/stm32l4xx_hal_spi.c ****     {
2658:Drivers/STM32L4xx_HAL_Driver/Src/stm32l4xx_hal_spi.c ****       /* Reset errorCode */
2659:Drivers/STM32L4xx_HAL_Driver/Src/stm32l4xx_hal_spi.c ****       hspi->ErrorCode = HAL_SPI_ERROR_NONE;
2660:Drivers/STM32L4xx_HAL_Driver/Src/stm32l4xx_hal_spi.c ****     }
2661:Drivers/STM32L4xx_HAL_Driver/Src/stm32l4xx_hal_spi.c **** 
2662:Drivers/STM32L4xx_HAL_Driver/Src/stm32l4xx_hal_spi.c ****     /* Clear the Error flags in the SR register */
2663:Drivers/STM32L4xx_HAL_Driver/Src/stm32l4xx_hal_spi.c ****     __HAL_SPI_CLEAR_OVRFLAG(hspi);
2664:Drivers/STM32L4xx_HAL_Driver/Src/stm32l4xx_hal_spi.c ****     __HAL_SPI_CLEAR_FREFLAG(hspi);
2665:Drivers/STM32L4xx_HAL_Driver/Src/stm32l4xx_hal_spi.c **** 
2666:Drivers/STM32L4xx_HAL_Driver/Src/stm32l4xx_hal_spi.c ****     /* Restore hspi->State to Ready */
2667:Drivers/STM32L4xx_HAL_Driver/Src/stm32l4xx_hal_spi.c ****     hspi->State = HAL_SPI_STATE_READY;
2668:Drivers/STM32L4xx_HAL_Driver/Src/stm32l4xx_hal_spi.c **** 
2669:Drivers/STM32L4xx_HAL_Driver/Src/stm32l4xx_hal_spi.c ****     /* As no DMA to be aborted, call directly user Abort complete callback */
2670:Drivers/STM32L4xx_HAL_Driver/Src/stm32l4xx_hal_spi.c **** #if (USE_HAL_SPI_REGISTER_CALLBACKS == 1U)
2671:Drivers/STM32L4xx_HAL_Driver/Src/stm32l4xx_hal_spi.c ****     hspi->AbortCpltCallback(hspi);
2672:Drivers/STM32L4xx_HAL_Driver/Src/stm32l4xx_hal_spi.c **** #else
2673:Drivers/STM32L4xx_HAL_Driver/Src/stm32l4xx_hal_spi.c ****     HAL_SPI_AbortCpltCallback(hspi);
2674:Drivers/STM32L4xx_HAL_Driver/Src/stm32l4xx_hal_spi.c **** #endif /* USE_HAL_SPI_REGISTER_CALLBACKS */
2675:Drivers/STM32L4xx_HAL_Driver/Src/stm32l4xx_hal_spi.c ****   }
2676:Drivers/STM32L4xx_HAL_Driver/Src/stm32l4xx_hal_spi.c **** 
2677:Drivers/STM32L4xx_HAL_Driver/Src/stm32l4xx_hal_spi.c ****   return errorcode;
2678:Drivers/STM32L4xx_HAL_Driver/Src/stm32l4xx_hal_spi.c **** }
2679:Drivers/STM32L4xx_HAL_Driver/Src/stm32l4xx_hal_spi.c **** 
2680:Drivers/STM32L4xx_HAL_Driver/Src/stm32l4xx_hal_spi.c **** /**
2681:Drivers/STM32L4xx_HAL_Driver/Src/stm32l4xx_hal_spi.c ****   * @brief  Pause the DMA Transfer.
2682:Drivers/STM32L4xx_HAL_Driver/Src/stm32l4xx_hal_spi.c ****   * @param  hspi pointer to a SPI_HandleTypeDef structure that contains
2683:Drivers/STM32L4xx_HAL_Driver/Src/stm32l4xx_hal_spi.c ****   *               the configuration information for the specified SPI module.
2684:Drivers/STM32L4xx_HAL_Driver/Src/stm32l4xx_hal_spi.c ****   * @retval HAL status
2685:Drivers/STM32L4xx_HAL_Driver/Src/stm32l4xx_hal_spi.c ****   */
2686:Drivers/STM32L4xx_HAL_Driver/Src/stm32l4xx_hal_spi.c **** HAL_StatusTypeDef HAL_SPI_DMAPause(SPI_HandleTypeDef *hspi)
2687:Drivers/STM32L4xx_HAL_Driver/Src/stm32l4xx_hal_spi.c **** {
2688:Drivers/STM32L4xx_HAL_Driver/Src/stm32l4xx_hal_spi.c ****   /* Process Locked */
2689:Drivers/STM32L4xx_HAL_Driver/Src/stm32l4xx_hal_spi.c ****   __HAL_LOCK(hspi);
2690:Drivers/STM32L4xx_HAL_Driver/Src/stm32l4xx_hal_spi.c **** 
2691:Drivers/STM32L4xx_HAL_Driver/Src/stm32l4xx_hal_spi.c ****   /* Disable the SPI DMA Tx & Rx requests */
2692:Drivers/STM32L4xx_HAL_Driver/Src/stm32l4xx_hal_spi.c ****   CLEAR_BIT(hspi->Instance->CR2, SPI_CR2_TXDMAEN | SPI_CR2_RXDMAEN);
2693:Drivers/STM32L4xx_HAL_Driver/Src/stm32l4xx_hal_spi.c **** 
2694:Drivers/STM32L4xx_HAL_Driver/Src/stm32l4xx_hal_spi.c ****   /* Process Unlocked */
2695:Drivers/STM32L4xx_HAL_Driver/Src/stm32l4xx_hal_spi.c ****   __HAL_UNLOCK(hspi);
2696:Drivers/STM32L4xx_HAL_Driver/Src/stm32l4xx_hal_spi.c **** 
2697:Drivers/STM32L4xx_HAL_Driver/Src/stm32l4xx_hal_spi.c ****   return HAL_OK;
2698:Drivers/STM32L4xx_HAL_Driver/Src/stm32l4xx_hal_spi.c **** }
2699:Drivers/STM32L4xx_HAL_Driver/Src/stm32l4xx_hal_spi.c **** 
2700:Drivers/STM32L4xx_HAL_Driver/Src/stm32l4xx_hal_spi.c **** /**
2701:Drivers/STM32L4xx_HAL_Driver/Src/stm32l4xx_hal_spi.c ****   * @brief  Resume the DMA Transfer.
2702:Drivers/STM32L4xx_HAL_Driver/Src/stm32l4xx_hal_spi.c ****   * @param  hspi pointer to a SPI_HandleTypeDef structure that contains
2703:Drivers/STM32L4xx_HAL_Driver/Src/stm32l4xx_hal_spi.c ****   *               the configuration information for the specified SPI module.
2704:Drivers/STM32L4xx_HAL_Driver/Src/stm32l4xx_hal_spi.c ****   * @retval HAL status
2705:Drivers/STM32L4xx_HAL_Driver/Src/stm32l4xx_hal_spi.c ****   */
2706:Drivers/STM32L4xx_HAL_Driver/Src/stm32l4xx_hal_spi.c **** HAL_StatusTypeDef HAL_SPI_DMAResume(SPI_HandleTypeDef *hspi)
2707:Drivers/STM32L4xx_HAL_Driver/Src/stm32l4xx_hal_spi.c **** {
2708:Drivers/STM32L4xx_HAL_Driver/Src/stm32l4xx_hal_spi.c ****   /* Process Locked */
2709:Drivers/STM32L4xx_HAL_Driver/Src/stm32l4xx_hal_spi.c ****   __HAL_LOCK(hspi);
ARM GAS  /tmp/ccEksN7Z.s 			page 49


2710:Drivers/STM32L4xx_HAL_Driver/Src/stm32l4xx_hal_spi.c **** 
2711:Drivers/STM32L4xx_HAL_Driver/Src/stm32l4xx_hal_spi.c ****   /* Enable the SPI DMA Tx & Rx requests */
2712:Drivers/STM32L4xx_HAL_Driver/Src/stm32l4xx_hal_spi.c ****   SET_BIT(hspi->Instance->CR2, SPI_CR2_TXDMAEN | SPI_CR2_RXDMAEN);
2713:Drivers/STM32L4xx_HAL_Driver/Src/stm32l4xx_hal_spi.c **** 
2714:Drivers/STM32L4xx_HAL_Driver/Src/stm32l4xx_hal_spi.c ****   /* Process Unlocked */
2715:Drivers/STM32L4xx_HAL_Driver/Src/stm32l4xx_hal_spi.c ****   __HAL_UNLOCK(hspi);
2716:Drivers/STM32L4xx_HAL_Driver/Src/stm32l4xx_hal_spi.c **** 
2717:Drivers/STM32L4xx_HAL_Driver/Src/stm32l4xx_hal_spi.c ****   return HAL_OK;
2718:Drivers/STM32L4xx_HAL_Driver/Src/stm32l4xx_hal_spi.c **** }
2719:Drivers/STM32L4xx_HAL_Driver/Src/stm32l4xx_hal_spi.c **** 
2720:Drivers/STM32L4xx_HAL_Driver/Src/stm32l4xx_hal_spi.c **** /**
2721:Drivers/STM32L4xx_HAL_Driver/Src/stm32l4xx_hal_spi.c ****   * @brief  Stop the DMA Transfer.
2722:Drivers/STM32L4xx_HAL_Driver/Src/stm32l4xx_hal_spi.c ****   * @param  hspi pointer to a SPI_HandleTypeDef structure that contains
2723:Drivers/STM32L4xx_HAL_Driver/Src/stm32l4xx_hal_spi.c ****   *               the configuration information for the specified SPI module.
2724:Drivers/STM32L4xx_HAL_Driver/Src/stm32l4xx_hal_spi.c ****   * @retval HAL status
2725:Drivers/STM32L4xx_HAL_Driver/Src/stm32l4xx_hal_spi.c ****   */
2726:Drivers/STM32L4xx_HAL_Driver/Src/stm32l4xx_hal_spi.c **** HAL_StatusTypeDef HAL_SPI_DMAStop(SPI_HandleTypeDef *hspi)
2727:Drivers/STM32L4xx_HAL_Driver/Src/stm32l4xx_hal_spi.c **** {
2728:Drivers/STM32L4xx_HAL_Driver/Src/stm32l4xx_hal_spi.c ****   HAL_StatusTypeDef errorcode = HAL_OK;
2729:Drivers/STM32L4xx_HAL_Driver/Src/stm32l4xx_hal_spi.c ****   /* The Lock is not implemented on this API to allow the user application
2730:Drivers/STM32L4xx_HAL_Driver/Src/stm32l4xx_hal_spi.c ****      to call the HAL SPI API under callbacks HAL_SPI_TxCpltCallback() or HAL_SPI_RxCpltCallback() o
2731:Drivers/STM32L4xx_HAL_Driver/Src/stm32l4xx_hal_spi.c ****      when calling HAL_DMA_Abort() API the DMA TX/RX Transfer complete interrupt is generated
2732:Drivers/STM32L4xx_HAL_Driver/Src/stm32l4xx_hal_spi.c ****      and the correspond call back is executed HAL_SPI_TxCpltCallback() or HAL_SPI_RxCpltCallback() 
2733:Drivers/STM32L4xx_HAL_Driver/Src/stm32l4xx_hal_spi.c ****      */
2734:Drivers/STM32L4xx_HAL_Driver/Src/stm32l4xx_hal_spi.c **** 
2735:Drivers/STM32L4xx_HAL_Driver/Src/stm32l4xx_hal_spi.c ****   /* Abort the SPI DMA tx Stream/Channel  */
2736:Drivers/STM32L4xx_HAL_Driver/Src/stm32l4xx_hal_spi.c ****   if (hspi->hdmatx != NULL)
2737:Drivers/STM32L4xx_HAL_Driver/Src/stm32l4xx_hal_spi.c ****   {
2738:Drivers/STM32L4xx_HAL_Driver/Src/stm32l4xx_hal_spi.c ****     if (HAL_OK != HAL_DMA_Abort(hspi->hdmatx))
2739:Drivers/STM32L4xx_HAL_Driver/Src/stm32l4xx_hal_spi.c ****     {
2740:Drivers/STM32L4xx_HAL_Driver/Src/stm32l4xx_hal_spi.c ****       SET_BIT(hspi->ErrorCode, HAL_SPI_ERROR_DMA);
2741:Drivers/STM32L4xx_HAL_Driver/Src/stm32l4xx_hal_spi.c ****       errorcode = HAL_ERROR;
2742:Drivers/STM32L4xx_HAL_Driver/Src/stm32l4xx_hal_spi.c ****     }
2743:Drivers/STM32L4xx_HAL_Driver/Src/stm32l4xx_hal_spi.c ****   }
2744:Drivers/STM32L4xx_HAL_Driver/Src/stm32l4xx_hal_spi.c ****   /* Abort the SPI DMA rx Stream/Channel  */
2745:Drivers/STM32L4xx_HAL_Driver/Src/stm32l4xx_hal_spi.c ****   if (hspi->hdmarx != NULL)
2746:Drivers/STM32L4xx_HAL_Driver/Src/stm32l4xx_hal_spi.c ****   {
2747:Drivers/STM32L4xx_HAL_Driver/Src/stm32l4xx_hal_spi.c ****     if (HAL_OK != HAL_DMA_Abort(hspi->hdmarx))
2748:Drivers/STM32L4xx_HAL_Driver/Src/stm32l4xx_hal_spi.c ****     {
2749:Drivers/STM32L4xx_HAL_Driver/Src/stm32l4xx_hal_spi.c ****       SET_BIT(hspi->ErrorCode, HAL_SPI_ERROR_DMA);
2750:Drivers/STM32L4xx_HAL_Driver/Src/stm32l4xx_hal_spi.c ****       errorcode = HAL_ERROR;
2751:Drivers/STM32L4xx_HAL_Driver/Src/stm32l4xx_hal_spi.c ****     }
2752:Drivers/STM32L4xx_HAL_Driver/Src/stm32l4xx_hal_spi.c ****   }
2753:Drivers/STM32L4xx_HAL_Driver/Src/stm32l4xx_hal_spi.c **** 
2754:Drivers/STM32L4xx_HAL_Driver/Src/stm32l4xx_hal_spi.c ****   /* Disable the SPI DMA Tx & Rx requests */
2755:Drivers/STM32L4xx_HAL_Driver/Src/stm32l4xx_hal_spi.c ****   CLEAR_BIT(hspi->Instance->CR2, SPI_CR2_TXDMAEN | SPI_CR2_RXDMAEN);
2756:Drivers/STM32L4xx_HAL_Driver/Src/stm32l4xx_hal_spi.c ****   hspi->State = HAL_SPI_STATE_READY;
2757:Drivers/STM32L4xx_HAL_Driver/Src/stm32l4xx_hal_spi.c ****   return errorcode;
2758:Drivers/STM32L4xx_HAL_Driver/Src/stm32l4xx_hal_spi.c **** }
2759:Drivers/STM32L4xx_HAL_Driver/Src/stm32l4xx_hal_spi.c **** 
2760:Drivers/STM32L4xx_HAL_Driver/Src/stm32l4xx_hal_spi.c **** /**
2761:Drivers/STM32L4xx_HAL_Driver/Src/stm32l4xx_hal_spi.c ****   * @brief  Handle SPI interrupt request.
2762:Drivers/STM32L4xx_HAL_Driver/Src/stm32l4xx_hal_spi.c ****   * @param  hspi pointer to a SPI_HandleTypeDef structure that contains
2763:Drivers/STM32L4xx_HAL_Driver/Src/stm32l4xx_hal_spi.c ****   *               the configuration information for the specified SPI module.
2764:Drivers/STM32L4xx_HAL_Driver/Src/stm32l4xx_hal_spi.c ****   * @retval None
2765:Drivers/STM32L4xx_HAL_Driver/Src/stm32l4xx_hal_spi.c ****   */
2766:Drivers/STM32L4xx_HAL_Driver/Src/stm32l4xx_hal_spi.c **** void HAL_SPI_IRQHandler(SPI_HandleTypeDef *hspi)
ARM GAS  /tmp/ccEksN7Z.s 			page 50


2767:Drivers/STM32L4xx_HAL_Driver/Src/stm32l4xx_hal_spi.c **** {
2768:Drivers/STM32L4xx_HAL_Driver/Src/stm32l4xx_hal_spi.c ****   uint32_t itsource = hspi->Instance->CR2;
2769:Drivers/STM32L4xx_HAL_Driver/Src/stm32l4xx_hal_spi.c ****   uint32_t itflag   = hspi->Instance->SR;
2770:Drivers/STM32L4xx_HAL_Driver/Src/stm32l4xx_hal_spi.c **** 
2771:Drivers/STM32L4xx_HAL_Driver/Src/stm32l4xx_hal_spi.c ****   /* SPI in mode Receiver ----------------------------------------------------*/
2772:Drivers/STM32L4xx_HAL_Driver/Src/stm32l4xx_hal_spi.c ****   if ((SPI_CHECK_FLAG(itflag, SPI_FLAG_OVR) == RESET) &&
2773:Drivers/STM32L4xx_HAL_Driver/Src/stm32l4xx_hal_spi.c ****       (SPI_CHECK_FLAG(itflag, SPI_FLAG_RXNE) != RESET) && (SPI_CHECK_IT_SOURCE(itsource, SPI_IT_RXN
2774:Drivers/STM32L4xx_HAL_Driver/Src/stm32l4xx_hal_spi.c ****   {
2775:Drivers/STM32L4xx_HAL_Driver/Src/stm32l4xx_hal_spi.c ****     hspi->RxISR(hspi);
2776:Drivers/STM32L4xx_HAL_Driver/Src/stm32l4xx_hal_spi.c ****     return;
2777:Drivers/STM32L4xx_HAL_Driver/Src/stm32l4xx_hal_spi.c ****   }
2778:Drivers/STM32L4xx_HAL_Driver/Src/stm32l4xx_hal_spi.c **** 
2779:Drivers/STM32L4xx_HAL_Driver/Src/stm32l4xx_hal_spi.c ****   /* SPI in mode Transmitter -------------------------------------------------*/
2780:Drivers/STM32L4xx_HAL_Driver/Src/stm32l4xx_hal_spi.c ****   if ((SPI_CHECK_FLAG(itflag, SPI_FLAG_TXE) != RESET) && (SPI_CHECK_IT_SOURCE(itsource, SPI_IT_TXE)
2781:Drivers/STM32L4xx_HAL_Driver/Src/stm32l4xx_hal_spi.c ****   {
2782:Drivers/STM32L4xx_HAL_Driver/Src/stm32l4xx_hal_spi.c ****     hspi->TxISR(hspi);
2783:Drivers/STM32L4xx_HAL_Driver/Src/stm32l4xx_hal_spi.c ****     return;
2784:Drivers/STM32L4xx_HAL_Driver/Src/stm32l4xx_hal_spi.c ****   }
2785:Drivers/STM32L4xx_HAL_Driver/Src/stm32l4xx_hal_spi.c **** 
2786:Drivers/STM32L4xx_HAL_Driver/Src/stm32l4xx_hal_spi.c ****   /* SPI in Error Treatment --------------------------------------------------*/
2787:Drivers/STM32L4xx_HAL_Driver/Src/stm32l4xx_hal_spi.c ****   if (((SPI_CHECK_FLAG(itflag, SPI_FLAG_MODF) != RESET) || (SPI_CHECK_FLAG(itflag, SPI_FLAG_OVR) !=
2788:Drivers/STM32L4xx_HAL_Driver/Src/stm32l4xx_hal_spi.c ****        || (SPI_CHECK_FLAG(itflag, SPI_FLAG_FRE) != RESET)) && (SPI_CHECK_IT_SOURCE(itsource, SPI_IT
2789:Drivers/STM32L4xx_HAL_Driver/Src/stm32l4xx_hal_spi.c ****   {
2790:Drivers/STM32L4xx_HAL_Driver/Src/stm32l4xx_hal_spi.c ****     /* SPI Overrun error interrupt occurred ----------------------------------*/
2791:Drivers/STM32L4xx_HAL_Driver/Src/stm32l4xx_hal_spi.c ****     if (SPI_CHECK_FLAG(itflag, SPI_FLAG_OVR) != RESET)
2792:Drivers/STM32L4xx_HAL_Driver/Src/stm32l4xx_hal_spi.c ****     {
2793:Drivers/STM32L4xx_HAL_Driver/Src/stm32l4xx_hal_spi.c ****       if (hspi->State != HAL_SPI_STATE_BUSY_TX)
2794:Drivers/STM32L4xx_HAL_Driver/Src/stm32l4xx_hal_spi.c ****       {
2795:Drivers/STM32L4xx_HAL_Driver/Src/stm32l4xx_hal_spi.c ****         SET_BIT(hspi->ErrorCode, HAL_SPI_ERROR_OVR);
2796:Drivers/STM32L4xx_HAL_Driver/Src/stm32l4xx_hal_spi.c ****         __HAL_SPI_CLEAR_OVRFLAG(hspi);
2797:Drivers/STM32L4xx_HAL_Driver/Src/stm32l4xx_hal_spi.c ****       }
2798:Drivers/STM32L4xx_HAL_Driver/Src/stm32l4xx_hal_spi.c ****       else
2799:Drivers/STM32L4xx_HAL_Driver/Src/stm32l4xx_hal_spi.c ****       {
2800:Drivers/STM32L4xx_HAL_Driver/Src/stm32l4xx_hal_spi.c ****         __HAL_SPI_CLEAR_OVRFLAG(hspi);
2801:Drivers/STM32L4xx_HAL_Driver/Src/stm32l4xx_hal_spi.c ****         return;
2802:Drivers/STM32L4xx_HAL_Driver/Src/stm32l4xx_hal_spi.c ****       }
2803:Drivers/STM32L4xx_HAL_Driver/Src/stm32l4xx_hal_spi.c ****     }
2804:Drivers/STM32L4xx_HAL_Driver/Src/stm32l4xx_hal_spi.c **** 
2805:Drivers/STM32L4xx_HAL_Driver/Src/stm32l4xx_hal_spi.c ****     /* SPI Mode Fault error interrupt occurred -------------------------------*/
2806:Drivers/STM32L4xx_HAL_Driver/Src/stm32l4xx_hal_spi.c ****     if (SPI_CHECK_FLAG(itflag, SPI_FLAG_MODF) != RESET)
2807:Drivers/STM32L4xx_HAL_Driver/Src/stm32l4xx_hal_spi.c ****     {
2808:Drivers/STM32L4xx_HAL_Driver/Src/stm32l4xx_hal_spi.c ****       SET_BIT(hspi->ErrorCode, HAL_SPI_ERROR_MODF);
2809:Drivers/STM32L4xx_HAL_Driver/Src/stm32l4xx_hal_spi.c ****       __HAL_SPI_CLEAR_MODFFLAG(hspi);
2810:Drivers/STM32L4xx_HAL_Driver/Src/stm32l4xx_hal_spi.c ****     }
2811:Drivers/STM32L4xx_HAL_Driver/Src/stm32l4xx_hal_spi.c **** 
2812:Drivers/STM32L4xx_HAL_Driver/Src/stm32l4xx_hal_spi.c ****     /* SPI Frame error interrupt occurred ------------------------------------*/
2813:Drivers/STM32L4xx_HAL_Driver/Src/stm32l4xx_hal_spi.c ****     if (SPI_CHECK_FLAG(itflag, SPI_FLAG_FRE) != RESET)
2814:Drivers/STM32L4xx_HAL_Driver/Src/stm32l4xx_hal_spi.c ****     {
2815:Drivers/STM32L4xx_HAL_Driver/Src/stm32l4xx_hal_spi.c ****       SET_BIT(hspi->ErrorCode, HAL_SPI_ERROR_FRE);
2816:Drivers/STM32L4xx_HAL_Driver/Src/stm32l4xx_hal_spi.c ****       __HAL_SPI_CLEAR_FREFLAG(hspi);
2817:Drivers/STM32L4xx_HAL_Driver/Src/stm32l4xx_hal_spi.c ****     }
2818:Drivers/STM32L4xx_HAL_Driver/Src/stm32l4xx_hal_spi.c **** 
2819:Drivers/STM32L4xx_HAL_Driver/Src/stm32l4xx_hal_spi.c ****     if (hspi->ErrorCode != HAL_SPI_ERROR_NONE)
2820:Drivers/STM32L4xx_HAL_Driver/Src/stm32l4xx_hal_spi.c ****     {
2821:Drivers/STM32L4xx_HAL_Driver/Src/stm32l4xx_hal_spi.c ****       /* Disable all interrupts */
2822:Drivers/STM32L4xx_HAL_Driver/Src/stm32l4xx_hal_spi.c ****       __HAL_SPI_DISABLE_IT(hspi, SPI_IT_RXNE | SPI_IT_TXE | SPI_IT_ERR);
2823:Drivers/STM32L4xx_HAL_Driver/Src/stm32l4xx_hal_spi.c **** 
ARM GAS  /tmp/ccEksN7Z.s 			page 51


2824:Drivers/STM32L4xx_HAL_Driver/Src/stm32l4xx_hal_spi.c ****       hspi->State = HAL_SPI_STATE_READY;
2825:Drivers/STM32L4xx_HAL_Driver/Src/stm32l4xx_hal_spi.c ****       /* Disable the SPI DMA requests if enabled */
2826:Drivers/STM32L4xx_HAL_Driver/Src/stm32l4xx_hal_spi.c ****       if ((HAL_IS_BIT_SET(itsource, SPI_CR2_TXDMAEN)) || (HAL_IS_BIT_SET(itsource, SPI_CR2_RXDMAEN)
2827:Drivers/STM32L4xx_HAL_Driver/Src/stm32l4xx_hal_spi.c ****       {
2828:Drivers/STM32L4xx_HAL_Driver/Src/stm32l4xx_hal_spi.c ****         CLEAR_BIT(hspi->Instance->CR2, (SPI_CR2_TXDMAEN | SPI_CR2_RXDMAEN));
2829:Drivers/STM32L4xx_HAL_Driver/Src/stm32l4xx_hal_spi.c **** 
2830:Drivers/STM32L4xx_HAL_Driver/Src/stm32l4xx_hal_spi.c ****         /* Abort the SPI DMA Rx channel */
2831:Drivers/STM32L4xx_HAL_Driver/Src/stm32l4xx_hal_spi.c ****         if (hspi->hdmarx != NULL)
2832:Drivers/STM32L4xx_HAL_Driver/Src/stm32l4xx_hal_spi.c ****         {
2833:Drivers/STM32L4xx_HAL_Driver/Src/stm32l4xx_hal_spi.c ****           /* Set the SPI DMA Abort callback :
2834:Drivers/STM32L4xx_HAL_Driver/Src/stm32l4xx_hal_spi.c ****           will lead to call HAL_SPI_ErrorCallback() at end of DMA abort procedure */
2835:Drivers/STM32L4xx_HAL_Driver/Src/stm32l4xx_hal_spi.c ****           hspi->hdmarx->XferAbortCallback = SPI_DMAAbortOnError;
2836:Drivers/STM32L4xx_HAL_Driver/Src/stm32l4xx_hal_spi.c ****           if (HAL_OK != HAL_DMA_Abort_IT(hspi->hdmarx))
2837:Drivers/STM32L4xx_HAL_Driver/Src/stm32l4xx_hal_spi.c ****           {
2838:Drivers/STM32L4xx_HAL_Driver/Src/stm32l4xx_hal_spi.c ****             SET_BIT(hspi->ErrorCode, HAL_SPI_ERROR_ABORT);
2839:Drivers/STM32L4xx_HAL_Driver/Src/stm32l4xx_hal_spi.c ****           }
2840:Drivers/STM32L4xx_HAL_Driver/Src/stm32l4xx_hal_spi.c ****         }
2841:Drivers/STM32L4xx_HAL_Driver/Src/stm32l4xx_hal_spi.c ****         /* Abort the SPI DMA Tx channel */
2842:Drivers/STM32L4xx_HAL_Driver/Src/stm32l4xx_hal_spi.c ****         if (hspi->hdmatx != NULL)
2843:Drivers/STM32L4xx_HAL_Driver/Src/stm32l4xx_hal_spi.c ****         {
2844:Drivers/STM32L4xx_HAL_Driver/Src/stm32l4xx_hal_spi.c ****           /* Set the SPI DMA Abort callback :
2845:Drivers/STM32L4xx_HAL_Driver/Src/stm32l4xx_hal_spi.c ****           will lead to call HAL_SPI_ErrorCallback() at end of DMA abort procedure */
2846:Drivers/STM32L4xx_HAL_Driver/Src/stm32l4xx_hal_spi.c ****           hspi->hdmatx->XferAbortCallback = SPI_DMAAbortOnError;
2847:Drivers/STM32L4xx_HAL_Driver/Src/stm32l4xx_hal_spi.c ****           if (HAL_OK != HAL_DMA_Abort_IT(hspi->hdmatx))
2848:Drivers/STM32L4xx_HAL_Driver/Src/stm32l4xx_hal_spi.c ****           {
2849:Drivers/STM32L4xx_HAL_Driver/Src/stm32l4xx_hal_spi.c ****             SET_BIT(hspi->ErrorCode, HAL_SPI_ERROR_ABORT);
2850:Drivers/STM32L4xx_HAL_Driver/Src/stm32l4xx_hal_spi.c ****           }
2851:Drivers/STM32L4xx_HAL_Driver/Src/stm32l4xx_hal_spi.c ****         }
2852:Drivers/STM32L4xx_HAL_Driver/Src/stm32l4xx_hal_spi.c ****       }
2853:Drivers/STM32L4xx_HAL_Driver/Src/stm32l4xx_hal_spi.c ****       else
2854:Drivers/STM32L4xx_HAL_Driver/Src/stm32l4xx_hal_spi.c ****       {
2855:Drivers/STM32L4xx_HAL_Driver/Src/stm32l4xx_hal_spi.c ****         /* Call user error callback */
2856:Drivers/STM32L4xx_HAL_Driver/Src/stm32l4xx_hal_spi.c **** #if (USE_HAL_SPI_REGISTER_CALLBACKS == 1U)
2857:Drivers/STM32L4xx_HAL_Driver/Src/stm32l4xx_hal_spi.c ****         hspi->ErrorCallback(hspi);
2858:Drivers/STM32L4xx_HAL_Driver/Src/stm32l4xx_hal_spi.c **** #else
2859:Drivers/STM32L4xx_HAL_Driver/Src/stm32l4xx_hal_spi.c ****         HAL_SPI_ErrorCallback(hspi);
2860:Drivers/STM32L4xx_HAL_Driver/Src/stm32l4xx_hal_spi.c **** #endif /* USE_HAL_SPI_REGISTER_CALLBACKS */
2861:Drivers/STM32L4xx_HAL_Driver/Src/stm32l4xx_hal_spi.c ****       }
2862:Drivers/STM32L4xx_HAL_Driver/Src/stm32l4xx_hal_spi.c ****     }
2863:Drivers/STM32L4xx_HAL_Driver/Src/stm32l4xx_hal_spi.c ****     return;
2864:Drivers/STM32L4xx_HAL_Driver/Src/stm32l4xx_hal_spi.c ****   }
2865:Drivers/STM32L4xx_HAL_Driver/Src/stm32l4xx_hal_spi.c **** }
2866:Drivers/STM32L4xx_HAL_Driver/Src/stm32l4xx_hal_spi.c **** 
2867:Drivers/STM32L4xx_HAL_Driver/Src/stm32l4xx_hal_spi.c **** /**
2868:Drivers/STM32L4xx_HAL_Driver/Src/stm32l4xx_hal_spi.c ****   * @brief  Tx Transfer completed callback.
2869:Drivers/STM32L4xx_HAL_Driver/Src/stm32l4xx_hal_spi.c ****   * @param  hspi pointer to a SPI_HandleTypeDef structure that contains
2870:Drivers/STM32L4xx_HAL_Driver/Src/stm32l4xx_hal_spi.c ****   *               the configuration information for SPI module.
2871:Drivers/STM32L4xx_HAL_Driver/Src/stm32l4xx_hal_spi.c ****   * @retval None
2872:Drivers/STM32L4xx_HAL_Driver/Src/stm32l4xx_hal_spi.c ****   */
2873:Drivers/STM32L4xx_HAL_Driver/Src/stm32l4xx_hal_spi.c **** __weak void HAL_SPI_TxCpltCallback(SPI_HandleTypeDef *hspi)
2874:Drivers/STM32L4xx_HAL_Driver/Src/stm32l4xx_hal_spi.c **** {
2875:Drivers/STM32L4xx_HAL_Driver/Src/stm32l4xx_hal_spi.c ****   /* Prevent unused argument(s) compilation warning */
2876:Drivers/STM32L4xx_HAL_Driver/Src/stm32l4xx_hal_spi.c ****   UNUSED(hspi);
2877:Drivers/STM32L4xx_HAL_Driver/Src/stm32l4xx_hal_spi.c **** 
2878:Drivers/STM32L4xx_HAL_Driver/Src/stm32l4xx_hal_spi.c ****   /* NOTE : This function should not be modified, when the callback is needed,
2879:Drivers/STM32L4xx_HAL_Driver/Src/stm32l4xx_hal_spi.c ****             the HAL_SPI_TxCpltCallback should be implemented in the user file
2880:Drivers/STM32L4xx_HAL_Driver/Src/stm32l4xx_hal_spi.c ****    */
ARM GAS  /tmp/ccEksN7Z.s 			page 52


2881:Drivers/STM32L4xx_HAL_Driver/Src/stm32l4xx_hal_spi.c **** }
2882:Drivers/STM32L4xx_HAL_Driver/Src/stm32l4xx_hal_spi.c **** 
2883:Drivers/STM32L4xx_HAL_Driver/Src/stm32l4xx_hal_spi.c **** /**
2884:Drivers/STM32L4xx_HAL_Driver/Src/stm32l4xx_hal_spi.c ****   * @brief  Rx Transfer completed callback.
2885:Drivers/STM32L4xx_HAL_Driver/Src/stm32l4xx_hal_spi.c ****   * @param  hspi pointer to a SPI_HandleTypeDef structure that contains
2886:Drivers/STM32L4xx_HAL_Driver/Src/stm32l4xx_hal_spi.c ****   *               the configuration information for SPI module.
2887:Drivers/STM32L4xx_HAL_Driver/Src/stm32l4xx_hal_spi.c ****   * @retval None
2888:Drivers/STM32L4xx_HAL_Driver/Src/stm32l4xx_hal_spi.c ****   */
2889:Drivers/STM32L4xx_HAL_Driver/Src/stm32l4xx_hal_spi.c **** __weak void HAL_SPI_RxCpltCallback(SPI_HandleTypeDef *hspi)
2890:Drivers/STM32L4xx_HAL_Driver/Src/stm32l4xx_hal_spi.c **** {
2891:Drivers/STM32L4xx_HAL_Driver/Src/stm32l4xx_hal_spi.c ****   /* Prevent unused argument(s) compilation warning */
2892:Drivers/STM32L4xx_HAL_Driver/Src/stm32l4xx_hal_spi.c ****   UNUSED(hspi);
2893:Drivers/STM32L4xx_HAL_Driver/Src/stm32l4xx_hal_spi.c **** 
2894:Drivers/STM32L4xx_HAL_Driver/Src/stm32l4xx_hal_spi.c ****   /* NOTE : This function should not be modified, when the callback is needed,
2895:Drivers/STM32L4xx_HAL_Driver/Src/stm32l4xx_hal_spi.c ****             the HAL_SPI_RxCpltCallback should be implemented in the user file
2896:Drivers/STM32L4xx_HAL_Driver/Src/stm32l4xx_hal_spi.c ****    */
2897:Drivers/STM32L4xx_HAL_Driver/Src/stm32l4xx_hal_spi.c **** }
2898:Drivers/STM32L4xx_HAL_Driver/Src/stm32l4xx_hal_spi.c **** 
2899:Drivers/STM32L4xx_HAL_Driver/Src/stm32l4xx_hal_spi.c **** /**
2900:Drivers/STM32L4xx_HAL_Driver/Src/stm32l4xx_hal_spi.c ****   * @brief  Tx and Rx Transfer completed callback.
2901:Drivers/STM32L4xx_HAL_Driver/Src/stm32l4xx_hal_spi.c ****   * @param  hspi pointer to a SPI_HandleTypeDef structure that contains
2902:Drivers/STM32L4xx_HAL_Driver/Src/stm32l4xx_hal_spi.c ****   *               the configuration information for SPI module.
2903:Drivers/STM32L4xx_HAL_Driver/Src/stm32l4xx_hal_spi.c ****   * @retval None
2904:Drivers/STM32L4xx_HAL_Driver/Src/stm32l4xx_hal_spi.c ****   */
2905:Drivers/STM32L4xx_HAL_Driver/Src/stm32l4xx_hal_spi.c **** __weak void HAL_SPI_TxRxCpltCallback(SPI_HandleTypeDef *hspi)
2906:Drivers/STM32L4xx_HAL_Driver/Src/stm32l4xx_hal_spi.c **** {
2907:Drivers/STM32L4xx_HAL_Driver/Src/stm32l4xx_hal_spi.c ****   /* Prevent unused argument(s) compilation warning */
2908:Drivers/STM32L4xx_HAL_Driver/Src/stm32l4xx_hal_spi.c ****   UNUSED(hspi);
2909:Drivers/STM32L4xx_HAL_Driver/Src/stm32l4xx_hal_spi.c **** 
2910:Drivers/STM32L4xx_HAL_Driver/Src/stm32l4xx_hal_spi.c ****   /* NOTE : This function should not be modified, when the callback is needed,
2911:Drivers/STM32L4xx_HAL_Driver/Src/stm32l4xx_hal_spi.c ****             the HAL_SPI_TxRxCpltCallback should be implemented in the user file
2912:Drivers/STM32L4xx_HAL_Driver/Src/stm32l4xx_hal_spi.c ****    */
2913:Drivers/STM32L4xx_HAL_Driver/Src/stm32l4xx_hal_spi.c **** }
2914:Drivers/STM32L4xx_HAL_Driver/Src/stm32l4xx_hal_spi.c **** 
2915:Drivers/STM32L4xx_HAL_Driver/Src/stm32l4xx_hal_spi.c **** /**
2916:Drivers/STM32L4xx_HAL_Driver/Src/stm32l4xx_hal_spi.c ****   * @brief  Tx Half Transfer completed callback.
2917:Drivers/STM32L4xx_HAL_Driver/Src/stm32l4xx_hal_spi.c ****   * @param  hspi pointer to a SPI_HandleTypeDef structure that contains
2918:Drivers/STM32L4xx_HAL_Driver/Src/stm32l4xx_hal_spi.c ****   *               the configuration information for SPI module.
2919:Drivers/STM32L4xx_HAL_Driver/Src/stm32l4xx_hal_spi.c ****   * @retval None
2920:Drivers/STM32L4xx_HAL_Driver/Src/stm32l4xx_hal_spi.c ****   */
2921:Drivers/STM32L4xx_HAL_Driver/Src/stm32l4xx_hal_spi.c **** __weak void HAL_SPI_TxHalfCpltCallback(SPI_HandleTypeDef *hspi)
2922:Drivers/STM32L4xx_HAL_Driver/Src/stm32l4xx_hal_spi.c **** {
2923:Drivers/STM32L4xx_HAL_Driver/Src/stm32l4xx_hal_spi.c ****   /* Prevent unused argument(s) compilation warning */
2924:Drivers/STM32L4xx_HAL_Driver/Src/stm32l4xx_hal_spi.c ****   UNUSED(hspi);
2925:Drivers/STM32L4xx_HAL_Driver/Src/stm32l4xx_hal_spi.c **** 
2926:Drivers/STM32L4xx_HAL_Driver/Src/stm32l4xx_hal_spi.c ****   /* NOTE : This function should not be modified, when the callback is needed,
2927:Drivers/STM32L4xx_HAL_Driver/Src/stm32l4xx_hal_spi.c ****             the HAL_SPI_TxHalfCpltCallback should be implemented in the user file
2928:Drivers/STM32L4xx_HAL_Driver/Src/stm32l4xx_hal_spi.c ****    */
2929:Drivers/STM32L4xx_HAL_Driver/Src/stm32l4xx_hal_spi.c **** }
2930:Drivers/STM32L4xx_HAL_Driver/Src/stm32l4xx_hal_spi.c **** 
2931:Drivers/STM32L4xx_HAL_Driver/Src/stm32l4xx_hal_spi.c **** /**
2932:Drivers/STM32L4xx_HAL_Driver/Src/stm32l4xx_hal_spi.c ****   * @brief  Rx Half Transfer completed callback.
2933:Drivers/STM32L4xx_HAL_Driver/Src/stm32l4xx_hal_spi.c ****   * @param  hspi pointer to a SPI_HandleTypeDef structure that contains
2934:Drivers/STM32L4xx_HAL_Driver/Src/stm32l4xx_hal_spi.c ****   *               the configuration information for SPI module.
2935:Drivers/STM32L4xx_HAL_Driver/Src/stm32l4xx_hal_spi.c ****   * @retval None
2936:Drivers/STM32L4xx_HAL_Driver/Src/stm32l4xx_hal_spi.c ****   */
2937:Drivers/STM32L4xx_HAL_Driver/Src/stm32l4xx_hal_spi.c **** __weak void HAL_SPI_RxHalfCpltCallback(SPI_HandleTypeDef *hspi)
ARM GAS  /tmp/ccEksN7Z.s 			page 53


2938:Drivers/STM32L4xx_HAL_Driver/Src/stm32l4xx_hal_spi.c **** {
2939:Drivers/STM32L4xx_HAL_Driver/Src/stm32l4xx_hal_spi.c ****   /* Prevent unused argument(s) compilation warning */
2940:Drivers/STM32L4xx_HAL_Driver/Src/stm32l4xx_hal_spi.c ****   UNUSED(hspi);
2941:Drivers/STM32L4xx_HAL_Driver/Src/stm32l4xx_hal_spi.c **** 
2942:Drivers/STM32L4xx_HAL_Driver/Src/stm32l4xx_hal_spi.c ****   /* NOTE : This function should not be modified, when the callback is needed,
2943:Drivers/STM32L4xx_HAL_Driver/Src/stm32l4xx_hal_spi.c ****             the HAL_SPI_RxHalfCpltCallback() should be implemented in the user file
2944:Drivers/STM32L4xx_HAL_Driver/Src/stm32l4xx_hal_spi.c ****    */
2945:Drivers/STM32L4xx_HAL_Driver/Src/stm32l4xx_hal_spi.c **** }
2946:Drivers/STM32L4xx_HAL_Driver/Src/stm32l4xx_hal_spi.c **** 
2947:Drivers/STM32L4xx_HAL_Driver/Src/stm32l4xx_hal_spi.c **** /**
2948:Drivers/STM32L4xx_HAL_Driver/Src/stm32l4xx_hal_spi.c ****   * @brief  Tx and Rx Half Transfer callback.
2949:Drivers/STM32L4xx_HAL_Driver/Src/stm32l4xx_hal_spi.c ****   * @param  hspi pointer to a SPI_HandleTypeDef structure that contains
2950:Drivers/STM32L4xx_HAL_Driver/Src/stm32l4xx_hal_spi.c ****   *               the configuration information for SPI module.
2951:Drivers/STM32L4xx_HAL_Driver/Src/stm32l4xx_hal_spi.c ****   * @retval None
2952:Drivers/STM32L4xx_HAL_Driver/Src/stm32l4xx_hal_spi.c ****   */
2953:Drivers/STM32L4xx_HAL_Driver/Src/stm32l4xx_hal_spi.c **** __weak void HAL_SPI_TxRxHalfCpltCallback(SPI_HandleTypeDef *hspi)
2954:Drivers/STM32L4xx_HAL_Driver/Src/stm32l4xx_hal_spi.c **** {
2955:Drivers/STM32L4xx_HAL_Driver/Src/stm32l4xx_hal_spi.c ****   /* Prevent unused argument(s) compilation warning */
2956:Drivers/STM32L4xx_HAL_Driver/Src/stm32l4xx_hal_spi.c ****   UNUSED(hspi);
2957:Drivers/STM32L4xx_HAL_Driver/Src/stm32l4xx_hal_spi.c **** 
2958:Drivers/STM32L4xx_HAL_Driver/Src/stm32l4xx_hal_spi.c ****   /* NOTE : This function should not be modified, when the callback is needed,
2959:Drivers/STM32L4xx_HAL_Driver/Src/stm32l4xx_hal_spi.c ****             the HAL_SPI_TxRxHalfCpltCallback() should be implemented in the user file
2960:Drivers/STM32L4xx_HAL_Driver/Src/stm32l4xx_hal_spi.c ****    */
2961:Drivers/STM32L4xx_HAL_Driver/Src/stm32l4xx_hal_spi.c **** }
2962:Drivers/STM32L4xx_HAL_Driver/Src/stm32l4xx_hal_spi.c **** 
2963:Drivers/STM32L4xx_HAL_Driver/Src/stm32l4xx_hal_spi.c **** /**
2964:Drivers/STM32L4xx_HAL_Driver/Src/stm32l4xx_hal_spi.c ****   * @brief  SPI error callback.
2965:Drivers/STM32L4xx_HAL_Driver/Src/stm32l4xx_hal_spi.c ****   * @param  hspi pointer to a SPI_HandleTypeDef structure that contains
2966:Drivers/STM32L4xx_HAL_Driver/Src/stm32l4xx_hal_spi.c ****   *               the configuration information for SPI module.
2967:Drivers/STM32L4xx_HAL_Driver/Src/stm32l4xx_hal_spi.c ****   * @retval None
2968:Drivers/STM32L4xx_HAL_Driver/Src/stm32l4xx_hal_spi.c ****   */
2969:Drivers/STM32L4xx_HAL_Driver/Src/stm32l4xx_hal_spi.c **** __weak void HAL_SPI_ErrorCallback(SPI_HandleTypeDef *hspi)
2970:Drivers/STM32L4xx_HAL_Driver/Src/stm32l4xx_hal_spi.c **** {
2971:Drivers/STM32L4xx_HAL_Driver/Src/stm32l4xx_hal_spi.c ****   /* Prevent unused argument(s) compilation warning */
2972:Drivers/STM32L4xx_HAL_Driver/Src/stm32l4xx_hal_spi.c ****   UNUSED(hspi);
2973:Drivers/STM32L4xx_HAL_Driver/Src/stm32l4xx_hal_spi.c **** 
2974:Drivers/STM32L4xx_HAL_Driver/Src/stm32l4xx_hal_spi.c ****   /* NOTE : This function should not be modified, when the callback is needed,
2975:Drivers/STM32L4xx_HAL_Driver/Src/stm32l4xx_hal_spi.c ****             the HAL_SPI_ErrorCallback should be implemented in the user file
2976:Drivers/STM32L4xx_HAL_Driver/Src/stm32l4xx_hal_spi.c ****    */
2977:Drivers/STM32L4xx_HAL_Driver/Src/stm32l4xx_hal_spi.c ****   /* NOTE : The ErrorCode parameter in the hspi handle is updated by the SPI processes
2978:Drivers/STM32L4xx_HAL_Driver/Src/stm32l4xx_hal_spi.c ****             and user can use HAL_SPI_GetError() API to check the latest error occurred
2979:Drivers/STM32L4xx_HAL_Driver/Src/stm32l4xx_hal_spi.c ****    */
2980:Drivers/STM32L4xx_HAL_Driver/Src/stm32l4xx_hal_spi.c **** }
2981:Drivers/STM32L4xx_HAL_Driver/Src/stm32l4xx_hal_spi.c **** 
2982:Drivers/STM32L4xx_HAL_Driver/Src/stm32l4xx_hal_spi.c **** /**
2983:Drivers/STM32L4xx_HAL_Driver/Src/stm32l4xx_hal_spi.c ****   * @brief  SPI Abort Complete callback.
2984:Drivers/STM32L4xx_HAL_Driver/Src/stm32l4xx_hal_spi.c ****   * @param  hspi SPI handle.
2985:Drivers/STM32L4xx_HAL_Driver/Src/stm32l4xx_hal_spi.c ****   * @retval None
2986:Drivers/STM32L4xx_HAL_Driver/Src/stm32l4xx_hal_spi.c ****   */
2987:Drivers/STM32L4xx_HAL_Driver/Src/stm32l4xx_hal_spi.c **** __weak void HAL_SPI_AbortCpltCallback(SPI_HandleTypeDef *hspi)
2988:Drivers/STM32L4xx_HAL_Driver/Src/stm32l4xx_hal_spi.c **** {
2989:Drivers/STM32L4xx_HAL_Driver/Src/stm32l4xx_hal_spi.c ****   /* Prevent unused argument(s) compilation warning */
2990:Drivers/STM32L4xx_HAL_Driver/Src/stm32l4xx_hal_spi.c ****   UNUSED(hspi);
2991:Drivers/STM32L4xx_HAL_Driver/Src/stm32l4xx_hal_spi.c **** 
2992:Drivers/STM32L4xx_HAL_Driver/Src/stm32l4xx_hal_spi.c ****   /* NOTE : This function should not be modified, when the callback is needed,
2993:Drivers/STM32L4xx_HAL_Driver/Src/stm32l4xx_hal_spi.c ****             the HAL_SPI_AbortCpltCallback can be implemented in the user file.
2994:Drivers/STM32L4xx_HAL_Driver/Src/stm32l4xx_hal_spi.c ****    */
ARM GAS  /tmp/ccEksN7Z.s 			page 54


2995:Drivers/STM32L4xx_HAL_Driver/Src/stm32l4xx_hal_spi.c **** }
2996:Drivers/STM32L4xx_HAL_Driver/Src/stm32l4xx_hal_spi.c **** 
2997:Drivers/STM32L4xx_HAL_Driver/Src/stm32l4xx_hal_spi.c **** /**
2998:Drivers/STM32L4xx_HAL_Driver/Src/stm32l4xx_hal_spi.c ****   * @}
2999:Drivers/STM32L4xx_HAL_Driver/Src/stm32l4xx_hal_spi.c ****   */
3000:Drivers/STM32L4xx_HAL_Driver/Src/stm32l4xx_hal_spi.c **** 
3001:Drivers/STM32L4xx_HAL_Driver/Src/stm32l4xx_hal_spi.c **** /** @defgroup SPI_Exported_Functions_Group3 Peripheral State and Errors functions
3002:Drivers/STM32L4xx_HAL_Driver/Src/stm32l4xx_hal_spi.c ****   * @brief   SPI control functions
3003:Drivers/STM32L4xx_HAL_Driver/Src/stm32l4xx_hal_spi.c ****   *
3004:Drivers/STM32L4xx_HAL_Driver/Src/stm32l4xx_hal_spi.c **** @verbatim
3005:Drivers/STM32L4xx_HAL_Driver/Src/stm32l4xx_hal_spi.c ****  ===============================================================================
3006:Drivers/STM32L4xx_HAL_Driver/Src/stm32l4xx_hal_spi.c ****                       ##### Peripheral State and Errors functions #####
3007:Drivers/STM32L4xx_HAL_Driver/Src/stm32l4xx_hal_spi.c ****  ===============================================================================
3008:Drivers/STM32L4xx_HAL_Driver/Src/stm32l4xx_hal_spi.c ****     [..]
3009:Drivers/STM32L4xx_HAL_Driver/Src/stm32l4xx_hal_spi.c ****     This subsection provides a set of functions allowing to control the SPI.
3010:Drivers/STM32L4xx_HAL_Driver/Src/stm32l4xx_hal_spi.c ****      (+) HAL_SPI_GetState() API can be helpful to check in run-time the state of the SPI peripheral
3011:Drivers/STM32L4xx_HAL_Driver/Src/stm32l4xx_hal_spi.c ****      (+) HAL_SPI_GetError() check in run-time Errors occurring during communication
3012:Drivers/STM32L4xx_HAL_Driver/Src/stm32l4xx_hal_spi.c **** @endverbatim
3013:Drivers/STM32L4xx_HAL_Driver/Src/stm32l4xx_hal_spi.c ****   * @{
3014:Drivers/STM32L4xx_HAL_Driver/Src/stm32l4xx_hal_spi.c ****   */
3015:Drivers/STM32L4xx_HAL_Driver/Src/stm32l4xx_hal_spi.c **** 
3016:Drivers/STM32L4xx_HAL_Driver/Src/stm32l4xx_hal_spi.c **** /**
3017:Drivers/STM32L4xx_HAL_Driver/Src/stm32l4xx_hal_spi.c ****   * @brief  Return the SPI handle state.
3018:Drivers/STM32L4xx_HAL_Driver/Src/stm32l4xx_hal_spi.c ****   * @param  hspi pointer to a SPI_HandleTypeDef structure that contains
3019:Drivers/STM32L4xx_HAL_Driver/Src/stm32l4xx_hal_spi.c ****   *               the configuration information for SPI module.
3020:Drivers/STM32L4xx_HAL_Driver/Src/stm32l4xx_hal_spi.c ****   * @retval SPI state
3021:Drivers/STM32L4xx_HAL_Driver/Src/stm32l4xx_hal_spi.c ****   */
3022:Drivers/STM32L4xx_HAL_Driver/Src/stm32l4xx_hal_spi.c **** HAL_SPI_StateTypeDef HAL_SPI_GetState(SPI_HandleTypeDef *hspi)
3023:Drivers/STM32L4xx_HAL_Driver/Src/stm32l4xx_hal_spi.c **** {
3024:Drivers/STM32L4xx_HAL_Driver/Src/stm32l4xx_hal_spi.c ****   /* Return SPI handle state */
3025:Drivers/STM32L4xx_HAL_Driver/Src/stm32l4xx_hal_spi.c ****   return hspi->State;
3026:Drivers/STM32L4xx_HAL_Driver/Src/stm32l4xx_hal_spi.c **** }
3027:Drivers/STM32L4xx_HAL_Driver/Src/stm32l4xx_hal_spi.c **** 
3028:Drivers/STM32L4xx_HAL_Driver/Src/stm32l4xx_hal_spi.c **** /**
3029:Drivers/STM32L4xx_HAL_Driver/Src/stm32l4xx_hal_spi.c ****   * @brief  Return the SPI error code.
3030:Drivers/STM32L4xx_HAL_Driver/Src/stm32l4xx_hal_spi.c ****   * @param  hspi pointer to a SPI_HandleTypeDef structure that contains
3031:Drivers/STM32L4xx_HAL_Driver/Src/stm32l4xx_hal_spi.c ****   *               the configuration information for SPI module.
3032:Drivers/STM32L4xx_HAL_Driver/Src/stm32l4xx_hal_spi.c ****   * @retval SPI error code in bitmap format
3033:Drivers/STM32L4xx_HAL_Driver/Src/stm32l4xx_hal_spi.c ****   */
3034:Drivers/STM32L4xx_HAL_Driver/Src/stm32l4xx_hal_spi.c **** uint32_t HAL_SPI_GetError(SPI_HandleTypeDef *hspi)
3035:Drivers/STM32L4xx_HAL_Driver/Src/stm32l4xx_hal_spi.c **** {
3036:Drivers/STM32L4xx_HAL_Driver/Src/stm32l4xx_hal_spi.c ****   /* Return SPI ErrorCode */
3037:Drivers/STM32L4xx_HAL_Driver/Src/stm32l4xx_hal_spi.c ****   return hspi->ErrorCode;
3038:Drivers/STM32L4xx_HAL_Driver/Src/stm32l4xx_hal_spi.c **** }
3039:Drivers/STM32L4xx_HAL_Driver/Src/stm32l4xx_hal_spi.c **** 
3040:Drivers/STM32L4xx_HAL_Driver/Src/stm32l4xx_hal_spi.c **** /**
3041:Drivers/STM32L4xx_HAL_Driver/Src/stm32l4xx_hal_spi.c ****   * @}
3042:Drivers/STM32L4xx_HAL_Driver/Src/stm32l4xx_hal_spi.c ****   */
3043:Drivers/STM32L4xx_HAL_Driver/Src/stm32l4xx_hal_spi.c **** 
3044:Drivers/STM32L4xx_HAL_Driver/Src/stm32l4xx_hal_spi.c **** /**
3045:Drivers/STM32L4xx_HAL_Driver/Src/stm32l4xx_hal_spi.c ****   * @}
3046:Drivers/STM32L4xx_HAL_Driver/Src/stm32l4xx_hal_spi.c ****   */
3047:Drivers/STM32L4xx_HAL_Driver/Src/stm32l4xx_hal_spi.c **** 
3048:Drivers/STM32L4xx_HAL_Driver/Src/stm32l4xx_hal_spi.c **** /** @addtogroup SPI_Private_Functions
3049:Drivers/STM32L4xx_HAL_Driver/Src/stm32l4xx_hal_spi.c ****   * @brief   Private functions
3050:Drivers/STM32L4xx_HAL_Driver/Src/stm32l4xx_hal_spi.c ****   * @{
3051:Drivers/STM32L4xx_HAL_Driver/Src/stm32l4xx_hal_spi.c ****   */
ARM GAS  /tmp/ccEksN7Z.s 			page 55


3052:Drivers/STM32L4xx_HAL_Driver/Src/stm32l4xx_hal_spi.c **** 
3053:Drivers/STM32L4xx_HAL_Driver/Src/stm32l4xx_hal_spi.c **** /**
3054:Drivers/STM32L4xx_HAL_Driver/Src/stm32l4xx_hal_spi.c ****   * @brief  DMA SPI transmit process complete callback.
3055:Drivers/STM32L4xx_HAL_Driver/Src/stm32l4xx_hal_spi.c ****   * @param  hdma pointer to a DMA_HandleTypeDef structure that contains
3056:Drivers/STM32L4xx_HAL_Driver/Src/stm32l4xx_hal_spi.c ****   *               the configuration information for the specified DMA module.
3057:Drivers/STM32L4xx_HAL_Driver/Src/stm32l4xx_hal_spi.c ****   * @retval None
3058:Drivers/STM32L4xx_HAL_Driver/Src/stm32l4xx_hal_spi.c ****   */
3059:Drivers/STM32L4xx_HAL_Driver/Src/stm32l4xx_hal_spi.c **** static void SPI_DMATransmitCplt(DMA_HandleTypeDef *hdma)
3060:Drivers/STM32L4xx_HAL_Driver/Src/stm32l4xx_hal_spi.c **** {
3061:Drivers/STM32L4xx_HAL_Driver/Src/stm32l4xx_hal_spi.c ****   SPI_HandleTypeDef *hspi = (SPI_HandleTypeDef *)(((DMA_HandleTypeDef *)hdma)->Parent); /* Derogati
3062:Drivers/STM32L4xx_HAL_Driver/Src/stm32l4xx_hal_spi.c ****   uint32_t tickstart;
3063:Drivers/STM32L4xx_HAL_Driver/Src/stm32l4xx_hal_spi.c **** 
3064:Drivers/STM32L4xx_HAL_Driver/Src/stm32l4xx_hal_spi.c ****   /* Init tickstart for timeout management*/
3065:Drivers/STM32L4xx_HAL_Driver/Src/stm32l4xx_hal_spi.c ****   tickstart = HAL_GetTick();
3066:Drivers/STM32L4xx_HAL_Driver/Src/stm32l4xx_hal_spi.c **** 
3067:Drivers/STM32L4xx_HAL_Driver/Src/stm32l4xx_hal_spi.c ****   /* DMA Normal Mode */
3068:Drivers/STM32L4xx_HAL_Driver/Src/stm32l4xx_hal_spi.c ****   if ((hdma->Instance->CCR & DMA_CCR_CIRC) != DMA_CCR_CIRC)
3069:Drivers/STM32L4xx_HAL_Driver/Src/stm32l4xx_hal_spi.c ****   {
3070:Drivers/STM32L4xx_HAL_Driver/Src/stm32l4xx_hal_spi.c ****     /* Disable ERR interrupt */
3071:Drivers/STM32L4xx_HAL_Driver/Src/stm32l4xx_hal_spi.c ****     __HAL_SPI_DISABLE_IT(hspi, SPI_IT_ERR);
3072:Drivers/STM32L4xx_HAL_Driver/Src/stm32l4xx_hal_spi.c **** 
3073:Drivers/STM32L4xx_HAL_Driver/Src/stm32l4xx_hal_spi.c ****     /* Disable Tx DMA Request */
3074:Drivers/STM32L4xx_HAL_Driver/Src/stm32l4xx_hal_spi.c ****     CLEAR_BIT(hspi->Instance->CR2, SPI_CR2_TXDMAEN);
3075:Drivers/STM32L4xx_HAL_Driver/Src/stm32l4xx_hal_spi.c **** 
3076:Drivers/STM32L4xx_HAL_Driver/Src/stm32l4xx_hal_spi.c ****     /* Check the end of the transaction */
3077:Drivers/STM32L4xx_HAL_Driver/Src/stm32l4xx_hal_spi.c ****     if (SPI_EndRxTxTransaction(hspi, SPI_DEFAULT_TIMEOUT, tickstart) != HAL_OK)
3078:Drivers/STM32L4xx_HAL_Driver/Src/stm32l4xx_hal_spi.c ****     {
3079:Drivers/STM32L4xx_HAL_Driver/Src/stm32l4xx_hal_spi.c ****       SET_BIT(hspi->ErrorCode, HAL_SPI_ERROR_FLAG);
3080:Drivers/STM32L4xx_HAL_Driver/Src/stm32l4xx_hal_spi.c ****     }
3081:Drivers/STM32L4xx_HAL_Driver/Src/stm32l4xx_hal_spi.c **** 
3082:Drivers/STM32L4xx_HAL_Driver/Src/stm32l4xx_hal_spi.c ****     /* Clear overrun flag in 2 Lines communication mode because received data is not read */
3083:Drivers/STM32L4xx_HAL_Driver/Src/stm32l4xx_hal_spi.c ****     if (hspi->Init.Direction == SPI_DIRECTION_2LINES)
3084:Drivers/STM32L4xx_HAL_Driver/Src/stm32l4xx_hal_spi.c ****     {
3085:Drivers/STM32L4xx_HAL_Driver/Src/stm32l4xx_hal_spi.c ****       __HAL_SPI_CLEAR_OVRFLAG(hspi);
3086:Drivers/STM32L4xx_HAL_Driver/Src/stm32l4xx_hal_spi.c ****     }
3087:Drivers/STM32L4xx_HAL_Driver/Src/stm32l4xx_hal_spi.c **** 
3088:Drivers/STM32L4xx_HAL_Driver/Src/stm32l4xx_hal_spi.c ****     hspi->TxXferCount = 0U;
3089:Drivers/STM32L4xx_HAL_Driver/Src/stm32l4xx_hal_spi.c ****     hspi->State = HAL_SPI_STATE_READY;
3090:Drivers/STM32L4xx_HAL_Driver/Src/stm32l4xx_hal_spi.c **** 
3091:Drivers/STM32L4xx_HAL_Driver/Src/stm32l4xx_hal_spi.c ****     if (hspi->ErrorCode != HAL_SPI_ERROR_NONE)
3092:Drivers/STM32L4xx_HAL_Driver/Src/stm32l4xx_hal_spi.c ****     {
3093:Drivers/STM32L4xx_HAL_Driver/Src/stm32l4xx_hal_spi.c ****       /* Call user error callback */
3094:Drivers/STM32L4xx_HAL_Driver/Src/stm32l4xx_hal_spi.c **** #if (USE_HAL_SPI_REGISTER_CALLBACKS == 1U)
3095:Drivers/STM32L4xx_HAL_Driver/Src/stm32l4xx_hal_spi.c ****       hspi->ErrorCallback(hspi);
3096:Drivers/STM32L4xx_HAL_Driver/Src/stm32l4xx_hal_spi.c **** #else
3097:Drivers/STM32L4xx_HAL_Driver/Src/stm32l4xx_hal_spi.c ****       HAL_SPI_ErrorCallback(hspi);
3098:Drivers/STM32L4xx_HAL_Driver/Src/stm32l4xx_hal_spi.c **** #endif /* USE_HAL_SPI_REGISTER_CALLBACKS */
3099:Drivers/STM32L4xx_HAL_Driver/Src/stm32l4xx_hal_spi.c ****       return;
3100:Drivers/STM32L4xx_HAL_Driver/Src/stm32l4xx_hal_spi.c ****     }
3101:Drivers/STM32L4xx_HAL_Driver/Src/stm32l4xx_hal_spi.c ****   }
3102:Drivers/STM32L4xx_HAL_Driver/Src/stm32l4xx_hal_spi.c ****   /* Call user Tx complete callback */
3103:Drivers/STM32L4xx_HAL_Driver/Src/stm32l4xx_hal_spi.c **** #if (USE_HAL_SPI_REGISTER_CALLBACKS == 1U)
3104:Drivers/STM32L4xx_HAL_Driver/Src/stm32l4xx_hal_spi.c ****   hspi->TxCpltCallback(hspi);
3105:Drivers/STM32L4xx_HAL_Driver/Src/stm32l4xx_hal_spi.c **** #else
3106:Drivers/STM32L4xx_HAL_Driver/Src/stm32l4xx_hal_spi.c ****   HAL_SPI_TxCpltCallback(hspi);
3107:Drivers/STM32L4xx_HAL_Driver/Src/stm32l4xx_hal_spi.c **** #endif /* USE_HAL_SPI_REGISTER_CALLBACKS */
3108:Drivers/STM32L4xx_HAL_Driver/Src/stm32l4xx_hal_spi.c **** }
ARM GAS  /tmp/ccEksN7Z.s 			page 56


3109:Drivers/STM32L4xx_HAL_Driver/Src/stm32l4xx_hal_spi.c **** 
3110:Drivers/STM32L4xx_HAL_Driver/Src/stm32l4xx_hal_spi.c **** /**
3111:Drivers/STM32L4xx_HAL_Driver/Src/stm32l4xx_hal_spi.c ****   * @brief  DMA SPI receive process complete callback.
3112:Drivers/STM32L4xx_HAL_Driver/Src/stm32l4xx_hal_spi.c ****   * @param  hdma pointer to a DMA_HandleTypeDef structure that contains
3113:Drivers/STM32L4xx_HAL_Driver/Src/stm32l4xx_hal_spi.c ****   *               the configuration information for the specified DMA module.
3114:Drivers/STM32L4xx_HAL_Driver/Src/stm32l4xx_hal_spi.c ****   * @retval None
3115:Drivers/STM32L4xx_HAL_Driver/Src/stm32l4xx_hal_spi.c ****   */
3116:Drivers/STM32L4xx_HAL_Driver/Src/stm32l4xx_hal_spi.c **** static void SPI_DMAReceiveCplt(DMA_HandleTypeDef *hdma)
3117:Drivers/STM32L4xx_HAL_Driver/Src/stm32l4xx_hal_spi.c **** {
3118:Drivers/STM32L4xx_HAL_Driver/Src/stm32l4xx_hal_spi.c ****   SPI_HandleTypeDef *hspi = (SPI_HandleTypeDef *)(((DMA_HandleTypeDef *)hdma)->Parent); /* Derogati
3119:Drivers/STM32L4xx_HAL_Driver/Src/stm32l4xx_hal_spi.c ****   uint32_t tickstart;
3120:Drivers/STM32L4xx_HAL_Driver/Src/stm32l4xx_hal_spi.c **** #if (USE_SPI_CRC != 0U)
3121:Drivers/STM32L4xx_HAL_Driver/Src/stm32l4xx_hal_spi.c ****   __IO uint32_t tmpreg = 0U;
3122:Drivers/STM32L4xx_HAL_Driver/Src/stm32l4xx_hal_spi.c ****   __IO uint8_t  *ptmpreg8;
3123:Drivers/STM32L4xx_HAL_Driver/Src/stm32l4xx_hal_spi.c ****   __IO uint8_t  tmpreg8 = 0;
3124:Drivers/STM32L4xx_HAL_Driver/Src/stm32l4xx_hal_spi.c **** #endif /* USE_SPI_CRC */
3125:Drivers/STM32L4xx_HAL_Driver/Src/stm32l4xx_hal_spi.c **** 
3126:Drivers/STM32L4xx_HAL_Driver/Src/stm32l4xx_hal_spi.c ****   /* Init tickstart for timeout management*/
3127:Drivers/STM32L4xx_HAL_Driver/Src/stm32l4xx_hal_spi.c ****   tickstart = HAL_GetTick();
3128:Drivers/STM32L4xx_HAL_Driver/Src/stm32l4xx_hal_spi.c **** 
3129:Drivers/STM32L4xx_HAL_Driver/Src/stm32l4xx_hal_spi.c ****   /* DMA Normal Mode */
3130:Drivers/STM32L4xx_HAL_Driver/Src/stm32l4xx_hal_spi.c ****   if ((hdma->Instance->CCR & DMA_CCR_CIRC) != DMA_CCR_CIRC)
3131:Drivers/STM32L4xx_HAL_Driver/Src/stm32l4xx_hal_spi.c ****   {
3132:Drivers/STM32L4xx_HAL_Driver/Src/stm32l4xx_hal_spi.c ****     /* Disable ERR interrupt */
3133:Drivers/STM32L4xx_HAL_Driver/Src/stm32l4xx_hal_spi.c ****     __HAL_SPI_DISABLE_IT(hspi, SPI_IT_ERR);
3134:Drivers/STM32L4xx_HAL_Driver/Src/stm32l4xx_hal_spi.c **** 
3135:Drivers/STM32L4xx_HAL_Driver/Src/stm32l4xx_hal_spi.c **** #if (USE_SPI_CRC != 0U)
3136:Drivers/STM32L4xx_HAL_Driver/Src/stm32l4xx_hal_spi.c ****     /* CRC handling */
3137:Drivers/STM32L4xx_HAL_Driver/Src/stm32l4xx_hal_spi.c ****     if (hspi->Init.CRCCalculation == SPI_CRCCALCULATION_ENABLE)
3138:Drivers/STM32L4xx_HAL_Driver/Src/stm32l4xx_hal_spi.c ****     {
3139:Drivers/STM32L4xx_HAL_Driver/Src/stm32l4xx_hal_spi.c ****       /* Wait until RXNE flag */
3140:Drivers/STM32L4xx_HAL_Driver/Src/stm32l4xx_hal_spi.c ****       if (SPI_WaitFlagStateUntilTimeout(hspi, SPI_FLAG_RXNE, SET, SPI_DEFAULT_TIMEOUT, tickstart) !
3141:Drivers/STM32L4xx_HAL_Driver/Src/stm32l4xx_hal_spi.c ****       {
3142:Drivers/STM32L4xx_HAL_Driver/Src/stm32l4xx_hal_spi.c ****         /* Error on the CRC reception */
3143:Drivers/STM32L4xx_HAL_Driver/Src/stm32l4xx_hal_spi.c ****         SET_BIT(hspi->ErrorCode, HAL_SPI_ERROR_CRC);
3144:Drivers/STM32L4xx_HAL_Driver/Src/stm32l4xx_hal_spi.c ****       }
3145:Drivers/STM32L4xx_HAL_Driver/Src/stm32l4xx_hal_spi.c ****       /* Read CRC */
3146:Drivers/STM32L4xx_HAL_Driver/Src/stm32l4xx_hal_spi.c ****       if (hspi->Init.DataSize > SPI_DATASIZE_8BIT)
3147:Drivers/STM32L4xx_HAL_Driver/Src/stm32l4xx_hal_spi.c ****       {
3148:Drivers/STM32L4xx_HAL_Driver/Src/stm32l4xx_hal_spi.c ****         /* Read 16bit CRC */
3149:Drivers/STM32L4xx_HAL_Driver/Src/stm32l4xx_hal_spi.c ****         tmpreg = READ_REG(hspi->Instance->DR);
3150:Drivers/STM32L4xx_HAL_Driver/Src/stm32l4xx_hal_spi.c ****         /* To avoid GCC warning */
3151:Drivers/STM32L4xx_HAL_Driver/Src/stm32l4xx_hal_spi.c ****         UNUSED(tmpreg);
3152:Drivers/STM32L4xx_HAL_Driver/Src/stm32l4xx_hal_spi.c ****       }
3153:Drivers/STM32L4xx_HAL_Driver/Src/stm32l4xx_hal_spi.c ****       else
3154:Drivers/STM32L4xx_HAL_Driver/Src/stm32l4xx_hal_spi.c ****       {
3155:Drivers/STM32L4xx_HAL_Driver/Src/stm32l4xx_hal_spi.c ****         /* Initialize the 8bit temporary pointer */
3156:Drivers/STM32L4xx_HAL_Driver/Src/stm32l4xx_hal_spi.c ****         ptmpreg8 = (__IO uint8_t *)&hspi->Instance->DR;
3157:Drivers/STM32L4xx_HAL_Driver/Src/stm32l4xx_hal_spi.c ****         /* Read 8bit CRC */
3158:Drivers/STM32L4xx_HAL_Driver/Src/stm32l4xx_hal_spi.c ****         tmpreg8 = *ptmpreg8;
3159:Drivers/STM32L4xx_HAL_Driver/Src/stm32l4xx_hal_spi.c ****         /* To avoid GCC warning */
3160:Drivers/STM32L4xx_HAL_Driver/Src/stm32l4xx_hal_spi.c ****         UNUSED(tmpreg8);
3161:Drivers/STM32L4xx_HAL_Driver/Src/stm32l4xx_hal_spi.c **** 
3162:Drivers/STM32L4xx_HAL_Driver/Src/stm32l4xx_hal_spi.c ****         if (hspi->Init.CRCLength == SPI_CRC_LENGTH_16BIT)
3163:Drivers/STM32L4xx_HAL_Driver/Src/stm32l4xx_hal_spi.c ****         {
3164:Drivers/STM32L4xx_HAL_Driver/Src/stm32l4xx_hal_spi.c ****           if (SPI_WaitFlagStateUntilTimeout(hspi, SPI_FLAG_RXNE, SET, SPI_DEFAULT_TIMEOUT, tickstar
3165:Drivers/STM32L4xx_HAL_Driver/Src/stm32l4xx_hal_spi.c ****           {
ARM GAS  /tmp/ccEksN7Z.s 			page 57


3166:Drivers/STM32L4xx_HAL_Driver/Src/stm32l4xx_hal_spi.c ****             /* Error on the CRC reception */
3167:Drivers/STM32L4xx_HAL_Driver/Src/stm32l4xx_hal_spi.c ****             SET_BIT(hspi->ErrorCode, HAL_SPI_ERROR_CRC);
3168:Drivers/STM32L4xx_HAL_Driver/Src/stm32l4xx_hal_spi.c ****           }
3169:Drivers/STM32L4xx_HAL_Driver/Src/stm32l4xx_hal_spi.c ****           /* Read 8bit CRC again in case of 16bit CRC in 8bit Data mode */
3170:Drivers/STM32L4xx_HAL_Driver/Src/stm32l4xx_hal_spi.c ****           tmpreg8 = *ptmpreg8;
3171:Drivers/STM32L4xx_HAL_Driver/Src/stm32l4xx_hal_spi.c ****           /* To avoid GCC warning */
3172:Drivers/STM32L4xx_HAL_Driver/Src/stm32l4xx_hal_spi.c ****           UNUSED(tmpreg8);
3173:Drivers/STM32L4xx_HAL_Driver/Src/stm32l4xx_hal_spi.c ****         }
3174:Drivers/STM32L4xx_HAL_Driver/Src/stm32l4xx_hal_spi.c ****       }
3175:Drivers/STM32L4xx_HAL_Driver/Src/stm32l4xx_hal_spi.c ****     }
3176:Drivers/STM32L4xx_HAL_Driver/Src/stm32l4xx_hal_spi.c **** #endif /* USE_SPI_CRC */
3177:Drivers/STM32L4xx_HAL_Driver/Src/stm32l4xx_hal_spi.c **** 
3178:Drivers/STM32L4xx_HAL_Driver/Src/stm32l4xx_hal_spi.c ****     /* Check if we are in Master RX 2 line mode */
3179:Drivers/STM32L4xx_HAL_Driver/Src/stm32l4xx_hal_spi.c ****     if ((hspi->Init.Direction == SPI_DIRECTION_2LINES) && (hspi->Init.Mode == SPI_MODE_MASTER))
3180:Drivers/STM32L4xx_HAL_Driver/Src/stm32l4xx_hal_spi.c ****     {
3181:Drivers/STM32L4xx_HAL_Driver/Src/stm32l4xx_hal_spi.c ****       /* Disable Rx/Tx DMA Request (done by default to handle the case master rx direction 2 lines)
3182:Drivers/STM32L4xx_HAL_Driver/Src/stm32l4xx_hal_spi.c ****       CLEAR_BIT(hspi->Instance->CR2, SPI_CR2_TXDMAEN | SPI_CR2_RXDMAEN);
3183:Drivers/STM32L4xx_HAL_Driver/Src/stm32l4xx_hal_spi.c ****     }
3184:Drivers/STM32L4xx_HAL_Driver/Src/stm32l4xx_hal_spi.c ****     else
3185:Drivers/STM32L4xx_HAL_Driver/Src/stm32l4xx_hal_spi.c ****     {
3186:Drivers/STM32L4xx_HAL_Driver/Src/stm32l4xx_hal_spi.c ****       /* Normal case */
3187:Drivers/STM32L4xx_HAL_Driver/Src/stm32l4xx_hal_spi.c ****       CLEAR_BIT(hspi->Instance->CR2, SPI_CR2_RXDMAEN);
3188:Drivers/STM32L4xx_HAL_Driver/Src/stm32l4xx_hal_spi.c ****     }
3189:Drivers/STM32L4xx_HAL_Driver/Src/stm32l4xx_hal_spi.c **** 
3190:Drivers/STM32L4xx_HAL_Driver/Src/stm32l4xx_hal_spi.c ****     /* Check the end of the transaction */
3191:Drivers/STM32L4xx_HAL_Driver/Src/stm32l4xx_hal_spi.c ****     if (SPI_EndRxTransaction(hspi, SPI_DEFAULT_TIMEOUT, tickstart) != HAL_OK)
3192:Drivers/STM32L4xx_HAL_Driver/Src/stm32l4xx_hal_spi.c ****     {
3193:Drivers/STM32L4xx_HAL_Driver/Src/stm32l4xx_hal_spi.c ****       hspi->ErrorCode = HAL_SPI_ERROR_FLAG;
3194:Drivers/STM32L4xx_HAL_Driver/Src/stm32l4xx_hal_spi.c ****     }
3195:Drivers/STM32L4xx_HAL_Driver/Src/stm32l4xx_hal_spi.c **** 
3196:Drivers/STM32L4xx_HAL_Driver/Src/stm32l4xx_hal_spi.c ****     hspi->RxXferCount = 0U;
3197:Drivers/STM32L4xx_HAL_Driver/Src/stm32l4xx_hal_spi.c ****     hspi->State = HAL_SPI_STATE_READY;
3198:Drivers/STM32L4xx_HAL_Driver/Src/stm32l4xx_hal_spi.c **** 
3199:Drivers/STM32L4xx_HAL_Driver/Src/stm32l4xx_hal_spi.c **** #if (USE_SPI_CRC != 0U)
3200:Drivers/STM32L4xx_HAL_Driver/Src/stm32l4xx_hal_spi.c ****     /* Check if CRC error occurred */
3201:Drivers/STM32L4xx_HAL_Driver/Src/stm32l4xx_hal_spi.c ****     if (__HAL_SPI_GET_FLAG(hspi, SPI_FLAG_CRCERR))
3202:Drivers/STM32L4xx_HAL_Driver/Src/stm32l4xx_hal_spi.c ****     {
3203:Drivers/STM32L4xx_HAL_Driver/Src/stm32l4xx_hal_spi.c ****       SET_BIT(hspi->ErrorCode, HAL_SPI_ERROR_CRC);
3204:Drivers/STM32L4xx_HAL_Driver/Src/stm32l4xx_hal_spi.c ****       __HAL_SPI_CLEAR_CRCERRFLAG(hspi);
3205:Drivers/STM32L4xx_HAL_Driver/Src/stm32l4xx_hal_spi.c ****     }
3206:Drivers/STM32L4xx_HAL_Driver/Src/stm32l4xx_hal_spi.c **** #endif /* USE_SPI_CRC */
3207:Drivers/STM32L4xx_HAL_Driver/Src/stm32l4xx_hal_spi.c **** 
3208:Drivers/STM32L4xx_HAL_Driver/Src/stm32l4xx_hal_spi.c ****     if (hspi->ErrorCode != HAL_SPI_ERROR_NONE)
3209:Drivers/STM32L4xx_HAL_Driver/Src/stm32l4xx_hal_spi.c ****     {
3210:Drivers/STM32L4xx_HAL_Driver/Src/stm32l4xx_hal_spi.c ****       /* Call user error callback */
3211:Drivers/STM32L4xx_HAL_Driver/Src/stm32l4xx_hal_spi.c **** #if (USE_HAL_SPI_REGISTER_CALLBACKS == 1U)
3212:Drivers/STM32L4xx_HAL_Driver/Src/stm32l4xx_hal_spi.c ****       hspi->ErrorCallback(hspi);
3213:Drivers/STM32L4xx_HAL_Driver/Src/stm32l4xx_hal_spi.c **** #else
3214:Drivers/STM32L4xx_HAL_Driver/Src/stm32l4xx_hal_spi.c ****       HAL_SPI_ErrorCallback(hspi);
3215:Drivers/STM32L4xx_HAL_Driver/Src/stm32l4xx_hal_spi.c **** #endif /* USE_HAL_SPI_REGISTER_CALLBACKS */
3216:Drivers/STM32L4xx_HAL_Driver/Src/stm32l4xx_hal_spi.c ****       return;
3217:Drivers/STM32L4xx_HAL_Driver/Src/stm32l4xx_hal_spi.c ****     }
3218:Drivers/STM32L4xx_HAL_Driver/Src/stm32l4xx_hal_spi.c ****   }
3219:Drivers/STM32L4xx_HAL_Driver/Src/stm32l4xx_hal_spi.c ****   /* Call user Rx complete callback */
3220:Drivers/STM32L4xx_HAL_Driver/Src/stm32l4xx_hal_spi.c **** #if (USE_HAL_SPI_REGISTER_CALLBACKS == 1U)
3221:Drivers/STM32L4xx_HAL_Driver/Src/stm32l4xx_hal_spi.c ****   hspi->RxCpltCallback(hspi);
3222:Drivers/STM32L4xx_HAL_Driver/Src/stm32l4xx_hal_spi.c **** #else
ARM GAS  /tmp/ccEksN7Z.s 			page 58


3223:Drivers/STM32L4xx_HAL_Driver/Src/stm32l4xx_hal_spi.c ****   HAL_SPI_RxCpltCallback(hspi);
3224:Drivers/STM32L4xx_HAL_Driver/Src/stm32l4xx_hal_spi.c **** #endif /* USE_HAL_SPI_REGISTER_CALLBACKS */
3225:Drivers/STM32L4xx_HAL_Driver/Src/stm32l4xx_hal_spi.c **** }
3226:Drivers/STM32L4xx_HAL_Driver/Src/stm32l4xx_hal_spi.c **** 
3227:Drivers/STM32L4xx_HAL_Driver/Src/stm32l4xx_hal_spi.c **** /**
3228:Drivers/STM32L4xx_HAL_Driver/Src/stm32l4xx_hal_spi.c ****   * @brief  DMA SPI transmit receive process complete callback.
3229:Drivers/STM32L4xx_HAL_Driver/Src/stm32l4xx_hal_spi.c ****   * @param  hdma pointer to a DMA_HandleTypeDef structure that contains
3230:Drivers/STM32L4xx_HAL_Driver/Src/stm32l4xx_hal_spi.c ****   *               the configuration information for the specified DMA module.
3231:Drivers/STM32L4xx_HAL_Driver/Src/stm32l4xx_hal_spi.c ****   * @retval None
3232:Drivers/STM32L4xx_HAL_Driver/Src/stm32l4xx_hal_spi.c ****   */
3233:Drivers/STM32L4xx_HAL_Driver/Src/stm32l4xx_hal_spi.c **** static void SPI_DMATransmitReceiveCplt(DMA_HandleTypeDef *hdma)
3234:Drivers/STM32L4xx_HAL_Driver/Src/stm32l4xx_hal_spi.c **** {
3235:Drivers/STM32L4xx_HAL_Driver/Src/stm32l4xx_hal_spi.c ****   SPI_HandleTypeDef *hspi = (SPI_HandleTypeDef *)(((DMA_HandleTypeDef *)hdma)->Parent); /* Derogati
3236:Drivers/STM32L4xx_HAL_Driver/Src/stm32l4xx_hal_spi.c ****   uint32_t tickstart;
3237:Drivers/STM32L4xx_HAL_Driver/Src/stm32l4xx_hal_spi.c **** #if (USE_SPI_CRC != 0U)
3238:Drivers/STM32L4xx_HAL_Driver/Src/stm32l4xx_hal_spi.c ****   __IO uint32_t tmpreg = 0U;
3239:Drivers/STM32L4xx_HAL_Driver/Src/stm32l4xx_hal_spi.c ****   __IO uint8_t  *ptmpreg8;
3240:Drivers/STM32L4xx_HAL_Driver/Src/stm32l4xx_hal_spi.c ****   __IO uint8_t  tmpreg8 = 0;
3241:Drivers/STM32L4xx_HAL_Driver/Src/stm32l4xx_hal_spi.c **** #endif /* USE_SPI_CRC */
3242:Drivers/STM32L4xx_HAL_Driver/Src/stm32l4xx_hal_spi.c **** 
3243:Drivers/STM32L4xx_HAL_Driver/Src/stm32l4xx_hal_spi.c ****   /* Init tickstart for timeout management*/
3244:Drivers/STM32L4xx_HAL_Driver/Src/stm32l4xx_hal_spi.c ****   tickstart = HAL_GetTick();
3245:Drivers/STM32L4xx_HAL_Driver/Src/stm32l4xx_hal_spi.c **** 
3246:Drivers/STM32L4xx_HAL_Driver/Src/stm32l4xx_hal_spi.c ****   /* DMA Normal Mode */
3247:Drivers/STM32L4xx_HAL_Driver/Src/stm32l4xx_hal_spi.c ****   if ((hdma->Instance->CCR & DMA_CCR_CIRC) != DMA_CCR_CIRC)
3248:Drivers/STM32L4xx_HAL_Driver/Src/stm32l4xx_hal_spi.c ****   {
3249:Drivers/STM32L4xx_HAL_Driver/Src/stm32l4xx_hal_spi.c ****     /* Disable ERR interrupt */
3250:Drivers/STM32L4xx_HAL_Driver/Src/stm32l4xx_hal_spi.c ****     __HAL_SPI_DISABLE_IT(hspi, SPI_IT_ERR);
3251:Drivers/STM32L4xx_HAL_Driver/Src/stm32l4xx_hal_spi.c **** 
3252:Drivers/STM32L4xx_HAL_Driver/Src/stm32l4xx_hal_spi.c **** #if (USE_SPI_CRC != 0U)
3253:Drivers/STM32L4xx_HAL_Driver/Src/stm32l4xx_hal_spi.c ****     /* CRC handling */
3254:Drivers/STM32L4xx_HAL_Driver/Src/stm32l4xx_hal_spi.c ****     if (hspi->Init.CRCCalculation == SPI_CRCCALCULATION_ENABLE)
3255:Drivers/STM32L4xx_HAL_Driver/Src/stm32l4xx_hal_spi.c ****     {
3256:Drivers/STM32L4xx_HAL_Driver/Src/stm32l4xx_hal_spi.c ****       if ((hspi->Init.DataSize == SPI_DATASIZE_8BIT) && (hspi->Init.CRCLength == SPI_CRC_LENGTH_8BI
3257:Drivers/STM32L4xx_HAL_Driver/Src/stm32l4xx_hal_spi.c ****       {
3258:Drivers/STM32L4xx_HAL_Driver/Src/stm32l4xx_hal_spi.c ****         if (SPI_WaitFifoStateUntilTimeout(hspi, SPI_FLAG_FRLVL, SPI_FRLVL_QUARTER_FULL, SPI_DEFAULT
3259:Drivers/STM32L4xx_HAL_Driver/Src/stm32l4xx_hal_spi.c ****                                           tickstart) != HAL_OK)
3260:Drivers/STM32L4xx_HAL_Driver/Src/stm32l4xx_hal_spi.c ****         {
3261:Drivers/STM32L4xx_HAL_Driver/Src/stm32l4xx_hal_spi.c ****           /* Error on the CRC reception */
3262:Drivers/STM32L4xx_HAL_Driver/Src/stm32l4xx_hal_spi.c ****           SET_BIT(hspi->ErrorCode, HAL_SPI_ERROR_CRC);
3263:Drivers/STM32L4xx_HAL_Driver/Src/stm32l4xx_hal_spi.c ****         }
3264:Drivers/STM32L4xx_HAL_Driver/Src/stm32l4xx_hal_spi.c ****         /* Initialize the 8bit temporary pointer */
3265:Drivers/STM32L4xx_HAL_Driver/Src/stm32l4xx_hal_spi.c ****         ptmpreg8 = (__IO uint8_t *)&hspi->Instance->DR;
3266:Drivers/STM32L4xx_HAL_Driver/Src/stm32l4xx_hal_spi.c ****         /* Read 8bit CRC */
3267:Drivers/STM32L4xx_HAL_Driver/Src/stm32l4xx_hal_spi.c ****         tmpreg8 = *ptmpreg8;
3268:Drivers/STM32L4xx_HAL_Driver/Src/stm32l4xx_hal_spi.c ****         /* To avoid GCC warning */
3269:Drivers/STM32L4xx_HAL_Driver/Src/stm32l4xx_hal_spi.c ****         UNUSED(tmpreg8);
3270:Drivers/STM32L4xx_HAL_Driver/Src/stm32l4xx_hal_spi.c ****       }
3271:Drivers/STM32L4xx_HAL_Driver/Src/stm32l4xx_hal_spi.c ****       else
3272:Drivers/STM32L4xx_HAL_Driver/Src/stm32l4xx_hal_spi.c ****       {
3273:Drivers/STM32L4xx_HAL_Driver/Src/stm32l4xx_hal_spi.c ****         if (SPI_WaitFifoStateUntilTimeout(hspi, SPI_FLAG_FRLVL, SPI_FRLVL_HALF_FULL, SPI_DEFAULT_TI
3274:Drivers/STM32L4xx_HAL_Driver/Src/stm32l4xx_hal_spi.c ****         {
3275:Drivers/STM32L4xx_HAL_Driver/Src/stm32l4xx_hal_spi.c ****           /* Error on the CRC reception */
3276:Drivers/STM32L4xx_HAL_Driver/Src/stm32l4xx_hal_spi.c ****           SET_BIT(hspi->ErrorCode, HAL_SPI_ERROR_CRC);
3277:Drivers/STM32L4xx_HAL_Driver/Src/stm32l4xx_hal_spi.c ****         }
3278:Drivers/STM32L4xx_HAL_Driver/Src/stm32l4xx_hal_spi.c ****         /* Read CRC to Flush DR and RXNE flag */
3279:Drivers/STM32L4xx_HAL_Driver/Src/stm32l4xx_hal_spi.c ****         tmpreg = READ_REG(hspi->Instance->DR);
ARM GAS  /tmp/ccEksN7Z.s 			page 59


3280:Drivers/STM32L4xx_HAL_Driver/Src/stm32l4xx_hal_spi.c ****         /* To avoid GCC warning */
3281:Drivers/STM32L4xx_HAL_Driver/Src/stm32l4xx_hal_spi.c ****         UNUSED(tmpreg);
3282:Drivers/STM32L4xx_HAL_Driver/Src/stm32l4xx_hal_spi.c ****       }
3283:Drivers/STM32L4xx_HAL_Driver/Src/stm32l4xx_hal_spi.c ****     }
3284:Drivers/STM32L4xx_HAL_Driver/Src/stm32l4xx_hal_spi.c **** #endif /* USE_SPI_CRC */
3285:Drivers/STM32L4xx_HAL_Driver/Src/stm32l4xx_hal_spi.c **** 
3286:Drivers/STM32L4xx_HAL_Driver/Src/stm32l4xx_hal_spi.c ****     /* Check the end of the transaction */
3287:Drivers/STM32L4xx_HAL_Driver/Src/stm32l4xx_hal_spi.c ****     if (SPI_EndRxTxTransaction(hspi, SPI_DEFAULT_TIMEOUT, tickstart) != HAL_OK)
3288:Drivers/STM32L4xx_HAL_Driver/Src/stm32l4xx_hal_spi.c ****     {
3289:Drivers/STM32L4xx_HAL_Driver/Src/stm32l4xx_hal_spi.c ****       SET_BIT(hspi->ErrorCode, HAL_SPI_ERROR_FLAG);
3290:Drivers/STM32L4xx_HAL_Driver/Src/stm32l4xx_hal_spi.c ****     }
3291:Drivers/STM32L4xx_HAL_Driver/Src/stm32l4xx_hal_spi.c **** 
3292:Drivers/STM32L4xx_HAL_Driver/Src/stm32l4xx_hal_spi.c ****     /* Disable Rx/Tx DMA Request */
3293:Drivers/STM32L4xx_HAL_Driver/Src/stm32l4xx_hal_spi.c ****     CLEAR_BIT(hspi->Instance->CR2, SPI_CR2_TXDMAEN | SPI_CR2_RXDMAEN);
3294:Drivers/STM32L4xx_HAL_Driver/Src/stm32l4xx_hal_spi.c **** 
3295:Drivers/STM32L4xx_HAL_Driver/Src/stm32l4xx_hal_spi.c ****     hspi->TxXferCount = 0U;
3296:Drivers/STM32L4xx_HAL_Driver/Src/stm32l4xx_hal_spi.c ****     hspi->RxXferCount = 0U;
3297:Drivers/STM32L4xx_HAL_Driver/Src/stm32l4xx_hal_spi.c ****     hspi->State = HAL_SPI_STATE_READY;
3298:Drivers/STM32L4xx_HAL_Driver/Src/stm32l4xx_hal_spi.c **** 
3299:Drivers/STM32L4xx_HAL_Driver/Src/stm32l4xx_hal_spi.c **** #if (USE_SPI_CRC != 0U)
3300:Drivers/STM32L4xx_HAL_Driver/Src/stm32l4xx_hal_spi.c ****     /* Check if CRC error occurred */
3301:Drivers/STM32L4xx_HAL_Driver/Src/stm32l4xx_hal_spi.c ****     if (__HAL_SPI_GET_FLAG(hspi, SPI_FLAG_CRCERR))
3302:Drivers/STM32L4xx_HAL_Driver/Src/stm32l4xx_hal_spi.c ****     {
3303:Drivers/STM32L4xx_HAL_Driver/Src/stm32l4xx_hal_spi.c ****       SET_BIT(hspi->ErrorCode, HAL_SPI_ERROR_CRC);
3304:Drivers/STM32L4xx_HAL_Driver/Src/stm32l4xx_hal_spi.c ****       __HAL_SPI_CLEAR_CRCERRFLAG(hspi);
3305:Drivers/STM32L4xx_HAL_Driver/Src/stm32l4xx_hal_spi.c ****     }
3306:Drivers/STM32L4xx_HAL_Driver/Src/stm32l4xx_hal_spi.c **** #endif /* USE_SPI_CRC */
3307:Drivers/STM32L4xx_HAL_Driver/Src/stm32l4xx_hal_spi.c **** 
3308:Drivers/STM32L4xx_HAL_Driver/Src/stm32l4xx_hal_spi.c ****     if (hspi->ErrorCode != HAL_SPI_ERROR_NONE)
3309:Drivers/STM32L4xx_HAL_Driver/Src/stm32l4xx_hal_spi.c ****     {
3310:Drivers/STM32L4xx_HAL_Driver/Src/stm32l4xx_hal_spi.c ****       /* Call user error callback */
3311:Drivers/STM32L4xx_HAL_Driver/Src/stm32l4xx_hal_spi.c **** #if (USE_HAL_SPI_REGISTER_CALLBACKS == 1U)
3312:Drivers/STM32L4xx_HAL_Driver/Src/stm32l4xx_hal_spi.c ****       hspi->ErrorCallback(hspi);
3313:Drivers/STM32L4xx_HAL_Driver/Src/stm32l4xx_hal_spi.c **** #else
3314:Drivers/STM32L4xx_HAL_Driver/Src/stm32l4xx_hal_spi.c ****       HAL_SPI_ErrorCallback(hspi);
3315:Drivers/STM32L4xx_HAL_Driver/Src/stm32l4xx_hal_spi.c **** #endif /* USE_HAL_SPI_REGISTER_CALLBACKS */
3316:Drivers/STM32L4xx_HAL_Driver/Src/stm32l4xx_hal_spi.c ****       return;
3317:Drivers/STM32L4xx_HAL_Driver/Src/stm32l4xx_hal_spi.c ****     }
3318:Drivers/STM32L4xx_HAL_Driver/Src/stm32l4xx_hal_spi.c ****   }
3319:Drivers/STM32L4xx_HAL_Driver/Src/stm32l4xx_hal_spi.c ****   /* Call user TxRx complete callback */
3320:Drivers/STM32L4xx_HAL_Driver/Src/stm32l4xx_hal_spi.c **** #if (USE_HAL_SPI_REGISTER_CALLBACKS == 1U)
3321:Drivers/STM32L4xx_HAL_Driver/Src/stm32l4xx_hal_spi.c ****   hspi->TxRxCpltCallback(hspi);
3322:Drivers/STM32L4xx_HAL_Driver/Src/stm32l4xx_hal_spi.c **** #else
3323:Drivers/STM32L4xx_HAL_Driver/Src/stm32l4xx_hal_spi.c ****   HAL_SPI_TxRxCpltCallback(hspi);
3324:Drivers/STM32L4xx_HAL_Driver/Src/stm32l4xx_hal_spi.c **** #endif /* USE_HAL_SPI_REGISTER_CALLBACKS */
3325:Drivers/STM32L4xx_HAL_Driver/Src/stm32l4xx_hal_spi.c **** }
3326:Drivers/STM32L4xx_HAL_Driver/Src/stm32l4xx_hal_spi.c **** 
3327:Drivers/STM32L4xx_HAL_Driver/Src/stm32l4xx_hal_spi.c **** /**
3328:Drivers/STM32L4xx_HAL_Driver/Src/stm32l4xx_hal_spi.c ****   * @brief  DMA SPI half transmit process complete callback.
3329:Drivers/STM32L4xx_HAL_Driver/Src/stm32l4xx_hal_spi.c ****   * @param  hdma pointer to a DMA_HandleTypeDef structure that contains
3330:Drivers/STM32L4xx_HAL_Driver/Src/stm32l4xx_hal_spi.c ****   *               the configuration information for the specified DMA module.
3331:Drivers/STM32L4xx_HAL_Driver/Src/stm32l4xx_hal_spi.c ****   * @retval None
3332:Drivers/STM32L4xx_HAL_Driver/Src/stm32l4xx_hal_spi.c ****   */
3333:Drivers/STM32L4xx_HAL_Driver/Src/stm32l4xx_hal_spi.c **** static void SPI_DMAHalfTransmitCplt(DMA_HandleTypeDef *hdma)
3334:Drivers/STM32L4xx_HAL_Driver/Src/stm32l4xx_hal_spi.c **** {
3335:Drivers/STM32L4xx_HAL_Driver/Src/stm32l4xx_hal_spi.c ****   SPI_HandleTypeDef *hspi = (SPI_HandleTypeDef *)(((DMA_HandleTypeDef *)hdma)->Parent); /* Derogati
3336:Drivers/STM32L4xx_HAL_Driver/Src/stm32l4xx_hal_spi.c **** 
ARM GAS  /tmp/ccEksN7Z.s 			page 60


3337:Drivers/STM32L4xx_HAL_Driver/Src/stm32l4xx_hal_spi.c ****   /* Call user Tx half complete callback */
3338:Drivers/STM32L4xx_HAL_Driver/Src/stm32l4xx_hal_spi.c **** #if (USE_HAL_SPI_REGISTER_CALLBACKS == 1U)
3339:Drivers/STM32L4xx_HAL_Driver/Src/stm32l4xx_hal_spi.c ****   hspi->TxHalfCpltCallback(hspi);
3340:Drivers/STM32L4xx_HAL_Driver/Src/stm32l4xx_hal_spi.c **** #else
3341:Drivers/STM32L4xx_HAL_Driver/Src/stm32l4xx_hal_spi.c ****   HAL_SPI_TxHalfCpltCallback(hspi);
3342:Drivers/STM32L4xx_HAL_Driver/Src/stm32l4xx_hal_spi.c **** #endif /* USE_HAL_SPI_REGISTER_CALLBACKS */
3343:Drivers/STM32L4xx_HAL_Driver/Src/stm32l4xx_hal_spi.c **** }
3344:Drivers/STM32L4xx_HAL_Driver/Src/stm32l4xx_hal_spi.c **** 
3345:Drivers/STM32L4xx_HAL_Driver/Src/stm32l4xx_hal_spi.c **** /**
3346:Drivers/STM32L4xx_HAL_Driver/Src/stm32l4xx_hal_spi.c ****   * @brief  DMA SPI half receive process complete callback
3347:Drivers/STM32L4xx_HAL_Driver/Src/stm32l4xx_hal_spi.c ****   * @param  hdma pointer to a DMA_HandleTypeDef structure that contains
3348:Drivers/STM32L4xx_HAL_Driver/Src/stm32l4xx_hal_spi.c ****   *               the configuration information for the specified DMA module.
3349:Drivers/STM32L4xx_HAL_Driver/Src/stm32l4xx_hal_spi.c ****   * @retval None
3350:Drivers/STM32L4xx_HAL_Driver/Src/stm32l4xx_hal_spi.c ****   */
3351:Drivers/STM32L4xx_HAL_Driver/Src/stm32l4xx_hal_spi.c **** static void SPI_DMAHalfReceiveCplt(DMA_HandleTypeDef *hdma)
3352:Drivers/STM32L4xx_HAL_Driver/Src/stm32l4xx_hal_spi.c **** {
3353:Drivers/STM32L4xx_HAL_Driver/Src/stm32l4xx_hal_spi.c ****   SPI_HandleTypeDef *hspi = (SPI_HandleTypeDef *)(((DMA_HandleTypeDef *)hdma)->Parent); /* Derogati
3354:Drivers/STM32L4xx_HAL_Driver/Src/stm32l4xx_hal_spi.c **** 
3355:Drivers/STM32L4xx_HAL_Driver/Src/stm32l4xx_hal_spi.c ****   /* Call user Rx half complete callback */
3356:Drivers/STM32L4xx_HAL_Driver/Src/stm32l4xx_hal_spi.c **** #if (USE_HAL_SPI_REGISTER_CALLBACKS == 1U)
3357:Drivers/STM32L4xx_HAL_Driver/Src/stm32l4xx_hal_spi.c ****   hspi->RxHalfCpltCallback(hspi);
3358:Drivers/STM32L4xx_HAL_Driver/Src/stm32l4xx_hal_spi.c **** #else
3359:Drivers/STM32L4xx_HAL_Driver/Src/stm32l4xx_hal_spi.c ****   HAL_SPI_RxHalfCpltCallback(hspi);
3360:Drivers/STM32L4xx_HAL_Driver/Src/stm32l4xx_hal_spi.c **** #endif /* USE_HAL_SPI_REGISTER_CALLBACKS */
3361:Drivers/STM32L4xx_HAL_Driver/Src/stm32l4xx_hal_spi.c **** }
3362:Drivers/STM32L4xx_HAL_Driver/Src/stm32l4xx_hal_spi.c **** 
3363:Drivers/STM32L4xx_HAL_Driver/Src/stm32l4xx_hal_spi.c **** /**
3364:Drivers/STM32L4xx_HAL_Driver/Src/stm32l4xx_hal_spi.c ****   * @brief  DMA SPI half transmit receive process complete callback.
3365:Drivers/STM32L4xx_HAL_Driver/Src/stm32l4xx_hal_spi.c ****   * @param  hdma pointer to a DMA_HandleTypeDef structure that contains
3366:Drivers/STM32L4xx_HAL_Driver/Src/stm32l4xx_hal_spi.c ****   *               the configuration information for the specified DMA module.
3367:Drivers/STM32L4xx_HAL_Driver/Src/stm32l4xx_hal_spi.c ****   * @retval None
3368:Drivers/STM32L4xx_HAL_Driver/Src/stm32l4xx_hal_spi.c ****   */
3369:Drivers/STM32L4xx_HAL_Driver/Src/stm32l4xx_hal_spi.c **** static void SPI_DMAHalfTransmitReceiveCplt(DMA_HandleTypeDef *hdma)
3370:Drivers/STM32L4xx_HAL_Driver/Src/stm32l4xx_hal_spi.c **** {
3371:Drivers/STM32L4xx_HAL_Driver/Src/stm32l4xx_hal_spi.c ****   SPI_HandleTypeDef *hspi = (SPI_HandleTypeDef *)(((DMA_HandleTypeDef *)hdma)->Parent); /* Derogati
3372:Drivers/STM32L4xx_HAL_Driver/Src/stm32l4xx_hal_spi.c **** 
3373:Drivers/STM32L4xx_HAL_Driver/Src/stm32l4xx_hal_spi.c ****   /* Call user TxRx half complete callback */
3374:Drivers/STM32L4xx_HAL_Driver/Src/stm32l4xx_hal_spi.c **** #if (USE_HAL_SPI_REGISTER_CALLBACKS == 1U)
3375:Drivers/STM32L4xx_HAL_Driver/Src/stm32l4xx_hal_spi.c ****   hspi->TxRxHalfCpltCallback(hspi);
3376:Drivers/STM32L4xx_HAL_Driver/Src/stm32l4xx_hal_spi.c **** #else
3377:Drivers/STM32L4xx_HAL_Driver/Src/stm32l4xx_hal_spi.c ****   HAL_SPI_TxRxHalfCpltCallback(hspi);
3378:Drivers/STM32L4xx_HAL_Driver/Src/stm32l4xx_hal_spi.c **** #endif /* USE_HAL_SPI_REGISTER_CALLBACKS */
3379:Drivers/STM32L4xx_HAL_Driver/Src/stm32l4xx_hal_spi.c **** }
3380:Drivers/STM32L4xx_HAL_Driver/Src/stm32l4xx_hal_spi.c **** 
3381:Drivers/STM32L4xx_HAL_Driver/Src/stm32l4xx_hal_spi.c **** /**
3382:Drivers/STM32L4xx_HAL_Driver/Src/stm32l4xx_hal_spi.c ****   * @brief  DMA SPI communication error callback.
3383:Drivers/STM32L4xx_HAL_Driver/Src/stm32l4xx_hal_spi.c ****   * @param  hdma pointer to a DMA_HandleTypeDef structure that contains
3384:Drivers/STM32L4xx_HAL_Driver/Src/stm32l4xx_hal_spi.c ****   *               the configuration information for the specified DMA module.
3385:Drivers/STM32L4xx_HAL_Driver/Src/stm32l4xx_hal_spi.c ****   * @retval None
3386:Drivers/STM32L4xx_HAL_Driver/Src/stm32l4xx_hal_spi.c ****   */
3387:Drivers/STM32L4xx_HAL_Driver/Src/stm32l4xx_hal_spi.c **** static void SPI_DMAError(DMA_HandleTypeDef *hdma)
3388:Drivers/STM32L4xx_HAL_Driver/Src/stm32l4xx_hal_spi.c **** {
3389:Drivers/STM32L4xx_HAL_Driver/Src/stm32l4xx_hal_spi.c ****   SPI_HandleTypeDef *hspi = (SPI_HandleTypeDef *)(((DMA_HandleTypeDef *)hdma)->Parent); /* Derogati
3390:Drivers/STM32L4xx_HAL_Driver/Src/stm32l4xx_hal_spi.c **** 
3391:Drivers/STM32L4xx_HAL_Driver/Src/stm32l4xx_hal_spi.c ****   /* Stop the disable DMA transfer on SPI side */
3392:Drivers/STM32L4xx_HAL_Driver/Src/stm32l4xx_hal_spi.c ****   CLEAR_BIT(hspi->Instance->CR2, SPI_CR2_TXDMAEN | SPI_CR2_RXDMAEN);
3393:Drivers/STM32L4xx_HAL_Driver/Src/stm32l4xx_hal_spi.c **** 
ARM GAS  /tmp/ccEksN7Z.s 			page 61


3394:Drivers/STM32L4xx_HAL_Driver/Src/stm32l4xx_hal_spi.c ****   SET_BIT(hspi->ErrorCode, HAL_SPI_ERROR_DMA);
3395:Drivers/STM32L4xx_HAL_Driver/Src/stm32l4xx_hal_spi.c ****   hspi->State = HAL_SPI_STATE_READY;
3396:Drivers/STM32L4xx_HAL_Driver/Src/stm32l4xx_hal_spi.c ****   /* Call user error callback */
3397:Drivers/STM32L4xx_HAL_Driver/Src/stm32l4xx_hal_spi.c **** #if (USE_HAL_SPI_REGISTER_CALLBACKS == 1U)
3398:Drivers/STM32L4xx_HAL_Driver/Src/stm32l4xx_hal_spi.c ****   hspi->ErrorCallback(hspi);
3399:Drivers/STM32L4xx_HAL_Driver/Src/stm32l4xx_hal_spi.c **** #else
3400:Drivers/STM32L4xx_HAL_Driver/Src/stm32l4xx_hal_spi.c ****   HAL_SPI_ErrorCallback(hspi);
3401:Drivers/STM32L4xx_HAL_Driver/Src/stm32l4xx_hal_spi.c **** #endif /* USE_HAL_SPI_REGISTER_CALLBACKS */
3402:Drivers/STM32L4xx_HAL_Driver/Src/stm32l4xx_hal_spi.c **** }
3403:Drivers/STM32L4xx_HAL_Driver/Src/stm32l4xx_hal_spi.c **** 
3404:Drivers/STM32L4xx_HAL_Driver/Src/stm32l4xx_hal_spi.c **** /**
3405:Drivers/STM32L4xx_HAL_Driver/Src/stm32l4xx_hal_spi.c ****   * @brief  DMA SPI communication abort callback, when initiated by HAL services on Error
3406:Drivers/STM32L4xx_HAL_Driver/Src/stm32l4xx_hal_spi.c ****   *         (To be called at end of DMA Abort procedure following error occurrence).
3407:Drivers/STM32L4xx_HAL_Driver/Src/stm32l4xx_hal_spi.c ****   * @param  hdma DMA handle.
3408:Drivers/STM32L4xx_HAL_Driver/Src/stm32l4xx_hal_spi.c ****   * @retval None
3409:Drivers/STM32L4xx_HAL_Driver/Src/stm32l4xx_hal_spi.c ****   */
3410:Drivers/STM32L4xx_HAL_Driver/Src/stm32l4xx_hal_spi.c **** static void SPI_DMAAbortOnError(DMA_HandleTypeDef *hdma)
3411:Drivers/STM32L4xx_HAL_Driver/Src/stm32l4xx_hal_spi.c **** {
3412:Drivers/STM32L4xx_HAL_Driver/Src/stm32l4xx_hal_spi.c ****   SPI_HandleTypeDef *hspi = (SPI_HandleTypeDef *)(((DMA_HandleTypeDef *)hdma)->Parent); /* Derogati
3413:Drivers/STM32L4xx_HAL_Driver/Src/stm32l4xx_hal_spi.c ****   hspi->RxXferCount = 0U;
3414:Drivers/STM32L4xx_HAL_Driver/Src/stm32l4xx_hal_spi.c ****   hspi->TxXferCount = 0U;
3415:Drivers/STM32L4xx_HAL_Driver/Src/stm32l4xx_hal_spi.c **** 
3416:Drivers/STM32L4xx_HAL_Driver/Src/stm32l4xx_hal_spi.c ****   /* Call user error callback */
3417:Drivers/STM32L4xx_HAL_Driver/Src/stm32l4xx_hal_spi.c **** #if (USE_HAL_SPI_REGISTER_CALLBACKS == 1U)
3418:Drivers/STM32L4xx_HAL_Driver/Src/stm32l4xx_hal_spi.c ****   hspi->ErrorCallback(hspi);
3419:Drivers/STM32L4xx_HAL_Driver/Src/stm32l4xx_hal_spi.c **** #else
3420:Drivers/STM32L4xx_HAL_Driver/Src/stm32l4xx_hal_spi.c ****   HAL_SPI_ErrorCallback(hspi);
3421:Drivers/STM32L4xx_HAL_Driver/Src/stm32l4xx_hal_spi.c **** #endif /* USE_HAL_SPI_REGISTER_CALLBACKS */
3422:Drivers/STM32L4xx_HAL_Driver/Src/stm32l4xx_hal_spi.c **** }
3423:Drivers/STM32L4xx_HAL_Driver/Src/stm32l4xx_hal_spi.c **** 
3424:Drivers/STM32L4xx_HAL_Driver/Src/stm32l4xx_hal_spi.c **** /**
3425:Drivers/STM32L4xx_HAL_Driver/Src/stm32l4xx_hal_spi.c ****   * @brief  DMA SPI Tx communication abort callback, when initiated by user
3426:Drivers/STM32L4xx_HAL_Driver/Src/stm32l4xx_hal_spi.c ****   *         (To be called at end of DMA Tx Abort procedure following user abort request).
3427:Drivers/STM32L4xx_HAL_Driver/Src/stm32l4xx_hal_spi.c ****   * @note   When this callback is executed, User Abort complete call back is called only if no
3428:Drivers/STM32L4xx_HAL_Driver/Src/stm32l4xx_hal_spi.c ****   *         Abort still ongoing for Rx DMA Handle.
3429:Drivers/STM32L4xx_HAL_Driver/Src/stm32l4xx_hal_spi.c ****   * @param  hdma DMA handle.
3430:Drivers/STM32L4xx_HAL_Driver/Src/stm32l4xx_hal_spi.c ****   * @retval None
3431:Drivers/STM32L4xx_HAL_Driver/Src/stm32l4xx_hal_spi.c ****   */
3432:Drivers/STM32L4xx_HAL_Driver/Src/stm32l4xx_hal_spi.c **** static void SPI_DMATxAbortCallback(DMA_HandleTypeDef *hdma)
3433:Drivers/STM32L4xx_HAL_Driver/Src/stm32l4xx_hal_spi.c **** {
3434:Drivers/STM32L4xx_HAL_Driver/Src/stm32l4xx_hal_spi.c ****   SPI_HandleTypeDef *hspi = (SPI_HandleTypeDef *)(((DMA_HandleTypeDef *)hdma)->Parent); /* Derogati
3435:Drivers/STM32L4xx_HAL_Driver/Src/stm32l4xx_hal_spi.c **** 
3436:Drivers/STM32L4xx_HAL_Driver/Src/stm32l4xx_hal_spi.c ****   hspi->hdmatx->XferAbortCallback = NULL;
3437:Drivers/STM32L4xx_HAL_Driver/Src/stm32l4xx_hal_spi.c **** 
3438:Drivers/STM32L4xx_HAL_Driver/Src/stm32l4xx_hal_spi.c ****   /* Disable Tx DMA Request */
3439:Drivers/STM32L4xx_HAL_Driver/Src/stm32l4xx_hal_spi.c ****   CLEAR_BIT(hspi->Instance->CR2, SPI_CR2_TXDMAEN);
3440:Drivers/STM32L4xx_HAL_Driver/Src/stm32l4xx_hal_spi.c **** 
3441:Drivers/STM32L4xx_HAL_Driver/Src/stm32l4xx_hal_spi.c ****   if (SPI_EndRxTxTransaction(hspi, SPI_DEFAULT_TIMEOUT, HAL_GetTick()) != HAL_OK)
3442:Drivers/STM32L4xx_HAL_Driver/Src/stm32l4xx_hal_spi.c ****   {
3443:Drivers/STM32L4xx_HAL_Driver/Src/stm32l4xx_hal_spi.c ****     hspi->ErrorCode = HAL_SPI_ERROR_ABORT;
3444:Drivers/STM32L4xx_HAL_Driver/Src/stm32l4xx_hal_spi.c ****   }
3445:Drivers/STM32L4xx_HAL_Driver/Src/stm32l4xx_hal_spi.c **** 
3446:Drivers/STM32L4xx_HAL_Driver/Src/stm32l4xx_hal_spi.c ****   /* Disable SPI Peripheral */
3447:Drivers/STM32L4xx_HAL_Driver/Src/stm32l4xx_hal_spi.c ****   __HAL_SPI_DISABLE(hspi);
3448:Drivers/STM32L4xx_HAL_Driver/Src/stm32l4xx_hal_spi.c **** 
3449:Drivers/STM32L4xx_HAL_Driver/Src/stm32l4xx_hal_spi.c ****   /* Empty the FRLVL fifo */
3450:Drivers/STM32L4xx_HAL_Driver/Src/stm32l4xx_hal_spi.c ****   if (SPI_WaitFifoStateUntilTimeout(hspi, SPI_FLAG_FRLVL, SPI_FRLVL_EMPTY, SPI_DEFAULT_TIMEOUT, HAL
ARM GAS  /tmp/ccEksN7Z.s 			page 62


3451:Drivers/STM32L4xx_HAL_Driver/Src/stm32l4xx_hal_spi.c ****   {
3452:Drivers/STM32L4xx_HAL_Driver/Src/stm32l4xx_hal_spi.c ****     hspi->ErrorCode = HAL_SPI_ERROR_ABORT;
3453:Drivers/STM32L4xx_HAL_Driver/Src/stm32l4xx_hal_spi.c ****   }
3454:Drivers/STM32L4xx_HAL_Driver/Src/stm32l4xx_hal_spi.c **** 
3455:Drivers/STM32L4xx_HAL_Driver/Src/stm32l4xx_hal_spi.c ****   /* Check if an Abort process is still ongoing */
3456:Drivers/STM32L4xx_HAL_Driver/Src/stm32l4xx_hal_spi.c ****   if (hspi->hdmarx != NULL)
3457:Drivers/STM32L4xx_HAL_Driver/Src/stm32l4xx_hal_spi.c ****   {
3458:Drivers/STM32L4xx_HAL_Driver/Src/stm32l4xx_hal_spi.c ****     if (hspi->hdmarx->XferAbortCallback != NULL)
3459:Drivers/STM32L4xx_HAL_Driver/Src/stm32l4xx_hal_spi.c ****     {
3460:Drivers/STM32L4xx_HAL_Driver/Src/stm32l4xx_hal_spi.c ****       return;
3461:Drivers/STM32L4xx_HAL_Driver/Src/stm32l4xx_hal_spi.c ****     }
3462:Drivers/STM32L4xx_HAL_Driver/Src/stm32l4xx_hal_spi.c ****   }
3463:Drivers/STM32L4xx_HAL_Driver/Src/stm32l4xx_hal_spi.c **** 
3464:Drivers/STM32L4xx_HAL_Driver/Src/stm32l4xx_hal_spi.c ****   /* No Abort process still ongoing : All DMA Stream/Channel are aborted, call user Abort Complete 
3465:Drivers/STM32L4xx_HAL_Driver/Src/stm32l4xx_hal_spi.c ****   hspi->RxXferCount = 0U;
3466:Drivers/STM32L4xx_HAL_Driver/Src/stm32l4xx_hal_spi.c ****   hspi->TxXferCount = 0U;
3467:Drivers/STM32L4xx_HAL_Driver/Src/stm32l4xx_hal_spi.c **** 
3468:Drivers/STM32L4xx_HAL_Driver/Src/stm32l4xx_hal_spi.c ****   /* Check no error during Abort procedure */
3469:Drivers/STM32L4xx_HAL_Driver/Src/stm32l4xx_hal_spi.c ****   if (hspi->ErrorCode != HAL_SPI_ERROR_ABORT)
3470:Drivers/STM32L4xx_HAL_Driver/Src/stm32l4xx_hal_spi.c ****   {
3471:Drivers/STM32L4xx_HAL_Driver/Src/stm32l4xx_hal_spi.c ****     /* Reset errorCode */
3472:Drivers/STM32L4xx_HAL_Driver/Src/stm32l4xx_hal_spi.c ****     hspi->ErrorCode = HAL_SPI_ERROR_NONE;
3473:Drivers/STM32L4xx_HAL_Driver/Src/stm32l4xx_hal_spi.c ****   }
3474:Drivers/STM32L4xx_HAL_Driver/Src/stm32l4xx_hal_spi.c **** 
3475:Drivers/STM32L4xx_HAL_Driver/Src/stm32l4xx_hal_spi.c ****   /* Clear the Error flags in the SR register */
3476:Drivers/STM32L4xx_HAL_Driver/Src/stm32l4xx_hal_spi.c ****   __HAL_SPI_CLEAR_OVRFLAG(hspi);
3477:Drivers/STM32L4xx_HAL_Driver/Src/stm32l4xx_hal_spi.c ****   __HAL_SPI_CLEAR_FREFLAG(hspi);
3478:Drivers/STM32L4xx_HAL_Driver/Src/stm32l4xx_hal_spi.c **** 
3479:Drivers/STM32L4xx_HAL_Driver/Src/stm32l4xx_hal_spi.c ****   /* Restore hspi->State to Ready */
3480:Drivers/STM32L4xx_HAL_Driver/Src/stm32l4xx_hal_spi.c ****   hspi->State  = HAL_SPI_STATE_READY;
3481:Drivers/STM32L4xx_HAL_Driver/Src/stm32l4xx_hal_spi.c **** 
3482:Drivers/STM32L4xx_HAL_Driver/Src/stm32l4xx_hal_spi.c ****   /* Call user Abort complete callback */
3483:Drivers/STM32L4xx_HAL_Driver/Src/stm32l4xx_hal_spi.c **** #if (USE_HAL_SPI_REGISTER_CALLBACKS == 1U)
3484:Drivers/STM32L4xx_HAL_Driver/Src/stm32l4xx_hal_spi.c ****   hspi->AbortCpltCallback(hspi);
3485:Drivers/STM32L4xx_HAL_Driver/Src/stm32l4xx_hal_spi.c **** #else
3486:Drivers/STM32L4xx_HAL_Driver/Src/stm32l4xx_hal_spi.c ****   HAL_SPI_AbortCpltCallback(hspi);
3487:Drivers/STM32L4xx_HAL_Driver/Src/stm32l4xx_hal_spi.c **** #endif /* USE_HAL_SPI_REGISTER_CALLBACKS */
3488:Drivers/STM32L4xx_HAL_Driver/Src/stm32l4xx_hal_spi.c **** }
3489:Drivers/STM32L4xx_HAL_Driver/Src/stm32l4xx_hal_spi.c **** 
3490:Drivers/STM32L4xx_HAL_Driver/Src/stm32l4xx_hal_spi.c **** /**
3491:Drivers/STM32L4xx_HAL_Driver/Src/stm32l4xx_hal_spi.c ****   * @brief  DMA SPI Rx communication abort callback, when initiated by user
3492:Drivers/STM32L4xx_HAL_Driver/Src/stm32l4xx_hal_spi.c ****   *         (To be called at end of DMA Rx Abort procedure following user abort request).
3493:Drivers/STM32L4xx_HAL_Driver/Src/stm32l4xx_hal_spi.c ****   * @note   When this callback is executed, User Abort complete call back is called only if no
3494:Drivers/STM32L4xx_HAL_Driver/Src/stm32l4xx_hal_spi.c ****   *         Abort still ongoing for Tx DMA Handle.
3495:Drivers/STM32L4xx_HAL_Driver/Src/stm32l4xx_hal_spi.c ****   * @param  hdma DMA handle.
3496:Drivers/STM32L4xx_HAL_Driver/Src/stm32l4xx_hal_spi.c ****   * @retval None
3497:Drivers/STM32L4xx_HAL_Driver/Src/stm32l4xx_hal_spi.c ****   */
3498:Drivers/STM32L4xx_HAL_Driver/Src/stm32l4xx_hal_spi.c **** static void SPI_DMARxAbortCallback(DMA_HandleTypeDef *hdma)
3499:Drivers/STM32L4xx_HAL_Driver/Src/stm32l4xx_hal_spi.c **** {
3500:Drivers/STM32L4xx_HAL_Driver/Src/stm32l4xx_hal_spi.c ****   SPI_HandleTypeDef *hspi = (SPI_HandleTypeDef *)(((DMA_HandleTypeDef *)hdma)->Parent); /* Derogati
3501:Drivers/STM32L4xx_HAL_Driver/Src/stm32l4xx_hal_spi.c **** 
3502:Drivers/STM32L4xx_HAL_Driver/Src/stm32l4xx_hal_spi.c ****   /* Disable SPI Peripheral */
3503:Drivers/STM32L4xx_HAL_Driver/Src/stm32l4xx_hal_spi.c ****   __HAL_SPI_DISABLE(hspi);
3504:Drivers/STM32L4xx_HAL_Driver/Src/stm32l4xx_hal_spi.c **** 
3505:Drivers/STM32L4xx_HAL_Driver/Src/stm32l4xx_hal_spi.c ****   hspi->hdmarx->XferAbortCallback = NULL;
3506:Drivers/STM32L4xx_HAL_Driver/Src/stm32l4xx_hal_spi.c **** 
3507:Drivers/STM32L4xx_HAL_Driver/Src/stm32l4xx_hal_spi.c ****   /* Disable Rx DMA Request */
ARM GAS  /tmp/ccEksN7Z.s 			page 63


3508:Drivers/STM32L4xx_HAL_Driver/Src/stm32l4xx_hal_spi.c ****   CLEAR_BIT(hspi->Instance->CR2, SPI_CR2_RXDMAEN);
3509:Drivers/STM32L4xx_HAL_Driver/Src/stm32l4xx_hal_spi.c **** 
3510:Drivers/STM32L4xx_HAL_Driver/Src/stm32l4xx_hal_spi.c ****   /* Control the BSY flag */
3511:Drivers/STM32L4xx_HAL_Driver/Src/stm32l4xx_hal_spi.c ****   if (SPI_WaitFlagStateUntilTimeout(hspi, SPI_FLAG_BSY, RESET, SPI_DEFAULT_TIMEOUT, HAL_GetTick()) 
3512:Drivers/STM32L4xx_HAL_Driver/Src/stm32l4xx_hal_spi.c ****   {
3513:Drivers/STM32L4xx_HAL_Driver/Src/stm32l4xx_hal_spi.c ****     hspi->ErrorCode = HAL_SPI_ERROR_ABORT;
3514:Drivers/STM32L4xx_HAL_Driver/Src/stm32l4xx_hal_spi.c ****   }
3515:Drivers/STM32L4xx_HAL_Driver/Src/stm32l4xx_hal_spi.c **** 
3516:Drivers/STM32L4xx_HAL_Driver/Src/stm32l4xx_hal_spi.c ****   /* Empty the FRLVL fifo */
3517:Drivers/STM32L4xx_HAL_Driver/Src/stm32l4xx_hal_spi.c ****   if (SPI_WaitFifoStateUntilTimeout(hspi, SPI_FLAG_FRLVL, SPI_FRLVL_EMPTY, SPI_DEFAULT_TIMEOUT, HAL
3518:Drivers/STM32L4xx_HAL_Driver/Src/stm32l4xx_hal_spi.c ****   {
3519:Drivers/STM32L4xx_HAL_Driver/Src/stm32l4xx_hal_spi.c ****     hspi->ErrorCode = HAL_SPI_ERROR_ABORT;
3520:Drivers/STM32L4xx_HAL_Driver/Src/stm32l4xx_hal_spi.c ****   }
3521:Drivers/STM32L4xx_HAL_Driver/Src/stm32l4xx_hal_spi.c **** 
3522:Drivers/STM32L4xx_HAL_Driver/Src/stm32l4xx_hal_spi.c ****   /* Check if an Abort process is still ongoing */
3523:Drivers/STM32L4xx_HAL_Driver/Src/stm32l4xx_hal_spi.c ****   if (hspi->hdmatx != NULL)
3524:Drivers/STM32L4xx_HAL_Driver/Src/stm32l4xx_hal_spi.c ****   {
3525:Drivers/STM32L4xx_HAL_Driver/Src/stm32l4xx_hal_spi.c ****     if (hspi->hdmatx->XferAbortCallback != NULL)
3526:Drivers/STM32L4xx_HAL_Driver/Src/stm32l4xx_hal_spi.c ****     {
3527:Drivers/STM32L4xx_HAL_Driver/Src/stm32l4xx_hal_spi.c ****       return;
3528:Drivers/STM32L4xx_HAL_Driver/Src/stm32l4xx_hal_spi.c ****     }
3529:Drivers/STM32L4xx_HAL_Driver/Src/stm32l4xx_hal_spi.c ****   }
3530:Drivers/STM32L4xx_HAL_Driver/Src/stm32l4xx_hal_spi.c **** 
3531:Drivers/STM32L4xx_HAL_Driver/Src/stm32l4xx_hal_spi.c ****   /* No Abort process still ongoing : All DMA Stream/Channel are aborted, call user Abort Complete 
3532:Drivers/STM32L4xx_HAL_Driver/Src/stm32l4xx_hal_spi.c ****   hspi->RxXferCount = 0U;
3533:Drivers/STM32L4xx_HAL_Driver/Src/stm32l4xx_hal_spi.c ****   hspi->TxXferCount = 0U;
3534:Drivers/STM32L4xx_HAL_Driver/Src/stm32l4xx_hal_spi.c **** 
3535:Drivers/STM32L4xx_HAL_Driver/Src/stm32l4xx_hal_spi.c ****   /* Check no error during Abort procedure */
3536:Drivers/STM32L4xx_HAL_Driver/Src/stm32l4xx_hal_spi.c ****   if (hspi->ErrorCode != HAL_SPI_ERROR_ABORT)
3537:Drivers/STM32L4xx_HAL_Driver/Src/stm32l4xx_hal_spi.c ****   {
3538:Drivers/STM32L4xx_HAL_Driver/Src/stm32l4xx_hal_spi.c ****     /* Reset errorCode */
3539:Drivers/STM32L4xx_HAL_Driver/Src/stm32l4xx_hal_spi.c ****     hspi->ErrorCode = HAL_SPI_ERROR_NONE;
3540:Drivers/STM32L4xx_HAL_Driver/Src/stm32l4xx_hal_spi.c ****   }
3541:Drivers/STM32L4xx_HAL_Driver/Src/stm32l4xx_hal_spi.c **** 
3542:Drivers/STM32L4xx_HAL_Driver/Src/stm32l4xx_hal_spi.c ****   /* Clear the Error flags in the SR register */
3543:Drivers/STM32L4xx_HAL_Driver/Src/stm32l4xx_hal_spi.c ****   __HAL_SPI_CLEAR_OVRFLAG(hspi);
3544:Drivers/STM32L4xx_HAL_Driver/Src/stm32l4xx_hal_spi.c ****   __HAL_SPI_CLEAR_FREFLAG(hspi);
3545:Drivers/STM32L4xx_HAL_Driver/Src/stm32l4xx_hal_spi.c **** 
3546:Drivers/STM32L4xx_HAL_Driver/Src/stm32l4xx_hal_spi.c ****   /* Restore hspi->State to Ready */
3547:Drivers/STM32L4xx_HAL_Driver/Src/stm32l4xx_hal_spi.c ****   hspi->State  = HAL_SPI_STATE_READY;
3548:Drivers/STM32L4xx_HAL_Driver/Src/stm32l4xx_hal_spi.c **** 
3549:Drivers/STM32L4xx_HAL_Driver/Src/stm32l4xx_hal_spi.c ****   /* Call user Abort complete callback */
3550:Drivers/STM32L4xx_HAL_Driver/Src/stm32l4xx_hal_spi.c **** #if (USE_HAL_SPI_REGISTER_CALLBACKS == 1U)
3551:Drivers/STM32L4xx_HAL_Driver/Src/stm32l4xx_hal_spi.c ****   hspi->AbortCpltCallback(hspi);
3552:Drivers/STM32L4xx_HAL_Driver/Src/stm32l4xx_hal_spi.c **** #else
3553:Drivers/STM32L4xx_HAL_Driver/Src/stm32l4xx_hal_spi.c ****   HAL_SPI_AbortCpltCallback(hspi);
3554:Drivers/STM32L4xx_HAL_Driver/Src/stm32l4xx_hal_spi.c **** #endif /* USE_HAL_SPI_REGISTER_CALLBACKS */
3555:Drivers/STM32L4xx_HAL_Driver/Src/stm32l4xx_hal_spi.c **** }
3556:Drivers/STM32L4xx_HAL_Driver/Src/stm32l4xx_hal_spi.c **** 
3557:Drivers/STM32L4xx_HAL_Driver/Src/stm32l4xx_hal_spi.c **** /**
3558:Drivers/STM32L4xx_HAL_Driver/Src/stm32l4xx_hal_spi.c ****   * @brief  Rx 8-bit handler for Transmit and Receive in Interrupt mode.
3559:Drivers/STM32L4xx_HAL_Driver/Src/stm32l4xx_hal_spi.c ****   * @param  hspi pointer to a SPI_HandleTypeDef structure that contains
3560:Drivers/STM32L4xx_HAL_Driver/Src/stm32l4xx_hal_spi.c ****   *               the configuration information for SPI module.
3561:Drivers/STM32L4xx_HAL_Driver/Src/stm32l4xx_hal_spi.c ****   * @retval None
3562:Drivers/STM32L4xx_HAL_Driver/Src/stm32l4xx_hal_spi.c ****   */
3563:Drivers/STM32L4xx_HAL_Driver/Src/stm32l4xx_hal_spi.c **** static void SPI_2linesRxISR_8BIT(struct __SPI_HandleTypeDef *hspi)
3564:Drivers/STM32L4xx_HAL_Driver/Src/stm32l4xx_hal_spi.c **** {
ARM GAS  /tmp/ccEksN7Z.s 			page 64


3565:Drivers/STM32L4xx_HAL_Driver/Src/stm32l4xx_hal_spi.c ****   /* Receive data in packing mode */
3566:Drivers/STM32L4xx_HAL_Driver/Src/stm32l4xx_hal_spi.c ****   if (hspi->RxXferCount > 1U)
3567:Drivers/STM32L4xx_HAL_Driver/Src/stm32l4xx_hal_spi.c ****   {
3568:Drivers/STM32L4xx_HAL_Driver/Src/stm32l4xx_hal_spi.c ****     *((uint16_t *)hspi->pRxBuffPtr) = (uint16_t)(hspi->Instance->DR);
3569:Drivers/STM32L4xx_HAL_Driver/Src/stm32l4xx_hal_spi.c ****     hspi->pRxBuffPtr += sizeof(uint16_t);
3570:Drivers/STM32L4xx_HAL_Driver/Src/stm32l4xx_hal_spi.c ****     hspi->RxXferCount -= 2U;
3571:Drivers/STM32L4xx_HAL_Driver/Src/stm32l4xx_hal_spi.c ****     if (hspi->RxXferCount == 1U)
3572:Drivers/STM32L4xx_HAL_Driver/Src/stm32l4xx_hal_spi.c ****     {
3573:Drivers/STM32L4xx_HAL_Driver/Src/stm32l4xx_hal_spi.c ****       /* Set RX Fifo threshold according the reception data length: 8bit */
3574:Drivers/STM32L4xx_HAL_Driver/Src/stm32l4xx_hal_spi.c ****       SET_BIT(hspi->Instance->CR2, SPI_RXFIFO_THRESHOLD);
3575:Drivers/STM32L4xx_HAL_Driver/Src/stm32l4xx_hal_spi.c ****     }
3576:Drivers/STM32L4xx_HAL_Driver/Src/stm32l4xx_hal_spi.c ****   }
3577:Drivers/STM32L4xx_HAL_Driver/Src/stm32l4xx_hal_spi.c ****   /* Receive data in 8 Bit mode */
3578:Drivers/STM32L4xx_HAL_Driver/Src/stm32l4xx_hal_spi.c ****   else
3579:Drivers/STM32L4xx_HAL_Driver/Src/stm32l4xx_hal_spi.c ****   {
3580:Drivers/STM32L4xx_HAL_Driver/Src/stm32l4xx_hal_spi.c ****     *hspi->pRxBuffPtr = *((__IO uint8_t *)&hspi->Instance->DR);
3581:Drivers/STM32L4xx_HAL_Driver/Src/stm32l4xx_hal_spi.c ****     hspi->pRxBuffPtr++;
3582:Drivers/STM32L4xx_HAL_Driver/Src/stm32l4xx_hal_spi.c ****     hspi->RxXferCount--;
3583:Drivers/STM32L4xx_HAL_Driver/Src/stm32l4xx_hal_spi.c ****   }
3584:Drivers/STM32L4xx_HAL_Driver/Src/stm32l4xx_hal_spi.c **** 
3585:Drivers/STM32L4xx_HAL_Driver/Src/stm32l4xx_hal_spi.c ****   /* Check end of the reception */
3586:Drivers/STM32L4xx_HAL_Driver/Src/stm32l4xx_hal_spi.c ****   if (hspi->RxXferCount == 0U)
3587:Drivers/STM32L4xx_HAL_Driver/Src/stm32l4xx_hal_spi.c ****   {
3588:Drivers/STM32L4xx_HAL_Driver/Src/stm32l4xx_hal_spi.c **** #if (USE_SPI_CRC != 0U)
3589:Drivers/STM32L4xx_HAL_Driver/Src/stm32l4xx_hal_spi.c ****     if (hspi->Init.CRCCalculation == SPI_CRCCALCULATION_ENABLE)
3590:Drivers/STM32L4xx_HAL_Driver/Src/stm32l4xx_hal_spi.c ****     {
3591:Drivers/STM32L4xx_HAL_Driver/Src/stm32l4xx_hal_spi.c ****       SET_BIT(hspi->Instance->CR2, SPI_RXFIFO_THRESHOLD);
3592:Drivers/STM32L4xx_HAL_Driver/Src/stm32l4xx_hal_spi.c ****       hspi->RxISR =  SPI_2linesRxISR_8BITCRC;
3593:Drivers/STM32L4xx_HAL_Driver/Src/stm32l4xx_hal_spi.c ****       return;
3594:Drivers/STM32L4xx_HAL_Driver/Src/stm32l4xx_hal_spi.c ****     }
3595:Drivers/STM32L4xx_HAL_Driver/Src/stm32l4xx_hal_spi.c **** #endif /* USE_SPI_CRC */
3596:Drivers/STM32L4xx_HAL_Driver/Src/stm32l4xx_hal_spi.c **** 
3597:Drivers/STM32L4xx_HAL_Driver/Src/stm32l4xx_hal_spi.c ****     /* Disable RXNE  and ERR interrupt */
3598:Drivers/STM32L4xx_HAL_Driver/Src/stm32l4xx_hal_spi.c ****     __HAL_SPI_DISABLE_IT(hspi, (SPI_IT_RXNE | SPI_IT_ERR));
3599:Drivers/STM32L4xx_HAL_Driver/Src/stm32l4xx_hal_spi.c **** 
3600:Drivers/STM32L4xx_HAL_Driver/Src/stm32l4xx_hal_spi.c ****     if (hspi->TxXferCount == 0U)
3601:Drivers/STM32L4xx_HAL_Driver/Src/stm32l4xx_hal_spi.c ****     {
3602:Drivers/STM32L4xx_HAL_Driver/Src/stm32l4xx_hal_spi.c ****       SPI_CloseRxTx_ISR(hspi);
3603:Drivers/STM32L4xx_HAL_Driver/Src/stm32l4xx_hal_spi.c ****     }
3604:Drivers/STM32L4xx_HAL_Driver/Src/stm32l4xx_hal_spi.c ****   }
3605:Drivers/STM32L4xx_HAL_Driver/Src/stm32l4xx_hal_spi.c **** }
3606:Drivers/STM32L4xx_HAL_Driver/Src/stm32l4xx_hal_spi.c **** 
3607:Drivers/STM32L4xx_HAL_Driver/Src/stm32l4xx_hal_spi.c **** #if (USE_SPI_CRC != 0U)
3608:Drivers/STM32L4xx_HAL_Driver/Src/stm32l4xx_hal_spi.c **** /**
3609:Drivers/STM32L4xx_HAL_Driver/Src/stm32l4xx_hal_spi.c ****   * @brief  Rx 8-bit handler for Transmit and Receive in Interrupt mode.
3610:Drivers/STM32L4xx_HAL_Driver/Src/stm32l4xx_hal_spi.c ****   * @param  hspi pointer to a SPI_HandleTypeDef structure that contains
3611:Drivers/STM32L4xx_HAL_Driver/Src/stm32l4xx_hal_spi.c ****   *               the configuration information for SPI module.
3612:Drivers/STM32L4xx_HAL_Driver/Src/stm32l4xx_hal_spi.c ****   * @retval None
3613:Drivers/STM32L4xx_HAL_Driver/Src/stm32l4xx_hal_spi.c ****   */
3614:Drivers/STM32L4xx_HAL_Driver/Src/stm32l4xx_hal_spi.c **** static void SPI_2linesRxISR_8BITCRC(struct __SPI_HandleTypeDef *hspi)
3615:Drivers/STM32L4xx_HAL_Driver/Src/stm32l4xx_hal_spi.c **** {
3616:Drivers/STM32L4xx_HAL_Driver/Src/stm32l4xx_hal_spi.c ****   __IO uint8_t  *ptmpreg8;
3617:Drivers/STM32L4xx_HAL_Driver/Src/stm32l4xx_hal_spi.c ****   __IO uint8_t  tmpreg8 = 0;
3618:Drivers/STM32L4xx_HAL_Driver/Src/stm32l4xx_hal_spi.c **** 
3619:Drivers/STM32L4xx_HAL_Driver/Src/stm32l4xx_hal_spi.c ****   /* Initialize the 8bit temporary pointer */
3620:Drivers/STM32L4xx_HAL_Driver/Src/stm32l4xx_hal_spi.c ****   ptmpreg8 = (__IO uint8_t *)&hspi->Instance->DR;
3621:Drivers/STM32L4xx_HAL_Driver/Src/stm32l4xx_hal_spi.c ****   /* Read 8bit CRC to flush Data Register */
ARM GAS  /tmp/ccEksN7Z.s 			page 65


3622:Drivers/STM32L4xx_HAL_Driver/Src/stm32l4xx_hal_spi.c ****   tmpreg8 = *ptmpreg8;
3623:Drivers/STM32L4xx_HAL_Driver/Src/stm32l4xx_hal_spi.c ****   /* To avoid GCC warning */
3624:Drivers/STM32L4xx_HAL_Driver/Src/stm32l4xx_hal_spi.c ****   UNUSED(tmpreg8);
3625:Drivers/STM32L4xx_HAL_Driver/Src/stm32l4xx_hal_spi.c **** 
3626:Drivers/STM32L4xx_HAL_Driver/Src/stm32l4xx_hal_spi.c ****   hspi->CRCSize--;
3627:Drivers/STM32L4xx_HAL_Driver/Src/stm32l4xx_hal_spi.c **** 
3628:Drivers/STM32L4xx_HAL_Driver/Src/stm32l4xx_hal_spi.c ****   /* Check end of the reception */
3629:Drivers/STM32L4xx_HAL_Driver/Src/stm32l4xx_hal_spi.c ****   if (hspi->CRCSize == 0U)
3630:Drivers/STM32L4xx_HAL_Driver/Src/stm32l4xx_hal_spi.c ****   {
3631:Drivers/STM32L4xx_HAL_Driver/Src/stm32l4xx_hal_spi.c ****     /* Disable RXNE and ERR interrupt */
3632:Drivers/STM32L4xx_HAL_Driver/Src/stm32l4xx_hal_spi.c ****     __HAL_SPI_DISABLE_IT(hspi, (SPI_IT_RXNE | SPI_IT_ERR));
3633:Drivers/STM32L4xx_HAL_Driver/Src/stm32l4xx_hal_spi.c **** 
3634:Drivers/STM32L4xx_HAL_Driver/Src/stm32l4xx_hal_spi.c ****     if (hspi->TxXferCount == 0U)
3635:Drivers/STM32L4xx_HAL_Driver/Src/stm32l4xx_hal_spi.c ****     {
3636:Drivers/STM32L4xx_HAL_Driver/Src/stm32l4xx_hal_spi.c ****       SPI_CloseRxTx_ISR(hspi);
3637:Drivers/STM32L4xx_HAL_Driver/Src/stm32l4xx_hal_spi.c ****     }
3638:Drivers/STM32L4xx_HAL_Driver/Src/stm32l4xx_hal_spi.c ****   }
3639:Drivers/STM32L4xx_HAL_Driver/Src/stm32l4xx_hal_spi.c **** }
3640:Drivers/STM32L4xx_HAL_Driver/Src/stm32l4xx_hal_spi.c **** #endif /* USE_SPI_CRC */
3641:Drivers/STM32L4xx_HAL_Driver/Src/stm32l4xx_hal_spi.c **** 
3642:Drivers/STM32L4xx_HAL_Driver/Src/stm32l4xx_hal_spi.c **** /**
3643:Drivers/STM32L4xx_HAL_Driver/Src/stm32l4xx_hal_spi.c ****   * @brief  Tx 8-bit handler for Transmit and Receive in Interrupt mode.
3644:Drivers/STM32L4xx_HAL_Driver/Src/stm32l4xx_hal_spi.c ****   * @param  hspi pointer to a SPI_HandleTypeDef structure that contains
3645:Drivers/STM32L4xx_HAL_Driver/Src/stm32l4xx_hal_spi.c ****   *               the configuration information for SPI module.
3646:Drivers/STM32L4xx_HAL_Driver/Src/stm32l4xx_hal_spi.c ****   * @retval None
3647:Drivers/STM32L4xx_HAL_Driver/Src/stm32l4xx_hal_spi.c ****   */
3648:Drivers/STM32L4xx_HAL_Driver/Src/stm32l4xx_hal_spi.c **** static void SPI_2linesTxISR_8BIT(struct __SPI_HandleTypeDef *hspi)
3649:Drivers/STM32L4xx_HAL_Driver/Src/stm32l4xx_hal_spi.c **** {
3650:Drivers/STM32L4xx_HAL_Driver/Src/stm32l4xx_hal_spi.c ****   /* Transmit data in packing Bit mode */
3651:Drivers/STM32L4xx_HAL_Driver/Src/stm32l4xx_hal_spi.c ****   if (hspi->TxXferCount >= 2U)
3652:Drivers/STM32L4xx_HAL_Driver/Src/stm32l4xx_hal_spi.c ****   {
3653:Drivers/STM32L4xx_HAL_Driver/Src/stm32l4xx_hal_spi.c ****     hspi->Instance->DR = *((uint16_t *)hspi->pTxBuffPtr);
3654:Drivers/STM32L4xx_HAL_Driver/Src/stm32l4xx_hal_spi.c ****     hspi->pTxBuffPtr += sizeof(uint16_t);
3655:Drivers/STM32L4xx_HAL_Driver/Src/stm32l4xx_hal_spi.c ****     hspi->TxXferCount -= 2U;
3656:Drivers/STM32L4xx_HAL_Driver/Src/stm32l4xx_hal_spi.c ****   }
3657:Drivers/STM32L4xx_HAL_Driver/Src/stm32l4xx_hal_spi.c ****   /* Transmit data in 8 Bit mode */
3658:Drivers/STM32L4xx_HAL_Driver/Src/stm32l4xx_hal_spi.c ****   else
3659:Drivers/STM32L4xx_HAL_Driver/Src/stm32l4xx_hal_spi.c ****   {
3660:Drivers/STM32L4xx_HAL_Driver/Src/stm32l4xx_hal_spi.c ****     *(__IO uint8_t *)&hspi->Instance->DR = (*hspi->pTxBuffPtr);
3661:Drivers/STM32L4xx_HAL_Driver/Src/stm32l4xx_hal_spi.c ****     hspi->pTxBuffPtr++;
3662:Drivers/STM32L4xx_HAL_Driver/Src/stm32l4xx_hal_spi.c ****     hspi->TxXferCount--;
3663:Drivers/STM32L4xx_HAL_Driver/Src/stm32l4xx_hal_spi.c ****   }
3664:Drivers/STM32L4xx_HAL_Driver/Src/stm32l4xx_hal_spi.c **** 
3665:Drivers/STM32L4xx_HAL_Driver/Src/stm32l4xx_hal_spi.c ****   /* Check the end of the transmission */
3666:Drivers/STM32L4xx_HAL_Driver/Src/stm32l4xx_hal_spi.c ****   if (hspi->TxXferCount == 0U)
3667:Drivers/STM32L4xx_HAL_Driver/Src/stm32l4xx_hal_spi.c ****   {
3668:Drivers/STM32L4xx_HAL_Driver/Src/stm32l4xx_hal_spi.c **** #if (USE_SPI_CRC != 0U)
3669:Drivers/STM32L4xx_HAL_Driver/Src/stm32l4xx_hal_spi.c ****     if (hspi->Init.CRCCalculation == SPI_CRCCALCULATION_ENABLE)
3670:Drivers/STM32L4xx_HAL_Driver/Src/stm32l4xx_hal_spi.c ****     {
3671:Drivers/STM32L4xx_HAL_Driver/Src/stm32l4xx_hal_spi.c ****       /* Set CRC Next Bit to send CRC */
3672:Drivers/STM32L4xx_HAL_Driver/Src/stm32l4xx_hal_spi.c ****       SET_BIT(hspi->Instance->CR1, SPI_CR1_CRCNEXT);
3673:Drivers/STM32L4xx_HAL_Driver/Src/stm32l4xx_hal_spi.c ****       /* Disable TXE interrupt */
3674:Drivers/STM32L4xx_HAL_Driver/Src/stm32l4xx_hal_spi.c ****       __HAL_SPI_DISABLE_IT(hspi, SPI_IT_TXE);
3675:Drivers/STM32L4xx_HAL_Driver/Src/stm32l4xx_hal_spi.c ****       return;
3676:Drivers/STM32L4xx_HAL_Driver/Src/stm32l4xx_hal_spi.c ****     }
3677:Drivers/STM32L4xx_HAL_Driver/Src/stm32l4xx_hal_spi.c **** #endif /* USE_SPI_CRC */
3678:Drivers/STM32L4xx_HAL_Driver/Src/stm32l4xx_hal_spi.c **** 
ARM GAS  /tmp/ccEksN7Z.s 			page 66


3679:Drivers/STM32L4xx_HAL_Driver/Src/stm32l4xx_hal_spi.c ****     /* Disable TXE interrupt */
3680:Drivers/STM32L4xx_HAL_Driver/Src/stm32l4xx_hal_spi.c ****     __HAL_SPI_DISABLE_IT(hspi, SPI_IT_TXE);
3681:Drivers/STM32L4xx_HAL_Driver/Src/stm32l4xx_hal_spi.c **** 
3682:Drivers/STM32L4xx_HAL_Driver/Src/stm32l4xx_hal_spi.c ****     if (hspi->RxXferCount == 0U)
3683:Drivers/STM32L4xx_HAL_Driver/Src/stm32l4xx_hal_spi.c ****     {
3684:Drivers/STM32L4xx_HAL_Driver/Src/stm32l4xx_hal_spi.c ****       SPI_CloseRxTx_ISR(hspi);
3685:Drivers/STM32L4xx_HAL_Driver/Src/stm32l4xx_hal_spi.c ****     }
3686:Drivers/STM32L4xx_HAL_Driver/Src/stm32l4xx_hal_spi.c ****   }
3687:Drivers/STM32L4xx_HAL_Driver/Src/stm32l4xx_hal_spi.c **** }
3688:Drivers/STM32L4xx_HAL_Driver/Src/stm32l4xx_hal_spi.c **** 
3689:Drivers/STM32L4xx_HAL_Driver/Src/stm32l4xx_hal_spi.c **** /**
3690:Drivers/STM32L4xx_HAL_Driver/Src/stm32l4xx_hal_spi.c ****   * @brief  Rx 16-bit handler for Transmit and Receive in Interrupt mode.
3691:Drivers/STM32L4xx_HAL_Driver/Src/stm32l4xx_hal_spi.c ****   * @param  hspi pointer to a SPI_HandleTypeDef structure that contains
3692:Drivers/STM32L4xx_HAL_Driver/Src/stm32l4xx_hal_spi.c ****   *               the configuration information for SPI module.
3693:Drivers/STM32L4xx_HAL_Driver/Src/stm32l4xx_hal_spi.c ****   * @retval None
3694:Drivers/STM32L4xx_HAL_Driver/Src/stm32l4xx_hal_spi.c ****   */
3695:Drivers/STM32L4xx_HAL_Driver/Src/stm32l4xx_hal_spi.c **** static void SPI_2linesRxISR_16BIT(struct __SPI_HandleTypeDef *hspi)
3696:Drivers/STM32L4xx_HAL_Driver/Src/stm32l4xx_hal_spi.c **** {
3697:Drivers/STM32L4xx_HAL_Driver/Src/stm32l4xx_hal_spi.c ****   /* Receive data in 16 Bit mode */
3698:Drivers/STM32L4xx_HAL_Driver/Src/stm32l4xx_hal_spi.c ****   *((uint16_t *)hspi->pRxBuffPtr) = (uint16_t)(hspi->Instance->DR);
3699:Drivers/STM32L4xx_HAL_Driver/Src/stm32l4xx_hal_spi.c ****   hspi->pRxBuffPtr += sizeof(uint16_t);
3700:Drivers/STM32L4xx_HAL_Driver/Src/stm32l4xx_hal_spi.c ****   hspi->RxXferCount--;
3701:Drivers/STM32L4xx_HAL_Driver/Src/stm32l4xx_hal_spi.c **** 
3702:Drivers/STM32L4xx_HAL_Driver/Src/stm32l4xx_hal_spi.c ****   if (hspi->RxXferCount == 0U)
3703:Drivers/STM32L4xx_HAL_Driver/Src/stm32l4xx_hal_spi.c ****   {
3704:Drivers/STM32L4xx_HAL_Driver/Src/stm32l4xx_hal_spi.c **** #if (USE_SPI_CRC != 0U)
3705:Drivers/STM32L4xx_HAL_Driver/Src/stm32l4xx_hal_spi.c ****     if (hspi->Init.CRCCalculation == SPI_CRCCALCULATION_ENABLE)
3706:Drivers/STM32L4xx_HAL_Driver/Src/stm32l4xx_hal_spi.c ****     {
3707:Drivers/STM32L4xx_HAL_Driver/Src/stm32l4xx_hal_spi.c ****       hspi->RxISR =  SPI_2linesRxISR_16BITCRC;
3708:Drivers/STM32L4xx_HAL_Driver/Src/stm32l4xx_hal_spi.c ****       return;
3709:Drivers/STM32L4xx_HAL_Driver/Src/stm32l4xx_hal_spi.c ****     }
3710:Drivers/STM32L4xx_HAL_Driver/Src/stm32l4xx_hal_spi.c **** #endif /* USE_SPI_CRC */
3711:Drivers/STM32L4xx_HAL_Driver/Src/stm32l4xx_hal_spi.c **** 
3712:Drivers/STM32L4xx_HAL_Driver/Src/stm32l4xx_hal_spi.c ****     /* Disable RXNE interrupt */
3713:Drivers/STM32L4xx_HAL_Driver/Src/stm32l4xx_hal_spi.c ****     __HAL_SPI_DISABLE_IT(hspi, SPI_IT_RXNE);
3714:Drivers/STM32L4xx_HAL_Driver/Src/stm32l4xx_hal_spi.c **** 
3715:Drivers/STM32L4xx_HAL_Driver/Src/stm32l4xx_hal_spi.c ****     if (hspi->TxXferCount == 0U)
3716:Drivers/STM32L4xx_HAL_Driver/Src/stm32l4xx_hal_spi.c ****     {
3717:Drivers/STM32L4xx_HAL_Driver/Src/stm32l4xx_hal_spi.c ****       SPI_CloseRxTx_ISR(hspi);
3718:Drivers/STM32L4xx_HAL_Driver/Src/stm32l4xx_hal_spi.c ****     }
3719:Drivers/STM32L4xx_HAL_Driver/Src/stm32l4xx_hal_spi.c ****   }
3720:Drivers/STM32L4xx_HAL_Driver/Src/stm32l4xx_hal_spi.c **** }
3721:Drivers/STM32L4xx_HAL_Driver/Src/stm32l4xx_hal_spi.c **** 
3722:Drivers/STM32L4xx_HAL_Driver/Src/stm32l4xx_hal_spi.c **** #if (USE_SPI_CRC != 0U)
3723:Drivers/STM32L4xx_HAL_Driver/Src/stm32l4xx_hal_spi.c **** /**
3724:Drivers/STM32L4xx_HAL_Driver/Src/stm32l4xx_hal_spi.c ****   * @brief  Manage the CRC 16-bit receive for Transmit and Receive in Interrupt mode.
3725:Drivers/STM32L4xx_HAL_Driver/Src/stm32l4xx_hal_spi.c ****   * @param  hspi pointer to a SPI_HandleTypeDef structure that contains
3726:Drivers/STM32L4xx_HAL_Driver/Src/stm32l4xx_hal_spi.c ****   *               the configuration information for SPI module.
3727:Drivers/STM32L4xx_HAL_Driver/Src/stm32l4xx_hal_spi.c ****   * @retval None
3728:Drivers/STM32L4xx_HAL_Driver/Src/stm32l4xx_hal_spi.c ****   */
3729:Drivers/STM32L4xx_HAL_Driver/Src/stm32l4xx_hal_spi.c **** static void SPI_2linesRxISR_16BITCRC(struct __SPI_HandleTypeDef *hspi)
3730:Drivers/STM32L4xx_HAL_Driver/Src/stm32l4xx_hal_spi.c **** {
3731:Drivers/STM32L4xx_HAL_Driver/Src/stm32l4xx_hal_spi.c ****   __IO uint32_t tmpreg = 0U;
3732:Drivers/STM32L4xx_HAL_Driver/Src/stm32l4xx_hal_spi.c **** 
3733:Drivers/STM32L4xx_HAL_Driver/Src/stm32l4xx_hal_spi.c ****   /* Read 16bit CRC to flush Data Register */
3734:Drivers/STM32L4xx_HAL_Driver/Src/stm32l4xx_hal_spi.c ****   tmpreg = READ_REG(hspi->Instance->DR);
3735:Drivers/STM32L4xx_HAL_Driver/Src/stm32l4xx_hal_spi.c ****   /* To avoid GCC warning */
ARM GAS  /tmp/ccEksN7Z.s 			page 67


3736:Drivers/STM32L4xx_HAL_Driver/Src/stm32l4xx_hal_spi.c ****   UNUSED(tmpreg);
3737:Drivers/STM32L4xx_HAL_Driver/Src/stm32l4xx_hal_spi.c **** 
3738:Drivers/STM32L4xx_HAL_Driver/Src/stm32l4xx_hal_spi.c ****   /* Disable RXNE interrupt */
3739:Drivers/STM32L4xx_HAL_Driver/Src/stm32l4xx_hal_spi.c ****   __HAL_SPI_DISABLE_IT(hspi, SPI_IT_RXNE);
3740:Drivers/STM32L4xx_HAL_Driver/Src/stm32l4xx_hal_spi.c **** 
3741:Drivers/STM32L4xx_HAL_Driver/Src/stm32l4xx_hal_spi.c ****   SPI_CloseRxTx_ISR(hspi);
3742:Drivers/STM32L4xx_HAL_Driver/Src/stm32l4xx_hal_spi.c **** }
3743:Drivers/STM32L4xx_HAL_Driver/Src/stm32l4xx_hal_spi.c **** #endif /* USE_SPI_CRC */
3744:Drivers/STM32L4xx_HAL_Driver/Src/stm32l4xx_hal_spi.c **** 
3745:Drivers/STM32L4xx_HAL_Driver/Src/stm32l4xx_hal_spi.c **** /**
3746:Drivers/STM32L4xx_HAL_Driver/Src/stm32l4xx_hal_spi.c ****   * @brief  Tx 16-bit handler for Transmit and Receive in Interrupt mode.
3747:Drivers/STM32L4xx_HAL_Driver/Src/stm32l4xx_hal_spi.c ****   * @param  hspi pointer to a SPI_HandleTypeDef structure that contains
3748:Drivers/STM32L4xx_HAL_Driver/Src/stm32l4xx_hal_spi.c ****   *               the configuration information for SPI module.
3749:Drivers/STM32L4xx_HAL_Driver/Src/stm32l4xx_hal_spi.c ****   * @retval None
3750:Drivers/STM32L4xx_HAL_Driver/Src/stm32l4xx_hal_spi.c ****   */
3751:Drivers/STM32L4xx_HAL_Driver/Src/stm32l4xx_hal_spi.c **** static void SPI_2linesTxISR_16BIT(struct __SPI_HandleTypeDef *hspi)
3752:Drivers/STM32L4xx_HAL_Driver/Src/stm32l4xx_hal_spi.c **** {
3753:Drivers/STM32L4xx_HAL_Driver/Src/stm32l4xx_hal_spi.c ****   /* Transmit data in 16 Bit mode */
3754:Drivers/STM32L4xx_HAL_Driver/Src/stm32l4xx_hal_spi.c ****   hspi->Instance->DR = *((uint16_t *)hspi->pTxBuffPtr);
3755:Drivers/STM32L4xx_HAL_Driver/Src/stm32l4xx_hal_spi.c ****   hspi->pTxBuffPtr += sizeof(uint16_t);
3756:Drivers/STM32L4xx_HAL_Driver/Src/stm32l4xx_hal_spi.c ****   hspi->TxXferCount--;
3757:Drivers/STM32L4xx_HAL_Driver/Src/stm32l4xx_hal_spi.c **** 
3758:Drivers/STM32L4xx_HAL_Driver/Src/stm32l4xx_hal_spi.c ****   /* Enable CRC Transmission */
3759:Drivers/STM32L4xx_HAL_Driver/Src/stm32l4xx_hal_spi.c ****   if (hspi->TxXferCount == 0U)
3760:Drivers/STM32L4xx_HAL_Driver/Src/stm32l4xx_hal_spi.c ****   {
3761:Drivers/STM32L4xx_HAL_Driver/Src/stm32l4xx_hal_spi.c **** #if (USE_SPI_CRC != 0U)
3762:Drivers/STM32L4xx_HAL_Driver/Src/stm32l4xx_hal_spi.c ****     if (hspi->Init.CRCCalculation == SPI_CRCCALCULATION_ENABLE)
3763:Drivers/STM32L4xx_HAL_Driver/Src/stm32l4xx_hal_spi.c ****     {
3764:Drivers/STM32L4xx_HAL_Driver/Src/stm32l4xx_hal_spi.c ****       /* Set CRC Next Bit to send CRC */
3765:Drivers/STM32L4xx_HAL_Driver/Src/stm32l4xx_hal_spi.c ****       SET_BIT(hspi->Instance->CR1, SPI_CR1_CRCNEXT);
3766:Drivers/STM32L4xx_HAL_Driver/Src/stm32l4xx_hal_spi.c ****       /* Disable TXE interrupt */
3767:Drivers/STM32L4xx_HAL_Driver/Src/stm32l4xx_hal_spi.c ****       __HAL_SPI_DISABLE_IT(hspi, SPI_IT_TXE);
3768:Drivers/STM32L4xx_HAL_Driver/Src/stm32l4xx_hal_spi.c ****       return;
3769:Drivers/STM32L4xx_HAL_Driver/Src/stm32l4xx_hal_spi.c ****     }
3770:Drivers/STM32L4xx_HAL_Driver/Src/stm32l4xx_hal_spi.c **** #endif /* USE_SPI_CRC */
3771:Drivers/STM32L4xx_HAL_Driver/Src/stm32l4xx_hal_spi.c **** 
3772:Drivers/STM32L4xx_HAL_Driver/Src/stm32l4xx_hal_spi.c ****     /* Disable TXE interrupt */
3773:Drivers/STM32L4xx_HAL_Driver/Src/stm32l4xx_hal_spi.c ****     __HAL_SPI_DISABLE_IT(hspi, SPI_IT_TXE);
3774:Drivers/STM32L4xx_HAL_Driver/Src/stm32l4xx_hal_spi.c **** 
3775:Drivers/STM32L4xx_HAL_Driver/Src/stm32l4xx_hal_spi.c ****     if (hspi->RxXferCount == 0U)
3776:Drivers/STM32L4xx_HAL_Driver/Src/stm32l4xx_hal_spi.c ****     {
3777:Drivers/STM32L4xx_HAL_Driver/Src/stm32l4xx_hal_spi.c ****       SPI_CloseRxTx_ISR(hspi);
3778:Drivers/STM32L4xx_HAL_Driver/Src/stm32l4xx_hal_spi.c ****     }
3779:Drivers/STM32L4xx_HAL_Driver/Src/stm32l4xx_hal_spi.c ****   }
3780:Drivers/STM32L4xx_HAL_Driver/Src/stm32l4xx_hal_spi.c **** }
3781:Drivers/STM32L4xx_HAL_Driver/Src/stm32l4xx_hal_spi.c **** 
3782:Drivers/STM32L4xx_HAL_Driver/Src/stm32l4xx_hal_spi.c **** #if (USE_SPI_CRC != 0U)
3783:Drivers/STM32L4xx_HAL_Driver/Src/stm32l4xx_hal_spi.c **** /**
3784:Drivers/STM32L4xx_HAL_Driver/Src/stm32l4xx_hal_spi.c ****   * @brief  Manage the CRC 8-bit receive in Interrupt context.
3785:Drivers/STM32L4xx_HAL_Driver/Src/stm32l4xx_hal_spi.c ****   * @param  hspi pointer to a SPI_HandleTypeDef structure that contains
3786:Drivers/STM32L4xx_HAL_Driver/Src/stm32l4xx_hal_spi.c ****   *               the configuration information for SPI module.
3787:Drivers/STM32L4xx_HAL_Driver/Src/stm32l4xx_hal_spi.c ****   * @retval None
3788:Drivers/STM32L4xx_HAL_Driver/Src/stm32l4xx_hal_spi.c ****   */
3789:Drivers/STM32L4xx_HAL_Driver/Src/stm32l4xx_hal_spi.c **** static void SPI_RxISR_8BITCRC(struct __SPI_HandleTypeDef *hspi)
3790:Drivers/STM32L4xx_HAL_Driver/Src/stm32l4xx_hal_spi.c **** {
3791:Drivers/STM32L4xx_HAL_Driver/Src/stm32l4xx_hal_spi.c ****   __IO uint8_t  *ptmpreg8;
3792:Drivers/STM32L4xx_HAL_Driver/Src/stm32l4xx_hal_spi.c ****   __IO uint8_t  tmpreg8 = 0;
ARM GAS  /tmp/ccEksN7Z.s 			page 68


3793:Drivers/STM32L4xx_HAL_Driver/Src/stm32l4xx_hal_spi.c **** 
3794:Drivers/STM32L4xx_HAL_Driver/Src/stm32l4xx_hal_spi.c ****   /* Initialize the 8bit temporary pointer */
3795:Drivers/STM32L4xx_HAL_Driver/Src/stm32l4xx_hal_spi.c ****   ptmpreg8 = (__IO uint8_t *)&hspi->Instance->DR;
3796:Drivers/STM32L4xx_HAL_Driver/Src/stm32l4xx_hal_spi.c ****   /* Read 8bit CRC to flush Data Register */
3797:Drivers/STM32L4xx_HAL_Driver/Src/stm32l4xx_hal_spi.c ****   tmpreg8 = *ptmpreg8;
3798:Drivers/STM32L4xx_HAL_Driver/Src/stm32l4xx_hal_spi.c ****   /* To avoid GCC warning */
3799:Drivers/STM32L4xx_HAL_Driver/Src/stm32l4xx_hal_spi.c ****   UNUSED(tmpreg8);
3800:Drivers/STM32L4xx_HAL_Driver/Src/stm32l4xx_hal_spi.c **** 
3801:Drivers/STM32L4xx_HAL_Driver/Src/stm32l4xx_hal_spi.c ****   hspi->CRCSize--;
3802:Drivers/STM32L4xx_HAL_Driver/Src/stm32l4xx_hal_spi.c **** 
3803:Drivers/STM32L4xx_HAL_Driver/Src/stm32l4xx_hal_spi.c ****   if (hspi->CRCSize == 0U)
3804:Drivers/STM32L4xx_HAL_Driver/Src/stm32l4xx_hal_spi.c ****   {
3805:Drivers/STM32L4xx_HAL_Driver/Src/stm32l4xx_hal_spi.c ****     SPI_CloseRx_ISR(hspi);
3806:Drivers/STM32L4xx_HAL_Driver/Src/stm32l4xx_hal_spi.c ****   }
3807:Drivers/STM32L4xx_HAL_Driver/Src/stm32l4xx_hal_spi.c **** }
3808:Drivers/STM32L4xx_HAL_Driver/Src/stm32l4xx_hal_spi.c **** #endif /* USE_SPI_CRC */
3809:Drivers/STM32L4xx_HAL_Driver/Src/stm32l4xx_hal_spi.c **** 
3810:Drivers/STM32L4xx_HAL_Driver/Src/stm32l4xx_hal_spi.c **** /**
3811:Drivers/STM32L4xx_HAL_Driver/Src/stm32l4xx_hal_spi.c ****   * @brief  Manage the receive 8-bit in Interrupt context.
3812:Drivers/STM32L4xx_HAL_Driver/Src/stm32l4xx_hal_spi.c ****   * @param  hspi pointer to a SPI_HandleTypeDef structure that contains
3813:Drivers/STM32L4xx_HAL_Driver/Src/stm32l4xx_hal_spi.c ****   *               the configuration information for SPI module.
3814:Drivers/STM32L4xx_HAL_Driver/Src/stm32l4xx_hal_spi.c ****   * @retval None
3815:Drivers/STM32L4xx_HAL_Driver/Src/stm32l4xx_hal_spi.c ****   */
3816:Drivers/STM32L4xx_HAL_Driver/Src/stm32l4xx_hal_spi.c **** static void SPI_RxISR_8BIT(struct __SPI_HandleTypeDef *hspi)
3817:Drivers/STM32L4xx_HAL_Driver/Src/stm32l4xx_hal_spi.c **** {
3818:Drivers/STM32L4xx_HAL_Driver/Src/stm32l4xx_hal_spi.c ****   *hspi->pRxBuffPtr = (*(__IO uint8_t *)&hspi->Instance->DR);
3819:Drivers/STM32L4xx_HAL_Driver/Src/stm32l4xx_hal_spi.c ****   hspi->pRxBuffPtr++;
3820:Drivers/STM32L4xx_HAL_Driver/Src/stm32l4xx_hal_spi.c ****   hspi->RxXferCount--;
3821:Drivers/STM32L4xx_HAL_Driver/Src/stm32l4xx_hal_spi.c **** 
3822:Drivers/STM32L4xx_HAL_Driver/Src/stm32l4xx_hal_spi.c **** #if (USE_SPI_CRC != 0U)
3823:Drivers/STM32L4xx_HAL_Driver/Src/stm32l4xx_hal_spi.c ****   /* Enable CRC Transmission */
3824:Drivers/STM32L4xx_HAL_Driver/Src/stm32l4xx_hal_spi.c ****   if ((hspi->RxXferCount == 1U) && (hspi->Init.CRCCalculation == SPI_CRCCALCULATION_ENABLE))
3825:Drivers/STM32L4xx_HAL_Driver/Src/stm32l4xx_hal_spi.c ****   {
3826:Drivers/STM32L4xx_HAL_Driver/Src/stm32l4xx_hal_spi.c ****     SET_BIT(hspi->Instance->CR1, SPI_CR1_CRCNEXT);
3827:Drivers/STM32L4xx_HAL_Driver/Src/stm32l4xx_hal_spi.c ****   }
3828:Drivers/STM32L4xx_HAL_Driver/Src/stm32l4xx_hal_spi.c **** #endif /* USE_SPI_CRC */
3829:Drivers/STM32L4xx_HAL_Driver/Src/stm32l4xx_hal_spi.c **** 
3830:Drivers/STM32L4xx_HAL_Driver/Src/stm32l4xx_hal_spi.c ****   if (hspi->RxXferCount == 0U)
3831:Drivers/STM32L4xx_HAL_Driver/Src/stm32l4xx_hal_spi.c ****   {
3832:Drivers/STM32L4xx_HAL_Driver/Src/stm32l4xx_hal_spi.c **** #if (USE_SPI_CRC != 0U)
3833:Drivers/STM32L4xx_HAL_Driver/Src/stm32l4xx_hal_spi.c ****     if (hspi->Init.CRCCalculation == SPI_CRCCALCULATION_ENABLE)
3834:Drivers/STM32L4xx_HAL_Driver/Src/stm32l4xx_hal_spi.c ****     {
3835:Drivers/STM32L4xx_HAL_Driver/Src/stm32l4xx_hal_spi.c ****       hspi->RxISR =  SPI_RxISR_8BITCRC;
3836:Drivers/STM32L4xx_HAL_Driver/Src/stm32l4xx_hal_spi.c ****       return;
3837:Drivers/STM32L4xx_HAL_Driver/Src/stm32l4xx_hal_spi.c ****     }
3838:Drivers/STM32L4xx_HAL_Driver/Src/stm32l4xx_hal_spi.c **** #endif /* USE_SPI_CRC */
3839:Drivers/STM32L4xx_HAL_Driver/Src/stm32l4xx_hal_spi.c ****     SPI_CloseRx_ISR(hspi);
3840:Drivers/STM32L4xx_HAL_Driver/Src/stm32l4xx_hal_spi.c ****   }
3841:Drivers/STM32L4xx_HAL_Driver/Src/stm32l4xx_hal_spi.c **** }
3842:Drivers/STM32L4xx_HAL_Driver/Src/stm32l4xx_hal_spi.c **** 
3843:Drivers/STM32L4xx_HAL_Driver/Src/stm32l4xx_hal_spi.c **** #if (USE_SPI_CRC != 0U)
3844:Drivers/STM32L4xx_HAL_Driver/Src/stm32l4xx_hal_spi.c **** /**
3845:Drivers/STM32L4xx_HAL_Driver/Src/stm32l4xx_hal_spi.c ****   * @brief  Manage the CRC 16-bit receive in Interrupt context.
3846:Drivers/STM32L4xx_HAL_Driver/Src/stm32l4xx_hal_spi.c ****   * @param  hspi pointer to a SPI_HandleTypeDef structure that contains
3847:Drivers/STM32L4xx_HAL_Driver/Src/stm32l4xx_hal_spi.c ****   *               the configuration information for SPI module.
3848:Drivers/STM32L4xx_HAL_Driver/Src/stm32l4xx_hal_spi.c ****   * @retval None
3849:Drivers/STM32L4xx_HAL_Driver/Src/stm32l4xx_hal_spi.c ****   */
ARM GAS  /tmp/ccEksN7Z.s 			page 69


3850:Drivers/STM32L4xx_HAL_Driver/Src/stm32l4xx_hal_spi.c **** static void SPI_RxISR_16BITCRC(struct __SPI_HandleTypeDef *hspi)
3851:Drivers/STM32L4xx_HAL_Driver/Src/stm32l4xx_hal_spi.c **** {
3852:Drivers/STM32L4xx_HAL_Driver/Src/stm32l4xx_hal_spi.c ****   __IO uint32_t tmpreg = 0U;
3853:Drivers/STM32L4xx_HAL_Driver/Src/stm32l4xx_hal_spi.c **** 
3854:Drivers/STM32L4xx_HAL_Driver/Src/stm32l4xx_hal_spi.c ****   /* Read 16bit CRC to flush Data Register */
3855:Drivers/STM32L4xx_HAL_Driver/Src/stm32l4xx_hal_spi.c ****   tmpreg = READ_REG(hspi->Instance->DR);
3856:Drivers/STM32L4xx_HAL_Driver/Src/stm32l4xx_hal_spi.c ****   /* To avoid GCC warning */
3857:Drivers/STM32L4xx_HAL_Driver/Src/stm32l4xx_hal_spi.c ****   UNUSED(tmpreg);
3858:Drivers/STM32L4xx_HAL_Driver/Src/stm32l4xx_hal_spi.c **** 
3859:Drivers/STM32L4xx_HAL_Driver/Src/stm32l4xx_hal_spi.c ****   /* Disable RXNE and ERR interrupt */
3860:Drivers/STM32L4xx_HAL_Driver/Src/stm32l4xx_hal_spi.c ****   __HAL_SPI_DISABLE_IT(hspi, (SPI_IT_RXNE | SPI_IT_ERR));
3861:Drivers/STM32L4xx_HAL_Driver/Src/stm32l4xx_hal_spi.c **** 
3862:Drivers/STM32L4xx_HAL_Driver/Src/stm32l4xx_hal_spi.c ****   SPI_CloseRx_ISR(hspi);
3863:Drivers/STM32L4xx_HAL_Driver/Src/stm32l4xx_hal_spi.c **** }
3864:Drivers/STM32L4xx_HAL_Driver/Src/stm32l4xx_hal_spi.c **** #endif /* USE_SPI_CRC */
3865:Drivers/STM32L4xx_HAL_Driver/Src/stm32l4xx_hal_spi.c **** 
3866:Drivers/STM32L4xx_HAL_Driver/Src/stm32l4xx_hal_spi.c **** /**
3867:Drivers/STM32L4xx_HAL_Driver/Src/stm32l4xx_hal_spi.c ****   * @brief  Manage the 16-bit receive in Interrupt context.
3868:Drivers/STM32L4xx_HAL_Driver/Src/stm32l4xx_hal_spi.c ****   * @param  hspi pointer to a SPI_HandleTypeDef structure that contains
3869:Drivers/STM32L4xx_HAL_Driver/Src/stm32l4xx_hal_spi.c ****   *               the configuration information for SPI module.
3870:Drivers/STM32L4xx_HAL_Driver/Src/stm32l4xx_hal_spi.c ****   * @retval None
3871:Drivers/STM32L4xx_HAL_Driver/Src/stm32l4xx_hal_spi.c ****   */
3872:Drivers/STM32L4xx_HAL_Driver/Src/stm32l4xx_hal_spi.c **** static void SPI_RxISR_16BIT(struct __SPI_HandleTypeDef *hspi)
3873:Drivers/STM32L4xx_HAL_Driver/Src/stm32l4xx_hal_spi.c **** {
3874:Drivers/STM32L4xx_HAL_Driver/Src/stm32l4xx_hal_spi.c ****   *((uint16_t *)hspi->pRxBuffPtr) = (uint16_t)(hspi->Instance->DR);
3875:Drivers/STM32L4xx_HAL_Driver/Src/stm32l4xx_hal_spi.c ****   hspi->pRxBuffPtr += sizeof(uint16_t);
3876:Drivers/STM32L4xx_HAL_Driver/Src/stm32l4xx_hal_spi.c ****   hspi->RxXferCount--;
3877:Drivers/STM32L4xx_HAL_Driver/Src/stm32l4xx_hal_spi.c **** 
3878:Drivers/STM32L4xx_HAL_Driver/Src/stm32l4xx_hal_spi.c **** #if (USE_SPI_CRC != 0U)
3879:Drivers/STM32L4xx_HAL_Driver/Src/stm32l4xx_hal_spi.c ****   /* Enable CRC Transmission */
3880:Drivers/STM32L4xx_HAL_Driver/Src/stm32l4xx_hal_spi.c ****   if ((hspi->RxXferCount == 1U) && (hspi->Init.CRCCalculation == SPI_CRCCALCULATION_ENABLE))
3881:Drivers/STM32L4xx_HAL_Driver/Src/stm32l4xx_hal_spi.c ****   {
3882:Drivers/STM32L4xx_HAL_Driver/Src/stm32l4xx_hal_spi.c ****     SET_BIT(hspi->Instance->CR1, SPI_CR1_CRCNEXT);
3883:Drivers/STM32L4xx_HAL_Driver/Src/stm32l4xx_hal_spi.c ****   }
3884:Drivers/STM32L4xx_HAL_Driver/Src/stm32l4xx_hal_spi.c **** #endif /* USE_SPI_CRC */
3885:Drivers/STM32L4xx_HAL_Driver/Src/stm32l4xx_hal_spi.c **** 
3886:Drivers/STM32L4xx_HAL_Driver/Src/stm32l4xx_hal_spi.c ****   if (hspi->RxXferCount == 0U)
3887:Drivers/STM32L4xx_HAL_Driver/Src/stm32l4xx_hal_spi.c ****   {
3888:Drivers/STM32L4xx_HAL_Driver/Src/stm32l4xx_hal_spi.c **** #if (USE_SPI_CRC != 0U)
3889:Drivers/STM32L4xx_HAL_Driver/Src/stm32l4xx_hal_spi.c ****     if (hspi->Init.CRCCalculation == SPI_CRCCALCULATION_ENABLE)
3890:Drivers/STM32L4xx_HAL_Driver/Src/stm32l4xx_hal_spi.c ****     {
3891:Drivers/STM32L4xx_HAL_Driver/Src/stm32l4xx_hal_spi.c ****       hspi->RxISR = SPI_RxISR_16BITCRC;
3892:Drivers/STM32L4xx_HAL_Driver/Src/stm32l4xx_hal_spi.c ****       return;
3893:Drivers/STM32L4xx_HAL_Driver/Src/stm32l4xx_hal_spi.c ****     }
3894:Drivers/STM32L4xx_HAL_Driver/Src/stm32l4xx_hal_spi.c **** #endif /* USE_SPI_CRC */
3895:Drivers/STM32L4xx_HAL_Driver/Src/stm32l4xx_hal_spi.c ****     SPI_CloseRx_ISR(hspi);
3896:Drivers/STM32L4xx_HAL_Driver/Src/stm32l4xx_hal_spi.c ****   }
3897:Drivers/STM32L4xx_HAL_Driver/Src/stm32l4xx_hal_spi.c **** }
3898:Drivers/STM32L4xx_HAL_Driver/Src/stm32l4xx_hal_spi.c **** 
3899:Drivers/STM32L4xx_HAL_Driver/Src/stm32l4xx_hal_spi.c **** /**
3900:Drivers/STM32L4xx_HAL_Driver/Src/stm32l4xx_hal_spi.c ****   * @brief  Handle the data 8-bit transmit in Interrupt mode.
3901:Drivers/STM32L4xx_HAL_Driver/Src/stm32l4xx_hal_spi.c ****   * @param  hspi pointer to a SPI_HandleTypeDef structure that contains
3902:Drivers/STM32L4xx_HAL_Driver/Src/stm32l4xx_hal_spi.c ****   *               the configuration information for SPI module.
3903:Drivers/STM32L4xx_HAL_Driver/Src/stm32l4xx_hal_spi.c ****   * @retval None
3904:Drivers/STM32L4xx_HAL_Driver/Src/stm32l4xx_hal_spi.c ****   */
3905:Drivers/STM32L4xx_HAL_Driver/Src/stm32l4xx_hal_spi.c **** static void SPI_TxISR_8BIT(struct __SPI_HandleTypeDef *hspi)
3906:Drivers/STM32L4xx_HAL_Driver/Src/stm32l4xx_hal_spi.c **** {
ARM GAS  /tmp/ccEksN7Z.s 			page 70


3907:Drivers/STM32L4xx_HAL_Driver/Src/stm32l4xx_hal_spi.c ****   *(__IO uint8_t *)&hspi->Instance->DR = (*hspi->pTxBuffPtr);
3908:Drivers/STM32L4xx_HAL_Driver/Src/stm32l4xx_hal_spi.c ****   hspi->pTxBuffPtr++;
3909:Drivers/STM32L4xx_HAL_Driver/Src/stm32l4xx_hal_spi.c ****   hspi->TxXferCount--;
3910:Drivers/STM32L4xx_HAL_Driver/Src/stm32l4xx_hal_spi.c **** 
3911:Drivers/STM32L4xx_HAL_Driver/Src/stm32l4xx_hal_spi.c ****   if (hspi->TxXferCount == 0U)
3912:Drivers/STM32L4xx_HAL_Driver/Src/stm32l4xx_hal_spi.c ****   {
3913:Drivers/STM32L4xx_HAL_Driver/Src/stm32l4xx_hal_spi.c **** #if (USE_SPI_CRC != 0U)
3914:Drivers/STM32L4xx_HAL_Driver/Src/stm32l4xx_hal_spi.c ****     if (hspi->Init.CRCCalculation == SPI_CRCCALCULATION_ENABLE)
3915:Drivers/STM32L4xx_HAL_Driver/Src/stm32l4xx_hal_spi.c ****     {
3916:Drivers/STM32L4xx_HAL_Driver/Src/stm32l4xx_hal_spi.c ****       /* Enable CRC Transmission */
3917:Drivers/STM32L4xx_HAL_Driver/Src/stm32l4xx_hal_spi.c ****       SET_BIT(hspi->Instance->CR1, SPI_CR1_CRCNEXT);
3918:Drivers/STM32L4xx_HAL_Driver/Src/stm32l4xx_hal_spi.c ****     }
3919:Drivers/STM32L4xx_HAL_Driver/Src/stm32l4xx_hal_spi.c **** #endif /* USE_SPI_CRC */
3920:Drivers/STM32L4xx_HAL_Driver/Src/stm32l4xx_hal_spi.c ****     SPI_CloseTx_ISR(hspi);
3921:Drivers/STM32L4xx_HAL_Driver/Src/stm32l4xx_hal_spi.c ****   }
3922:Drivers/STM32L4xx_HAL_Driver/Src/stm32l4xx_hal_spi.c **** }
3923:Drivers/STM32L4xx_HAL_Driver/Src/stm32l4xx_hal_spi.c **** 
3924:Drivers/STM32L4xx_HAL_Driver/Src/stm32l4xx_hal_spi.c **** /**
3925:Drivers/STM32L4xx_HAL_Driver/Src/stm32l4xx_hal_spi.c ****   * @brief  Handle the data 16-bit transmit in Interrupt mode.
3926:Drivers/STM32L4xx_HAL_Driver/Src/stm32l4xx_hal_spi.c ****   * @param  hspi pointer to a SPI_HandleTypeDef structure that contains
3927:Drivers/STM32L4xx_HAL_Driver/Src/stm32l4xx_hal_spi.c ****   *               the configuration information for SPI module.
3928:Drivers/STM32L4xx_HAL_Driver/Src/stm32l4xx_hal_spi.c ****   * @retval None
3929:Drivers/STM32L4xx_HAL_Driver/Src/stm32l4xx_hal_spi.c ****   */
3930:Drivers/STM32L4xx_HAL_Driver/Src/stm32l4xx_hal_spi.c **** static void SPI_TxISR_16BIT(struct __SPI_HandleTypeDef *hspi)
3931:Drivers/STM32L4xx_HAL_Driver/Src/stm32l4xx_hal_spi.c **** {
3932:Drivers/STM32L4xx_HAL_Driver/Src/stm32l4xx_hal_spi.c ****   /* Transmit data in 16 Bit mode */
3933:Drivers/STM32L4xx_HAL_Driver/Src/stm32l4xx_hal_spi.c ****   hspi->Instance->DR = *((uint16_t *)hspi->pTxBuffPtr);
3934:Drivers/STM32L4xx_HAL_Driver/Src/stm32l4xx_hal_spi.c ****   hspi->pTxBuffPtr += sizeof(uint16_t);
3935:Drivers/STM32L4xx_HAL_Driver/Src/stm32l4xx_hal_spi.c ****   hspi->TxXferCount--;
3936:Drivers/STM32L4xx_HAL_Driver/Src/stm32l4xx_hal_spi.c **** 
3937:Drivers/STM32L4xx_HAL_Driver/Src/stm32l4xx_hal_spi.c ****   if (hspi->TxXferCount == 0U)
3938:Drivers/STM32L4xx_HAL_Driver/Src/stm32l4xx_hal_spi.c ****   {
3939:Drivers/STM32L4xx_HAL_Driver/Src/stm32l4xx_hal_spi.c **** #if (USE_SPI_CRC != 0U)
3940:Drivers/STM32L4xx_HAL_Driver/Src/stm32l4xx_hal_spi.c ****     if (hspi->Init.CRCCalculation == SPI_CRCCALCULATION_ENABLE)
3941:Drivers/STM32L4xx_HAL_Driver/Src/stm32l4xx_hal_spi.c ****     {
3942:Drivers/STM32L4xx_HAL_Driver/Src/stm32l4xx_hal_spi.c ****       /* Enable CRC Transmission */
3943:Drivers/STM32L4xx_HAL_Driver/Src/stm32l4xx_hal_spi.c ****       SET_BIT(hspi->Instance->CR1, SPI_CR1_CRCNEXT);
3944:Drivers/STM32L4xx_HAL_Driver/Src/stm32l4xx_hal_spi.c ****     }
3945:Drivers/STM32L4xx_HAL_Driver/Src/stm32l4xx_hal_spi.c **** #endif /* USE_SPI_CRC */
3946:Drivers/STM32L4xx_HAL_Driver/Src/stm32l4xx_hal_spi.c ****     SPI_CloseTx_ISR(hspi);
3947:Drivers/STM32L4xx_HAL_Driver/Src/stm32l4xx_hal_spi.c ****   }
3948:Drivers/STM32L4xx_HAL_Driver/Src/stm32l4xx_hal_spi.c **** }
3949:Drivers/STM32L4xx_HAL_Driver/Src/stm32l4xx_hal_spi.c **** 
3950:Drivers/STM32L4xx_HAL_Driver/Src/stm32l4xx_hal_spi.c **** /**
3951:Drivers/STM32L4xx_HAL_Driver/Src/stm32l4xx_hal_spi.c ****   * @brief  Handle SPI Communication Timeout.
3952:Drivers/STM32L4xx_HAL_Driver/Src/stm32l4xx_hal_spi.c ****   * @param  hspi pointer to a SPI_HandleTypeDef structure that contains
3953:Drivers/STM32L4xx_HAL_Driver/Src/stm32l4xx_hal_spi.c ****   *              the configuration information for SPI module.
3954:Drivers/STM32L4xx_HAL_Driver/Src/stm32l4xx_hal_spi.c ****   * @param  Flag SPI flag to check
3955:Drivers/STM32L4xx_HAL_Driver/Src/stm32l4xx_hal_spi.c ****   * @param  State flag state to check
3956:Drivers/STM32L4xx_HAL_Driver/Src/stm32l4xx_hal_spi.c ****   * @param  Timeout Timeout duration
3957:Drivers/STM32L4xx_HAL_Driver/Src/stm32l4xx_hal_spi.c ****   * @param  Tickstart tick start value
3958:Drivers/STM32L4xx_HAL_Driver/Src/stm32l4xx_hal_spi.c ****   * @retval HAL status
3959:Drivers/STM32L4xx_HAL_Driver/Src/stm32l4xx_hal_spi.c ****   */
3960:Drivers/STM32L4xx_HAL_Driver/Src/stm32l4xx_hal_spi.c **** static HAL_StatusTypeDef SPI_WaitFlagStateUntilTimeout(SPI_HandleTypeDef *hspi, uint32_t Flag, Flag
3961:Drivers/STM32L4xx_HAL_Driver/Src/stm32l4xx_hal_spi.c ****                                                        uint32_t Timeout, uint32_t Tickstart)
3962:Drivers/STM32L4xx_HAL_Driver/Src/stm32l4xx_hal_spi.c **** {
  29              		.loc 1 3962 1 view -0
ARM GAS  /tmp/ccEksN7Z.s 			page 71


  30              		.cfi_startproc
  31              		@ args = 4, pretend = 0, frame = 8
  32              		@ frame_needed = 0, uses_anonymous_args = 0
  33              		.loc 1 3962 1 is_stmt 0 view .LVU1
  34 0000 2DE9F047 		push	{r4, r5, r6, r7, r8, r9, r10, lr}
  35              		.cfi_def_cfa_offset 32
  36              		.cfi_offset 4, -32
  37              		.cfi_offset 5, -28
  38              		.cfi_offset 6, -24
  39              		.cfi_offset 7, -20
  40              		.cfi_offset 8, -16
  41              		.cfi_offset 9, -12
  42              		.cfi_offset 10, -8
  43              		.cfi_offset 14, -4
  44 0004 82B0     		sub	sp, sp, #8
  45              		.cfi_def_cfa_offset 40
  46 0006 0546     		mov	r5, r0
  47 0008 8846     		mov	r8, r1
  48 000a 1746     		mov	r7, r2
  49 000c 1E46     		mov	r6, r3
3963:Drivers/STM32L4xx_HAL_Driver/Src/stm32l4xx_hal_spi.c ****   __IO uint32_t count;
  50              		.loc 1 3963 3 is_stmt 1 view .LVU2
3964:Drivers/STM32L4xx_HAL_Driver/Src/stm32l4xx_hal_spi.c ****   uint32_t tmp_timeout;
  51              		.loc 1 3964 3 view .LVU3
3965:Drivers/STM32L4xx_HAL_Driver/Src/stm32l4xx_hal_spi.c ****   uint32_t tmp_tickstart;
  52              		.loc 1 3965 3 view .LVU4
3966:Drivers/STM32L4xx_HAL_Driver/Src/stm32l4xx_hal_spi.c **** 
3967:Drivers/STM32L4xx_HAL_Driver/Src/stm32l4xx_hal_spi.c ****   /* Adjust Timeout value  in case of end of transfer */
3968:Drivers/STM32L4xx_HAL_Driver/Src/stm32l4xx_hal_spi.c ****   tmp_timeout   = Timeout - (HAL_GetTick() - Tickstart);
  53              		.loc 1 3968 3 view .LVU5
  54              		.loc 1 3968 30 is_stmt 0 view .LVU6
  55 000e FFF7FEFF 		bl	HAL_GetTick
  56              	.LVL1:
  57              		.loc 1 3968 44 discriminator 1 view .LVU7
  58 0012 0A9B     		ldr	r3, [sp, #40]
  59 0014 1B1A     		subs	r3, r3, r0
  60              		.loc 1 3968 17 discriminator 1 view .LVU8
  61 0016 03EB0609 		add	r9, r3, r6
  62              	.LVL2:
3969:Drivers/STM32L4xx_HAL_Driver/Src/stm32l4xx_hal_spi.c ****   tmp_tickstart = HAL_GetTick();
  63              		.loc 1 3969 3 is_stmt 1 view .LVU9
  64              		.loc 1 3969 19 is_stmt 0 view .LVU10
  65 001a FFF7FEFF 		bl	HAL_GetTick
  66              	.LVL3:
  67 001e 8246     		mov	r10, r0
  68              	.LVL4:
3970:Drivers/STM32L4xx_HAL_Driver/Src/stm32l4xx_hal_spi.c **** 
3971:Drivers/STM32L4xx_HAL_Driver/Src/stm32l4xx_hal_spi.c ****   /* Calculate Timeout based on a software loop to avoid blocking issue if Systick is disabled */
3972:Drivers/STM32L4xx_HAL_Driver/Src/stm32l4xx_hal_spi.c ****   count = tmp_timeout * ((SystemCoreClock * 32U) >> 20U);
  69              		.loc 1 3972 3 is_stmt 1 view .LVU11
  70              		.loc 1 3972 43 is_stmt 0 view .LVU12
  71 0020 284B     		ldr	r3, .L16
  72 0022 1B68     		ldr	r3, [r3]
  73              		.loc 1 3972 50 view .LVU13
  74 0024 C3F3CB33 		ubfx	r3, r3, #15, #12
  75              		.loc 1 3972 23 view .LVU14
  76 0028 09FB03F3 		mul	r3, r9, r3
ARM GAS  /tmp/ccEksN7Z.s 			page 72


  77              		.loc 1 3972 9 view .LVU15
  78 002c 0193     		str	r3, [sp, #4]
3973:Drivers/STM32L4xx_HAL_Driver/Src/stm32l4xx_hal_spi.c **** 
3974:Drivers/STM32L4xx_HAL_Driver/Src/stm32l4xx_hal_spi.c ****   while ((__HAL_SPI_GET_FLAG(hspi, Flag) ? SET : RESET) != State)
  79              		.loc 1 3974 3 is_stmt 1 view .LVU16
  80              	.LVL5:
  81              	.L3:
  82              		.loc 1 3974 57 view .LVU17
  83              		.loc 1 3974 11 is_stmt 0 view .LVU18
  84 002e 2B68     		ldr	r3, [r5]
  85 0030 9C68     		ldr	r4, [r3, #8]
  86              		.loc 1 3974 48 view .LVU19
  87 0032 38EA0404 		bics	r4, r8, r4
  88 0036 0CBF     		ite	eq
  89 0038 0123     		moveq	r3, #1
  90 003a 0023     		movne	r3, #0
  91              		.loc 1 3974 57 view .LVU20
  92 003c BB42     		cmp	r3, r7
  93 003e 3DD0     		beq	.L12
3975:Drivers/STM32L4xx_HAL_Driver/Src/stm32l4xx_hal_spi.c ****   {
3976:Drivers/STM32L4xx_HAL_Driver/Src/stm32l4xx_hal_spi.c ****     if (Timeout != HAL_MAX_DELAY)
  94              		.loc 1 3976 5 is_stmt 1 view .LVU21
  95              		.loc 1 3976 8 is_stmt 0 view .LVU22
  96 0040 B6F1FF3F 		cmp	r6, #-1
  97 0044 F3D0     		beq	.L3
3977:Drivers/STM32L4xx_HAL_Driver/Src/stm32l4xx_hal_spi.c ****     {
3978:Drivers/STM32L4xx_HAL_Driver/Src/stm32l4xx_hal_spi.c ****       if (((HAL_GetTick() - tmp_tickstart) >= tmp_timeout) || (tmp_timeout == 0U))
  98              		.loc 1 3978 7 is_stmt 1 view .LVU23
  99              		.loc 1 3978 13 is_stmt 0 view .LVU24
 100 0046 FFF7FEFF 		bl	HAL_GetTick
 101              	.LVL6:
 102              		.loc 1 3978 27 discriminator 1 view .LVU25
 103 004a A0EB0A00 		sub	r0, r0, r10
 104              		.loc 1 3978 10 discriminator 1 view .LVU26
 105 004e 4845     		cmp	r0, r9
 106 0050 07D2     		bcs	.L13
3979:Drivers/STM32L4xx_HAL_Driver/Src/stm32l4xx_hal_spi.c ****       {
3980:Drivers/STM32L4xx_HAL_Driver/Src/stm32l4xx_hal_spi.c ****         /* Disable the SPI and reset the CRC: the CRC value should be cleared
3981:Drivers/STM32L4xx_HAL_Driver/Src/stm32l4xx_hal_spi.c ****            on both master and slave sides in order to resynchronize the master
3982:Drivers/STM32L4xx_HAL_Driver/Src/stm32l4xx_hal_spi.c ****            and slave for their respective CRC calculation */
3983:Drivers/STM32L4xx_HAL_Driver/Src/stm32l4xx_hal_spi.c **** 
3984:Drivers/STM32L4xx_HAL_Driver/Src/stm32l4xx_hal_spi.c ****         /* Disable TXE, RXNE and ERR interrupts for the interrupt process */
3985:Drivers/STM32L4xx_HAL_Driver/Src/stm32l4xx_hal_spi.c ****         __HAL_SPI_DISABLE_IT(hspi, (SPI_IT_TXE | SPI_IT_RXNE | SPI_IT_ERR));
3986:Drivers/STM32L4xx_HAL_Driver/Src/stm32l4xx_hal_spi.c **** 
3987:Drivers/STM32L4xx_HAL_Driver/Src/stm32l4xx_hal_spi.c ****         if ((hspi->Init.Mode == SPI_MODE_MASTER) && ((hspi->Init.Direction == SPI_DIRECTION_1LINE)
3988:Drivers/STM32L4xx_HAL_Driver/Src/stm32l4xx_hal_spi.c ****                                                      || (hspi->Init.Direction == SPI_DIRECTION_2LIN
3989:Drivers/STM32L4xx_HAL_Driver/Src/stm32l4xx_hal_spi.c ****         {
3990:Drivers/STM32L4xx_HAL_Driver/Src/stm32l4xx_hal_spi.c ****           /* Disable SPI peripheral */
3991:Drivers/STM32L4xx_HAL_Driver/Src/stm32l4xx_hal_spi.c ****           __HAL_SPI_DISABLE(hspi);
3992:Drivers/STM32L4xx_HAL_Driver/Src/stm32l4xx_hal_spi.c ****         }
3993:Drivers/STM32L4xx_HAL_Driver/Src/stm32l4xx_hal_spi.c **** 
3994:Drivers/STM32L4xx_HAL_Driver/Src/stm32l4xx_hal_spi.c ****         /* Reset CRC Calculation */
3995:Drivers/STM32L4xx_HAL_Driver/Src/stm32l4xx_hal_spi.c ****         if (hspi->Init.CRCCalculation == SPI_CRCCALCULATION_ENABLE)
3996:Drivers/STM32L4xx_HAL_Driver/Src/stm32l4xx_hal_spi.c ****         {
3997:Drivers/STM32L4xx_HAL_Driver/Src/stm32l4xx_hal_spi.c ****           SPI_RESET_CRC(hspi);
3998:Drivers/STM32L4xx_HAL_Driver/Src/stm32l4xx_hal_spi.c ****         }
3999:Drivers/STM32L4xx_HAL_Driver/Src/stm32l4xx_hal_spi.c **** 
ARM GAS  /tmp/ccEksN7Z.s 			page 73


4000:Drivers/STM32L4xx_HAL_Driver/Src/stm32l4xx_hal_spi.c ****         hspi->State = HAL_SPI_STATE_READY;
4001:Drivers/STM32L4xx_HAL_Driver/Src/stm32l4xx_hal_spi.c **** 
4002:Drivers/STM32L4xx_HAL_Driver/Src/stm32l4xx_hal_spi.c ****         /* Process Unlocked */
4003:Drivers/STM32L4xx_HAL_Driver/Src/stm32l4xx_hal_spi.c ****         __HAL_UNLOCK(hspi);
4004:Drivers/STM32L4xx_HAL_Driver/Src/stm32l4xx_hal_spi.c **** 
4005:Drivers/STM32L4xx_HAL_Driver/Src/stm32l4xx_hal_spi.c ****         return HAL_TIMEOUT;
4006:Drivers/STM32L4xx_HAL_Driver/Src/stm32l4xx_hal_spi.c ****       }
4007:Drivers/STM32L4xx_HAL_Driver/Src/stm32l4xx_hal_spi.c ****       /* If Systick is disabled or not incremented, deactivate timeout to go in disable loop proced
4008:Drivers/STM32L4xx_HAL_Driver/Src/stm32l4xx_hal_spi.c ****       if (count == 0U)
 107              		.loc 1 4008 7 is_stmt 1 view .LVU27
 108              		.loc 1 4008 17 is_stmt 0 view .LVU28
 109 0052 019A     		ldr	r2, [sp, #4]
 110              		.loc 1 4008 10 view .LVU29
 111 0054 02B1     		cbz	r2, .L9
 112 0056 4A46     		mov	r2, r9
 113              	.L9:
 114              	.LVL7:
4009:Drivers/STM32L4xx_HAL_Driver/Src/stm32l4xx_hal_spi.c ****       {
4010:Drivers/STM32L4xx_HAL_Driver/Src/stm32l4xx_hal_spi.c ****         tmp_timeout = 0U;
4011:Drivers/STM32L4xx_HAL_Driver/Src/stm32l4xx_hal_spi.c ****       }
4012:Drivers/STM32L4xx_HAL_Driver/Src/stm32l4xx_hal_spi.c ****       count--;
 115              		.loc 1 4012 7 is_stmt 1 view .LVU30
 116              		.loc 1 4012 12 is_stmt 0 view .LVU31
 117 0058 019B     		ldr	r3, [sp, #4]
 118 005a 013B     		subs	r3, r3, #1
 119 005c 0193     		str	r3, [sp, #4]
 120 005e 9146     		mov	r9, r2
 121 0060 E5E7     		b	.L3
 122              	.LVL8:
 123              	.L13:
3985:Drivers/STM32L4xx_HAL_Driver/Src/stm32l4xx_hal_spi.c **** 
 124              		.loc 1 3985 9 is_stmt 1 view .LVU32
 125 0062 2A68     		ldr	r2, [r5]
 126 0064 5368     		ldr	r3, [r2, #4]
 127 0066 23F0E003 		bic	r3, r3, #224
 128 006a 5360     		str	r3, [r2, #4]
3987:Drivers/STM32L4xx_HAL_Driver/Src/stm32l4xx_hal_spi.c ****                                                      || (hspi->Init.Direction == SPI_DIRECTION_2LIN
 129              		.loc 1 3987 9 view .LVU33
3987:Drivers/STM32L4xx_HAL_Driver/Src/stm32l4xx_hal_spi.c ****                                                      || (hspi->Init.Direction == SPI_DIRECTION_2LIN
 130              		.loc 1 3987 24 is_stmt 0 view .LVU34
 131 006c 6B68     		ldr	r3, [r5, #4]
3987:Drivers/STM32L4xx_HAL_Driver/Src/stm32l4xx_hal_spi.c ****                                                      || (hspi->Init.Direction == SPI_DIRECTION_2LIN
 132              		.loc 1 3987 12 view .LVU35
 133 006e B3F5827F 		cmp	r3, #260
 134 0072 0BD0     		beq	.L14
 135              	.L5:
3995:Drivers/STM32L4xx_HAL_Driver/Src/stm32l4xx_hal_spi.c ****         {
 136              		.loc 1 3995 9 is_stmt 1 view .LVU36
3995:Drivers/STM32L4xx_HAL_Driver/Src/stm32l4xx_hal_spi.c ****         {
 137              		.loc 1 3995 23 is_stmt 0 view .LVU37
 138 0074 AB6A     		ldr	r3, [r5, #40]
3995:Drivers/STM32L4xx_HAL_Driver/Src/stm32l4xx_hal_spi.c ****         {
 139              		.loc 1 3995 12 view .LVU38
 140 0076 B3F5005F 		cmp	r3, #8192
 141 007a 14D0     		beq	.L15
 142              	.L7:
3997:Drivers/STM32L4xx_HAL_Driver/Src/stm32l4xx_hal_spi.c ****         }
ARM GAS  /tmp/ccEksN7Z.s 			page 74


 143              		.loc 1 3997 11 is_stmt 1 discriminator 1 view .LVU39
4000:Drivers/STM32L4xx_HAL_Driver/Src/stm32l4xx_hal_spi.c **** 
 144              		.loc 1 4000 9 view .LVU40
4000:Drivers/STM32L4xx_HAL_Driver/Src/stm32l4xx_hal_spi.c **** 
 145              		.loc 1 4000 21 is_stmt 0 view .LVU41
 146 007c 0123     		movs	r3, #1
 147 007e 85F85D30 		strb	r3, [r5, #93]
4003:Drivers/STM32L4xx_HAL_Driver/Src/stm32l4xx_hal_spi.c **** 
 148              		.loc 1 4003 9 is_stmt 1 view .LVU42
4003:Drivers/STM32L4xx_HAL_Driver/Src/stm32l4xx_hal_spi.c **** 
 149              		.loc 1 4003 9 view .LVU43
 150 0082 0023     		movs	r3, #0
 151 0084 85F85C30 		strb	r3, [r5, #92]
4003:Drivers/STM32L4xx_HAL_Driver/Src/stm32l4xx_hal_spi.c **** 
 152              		.loc 1 4003 9 view .LVU44
4005:Drivers/STM32L4xx_HAL_Driver/Src/stm32l4xx_hal_spi.c ****       }
 153              		.loc 1 4005 9 view .LVU45
4005:Drivers/STM32L4xx_HAL_Driver/Src/stm32l4xx_hal_spi.c ****       }
 154              		.loc 1 4005 16 is_stmt 0 view .LVU46
 155 0088 0320     		movs	r0, #3
 156 008a 18E0     		b	.L8
 157              	.L14:
3987:Drivers/STM32L4xx_HAL_Driver/Src/stm32l4xx_hal_spi.c ****                                                      || (hspi->Init.Direction == SPI_DIRECTION_2LIN
 158              		.loc 1 3987 65 discriminator 1 view .LVU47
 159 008c AB68     		ldr	r3, [r5, #8]
3987:Drivers/STM32L4xx_HAL_Driver/Src/stm32l4xx_hal_spi.c ****                                                      || (hspi->Init.Direction == SPI_DIRECTION_2LIN
 160              		.loc 1 3987 50 discriminator 1 view .LVU48
 161 008e B3F5004F 		cmp	r3, #32768
 162 0092 02D0     		beq	.L6
3988:Drivers/STM32L4xx_HAL_Driver/Src/stm32l4xx_hal_spi.c ****         {
 163              		.loc 1 3988 54 view .LVU49
 164 0094 B3F5806F 		cmp	r3, #1024
 165 0098 ECD1     		bne	.L5
 166              	.L6:
3991:Drivers/STM32L4xx_HAL_Driver/Src/stm32l4xx_hal_spi.c ****         }
 167              		.loc 1 3991 11 is_stmt 1 view .LVU50
 168 009a 2A68     		ldr	r2, [r5]
 169 009c 1368     		ldr	r3, [r2]
 170 009e 23F04003 		bic	r3, r3, #64
 171 00a2 1360     		str	r3, [r2]
 172 00a4 E6E7     		b	.L5
 173              	.L15:
3997:Drivers/STM32L4xx_HAL_Driver/Src/stm32l4xx_hal_spi.c ****         }
 174              		.loc 1 3997 11 view .LVU51
3997:Drivers/STM32L4xx_HAL_Driver/Src/stm32l4xx_hal_spi.c ****         }
 175              		.loc 1 3997 11 view .LVU52
 176 00a6 2A68     		ldr	r2, [r5]
 177 00a8 1368     		ldr	r3, [r2]
 178 00aa 23F40053 		bic	r3, r3, #8192
 179 00ae 1360     		str	r3, [r2]
3997:Drivers/STM32L4xx_HAL_Driver/Src/stm32l4xx_hal_spi.c ****         }
 180              		.loc 1 3997 11 view .LVU53
 181 00b0 2A68     		ldr	r2, [r5]
 182 00b2 1368     		ldr	r3, [r2]
 183 00b4 43F40053 		orr	r3, r3, #8192
 184 00b8 1360     		str	r3, [r2]
 185 00ba DFE7     		b	.L7
ARM GAS  /tmp/ccEksN7Z.s 			page 75


 186              	.L12:
4013:Drivers/STM32L4xx_HAL_Driver/Src/stm32l4xx_hal_spi.c ****     }
4014:Drivers/STM32L4xx_HAL_Driver/Src/stm32l4xx_hal_spi.c ****   }
4015:Drivers/STM32L4xx_HAL_Driver/Src/stm32l4xx_hal_spi.c **** 
4016:Drivers/STM32L4xx_HAL_Driver/Src/stm32l4xx_hal_spi.c ****   return HAL_OK;
 187              		.loc 1 4016 10 is_stmt 0 view .LVU54
 188 00bc 0020     		movs	r0, #0
 189              	.L8:
4017:Drivers/STM32L4xx_HAL_Driver/Src/stm32l4xx_hal_spi.c **** }
 190              		.loc 1 4017 1 view .LVU55
 191 00be 02B0     		add	sp, sp, #8
 192              		.cfi_def_cfa_offset 32
 193              		@ sp needed
 194 00c0 BDE8F087 		pop	{r4, r5, r6, r7, r8, r9, r10, pc}
 195              	.LVL9:
 196              	.L17:
 197              		.loc 1 4017 1 view .LVU56
 198              		.align	2
 199              	.L16:
 200 00c4 00000000 		.word	SystemCoreClock
 201              		.cfi_endproc
 202              	.LFE335:
 204              		.section	.text.SPI_WaitFifoStateUntilTimeout,"ax",%progbits
 205              		.align	1
 206              		.syntax unified
 207              		.thumb
 208              		.thumb_func
 210              	SPI_WaitFifoStateUntilTimeout:
 211              	.LVL10:
 212              	.LFB336:
4018:Drivers/STM32L4xx_HAL_Driver/Src/stm32l4xx_hal_spi.c **** 
4019:Drivers/STM32L4xx_HAL_Driver/Src/stm32l4xx_hal_spi.c **** /**
4020:Drivers/STM32L4xx_HAL_Driver/Src/stm32l4xx_hal_spi.c ****   * @brief  Handle SPI FIFO Communication Timeout.
4021:Drivers/STM32L4xx_HAL_Driver/Src/stm32l4xx_hal_spi.c ****   * @param  hspi pointer to a SPI_HandleTypeDef structure that contains
4022:Drivers/STM32L4xx_HAL_Driver/Src/stm32l4xx_hal_spi.c ****   *              the configuration information for SPI module.
4023:Drivers/STM32L4xx_HAL_Driver/Src/stm32l4xx_hal_spi.c ****   * @param  Fifo Fifo to check
4024:Drivers/STM32L4xx_HAL_Driver/Src/stm32l4xx_hal_spi.c ****   * @param  State Fifo state to check
4025:Drivers/STM32L4xx_HAL_Driver/Src/stm32l4xx_hal_spi.c ****   * @param  Timeout Timeout duration
4026:Drivers/STM32L4xx_HAL_Driver/Src/stm32l4xx_hal_spi.c ****   * @param  Tickstart tick start value
4027:Drivers/STM32L4xx_HAL_Driver/Src/stm32l4xx_hal_spi.c ****   * @retval HAL status
4028:Drivers/STM32L4xx_HAL_Driver/Src/stm32l4xx_hal_spi.c ****   */
4029:Drivers/STM32L4xx_HAL_Driver/Src/stm32l4xx_hal_spi.c **** static HAL_StatusTypeDef SPI_WaitFifoStateUntilTimeout(SPI_HandleTypeDef *hspi, uint32_t Fifo, uint
4030:Drivers/STM32L4xx_HAL_Driver/Src/stm32l4xx_hal_spi.c ****                                                        uint32_t Timeout, uint32_t Tickstart)
4031:Drivers/STM32L4xx_HAL_Driver/Src/stm32l4xx_hal_spi.c **** {
 213              		.loc 1 4031 1 is_stmt 1 view -0
 214              		.cfi_startproc
 215              		@ args = 4, pretend = 0, frame = 8
 216              		@ frame_needed = 0, uses_anonymous_args = 0
 217              		.loc 1 4031 1 is_stmt 0 view .LVU58
 218 0000 2DE9F047 		push	{r4, r5, r6, r7, r8, r9, r10, lr}
 219              		.cfi_def_cfa_offset 32
 220              		.cfi_offset 4, -32
 221              		.cfi_offset 5, -28
 222              		.cfi_offset 6, -24
 223              		.cfi_offset 7, -20
 224              		.cfi_offset 8, -16
 225              		.cfi_offset 9, -12
ARM GAS  /tmp/ccEksN7Z.s 			page 76


 226              		.cfi_offset 10, -8
 227              		.cfi_offset 14, -4
 228 0004 82B0     		sub	sp, sp, #8
 229              		.cfi_def_cfa_offset 40
 230 0006 0646     		mov	r6, r0
 231 0008 0C46     		mov	r4, r1
 232 000a 1546     		mov	r5, r2
 233 000c 1F46     		mov	r7, r3
4032:Drivers/STM32L4xx_HAL_Driver/Src/stm32l4xx_hal_spi.c ****   __IO uint32_t count;
 234              		.loc 1 4032 3 is_stmt 1 view .LVU59
4033:Drivers/STM32L4xx_HAL_Driver/Src/stm32l4xx_hal_spi.c ****   uint32_t tmp_timeout;
 235              		.loc 1 4033 3 view .LVU60
4034:Drivers/STM32L4xx_HAL_Driver/Src/stm32l4xx_hal_spi.c ****   uint32_t tmp_tickstart;
 236              		.loc 1 4034 3 view .LVU61
4035:Drivers/STM32L4xx_HAL_Driver/Src/stm32l4xx_hal_spi.c ****   __IO uint8_t  *ptmpreg8;
 237              		.loc 1 4035 3 view .LVU62
4036:Drivers/STM32L4xx_HAL_Driver/Src/stm32l4xx_hal_spi.c ****   __IO uint8_t  tmpreg8 = 0;
 238              		.loc 1 4036 3 view .LVU63
 239              		.loc 1 4036 17 is_stmt 0 view .LVU64
 240 000e 0023     		movs	r3, #0
 241              	.LVL11:
 242              		.loc 1 4036 17 view .LVU65
 243 0010 8DF80330 		strb	r3, [sp, #3]
4037:Drivers/STM32L4xx_HAL_Driver/Src/stm32l4xx_hal_spi.c **** 
4038:Drivers/STM32L4xx_HAL_Driver/Src/stm32l4xx_hal_spi.c ****   /* Adjust Timeout value  in case of end of transfer */
4039:Drivers/STM32L4xx_HAL_Driver/Src/stm32l4xx_hal_spi.c ****   tmp_timeout = Timeout - (HAL_GetTick() - Tickstart);
 244              		.loc 1 4039 3 is_stmt 1 view .LVU66
 245              		.loc 1 4039 28 is_stmt 0 view .LVU67
 246 0014 FFF7FEFF 		bl	HAL_GetTick
 247              	.LVL12:
 248              		.loc 1 4039 42 discriminator 1 view .LVU68
 249 0018 0A9B     		ldr	r3, [sp, #40]
 250 001a 1B1A     		subs	r3, r3, r0
 251              		.loc 1 4039 15 discriminator 1 view .LVU69
 252 001c 03EB0708 		add	r8, r3, r7
 253              	.LVL13:
4040:Drivers/STM32L4xx_HAL_Driver/Src/stm32l4xx_hal_spi.c ****   tmp_tickstart = HAL_GetTick();
 254              		.loc 1 4040 3 is_stmt 1 view .LVU70
 255              		.loc 1 4040 19 is_stmt 0 view .LVU71
 256 0020 FFF7FEFF 		bl	HAL_GetTick
 257              	.LVL14:
 258 0024 8146     		mov	r9, r0
 259              	.LVL15:
4041:Drivers/STM32L4xx_HAL_Driver/Src/stm32l4xx_hal_spi.c **** 
4042:Drivers/STM32L4xx_HAL_Driver/Src/stm32l4xx_hal_spi.c ****   /* Initialize the 8bit temporary pointer */
4043:Drivers/STM32L4xx_HAL_Driver/Src/stm32l4xx_hal_spi.c ****   ptmpreg8 = (__IO uint8_t *)&hspi->Instance->DR;
 260              		.loc 1 4043 3 is_stmt 1 view .LVU72
 261              		.loc 1 4043 35 is_stmt 0 view .LVU73
 262 0026 D6F800A0 		ldr	r10, [r6]
 263              	.LVL16:
4044:Drivers/STM32L4xx_HAL_Driver/Src/stm32l4xx_hal_spi.c **** 
4045:Drivers/STM32L4xx_HAL_Driver/Src/stm32l4xx_hal_spi.c ****   /* Calculate Timeout based on a software loop to avoid blocking issue if Systick is disabled */
4046:Drivers/STM32L4xx_HAL_Driver/Src/stm32l4xx_hal_spi.c ****   count = tmp_timeout * ((SystemCoreClock * 35U) >> 20U);
 264              		.loc 1 4046 3 is_stmt 1 view .LVU74
 265              		.loc 1 4046 43 is_stmt 0 view .LVU75
 266 002a 304B     		ldr	r3, .L35
 267 002c 1B68     		ldr	r3, [r3]
ARM GAS  /tmp/ccEksN7Z.s 			page 77


 268 002e 03EB8303 		add	r3, r3, r3, lsl #2
 269 0032 C3EBC303 		rsb	r3, r3, r3, lsl #3
 270              		.loc 1 4046 50 view .LVU76
 271 0036 1B0D     		lsrs	r3, r3, #20
 272              		.loc 1 4046 23 view .LVU77
 273 0038 08FB03F3 		mul	r3, r8, r3
 274              		.loc 1 4046 9 view .LVU78
 275 003c 0193     		str	r3, [sp, #4]
4047:Drivers/STM32L4xx_HAL_Driver/Src/stm32l4xx_hal_spi.c **** 
4048:Drivers/STM32L4xx_HAL_Driver/Src/stm32l4xx_hal_spi.c ****   while ((hspi->Instance->SR & Fifo) != State)
 276              		.loc 1 4048 3 is_stmt 1 view .LVU79
 277              		.loc 1 4048 9 is_stmt 0 view .LVU80
 278 003e 02E0     		b	.L21
 279              	.LVL17:
 280              	.L20:
4049:Drivers/STM32L4xx_HAL_Driver/Src/stm32l4xx_hal_spi.c ****   {
4050:Drivers/STM32L4xx_HAL_Driver/Src/stm32l4xx_hal_spi.c ****     if ((Fifo == SPI_SR_FRLVL) && (State == SPI_FRLVL_EMPTY))
4051:Drivers/STM32L4xx_HAL_Driver/Src/stm32l4xx_hal_spi.c ****     {
4052:Drivers/STM32L4xx_HAL_Driver/Src/stm32l4xx_hal_spi.c ****       /* Flush Data Register by a blank read */
4053:Drivers/STM32L4xx_HAL_Driver/Src/stm32l4xx_hal_spi.c ****       tmpreg8 = *ptmpreg8;
4054:Drivers/STM32L4xx_HAL_Driver/Src/stm32l4xx_hal_spi.c ****       /* To avoid GCC warning */
4055:Drivers/STM32L4xx_HAL_Driver/Src/stm32l4xx_hal_spi.c ****       UNUSED(tmpreg8);
4056:Drivers/STM32L4xx_HAL_Driver/Src/stm32l4xx_hal_spi.c ****     }
4057:Drivers/STM32L4xx_HAL_Driver/Src/stm32l4xx_hal_spi.c **** 
4058:Drivers/STM32L4xx_HAL_Driver/Src/stm32l4xx_hal_spi.c ****     if (Timeout != HAL_MAX_DELAY)
 281              		.loc 1 4058 5 is_stmt 1 view .LVU81
 282              		.loc 1 4058 8 is_stmt 0 view .LVU82
 283 0040 B7F1FF3F 		cmp	r7, #-1
 284 0044 12D1     		bne	.L30
 285              	.L21:
4048:Drivers/STM32L4xx_HAL_Driver/Src/stm32l4xx_hal_spi.c ****   {
 286              		.loc 1 4048 38 is_stmt 1 view .LVU83
4048:Drivers/STM32L4xx_HAL_Driver/Src/stm32l4xx_hal_spi.c ****   {
 287              		.loc 1 4048 15 is_stmt 0 view .LVU84
 288 0046 3368     		ldr	r3, [r6]
4048:Drivers/STM32L4xx_HAL_Driver/Src/stm32l4xx_hal_spi.c ****   {
 289              		.loc 1 4048 25 view .LVU85
 290 0048 9B68     		ldr	r3, [r3, #8]
4048:Drivers/STM32L4xx_HAL_Driver/Src/stm32l4xx_hal_spi.c ****   {
 291              		.loc 1 4048 30 view .LVU86
 292 004a 03EA040C 		and	ip, r3, r4
4048:Drivers/STM32L4xx_HAL_Driver/Src/stm32l4xx_hal_spi.c ****   {
 293              		.loc 1 4048 38 view .LVU87
 294 004e AC45     		cmp	ip, r5
 295 0050 47D0     		beq	.L31
4050:Drivers/STM32L4xx_HAL_Driver/Src/stm32l4xx_hal_spi.c ****     {
 296              		.loc 1 4050 5 is_stmt 1 view .LVU88
4050:Drivers/STM32L4xx_HAL_Driver/Src/stm32l4xx_hal_spi.c ****     {
 297              		.loc 1 4050 8 is_stmt 0 view .LVU89
 298 0052 B4F5C06F 		cmp	r4, #1536
 299 0056 F3D1     		bne	.L20
4050:Drivers/STM32L4xx_HAL_Driver/Src/stm32l4xx_hal_spi.c ****     {
 300              		.loc 1 4050 32 discriminator 1 view .LVU90
 301 0058 002D     		cmp	r5, #0
 302 005a F1D1     		bne	.L20
4053:Drivers/STM32L4xx_HAL_Driver/Src/stm32l4xx_hal_spi.c ****       /* To avoid GCC warning */
 303              		.loc 1 4053 7 is_stmt 1 view .LVU91
ARM GAS  /tmp/ccEksN7Z.s 			page 78


4053:Drivers/STM32L4xx_HAL_Driver/Src/stm32l4xx_hal_spi.c ****       /* To avoid GCC warning */
 304              		.loc 1 4053 17 is_stmt 0 view .LVU92
 305 005c 9AF80C30 		ldrb	r3, [r10, #12]	@ zero_extendqisi2
 306 0060 DBB2     		uxtb	r3, r3
4053:Drivers/STM32L4xx_HAL_Driver/Src/stm32l4xx_hal_spi.c ****       /* To avoid GCC warning */
 307              		.loc 1 4053 15 view .LVU93
 308 0062 8DF80330 		strb	r3, [sp, #3]
4055:Drivers/STM32L4xx_HAL_Driver/Src/stm32l4xx_hal_spi.c ****     }
 309              		.loc 1 4055 7 is_stmt 1 view .LVU94
 310 0066 9DF80330 		ldrb	r3, [sp, #3]	@ zero_extendqisi2
 311 006a E9E7     		b	.L20
 312              	.L30:
4059:Drivers/STM32L4xx_HAL_Driver/Src/stm32l4xx_hal_spi.c ****     {
4060:Drivers/STM32L4xx_HAL_Driver/Src/stm32l4xx_hal_spi.c ****       if (((HAL_GetTick() - tmp_tickstart) >= tmp_timeout) || (tmp_timeout == 0U))
 313              		.loc 1 4060 7 view .LVU95
 314              		.loc 1 4060 13 is_stmt 0 view .LVU96
 315 006c FFF7FEFF 		bl	HAL_GetTick
 316              	.LVL18:
 317              		.loc 1 4060 27 discriminator 1 view .LVU97
 318 0070 A0EB0900 		sub	r0, r0, r9
 319              		.loc 1 4060 10 discriminator 1 view .LVU98
 320 0074 4045     		cmp	r0, r8
 321 0076 07D2     		bcs	.L32
4061:Drivers/STM32L4xx_HAL_Driver/Src/stm32l4xx_hal_spi.c ****       {
4062:Drivers/STM32L4xx_HAL_Driver/Src/stm32l4xx_hal_spi.c ****         /* Disable the SPI and reset the CRC: the CRC value should be cleared
4063:Drivers/STM32L4xx_HAL_Driver/Src/stm32l4xx_hal_spi.c ****            on both master and slave sides in order to resynchronize the master
4064:Drivers/STM32L4xx_HAL_Driver/Src/stm32l4xx_hal_spi.c ****            and slave for their respective CRC calculation */
4065:Drivers/STM32L4xx_HAL_Driver/Src/stm32l4xx_hal_spi.c **** 
4066:Drivers/STM32L4xx_HAL_Driver/Src/stm32l4xx_hal_spi.c ****         /* Disable TXE, RXNE and ERR interrupts for the interrupt process */
4067:Drivers/STM32L4xx_HAL_Driver/Src/stm32l4xx_hal_spi.c ****         __HAL_SPI_DISABLE_IT(hspi, (SPI_IT_TXE | SPI_IT_RXNE | SPI_IT_ERR));
4068:Drivers/STM32L4xx_HAL_Driver/Src/stm32l4xx_hal_spi.c **** 
4069:Drivers/STM32L4xx_HAL_Driver/Src/stm32l4xx_hal_spi.c ****         if ((hspi->Init.Mode == SPI_MODE_MASTER) && ((hspi->Init.Direction == SPI_DIRECTION_1LINE)
4070:Drivers/STM32L4xx_HAL_Driver/Src/stm32l4xx_hal_spi.c ****                                                      || (hspi->Init.Direction == SPI_DIRECTION_2LIN
4071:Drivers/STM32L4xx_HAL_Driver/Src/stm32l4xx_hal_spi.c ****         {
4072:Drivers/STM32L4xx_HAL_Driver/Src/stm32l4xx_hal_spi.c ****           /* Disable SPI peripheral */
4073:Drivers/STM32L4xx_HAL_Driver/Src/stm32l4xx_hal_spi.c ****           __HAL_SPI_DISABLE(hspi);
4074:Drivers/STM32L4xx_HAL_Driver/Src/stm32l4xx_hal_spi.c ****         }
4075:Drivers/STM32L4xx_HAL_Driver/Src/stm32l4xx_hal_spi.c **** 
4076:Drivers/STM32L4xx_HAL_Driver/Src/stm32l4xx_hal_spi.c ****         /* Reset CRC Calculation */
4077:Drivers/STM32L4xx_HAL_Driver/Src/stm32l4xx_hal_spi.c ****         if (hspi->Init.CRCCalculation == SPI_CRCCALCULATION_ENABLE)
4078:Drivers/STM32L4xx_HAL_Driver/Src/stm32l4xx_hal_spi.c ****         {
4079:Drivers/STM32L4xx_HAL_Driver/Src/stm32l4xx_hal_spi.c ****           SPI_RESET_CRC(hspi);
4080:Drivers/STM32L4xx_HAL_Driver/Src/stm32l4xx_hal_spi.c ****         }
4081:Drivers/STM32L4xx_HAL_Driver/Src/stm32l4xx_hal_spi.c **** 
4082:Drivers/STM32L4xx_HAL_Driver/Src/stm32l4xx_hal_spi.c ****         hspi->State = HAL_SPI_STATE_READY;
4083:Drivers/STM32L4xx_HAL_Driver/Src/stm32l4xx_hal_spi.c **** 
4084:Drivers/STM32L4xx_HAL_Driver/Src/stm32l4xx_hal_spi.c ****         /* Process Unlocked */
4085:Drivers/STM32L4xx_HAL_Driver/Src/stm32l4xx_hal_spi.c ****         __HAL_UNLOCK(hspi);
4086:Drivers/STM32L4xx_HAL_Driver/Src/stm32l4xx_hal_spi.c **** 
4087:Drivers/STM32L4xx_HAL_Driver/Src/stm32l4xx_hal_spi.c ****         return HAL_TIMEOUT;
4088:Drivers/STM32L4xx_HAL_Driver/Src/stm32l4xx_hal_spi.c ****       }
4089:Drivers/STM32L4xx_HAL_Driver/Src/stm32l4xx_hal_spi.c ****       /* If Systick is disabled or not incremented, deactivate timeout to go in disable loop proced
4090:Drivers/STM32L4xx_HAL_Driver/Src/stm32l4xx_hal_spi.c ****       if (count == 0U)
 322              		.loc 1 4090 7 is_stmt 1 view .LVU99
 323              		.loc 1 4090 17 is_stmt 0 view .LVU100
 324 0078 019A     		ldr	r2, [sp, #4]
 325              		.loc 1 4090 10 view .LVU101
ARM GAS  /tmp/ccEksN7Z.s 			page 79


 326 007a 02B1     		cbz	r2, .L27
 327 007c 4246     		mov	r2, r8
 328              	.L27:
 329              	.LVL19:
4091:Drivers/STM32L4xx_HAL_Driver/Src/stm32l4xx_hal_spi.c ****       {
4092:Drivers/STM32L4xx_HAL_Driver/Src/stm32l4xx_hal_spi.c ****         tmp_timeout = 0U;
4093:Drivers/STM32L4xx_HAL_Driver/Src/stm32l4xx_hal_spi.c ****       }
4094:Drivers/STM32L4xx_HAL_Driver/Src/stm32l4xx_hal_spi.c ****       count--;
 330              		.loc 1 4094 7 is_stmt 1 view .LVU102
 331              		.loc 1 4094 12 is_stmt 0 view .LVU103
 332 007e 019B     		ldr	r3, [sp, #4]
 333 0080 013B     		subs	r3, r3, #1
 334 0082 0193     		str	r3, [sp, #4]
 335 0084 9046     		mov	r8, r2
 336 0086 DEE7     		b	.L21
 337              	.LVL20:
 338              	.L32:
4067:Drivers/STM32L4xx_HAL_Driver/Src/stm32l4xx_hal_spi.c **** 
 339              		.loc 1 4067 9 is_stmt 1 view .LVU104
 340 0088 3268     		ldr	r2, [r6]
 341 008a 5368     		ldr	r3, [r2, #4]
 342 008c 23F0E003 		bic	r3, r3, #224
 343 0090 5360     		str	r3, [r2, #4]
4069:Drivers/STM32L4xx_HAL_Driver/Src/stm32l4xx_hal_spi.c ****                                                      || (hspi->Init.Direction == SPI_DIRECTION_2LIN
 344              		.loc 1 4069 9 view .LVU105
4069:Drivers/STM32L4xx_HAL_Driver/Src/stm32l4xx_hal_spi.c ****                                                      || (hspi->Init.Direction == SPI_DIRECTION_2LIN
 345              		.loc 1 4069 24 is_stmt 0 view .LVU106
 346 0092 7368     		ldr	r3, [r6, #4]
4069:Drivers/STM32L4xx_HAL_Driver/Src/stm32l4xx_hal_spi.c ****                                                      || (hspi->Init.Direction == SPI_DIRECTION_2LIN
 347              		.loc 1 4069 12 view .LVU107
 348 0094 B3F5827F 		cmp	r3, #260
 349 0098 0BD0     		beq	.L33
 350              	.L23:
4077:Drivers/STM32L4xx_HAL_Driver/Src/stm32l4xx_hal_spi.c ****         {
 351              		.loc 1 4077 9 is_stmt 1 view .LVU108
4077:Drivers/STM32L4xx_HAL_Driver/Src/stm32l4xx_hal_spi.c ****         {
 352              		.loc 1 4077 23 is_stmt 0 view .LVU109
 353 009a B36A     		ldr	r3, [r6, #40]
4077:Drivers/STM32L4xx_HAL_Driver/Src/stm32l4xx_hal_spi.c ****         {
 354              		.loc 1 4077 12 view .LVU110
 355 009c B3F5005F 		cmp	r3, #8192
 356 00a0 14D0     		beq	.L34
 357              	.L25:
4079:Drivers/STM32L4xx_HAL_Driver/Src/stm32l4xx_hal_spi.c ****         }
 358              		.loc 1 4079 11 is_stmt 1 discriminator 1 view .LVU111
4082:Drivers/STM32L4xx_HAL_Driver/Src/stm32l4xx_hal_spi.c **** 
 359              		.loc 1 4082 9 view .LVU112
4082:Drivers/STM32L4xx_HAL_Driver/Src/stm32l4xx_hal_spi.c **** 
 360              		.loc 1 4082 21 is_stmt 0 view .LVU113
 361 00a2 0123     		movs	r3, #1
 362 00a4 86F85D30 		strb	r3, [r6, #93]
4085:Drivers/STM32L4xx_HAL_Driver/Src/stm32l4xx_hal_spi.c **** 
 363              		.loc 1 4085 9 is_stmt 1 view .LVU114
4085:Drivers/STM32L4xx_HAL_Driver/Src/stm32l4xx_hal_spi.c **** 
 364              		.loc 1 4085 9 view .LVU115
 365 00a8 0023     		movs	r3, #0
 366 00aa 86F85C30 		strb	r3, [r6, #92]
ARM GAS  /tmp/ccEksN7Z.s 			page 80


4085:Drivers/STM32L4xx_HAL_Driver/Src/stm32l4xx_hal_spi.c **** 
 367              		.loc 1 4085 9 view .LVU116
4087:Drivers/STM32L4xx_HAL_Driver/Src/stm32l4xx_hal_spi.c ****       }
 368              		.loc 1 4087 9 view .LVU117
4087:Drivers/STM32L4xx_HAL_Driver/Src/stm32l4xx_hal_spi.c ****       }
 369              		.loc 1 4087 16 is_stmt 0 view .LVU118
 370 00ae 0320     		movs	r0, #3
 371 00b0 18E0     		b	.L26
 372              	.L33:
4069:Drivers/STM32L4xx_HAL_Driver/Src/stm32l4xx_hal_spi.c ****                                                      || (hspi->Init.Direction == SPI_DIRECTION_2LIN
 373              		.loc 1 4069 65 discriminator 1 view .LVU119
 374 00b2 B368     		ldr	r3, [r6, #8]
4069:Drivers/STM32L4xx_HAL_Driver/Src/stm32l4xx_hal_spi.c ****                                                      || (hspi->Init.Direction == SPI_DIRECTION_2LIN
 375              		.loc 1 4069 50 discriminator 1 view .LVU120
 376 00b4 B3F5004F 		cmp	r3, #32768
 377 00b8 02D0     		beq	.L24
4070:Drivers/STM32L4xx_HAL_Driver/Src/stm32l4xx_hal_spi.c ****         {
 378              		.loc 1 4070 54 view .LVU121
 379 00ba B3F5806F 		cmp	r3, #1024
 380 00be ECD1     		bne	.L23
 381              	.L24:
4073:Drivers/STM32L4xx_HAL_Driver/Src/stm32l4xx_hal_spi.c ****         }
 382              		.loc 1 4073 11 is_stmt 1 view .LVU122
 383 00c0 3268     		ldr	r2, [r6]
 384 00c2 1368     		ldr	r3, [r2]
 385 00c4 23F04003 		bic	r3, r3, #64
 386 00c8 1360     		str	r3, [r2]
 387 00ca E6E7     		b	.L23
 388              	.L34:
4079:Drivers/STM32L4xx_HAL_Driver/Src/stm32l4xx_hal_spi.c ****         }
 389              		.loc 1 4079 11 view .LVU123
4079:Drivers/STM32L4xx_HAL_Driver/Src/stm32l4xx_hal_spi.c ****         }
 390              		.loc 1 4079 11 view .LVU124
 391 00cc 3268     		ldr	r2, [r6]
 392 00ce 1368     		ldr	r3, [r2]
 393 00d0 23F40053 		bic	r3, r3, #8192
 394 00d4 1360     		str	r3, [r2]
4079:Drivers/STM32L4xx_HAL_Driver/Src/stm32l4xx_hal_spi.c ****         }
 395              		.loc 1 4079 11 view .LVU125
 396 00d6 3268     		ldr	r2, [r6]
 397 00d8 1368     		ldr	r3, [r2]
 398 00da 43F40053 		orr	r3, r3, #8192
 399 00de 1360     		str	r3, [r2]
 400 00e0 DFE7     		b	.L25
 401              	.L31:
4095:Drivers/STM32L4xx_HAL_Driver/Src/stm32l4xx_hal_spi.c ****     }
4096:Drivers/STM32L4xx_HAL_Driver/Src/stm32l4xx_hal_spi.c ****   }
4097:Drivers/STM32L4xx_HAL_Driver/Src/stm32l4xx_hal_spi.c **** 
4098:Drivers/STM32L4xx_HAL_Driver/Src/stm32l4xx_hal_spi.c ****   return HAL_OK;
 402              		.loc 1 4098 10 is_stmt 0 view .LVU126
 403 00e2 0020     		movs	r0, #0
 404              	.L26:
4099:Drivers/STM32L4xx_HAL_Driver/Src/stm32l4xx_hal_spi.c **** }
 405              		.loc 1 4099 1 view .LVU127
 406 00e4 02B0     		add	sp, sp, #8
 407              		.cfi_def_cfa_offset 32
 408              		@ sp needed
ARM GAS  /tmp/ccEksN7Z.s 			page 81


 409 00e6 BDE8F087 		pop	{r4, r5, r6, r7, r8, r9, r10, pc}
 410              	.LVL21:
 411              	.L36:
 412              		.loc 1 4099 1 view .LVU128
 413 00ea 00BF     		.align	2
 414              	.L35:
 415 00ec 00000000 		.word	SystemCoreClock
 416              		.cfi_endproc
 417              	.LFE336:
 419              		.section	.text.SPI_EndRxTxTransaction,"ax",%progbits
 420              		.align	1
 421              		.syntax unified
 422              		.thumb
 423              		.thumb_func
 425              	SPI_EndRxTxTransaction:
 426              	.LVL22:
 427              	.LFB338:
4100:Drivers/STM32L4xx_HAL_Driver/Src/stm32l4xx_hal_spi.c **** 
4101:Drivers/STM32L4xx_HAL_Driver/Src/stm32l4xx_hal_spi.c **** /**
4102:Drivers/STM32L4xx_HAL_Driver/Src/stm32l4xx_hal_spi.c ****   * @brief  Handle the check of the RX transaction complete.
4103:Drivers/STM32L4xx_HAL_Driver/Src/stm32l4xx_hal_spi.c ****   * @param  hspi pointer to a SPI_HandleTypeDef structure that contains
4104:Drivers/STM32L4xx_HAL_Driver/Src/stm32l4xx_hal_spi.c ****   *               the configuration information for SPI module.
4105:Drivers/STM32L4xx_HAL_Driver/Src/stm32l4xx_hal_spi.c ****   * @param  Timeout Timeout duration
4106:Drivers/STM32L4xx_HAL_Driver/Src/stm32l4xx_hal_spi.c ****   * @param  Tickstart tick start value
4107:Drivers/STM32L4xx_HAL_Driver/Src/stm32l4xx_hal_spi.c ****   * @retval HAL status
4108:Drivers/STM32L4xx_HAL_Driver/Src/stm32l4xx_hal_spi.c ****   */
4109:Drivers/STM32L4xx_HAL_Driver/Src/stm32l4xx_hal_spi.c **** static HAL_StatusTypeDef SPI_EndRxTransaction(SPI_HandleTypeDef *hspi,  uint32_t Timeout, uint32_t 
4110:Drivers/STM32L4xx_HAL_Driver/Src/stm32l4xx_hal_spi.c **** {
4111:Drivers/STM32L4xx_HAL_Driver/Src/stm32l4xx_hal_spi.c ****   if ((hspi->Init.Mode == SPI_MODE_MASTER) && ((hspi->Init.Direction == SPI_DIRECTION_1LINE)
4112:Drivers/STM32L4xx_HAL_Driver/Src/stm32l4xx_hal_spi.c ****                                                || (hspi->Init.Direction == SPI_DIRECTION_2LINES_RXO
4113:Drivers/STM32L4xx_HAL_Driver/Src/stm32l4xx_hal_spi.c ****   {
4114:Drivers/STM32L4xx_HAL_Driver/Src/stm32l4xx_hal_spi.c ****     /* Disable SPI peripheral */
4115:Drivers/STM32L4xx_HAL_Driver/Src/stm32l4xx_hal_spi.c ****     __HAL_SPI_DISABLE(hspi);
4116:Drivers/STM32L4xx_HAL_Driver/Src/stm32l4xx_hal_spi.c ****   }
4117:Drivers/STM32L4xx_HAL_Driver/Src/stm32l4xx_hal_spi.c **** 
4118:Drivers/STM32L4xx_HAL_Driver/Src/stm32l4xx_hal_spi.c ****   /* Control the BSY flag */
4119:Drivers/STM32L4xx_HAL_Driver/Src/stm32l4xx_hal_spi.c ****   if (SPI_WaitFlagStateUntilTimeout(hspi, SPI_FLAG_BSY, RESET, Timeout, Tickstart) != HAL_OK)
4120:Drivers/STM32L4xx_HAL_Driver/Src/stm32l4xx_hal_spi.c ****   {
4121:Drivers/STM32L4xx_HAL_Driver/Src/stm32l4xx_hal_spi.c ****     SET_BIT(hspi->ErrorCode, HAL_SPI_ERROR_FLAG);
4122:Drivers/STM32L4xx_HAL_Driver/Src/stm32l4xx_hal_spi.c ****     return HAL_TIMEOUT;
4123:Drivers/STM32L4xx_HAL_Driver/Src/stm32l4xx_hal_spi.c ****   }
4124:Drivers/STM32L4xx_HAL_Driver/Src/stm32l4xx_hal_spi.c **** 
4125:Drivers/STM32L4xx_HAL_Driver/Src/stm32l4xx_hal_spi.c ****   if ((hspi->Init.Mode == SPI_MODE_MASTER) && ((hspi->Init.Direction == SPI_DIRECTION_1LINE)
4126:Drivers/STM32L4xx_HAL_Driver/Src/stm32l4xx_hal_spi.c ****                                                || (hspi->Init.Direction == SPI_DIRECTION_2LINES_RXO
4127:Drivers/STM32L4xx_HAL_Driver/Src/stm32l4xx_hal_spi.c ****   {
4128:Drivers/STM32L4xx_HAL_Driver/Src/stm32l4xx_hal_spi.c ****     /* Empty the FRLVL fifo */
4129:Drivers/STM32L4xx_HAL_Driver/Src/stm32l4xx_hal_spi.c ****     if (SPI_WaitFifoStateUntilTimeout(hspi, SPI_FLAG_FRLVL, SPI_FRLVL_EMPTY, Timeout, Tickstart) !=
4130:Drivers/STM32L4xx_HAL_Driver/Src/stm32l4xx_hal_spi.c ****     {
4131:Drivers/STM32L4xx_HAL_Driver/Src/stm32l4xx_hal_spi.c ****       SET_BIT(hspi->ErrorCode, HAL_SPI_ERROR_FLAG);
4132:Drivers/STM32L4xx_HAL_Driver/Src/stm32l4xx_hal_spi.c ****       return HAL_TIMEOUT;
4133:Drivers/STM32L4xx_HAL_Driver/Src/stm32l4xx_hal_spi.c ****     }
4134:Drivers/STM32L4xx_HAL_Driver/Src/stm32l4xx_hal_spi.c ****   }
4135:Drivers/STM32L4xx_HAL_Driver/Src/stm32l4xx_hal_spi.c ****   return HAL_OK;
4136:Drivers/STM32L4xx_HAL_Driver/Src/stm32l4xx_hal_spi.c **** }
4137:Drivers/STM32L4xx_HAL_Driver/Src/stm32l4xx_hal_spi.c **** 
4138:Drivers/STM32L4xx_HAL_Driver/Src/stm32l4xx_hal_spi.c **** /**
4139:Drivers/STM32L4xx_HAL_Driver/Src/stm32l4xx_hal_spi.c ****   * @brief  Handle the check of the RXTX or TX transaction complete.
ARM GAS  /tmp/ccEksN7Z.s 			page 82


4140:Drivers/STM32L4xx_HAL_Driver/Src/stm32l4xx_hal_spi.c ****   * @param  hspi SPI handle
4141:Drivers/STM32L4xx_HAL_Driver/Src/stm32l4xx_hal_spi.c ****   * @param  Timeout Timeout duration
4142:Drivers/STM32L4xx_HAL_Driver/Src/stm32l4xx_hal_spi.c ****   * @param  Tickstart tick start value
4143:Drivers/STM32L4xx_HAL_Driver/Src/stm32l4xx_hal_spi.c ****   * @retval HAL status
4144:Drivers/STM32L4xx_HAL_Driver/Src/stm32l4xx_hal_spi.c ****   */
4145:Drivers/STM32L4xx_HAL_Driver/Src/stm32l4xx_hal_spi.c **** static HAL_StatusTypeDef SPI_EndRxTxTransaction(SPI_HandleTypeDef *hspi, uint32_t Timeout, uint32_t
4146:Drivers/STM32L4xx_HAL_Driver/Src/stm32l4xx_hal_spi.c **** {
 428              		.loc 1 4146 1 is_stmt 1 view -0
 429              		.cfi_startproc
 430              		@ args = 0, pretend = 0, frame = 0
 431              		@ frame_needed = 0, uses_anonymous_args = 0
 432              		.loc 1 4146 1 is_stmt 0 view .LVU130
 433 0000 70B5     		push	{r4, r5, r6, lr}
 434              		.cfi_def_cfa_offset 16
 435              		.cfi_offset 4, -16
 436              		.cfi_offset 5, -12
 437              		.cfi_offset 6, -8
 438              		.cfi_offset 14, -4
 439 0002 82B0     		sub	sp, sp, #8
 440              		.cfi_def_cfa_offset 24
 441 0004 0446     		mov	r4, r0
 442 0006 0D46     		mov	r5, r1
 443 0008 1646     		mov	r6, r2
4147:Drivers/STM32L4xx_HAL_Driver/Src/stm32l4xx_hal_spi.c ****   /* Control if the TX fifo is empty */
4148:Drivers/STM32L4xx_HAL_Driver/Src/stm32l4xx_hal_spi.c ****   if (SPI_WaitFifoStateUntilTimeout(hspi, SPI_FLAG_FTLVL, SPI_FTLVL_EMPTY, Timeout, Tickstart) != H
 444              		.loc 1 4148 3 is_stmt 1 view .LVU131
 445              		.loc 1 4148 7 is_stmt 0 view .LVU132
 446 000a 0092     		str	r2, [sp]
 447 000c 0B46     		mov	r3, r1
 448 000e 0022     		movs	r2, #0
 449              	.LVL23:
 450              		.loc 1 4148 7 view .LVU133
 451 0010 4FF4C051 		mov	r1, #6144
 452              	.LVL24:
 453              		.loc 1 4148 7 view .LVU134
 454 0014 FFF7FEFF 		bl	SPI_WaitFifoStateUntilTimeout
 455              	.LVL25:
 456              		.loc 1 4148 6 discriminator 1 view .LVU135
 457 0018 B0B9     		cbnz	r0, .L42
4149:Drivers/STM32L4xx_HAL_Driver/Src/stm32l4xx_hal_spi.c ****   {
4150:Drivers/STM32L4xx_HAL_Driver/Src/stm32l4xx_hal_spi.c ****     SET_BIT(hspi->ErrorCode, HAL_SPI_ERROR_FLAG);
4151:Drivers/STM32L4xx_HAL_Driver/Src/stm32l4xx_hal_spi.c ****     return HAL_TIMEOUT;
4152:Drivers/STM32L4xx_HAL_Driver/Src/stm32l4xx_hal_spi.c ****   }
4153:Drivers/STM32L4xx_HAL_Driver/Src/stm32l4xx_hal_spi.c **** 
4154:Drivers/STM32L4xx_HAL_Driver/Src/stm32l4xx_hal_spi.c ****   /* Control the BSY flag */
4155:Drivers/STM32L4xx_HAL_Driver/Src/stm32l4xx_hal_spi.c ****   if (SPI_WaitFlagStateUntilTimeout(hspi, SPI_FLAG_BSY, RESET, Timeout, Tickstart) != HAL_OK)
 458              		.loc 1 4155 3 is_stmt 1 view .LVU136
 459              		.loc 1 4155 7 is_stmt 0 view .LVU137
 460 001a 0096     		str	r6, [sp]
 461 001c 2B46     		mov	r3, r5
 462 001e 0022     		movs	r2, #0
 463 0020 8021     		movs	r1, #128
 464 0022 2046     		mov	r0, r4
 465 0024 FFF7FEFF 		bl	SPI_WaitFlagStateUntilTimeout
 466              	.LVL26:
 467              		.loc 1 4155 6 discriminator 1 view .LVU138
 468 0028 A8B9     		cbnz	r0, .L43
ARM GAS  /tmp/ccEksN7Z.s 			page 83


4156:Drivers/STM32L4xx_HAL_Driver/Src/stm32l4xx_hal_spi.c ****   {
4157:Drivers/STM32L4xx_HAL_Driver/Src/stm32l4xx_hal_spi.c ****     SET_BIT(hspi->ErrorCode, HAL_SPI_ERROR_FLAG);
4158:Drivers/STM32L4xx_HAL_Driver/Src/stm32l4xx_hal_spi.c ****     return HAL_TIMEOUT;
4159:Drivers/STM32L4xx_HAL_Driver/Src/stm32l4xx_hal_spi.c ****   }
4160:Drivers/STM32L4xx_HAL_Driver/Src/stm32l4xx_hal_spi.c **** 
4161:Drivers/STM32L4xx_HAL_Driver/Src/stm32l4xx_hal_spi.c ****   /* Control if the RX fifo is empty */
4162:Drivers/STM32L4xx_HAL_Driver/Src/stm32l4xx_hal_spi.c ****   if (SPI_WaitFifoStateUntilTimeout(hspi, SPI_FLAG_FRLVL, SPI_FRLVL_EMPTY, Timeout, Tickstart) != H
 469              		.loc 1 4162 3 is_stmt 1 view .LVU139
 470              		.loc 1 4162 7 is_stmt 0 view .LVU140
 471 002a 0096     		str	r6, [sp]
 472 002c 2B46     		mov	r3, r5
 473 002e 0022     		movs	r2, #0
 474 0030 4FF4C061 		mov	r1, #1536
 475 0034 2046     		mov	r0, r4
 476 0036 FFF7FEFF 		bl	SPI_WaitFifoStateUntilTimeout
 477              	.LVL27:
 478              		.loc 1 4162 6 discriminator 1 view .LVU141
 479 003a 50B1     		cbz	r0, .L39
4163:Drivers/STM32L4xx_HAL_Driver/Src/stm32l4xx_hal_spi.c ****   {
4164:Drivers/STM32L4xx_HAL_Driver/Src/stm32l4xx_hal_spi.c ****     SET_BIT(hspi->ErrorCode, HAL_SPI_ERROR_FLAG);
 480              		.loc 1 4164 5 is_stmt 1 view .LVU142
 481 003c 236E     		ldr	r3, [r4, #96]
 482 003e 43F02003 		orr	r3, r3, #32
 483 0042 2366     		str	r3, [r4, #96]
4165:Drivers/STM32L4xx_HAL_Driver/Src/stm32l4xx_hal_spi.c ****     return HAL_TIMEOUT;
 484              		.loc 1 4165 5 view .LVU143
 485              		.loc 1 4165 12 is_stmt 0 view .LVU144
 486 0044 0320     		movs	r0, #3
 487 0046 04E0     		b	.L39
 488              	.L42:
4150:Drivers/STM32L4xx_HAL_Driver/Src/stm32l4xx_hal_spi.c ****     return HAL_TIMEOUT;
 489              		.loc 1 4150 5 is_stmt 1 view .LVU145
 490 0048 236E     		ldr	r3, [r4, #96]
 491 004a 43F02003 		orr	r3, r3, #32
 492 004e 2366     		str	r3, [r4, #96]
4151:Drivers/STM32L4xx_HAL_Driver/Src/stm32l4xx_hal_spi.c ****   }
 493              		.loc 1 4151 5 view .LVU146
4151:Drivers/STM32L4xx_HAL_Driver/Src/stm32l4xx_hal_spi.c ****   }
 494              		.loc 1 4151 12 is_stmt 0 view .LVU147
 495 0050 0320     		movs	r0, #3
 496              	.L39:
4166:Drivers/STM32L4xx_HAL_Driver/Src/stm32l4xx_hal_spi.c ****   }
4167:Drivers/STM32L4xx_HAL_Driver/Src/stm32l4xx_hal_spi.c **** 
4168:Drivers/STM32L4xx_HAL_Driver/Src/stm32l4xx_hal_spi.c ****   return HAL_OK;
4169:Drivers/STM32L4xx_HAL_Driver/Src/stm32l4xx_hal_spi.c **** }
 497              		.loc 1 4169 1 view .LVU148
 498 0052 02B0     		add	sp, sp, #8
 499              		.cfi_remember_state
 500              		.cfi_def_cfa_offset 16
 501              		@ sp needed
 502 0054 70BD     		pop	{r4, r5, r6, pc}
 503              	.LVL28:
 504              	.L43:
 505              		.cfi_restore_state
4157:Drivers/STM32L4xx_HAL_Driver/Src/stm32l4xx_hal_spi.c ****     return HAL_TIMEOUT;
 506              		.loc 1 4157 5 is_stmt 1 view .LVU149
 507 0056 236E     		ldr	r3, [r4, #96]
ARM GAS  /tmp/ccEksN7Z.s 			page 84


 508 0058 43F02003 		orr	r3, r3, #32
 509 005c 2366     		str	r3, [r4, #96]
4158:Drivers/STM32L4xx_HAL_Driver/Src/stm32l4xx_hal_spi.c ****   }
 510              		.loc 1 4158 5 view .LVU150
4158:Drivers/STM32L4xx_HAL_Driver/Src/stm32l4xx_hal_spi.c ****   }
 511              		.loc 1 4158 12 is_stmt 0 view .LVU151
 512 005e 0320     		movs	r0, #3
 513 0060 F7E7     		b	.L39
 514              		.cfi_endproc
 515              	.LFE338:
 517              		.section	.text.SPI_EndRxTransaction,"ax",%progbits
 518              		.align	1
 519              		.syntax unified
 520              		.thumb
 521              		.thumb_func
 523              	SPI_EndRxTransaction:
 524              	.LVL29:
 525              	.LFB337:
4110:Drivers/STM32L4xx_HAL_Driver/Src/stm32l4xx_hal_spi.c ****   if ((hspi->Init.Mode == SPI_MODE_MASTER) && ((hspi->Init.Direction == SPI_DIRECTION_1LINE)
 526              		.loc 1 4110 1 is_stmt 1 view -0
 527              		.cfi_startproc
 528              		@ args = 0, pretend = 0, frame = 0
 529              		@ frame_needed = 0, uses_anonymous_args = 0
4110:Drivers/STM32L4xx_HAL_Driver/Src/stm32l4xx_hal_spi.c ****   if ((hspi->Init.Mode == SPI_MODE_MASTER) && ((hspi->Init.Direction == SPI_DIRECTION_1LINE)
 530              		.loc 1 4110 1 is_stmt 0 view .LVU153
 531 0000 70B5     		push	{r4, r5, r6, lr}
 532              		.cfi_def_cfa_offset 16
 533              		.cfi_offset 4, -16
 534              		.cfi_offset 5, -12
 535              		.cfi_offset 6, -8
 536              		.cfi_offset 14, -4
 537 0002 82B0     		sub	sp, sp, #8
 538              		.cfi_def_cfa_offset 24
 539 0004 0446     		mov	r4, r0
 540 0006 0D46     		mov	r5, r1
 541 0008 1646     		mov	r6, r2
4111:Drivers/STM32L4xx_HAL_Driver/Src/stm32l4xx_hal_spi.c ****                                                || (hspi->Init.Direction == SPI_DIRECTION_2LINES_RXO
 542              		.loc 1 4111 3 is_stmt 1 view .LVU154
4111:Drivers/STM32L4xx_HAL_Driver/Src/stm32l4xx_hal_spi.c ****                                                || (hspi->Init.Direction == SPI_DIRECTION_2LINES_RXO
 543              		.loc 1 4111 18 is_stmt 0 view .LVU155
 544 000a 4368     		ldr	r3, [r0, #4]
4111:Drivers/STM32L4xx_HAL_Driver/Src/stm32l4xx_hal_spi.c ****                                                || (hspi->Init.Direction == SPI_DIRECTION_2LINES_RXO
 545              		.loc 1 4111 6 view .LVU156
 546 000c B3F5827F 		cmp	r3, #260
 547 0010 0DD0     		beq	.L51
 548              	.LVL30:
 549              	.L45:
4119:Drivers/STM32L4xx_HAL_Driver/Src/stm32l4xx_hal_spi.c ****   {
 550              		.loc 1 4119 3 is_stmt 1 view .LVU157
4119:Drivers/STM32L4xx_HAL_Driver/Src/stm32l4xx_hal_spi.c ****   {
 551              		.loc 1 4119 7 is_stmt 0 view .LVU158
 552 0012 0096     		str	r6, [sp]
 553 0014 2B46     		mov	r3, r5
 554 0016 0022     		movs	r2, #0
 555 0018 8021     		movs	r1, #128
 556              	.LVL31:
4119:Drivers/STM32L4xx_HAL_Driver/Src/stm32l4xx_hal_spi.c ****   {
ARM GAS  /tmp/ccEksN7Z.s 			page 85


 557              		.loc 1 4119 7 view .LVU159
 558 001a 2046     		mov	r0, r4
 559              	.LVL32:
4119:Drivers/STM32L4xx_HAL_Driver/Src/stm32l4xx_hal_spi.c ****   {
 560              		.loc 1 4119 7 view .LVU160
 561 001c FFF7FEFF 		bl	SPI_WaitFlagStateUntilTimeout
 562              	.LVL33:
4119:Drivers/STM32L4xx_HAL_Driver/Src/stm32l4xx_hal_spi.c ****   {
 563              		.loc 1 4119 6 discriminator 1 view .LVU161
 564 0020 90B9     		cbnz	r0, .L52
4125:Drivers/STM32L4xx_HAL_Driver/Src/stm32l4xx_hal_spi.c ****                                                || (hspi->Init.Direction == SPI_DIRECTION_2LINES_RXO
 565              		.loc 1 4125 3 is_stmt 1 view .LVU162
4125:Drivers/STM32L4xx_HAL_Driver/Src/stm32l4xx_hal_spi.c ****                                                || (hspi->Init.Direction == SPI_DIRECTION_2LINES_RXO
 566              		.loc 1 4125 18 is_stmt 0 view .LVU163
 567 0022 6368     		ldr	r3, [r4, #4]
4125:Drivers/STM32L4xx_HAL_Driver/Src/stm32l4xx_hal_spi.c ****                                                || (hspi->Init.Direction == SPI_DIRECTION_2LINES_RXO
 568              		.loc 1 4125 6 view .LVU164
 569 0024 B3F5827F 		cmp	r3, #260
 570 0028 14D0     		beq	.L53
 571              	.L48:
4136:Drivers/STM32L4xx_HAL_Driver/Src/stm32l4xx_hal_spi.c **** 
 572              		.loc 1 4136 1 view .LVU165
 573 002a 02B0     		add	sp, sp, #8
 574              		.cfi_remember_state
 575              		.cfi_def_cfa_offset 16
 576              		@ sp needed
 577 002c 70BD     		pop	{r4, r5, r6, pc}
 578              	.LVL34:
 579              	.L51:
 580              		.cfi_restore_state
4111:Drivers/STM32L4xx_HAL_Driver/Src/stm32l4xx_hal_spi.c ****                                                || (hspi->Init.Direction == SPI_DIRECTION_2LINES_RXO
 581              		.loc 1 4111 59 discriminator 1 view .LVU166
 582 002e 8368     		ldr	r3, [r0, #8]
4111:Drivers/STM32L4xx_HAL_Driver/Src/stm32l4xx_hal_spi.c ****                                                || (hspi->Init.Direction == SPI_DIRECTION_2LINES_RXO
 583              		.loc 1 4111 44 discriminator 1 view .LVU167
 584 0030 B3F5004F 		cmp	r3, #32768
 585 0034 02D0     		beq	.L46
4112:Drivers/STM32L4xx_HAL_Driver/Src/stm32l4xx_hal_spi.c ****   {
 586              		.loc 1 4112 48 view .LVU168
 587 0036 B3F5806F 		cmp	r3, #1024
 588 003a EAD1     		bne	.L45
 589              	.L46:
4115:Drivers/STM32L4xx_HAL_Driver/Src/stm32l4xx_hal_spi.c ****   }
 590              		.loc 1 4115 5 is_stmt 1 view .LVU169
 591 003c 2268     		ldr	r2, [r4]
 592              	.LVL35:
4115:Drivers/STM32L4xx_HAL_Driver/Src/stm32l4xx_hal_spi.c ****   }
 593              		.loc 1 4115 5 is_stmt 0 view .LVU170
 594 003e 1368     		ldr	r3, [r2]
 595 0040 23F04003 		bic	r3, r3, #64
 596 0044 1360     		str	r3, [r2]
 597 0046 E4E7     		b	.L45
 598              	.LVL36:
 599              	.L52:
4121:Drivers/STM32L4xx_HAL_Driver/Src/stm32l4xx_hal_spi.c ****     return HAL_TIMEOUT;
 600              		.loc 1 4121 5 is_stmt 1 view .LVU171
 601 0048 236E     		ldr	r3, [r4, #96]
ARM GAS  /tmp/ccEksN7Z.s 			page 86


 602 004a 43F02003 		orr	r3, r3, #32
 603 004e 2366     		str	r3, [r4, #96]
4122:Drivers/STM32L4xx_HAL_Driver/Src/stm32l4xx_hal_spi.c ****   }
 604              		.loc 1 4122 5 view .LVU172
4122:Drivers/STM32L4xx_HAL_Driver/Src/stm32l4xx_hal_spi.c ****   }
 605              		.loc 1 4122 12 is_stmt 0 view .LVU173
 606 0050 0320     		movs	r0, #3
 607 0052 EAE7     		b	.L48
 608              	.L53:
4125:Drivers/STM32L4xx_HAL_Driver/Src/stm32l4xx_hal_spi.c ****                                                || (hspi->Init.Direction == SPI_DIRECTION_2LINES_RXO
 609              		.loc 1 4125 59 discriminator 1 view .LVU174
 610 0054 A368     		ldr	r3, [r4, #8]
4125:Drivers/STM32L4xx_HAL_Driver/Src/stm32l4xx_hal_spi.c ****                                                || (hspi->Init.Direction == SPI_DIRECTION_2LINES_RXO
 611              		.loc 1 4125 44 discriminator 1 view .LVU175
 612 0056 B3F5004F 		cmp	r3, #32768
 613 005a 02D0     		beq	.L49
4126:Drivers/STM32L4xx_HAL_Driver/Src/stm32l4xx_hal_spi.c ****   {
 614              		.loc 1 4126 48 view .LVU176
 615 005c B3F5806F 		cmp	r3, #1024
 616 0060 E3D1     		bne	.L48
 617              	.L49:
4129:Drivers/STM32L4xx_HAL_Driver/Src/stm32l4xx_hal_spi.c ****     {
 618              		.loc 1 4129 5 is_stmt 1 view .LVU177
4129:Drivers/STM32L4xx_HAL_Driver/Src/stm32l4xx_hal_spi.c ****     {
 619              		.loc 1 4129 9 is_stmt 0 view .LVU178
 620 0062 0096     		str	r6, [sp]
 621 0064 2B46     		mov	r3, r5
 622 0066 0022     		movs	r2, #0
 623 0068 4FF4C061 		mov	r1, #1536
 624 006c 2046     		mov	r0, r4
 625 006e FFF7FEFF 		bl	SPI_WaitFifoStateUntilTimeout
 626              	.LVL37:
4129:Drivers/STM32L4xx_HAL_Driver/Src/stm32l4xx_hal_spi.c ****     {
 627              		.loc 1 4129 8 discriminator 1 view .LVU179
 628 0072 0028     		cmp	r0, #0
 629 0074 D9D0     		beq	.L48
4131:Drivers/STM32L4xx_HAL_Driver/Src/stm32l4xx_hal_spi.c ****       return HAL_TIMEOUT;
 630              		.loc 1 4131 7 is_stmt 1 view .LVU180
 631 0076 236E     		ldr	r3, [r4, #96]
 632 0078 43F02003 		orr	r3, r3, #32
 633 007c 2366     		str	r3, [r4, #96]
4132:Drivers/STM32L4xx_HAL_Driver/Src/stm32l4xx_hal_spi.c ****     }
 634              		.loc 1 4132 7 view .LVU181
4132:Drivers/STM32L4xx_HAL_Driver/Src/stm32l4xx_hal_spi.c ****     }
 635              		.loc 1 4132 14 is_stmt 0 view .LVU182
 636 007e 0320     		movs	r0, #3
 637 0080 D3E7     		b	.L48
 638              		.cfi_endproc
 639              	.LFE337:
 641              		.section	.text.SPI_AbortRx_ISR,"ax",%progbits
 642              		.align	1
 643              		.syntax unified
 644              		.thumb
 645              		.thumb_func
 647              	SPI_AbortRx_ISR:
 648              	.LVL38:
 649              	.LFB342:
ARM GAS  /tmp/ccEksN7Z.s 			page 87


4170:Drivers/STM32L4xx_HAL_Driver/Src/stm32l4xx_hal_spi.c **** 
4171:Drivers/STM32L4xx_HAL_Driver/Src/stm32l4xx_hal_spi.c **** /**
4172:Drivers/STM32L4xx_HAL_Driver/Src/stm32l4xx_hal_spi.c ****   * @brief  Handle the end of the RXTX transaction.
4173:Drivers/STM32L4xx_HAL_Driver/Src/stm32l4xx_hal_spi.c ****   * @param  hspi pointer to a SPI_HandleTypeDef structure that contains
4174:Drivers/STM32L4xx_HAL_Driver/Src/stm32l4xx_hal_spi.c ****   *               the configuration information for SPI module.
4175:Drivers/STM32L4xx_HAL_Driver/Src/stm32l4xx_hal_spi.c ****   * @retval None
4176:Drivers/STM32L4xx_HAL_Driver/Src/stm32l4xx_hal_spi.c ****   */
4177:Drivers/STM32L4xx_HAL_Driver/Src/stm32l4xx_hal_spi.c **** static void SPI_CloseRxTx_ISR(SPI_HandleTypeDef *hspi)
4178:Drivers/STM32L4xx_HAL_Driver/Src/stm32l4xx_hal_spi.c **** {
4179:Drivers/STM32L4xx_HAL_Driver/Src/stm32l4xx_hal_spi.c ****   uint32_t tickstart;
4180:Drivers/STM32L4xx_HAL_Driver/Src/stm32l4xx_hal_spi.c **** 
4181:Drivers/STM32L4xx_HAL_Driver/Src/stm32l4xx_hal_spi.c ****   /* Init tickstart for timeout management */
4182:Drivers/STM32L4xx_HAL_Driver/Src/stm32l4xx_hal_spi.c ****   tickstart = HAL_GetTick();
4183:Drivers/STM32L4xx_HAL_Driver/Src/stm32l4xx_hal_spi.c **** 
4184:Drivers/STM32L4xx_HAL_Driver/Src/stm32l4xx_hal_spi.c ****   /* Disable ERR interrupt */
4185:Drivers/STM32L4xx_HAL_Driver/Src/stm32l4xx_hal_spi.c ****   __HAL_SPI_DISABLE_IT(hspi, SPI_IT_ERR);
4186:Drivers/STM32L4xx_HAL_Driver/Src/stm32l4xx_hal_spi.c **** 
4187:Drivers/STM32L4xx_HAL_Driver/Src/stm32l4xx_hal_spi.c ****   /* Check the end of the transaction */
4188:Drivers/STM32L4xx_HAL_Driver/Src/stm32l4xx_hal_spi.c ****   if (SPI_EndRxTxTransaction(hspi, SPI_DEFAULT_TIMEOUT, tickstart) != HAL_OK)
4189:Drivers/STM32L4xx_HAL_Driver/Src/stm32l4xx_hal_spi.c ****   {
4190:Drivers/STM32L4xx_HAL_Driver/Src/stm32l4xx_hal_spi.c ****     SET_BIT(hspi->ErrorCode, HAL_SPI_ERROR_FLAG);
4191:Drivers/STM32L4xx_HAL_Driver/Src/stm32l4xx_hal_spi.c ****   }
4192:Drivers/STM32L4xx_HAL_Driver/Src/stm32l4xx_hal_spi.c **** 
4193:Drivers/STM32L4xx_HAL_Driver/Src/stm32l4xx_hal_spi.c **** #if (USE_SPI_CRC != 0U)
4194:Drivers/STM32L4xx_HAL_Driver/Src/stm32l4xx_hal_spi.c ****   /* Check if CRC error occurred */
4195:Drivers/STM32L4xx_HAL_Driver/Src/stm32l4xx_hal_spi.c ****   if (__HAL_SPI_GET_FLAG(hspi, SPI_FLAG_CRCERR) != RESET)
4196:Drivers/STM32L4xx_HAL_Driver/Src/stm32l4xx_hal_spi.c ****   {
4197:Drivers/STM32L4xx_HAL_Driver/Src/stm32l4xx_hal_spi.c ****     hspi->State = HAL_SPI_STATE_READY;
4198:Drivers/STM32L4xx_HAL_Driver/Src/stm32l4xx_hal_spi.c ****     SET_BIT(hspi->ErrorCode, HAL_SPI_ERROR_CRC);
4199:Drivers/STM32L4xx_HAL_Driver/Src/stm32l4xx_hal_spi.c ****     __HAL_SPI_CLEAR_CRCERRFLAG(hspi);
4200:Drivers/STM32L4xx_HAL_Driver/Src/stm32l4xx_hal_spi.c ****     /* Call user error callback */
4201:Drivers/STM32L4xx_HAL_Driver/Src/stm32l4xx_hal_spi.c **** #if (USE_HAL_SPI_REGISTER_CALLBACKS == 1U)
4202:Drivers/STM32L4xx_HAL_Driver/Src/stm32l4xx_hal_spi.c ****     hspi->ErrorCallback(hspi);
4203:Drivers/STM32L4xx_HAL_Driver/Src/stm32l4xx_hal_spi.c **** #else
4204:Drivers/STM32L4xx_HAL_Driver/Src/stm32l4xx_hal_spi.c ****     HAL_SPI_ErrorCallback(hspi);
4205:Drivers/STM32L4xx_HAL_Driver/Src/stm32l4xx_hal_spi.c **** #endif /* USE_HAL_SPI_REGISTER_CALLBACKS */
4206:Drivers/STM32L4xx_HAL_Driver/Src/stm32l4xx_hal_spi.c ****   }
4207:Drivers/STM32L4xx_HAL_Driver/Src/stm32l4xx_hal_spi.c ****   else
4208:Drivers/STM32L4xx_HAL_Driver/Src/stm32l4xx_hal_spi.c ****   {
4209:Drivers/STM32L4xx_HAL_Driver/Src/stm32l4xx_hal_spi.c **** #endif /* USE_SPI_CRC */
4210:Drivers/STM32L4xx_HAL_Driver/Src/stm32l4xx_hal_spi.c ****     if (hspi->ErrorCode == HAL_SPI_ERROR_NONE)
4211:Drivers/STM32L4xx_HAL_Driver/Src/stm32l4xx_hal_spi.c ****     {
4212:Drivers/STM32L4xx_HAL_Driver/Src/stm32l4xx_hal_spi.c ****       if (hspi->State == HAL_SPI_STATE_BUSY_RX)
4213:Drivers/STM32L4xx_HAL_Driver/Src/stm32l4xx_hal_spi.c ****       {
4214:Drivers/STM32L4xx_HAL_Driver/Src/stm32l4xx_hal_spi.c ****         hspi->State = HAL_SPI_STATE_READY;
4215:Drivers/STM32L4xx_HAL_Driver/Src/stm32l4xx_hal_spi.c ****         /* Call user Rx complete callback */
4216:Drivers/STM32L4xx_HAL_Driver/Src/stm32l4xx_hal_spi.c **** #if (USE_HAL_SPI_REGISTER_CALLBACKS == 1U)
4217:Drivers/STM32L4xx_HAL_Driver/Src/stm32l4xx_hal_spi.c ****         hspi->RxCpltCallback(hspi);
4218:Drivers/STM32L4xx_HAL_Driver/Src/stm32l4xx_hal_spi.c **** #else
4219:Drivers/STM32L4xx_HAL_Driver/Src/stm32l4xx_hal_spi.c ****         HAL_SPI_RxCpltCallback(hspi);
4220:Drivers/STM32L4xx_HAL_Driver/Src/stm32l4xx_hal_spi.c **** #endif /* USE_HAL_SPI_REGISTER_CALLBACKS */
4221:Drivers/STM32L4xx_HAL_Driver/Src/stm32l4xx_hal_spi.c ****       }
4222:Drivers/STM32L4xx_HAL_Driver/Src/stm32l4xx_hal_spi.c ****       else
4223:Drivers/STM32L4xx_HAL_Driver/Src/stm32l4xx_hal_spi.c ****       {
4224:Drivers/STM32L4xx_HAL_Driver/Src/stm32l4xx_hal_spi.c ****         hspi->State = HAL_SPI_STATE_READY;
4225:Drivers/STM32L4xx_HAL_Driver/Src/stm32l4xx_hal_spi.c ****         /* Call user TxRx complete callback */
4226:Drivers/STM32L4xx_HAL_Driver/Src/stm32l4xx_hal_spi.c **** #if (USE_HAL_SPI_REGISTER_CALLBACKS == 1U)
ARM GAS  /tmp/ccEksN7Z.s 			page 88


4227:Drivers/STM32L4xx_HAL_Driver/Src/stm32l4xx_hal_spi.c ****         hspi->TxRxCpltCallback(hspi);
4228:Drivers/STM32L4xx_HAL_Driver/Src/stm32l4xx_hal_spi.c **** #else
4229:Drivers/STM32L4xx_HAL_Driver/Src/stm32l4xx_hal_spi.c ****         HAL_SPI_TxRxCpltCallback(hspi);
4230:Drivers/STM32L4xx_HAL_Driver/Src/stm32l4xx_hal_spi.c **** #endif /* USE_HAL_SPI_REGISTER_CALLBACKS */
4231:Drivers/STM32L4xx_HAL_Driver/Src/stm32l4xx_hal_spi.c ****       }
4232:Drivers/STM32L4xx_HAL_Driver/Src/stm32l4xx_hal_spi.c ****     }
4233:Drivers/STM32L4xx_HAL_Driver/Src/stm32l4xx_hal_spi.c ****     else
4234:Drivers/STM32L4xx_HAL_Driver/Src/stm32l4xx_hal_spi.c ****     {
4235:Drivers/STM32L4xx_HAL_Driver/Src/stm32l4xx_hal_spi.c ****       hspi->State = HAL_SPI_STATE_READY;
4236:Drivers/STM32L4xx_HAL_Driver/Src/stm32l4xx_hal_spi.c ****       /* Call user error callback */
4237:Drivers/STM32L4xx_HAL_Driver/Src/stm32l4xx_hal_spi.c **** #if (USE_HAL_SPI_REGISTER_CALLBACKS == 1U)
4238:Drivers/STM32L4xx_HAL_Driver/Src/stm32l4xx_hal_spi.c ****       hspi->ErrorCallback(hspi);
4239:Drivers/STM32L4xx_HAL_Driver/Src/stm32l4xx_hal_spi.c **** #else
4240:Drivers/STM32L4xx_HAL_Driver/Src/stm32l4xx_hal_spi.c ****       HAL_SPI_ErrorCallback(hspi);
4241:Drivers/STM32L4xx_HAL_Driver/Src/stm32l4xx_hal_spi.c **** #endif /* USE_HAL_SPI_REGISTER_CALLBACKS */
4242:Drivers/STM32L4xx_HAL_Driver/Src/stm32l4xx_hal_spi.c ****     }
4243:Drivers/STM32L4xx_HAL_Driver/Src/stm32l4xx_hal_spi.c **** #if (USE_SPI_CRC != 0U)
4244:Drivers/STM32L4xx_HAL_Driver/Src/stm32l4xx_hal_spi.c ****   }
4245:Drivers/STM32L4xx_HAL_Driver/Src/stm32l4xx_hal_spi.c **** #endif /* USE_SPI_CRC */
4246:Drivers/STM32L4xx_HAL_Driver/Src/stm32l4xx_hal_spi.c **** }
4247:Drivers/STM32L4xx_HAL_Driver/Src/stm32l4xx_hal_spi.c **** 
4248:Drivers/STM32L4xx_HAL_Driver/Src/stm32l4xx_hal_spi.c **** /**
4249:Drivers/STM32L4xx_HAL_Driver/Src/stm32l4xx_hal_spi.c ****   * @brief  Handle the end of the RX transaction.
4250:Drivers/STM32L4xx_HAL_Driver/Src/stm32l4xx_hal_spi.c ****   * @param  hspi pointer to a SPI_HandleTypeDef structure that contains
4251:Drivers/STM32L4xx_HAL_Driver/Src/stm32l4xx_hal_spi.c ****   *               the configuration information for SPI module.
4252:Drivers/STM32L4xx_HAL_Driver/Src/stm32l4xx_hal_spi.c ****   * @retval None
4253:Drivers/STM32L4xx_HAL_Driver/Src/stm32l4xx_hal_spi.c ****   */
4254:Drivers/STM32L4xx_HAL_Driver/Src/stm32l4xx_hal_spi.c **** static void SPI_CloseRx_ISR(SPI_HandleTypeDef *hspi)
4255:Drivers/STM32L4xx_HAL_Driver/Src/stm32l4xx_hal_spi.c **** {
4256:Drivers/STM32L4xx_HAL_Driver/Src/stm32l4xx_hal_spi.c ****   /* Disable RXNE and ERR interrupt */
4257:Drivers/STM32L4xx_HAL_Driver/Src/stm32l4xx_hal_spi.c ****   __HAL_SPI_DISABLE_IT(hspi, (SPI_IT_RXNE | SPI_IT_ERR));
4258:Drivers/STM32L4xx_HAL_Driver/Src/stm32l4xx_hal_spi.c **** 
4259:Drivers/STM32L4xx_HAL_Driver/Src/stm32l4xx_hal_spi.c ****   /* Check the end of the transaction */
4260:Drivers/STM32L4xx_HAL_Driver/Src/stm32l4xx_hal_spi.c ****   if (SPI_EndRxTransaction(hspi, SPI_DEFAULT_TIMEOUT, HAL_GetTick()) != HAL_OK)
4261:Drivers/STM32L4xx_HAL_Driver/Src/stm32l4xx_hal_spi.c ****   {
4262:Drivers/STM32L4xx_HAL_Driver/Src/stm32l4xx_hal_spi.c ****     SET_BIT(hspi->ErrorCode, HAL_SPI_ERROR_FLAG);
4263:Drivers/STM32L4xx_HAL_Driver/Src/stm32l4xx_hal_spi.c ****   }
4264:Drivers/STM32L4xx_HAL_Driver/Src/stm32l4xx_hal_spi.c ****   hspi->State = HAL_SPI_STATE_READY;
4265:Drivers/STM32L4xx_HAL_Driver/Src/stm32l4xx_hal_spi.c **** 
4266:Drivers/STM32L4xx_HAL_Driver/Src/stm32l4xx_hal_spi.c **** #if (USE_SPI_CRC != 0U)
4267:Drivers/STM32L4xx_HAL_Driver/Src/stm32l4xx_hal_spi.c ****   /* Check if CRC error occurred */
4268:Drivers/STM32L4xx_HAL_Driver/Src/stm32l4xx_hal_spi.c ****   if (__HAL_SPI_GET_FLAG(hspi, SPI_FLAG_CRCERR) != RESET)
4269:Drivers/STM32L4xx_HAL_Driver/Src/stm32l4xx_hal_spi.c ****   {
4270:Drivers/STM32L4xx_HAL_Driver/Src/stm32l4xx_hal_spi.c ****     SET_BIT(hspi->ErrorCode, HAL_SPI_ERROR_CRC);
4271:Drivers/STM32L4xx_HAL_Driver/Src/stm32l4xx_hal_spi.c ****     __HAL_SPI_CLEAR_CRCERRFLAG(hspi);
4272:Drivers/STM32L4xx_HAL_Driver/Src/stm32l4xx_hal_spi.c ****     /* Call user error callback */
4273:Drivers/STM32L4xx_HAL_Driver/Src/stm32l4xx_hal_spi.c **** #if (USE_HAL_SPI_REGISTER_CALLBACKS == 1U)
4274:Drivers/STM32L4xx_HAL_Driver/Src/stm32l4xx_hal_spi.c ****     hspi->ErrorCallback(hspi);
4275:Drivers/STM32L4xx_HAL_Driver/Src/stm32l4xx_hal_spi.c **** #else
4276:Drivers/STM32L4xx_HAL_Driver/Src/stm32l4xx_hal_spi.c ****     HAL_SPI_ErrorCallback(hspi);
4277:Drivers/STM32L4xx_HAL_Driver/Src/stm32l4xx_hal_spi.c **** #endif /* USE_HAL_SPI_REGISTER_CALLBACKS */
4278:Drivers/STM32L4xx_HAL_Driver/Src/stm32l4xx_hal_spi.c ****   }
4279:Drivers/STM32L4xx_HAL_Driver/Src/stm32l4xx_hal_spi.c ****   else
4280:Drivers/STM32L4xx_HAL_Driver/Src/stm32l4xx_hal_spi.c ****   {
4281:Drivers/STM32L4xx_HAL_Driver/Src/stm32l4xx_hal_spi.c **** #endif /* USE_SPI_CRC */
4282:Drivers/STM32L4xx_HAL_Driver/Src/stm32l4xx_hal_spi.c ****     if (hspi->ErrorCode == HAL_SPI_ERROR_NONE)
4283:Drivers/STM32L4xx_HAL_Driver/Src/stm32l4xx_hal_spi.c ****     {
ARM GAS  /tmp/ccEksN7Z.s 			page 89


4284:Drivers/STM32L4xx_HAL_Driver/Src/stm32l4xx_hal_spi.c ****       /* Call user Rx complete callback */
4285:Drivers/STM32L4xx_HAL_Driver/Src/stm32l4xx_hal_spi.c **** #if (USE_HAL_SPI_REGISTER_CALLBACKS == 1U)
4286:Drivers/STM32L4xx_HAL_Driver/Src/stm32l4xx_hal_spi.c ****       hspi->RxCpltCallback(hspi);
4287:Drivers/STM32L4xx_HAL_Driver/Src/stm32l4xx_hal_spi.c **** #else
4288:Drivers/STM32L4xx_HAL_Driver/Src/stm32l4xx_hal_spi.c ****       HAL_SPI_RxCpltCallback(hspi);
4289:Drivers/STM32L4xx_HAL_Driver/Src/stm32l4xx_hal_spi.c **** #endif /* USE_HAL_SPI_REGISTER_CALLBACKS */
4290:Drivers/STM32L4xx_HAL_Driver/Src/stm32l4xx_hal_spi.c ****     }
4291:Drivers/STM32L4xx_HAL_Driver/Src/stm32l4xx_hal_spi.c ****     else
4292:Drivers/STM32L4xx_HAL_Driver/Src/stm32l4xx_hal_spi.c ****     {
4293:Drivers/STM32L4xx_HAL_Driver/Src/stm32l4xx_hal_spi.c ****       /* Call user error callback */
4294:Drivers/STM32L4xx_HAL_Driver/Src/stm32l4xx_hal_spi.c **** #if (USE_HAL_SPI_REGISTER_CALLBACKS == 1U)
4295:Drivers/STM32L4xx_HAL_Driver/Src/stm32l4xx_hal_spi.c ****       hspi->ErrorCallback(hspi);
4296:Drivers/STM32L4xx_HAL_Driver/Src/stm32l4xx_hal_spi.c **** #else
4297:Drivers/STM32L4xx_HAL_Driver/Src/stm32l4xx_hal_spi.c ****       HAL_SPI_ErrorCallback(hspi);
4298:Drivers/STM32L4xx_HAL_Driver/Src/stm32l4xx_hal_spi.c **** #endif /* USE_HAL_SPI_REGISTER_CALLBACKS */
4299:Drivers/STM32L4xx_HAL_Driver/Src/stm32l4xx_hal_spi.c ****     }
4300:Drivers/STM32L4xx_HAL_Driver/Src/stm32l4xx_hal_spi.c **** #if (USE_SPI_CRC != 0U)
4301:Drivers/STM32L4xx_HAL_Driver/Src/stm32l4xx_hal_spi.c ****   }
4302:Drivers/STM32L4xx_HAL_Driver/Src/stm32l4xx_hal_spi.c **** #endif /* USE_SPI_CRC */
4303:Drivers/STM32L4xx_HAL_Driver/Src/stm32l4xx_hal_spi.c **** }
4304:Drivers/STM32L4xx_HAL_Driver/Src/stm32l4xx_hal_spi.c **** 
4305:Drivers/STM32L4xx_HAL_Driver/Src/stm32l4xx_hal_spi.c **** /**
4306:Drivers/STM32L4xx_HAL_Driver/Src/stm32l4xx_hal_spi.c ****   * @brief  Handle the end of the TX transaction.
4307:Drivers/STM32L4xx_HAL_Driver/Src/stm32l4xx_hal_spi.c ****   * @param  hspi pointer to a SPI_HandleTypeDef structure that contains
4308:Drivers/STM32L4xx_HAL_Driver/Src/stm32l4xx_hal_spi.c ****   *               the configuration information for SPI module.
4309:Drivers/STM32L4xx_HAL_Driver/Src/stm32l4xx_hal_spi.c ****   * @retval None
4310:Drivers/STM32L4xx_HAL_Driver/Src/stm32l4xx_hal_spi.c ****   */
4311:Drivers/STM32L4xx_HAL_Driver/Src/stm32l4xx_hal_spi.c **** static void SPI_CloseTx_ISR(SPI_HandleTypeDef *hspi)
4312:Drivers/STM32L4xx_HAL_Driver/Src/stm32l4xx_hal_spi.c **** {
4313:Drivers/STM32L4xx_HAL_Driver/Src/stm32l4xx_hal_spi.c ****   uint32_t tickstart;
4314:Drivers/STM32L4xx_HAL_Driver/Src/stm32l4xx_hal_spi.c **** 
4315:Drivers/STM32L4xx_HAL_Driver/Src/stm32l4xx_hal_spi.c ****   /* Init tickstart for timeout management*/
4316:Drivers/STM32L4xx_HAL_Driver/Src/stm32l4xx_hal_spi.c ****   tickstart = HAL_GetTick();
4317:Drivers/STM32L4xx_HAL_Driver/Src/stm32l4xx_hal_spi.c **** 
4318:Drivers/STM32L4xx_HAL_Driver/Src/stm32l4xx_hal_spi.c ****   /* Disable TXE and ERR interrupt */
4319:Drivers/STM32L4xx_HAL_Driver/Src/stm32l4xx_hal_spi.c ****   __HAL_SPI_DISABLE_IT(hspi, (SPI_IT_TXE | SPI_IT_ERR));
4320:Drivers/STM32L4xx_HAL_Driver/Src/stm32l4xx_hal_spi.c **** 
4321:Drivers/STM32L4xx_HAL_Driver/Src/stm32l4xx_hal_spi.c ****   /* Check the end of the transaction */
4322:Drivers/STM32L4xx_HAL_Driver/Src/stm32l4xx_hal_spi.c ****   if (SPI_EndRxTxTransaction(hspi, SPI_DEFAULT_TIMEOUT, tickstart) != HAL_OK)
4323:Drivers/STM32L4xx_HAL_Driver/Src/stm32l4xx_hal_spi.c ****   {
4324:Drivers/STM32L4xx_HAL_Driver/Src/stm32l4xx_hal_spi.c ****     SET_BIT(hspi->ErrorCode, HAL_SPI_ERROR_FLAG);
4325:Drivers/STM32L4xx_HAL_Driver/Src/stm32l4xx_hal_spi.c ****   }
4326:Drivers/STM32L4xx_HAL_Driver/Src/stm32l4xx_hal_spi.c **** 
4327:Drivers/STM32L4xx_HAL_Driver/Src/stm32l4xx_hal_spi.c ****   /* Clear overrun flag in 2 Lines communication mode because received is not read */
4328:Drivers/STM32L4xx_HAL_Driver/Src/stm32l4xx_hal_spi.c ****   if (hspi->Init.Direction == SPI_DIRECTION_2LINES)
4329:Drivers/STM32L4xx_HAL_Driver/Src/stm32l4xx_hal_spi.c ****   {
4330:Drivers/STM32L4xx_HAL_Driver/Src/stm32l4xx_hal_spi.c ****     __HAL_SPI_CLEAR_OVRFLAG(hspi);
4331:Drivers/STM32L4xx_HAL_Driver/Src/stm32l4xx_hal_spi.c ****   }
4332:Drivers/STM32L4xx_HAL_Driver/Src/stm32l4xx_hal_spi.c **** 
4333:Drivers/STM32L4xx_HAL_Driver/Src/stm32l4xx_hal_spi.c ****   hspi->State = HAL_SPI_STATE_READY;
4334:Drivers/STM32L4xx_HAL_Driver/Src/stm32l4xx_hal_spi.c ****   if (hspi->ErrorCode != HAL_SPI_ERROR_NONE)
4335:Drivers/STM32L4xx_HAL_Driver/Src/stm32l4xx_hal_spi.c ****   {
4336:Drivers/STM32L4xx_HAL_Driver/Src/stm32l4xx_hal_spi.c ****     /* Call user error callback */
4337:Drivers/STM32L4xx_HAL_Driver/Src/stm32l4xx_hal_spi.c **** #if (USE_HAL_SPI_REGISTER_CALLBACKS == 1U)
4338:Drivers/STM32L4xx_HAL_Driver/Src/stm32l4xx_hal_spi.c ****     hspi->ErrorCallback(hspi);
4339:Drivers/STM32L4xx_HAL_Driver/Src/stm32l4xx_hal_spi.c **** #else
4340:Drivers/STM32L4xx_HAL_Driver/Src/stm32l4xx_hal_spi.c ****     HAL_SPI_ErrorCallback(hspi);
ARM GAS  /tmp/ccEksN7Z.s 			page 90


4341:Drivers/STM32L4xx_HAL_Driver/Src/stm32l4xx_hal_spi.c **** #endif /* USE_HAL_SPI_REGISTER_CALLBACKS */
4342:Drivers/STM32L4xx_HAL_Driver/Src/stm32l4xx_hal_spi.c ****   }
4343:Drivers/STM32L4xx_HAL_Driver/Src/stm32l4xx_hal_spi.c ****   else
4344:Drivers/STM32L4xx_HAL_Driver/Src/stm32l4xx_hal_spi.c ****   {
4345:Drivers/STM32L4xx_HAL_Driver/Src/stm32l4xx_hal_spi.c ****     /* Call user Rx complete callback */
4346:Drivers/STM32L4xx_HAL_Driver/Src/stm32l4xx_hal_spi.c **** #if (USE_HAL_SPI_REGISTER_CALLBACKS == 1U)
4347:Drivers/STM32L4xx_HAL_Driver/Src/stm32l4xx_hal_spi.c ****     hspi->TxCpltCallback(hspi);
4348:Drivers/STM32L4xx_HAL_Driver/Src/stm32l4xx_hal_spi.c **** #else
4349:Drivers/STM32L4xx_HAL_Driver/Src/stm32l4xx_hal_spi.c ****     HAL_SPI_TxCpltCallback(hspi);
4350:Drivers/STM32L4xx_HAL_Driver/Src/stm32l4xx_hal_spi.c **** #endif /* USE_HAL_SPI_REGISTER_CALLBACKS */
4351:Drivers/STM32L4xx_HAL_Driver/Src/stm32l4xx_hal_spi.c ****   }
4352:Drivers/STM32L4xx_HAL_Driver/Src/stm32l4xx_hal_spi.c **** }
4353:Drivers/STM32L4xx_HAL_Driver/Src/stm32l4xx_hal_spi.c **** 
4354:Drivers/STM32L4xx_HAL_Driver/Src/stm32l4xx_hal_spi.c **** /**
4355:Drivers/STM32L4xx_HAL_Driver/Src/stm32l4xx_hal_spi.c ****   * @brief  Handle abort a Rx transaction.
4356:Drivers/STM32L4xx_HAL_Driver/Src/stm32l4xx_hal_spi.c ****   * @param  hspi pointer to a SPI_HandleTypeDef structure that contains
4357:Drivers/STM32L4xx_HAL_Driver/Src/stm32l4xx_hal_spi.c ****   *               the configuration information for SPI module.
4358:Drivers/STM32L4xx_HAL_Driver/Src/stm32l4xx_hal_spi.c ****   * @retval None
4359:Drivers/STM32L4xx_HAL_Driver/Src/stm32l4xx_hal_spi.c ****   */
4360:Drivers/STM32L4xx_HAL_Driver/Src/stm32l4xx_hal_spi.c **** static void SPI_AbortRx_ISR(SPI_HandleTypeDef *hspi)
4361:Drivers/STM32L4xx_HAL_Driver/Src/stm32l4xx_hal_spi.c **** {
 650              		.loc 1 4361 1 is_stmt 1 view -0
 651              		.cfi_startproc
 652              		@ args = 0, pretend = 0, frame = 8
 653              		@ frame_needed = 0, uses_anonymous_args = 0
 654              		.loc 1 4361 1 is_stmt 0 view .LVU184
 655 0000 10B5     		push	{r4, lr}
 656              		.cfi_def_cfa_offset 8
 657              		.cfi_offset 4, -8
 658              		.cfi_offset 14, -4
 659 0002 84B0     		sub	sp, sp, #16
 660              		.cfi_def_cfa_offset 24
 661 0004 0446     		mov	r4, r0
4362:Drivers/STM32L4xx_HAL_Driver/Src/stm32l4xx_hal_spi.c ****   __IO uint32_t count;
 662              		.loc 1 4362 3 is_stmt 1 view .LVU185
4363:Drivers/STM32L4xx_HAL_Driver/Src/stm32l4xx_hal_spi.c **** 
4364:Drivers/STM32L4xx_HAL_Driver/Src/stm32l4xx_hal_spi.c ****   /* Disable SPI Peripheral */
4365:Drivers/STM32L4xx_HAL_Driver/Src/stm32l4xx_hal_spi.c ****   __HAL_SPI_DISABLE(hspi);
 663              		.loc 1 4365 3 view .LVU186
 664 0006 0268     		ldr	r2, [r0]
 665 0008 1368     		ldr	r3, [r2]
 666 000a 23F04003 		bic	r3, r3, #64
 667 000e 1360     		str	r3, [r2]
4366:Drivers/STM32L4xx_HAL_Driver/Src/stm32l4xx_hal_spi.c **** 
4367:Drivers/STM32L4xx_HAL_Driver/Src/stm32l4xx_hal_spi.c ****   count = SPI_DEFAULT_TIMEOUT * (SystemCoreClock / 24U / 1000U);
 668              		.loc 1 4367 3 view .LVU187
 669              		.loc 1 4367 56 is_stmt 0 view .LVU188
 670 0010 1D4B     		ldr	r3, .L62
 671 0012 1B68     		ldr	r3, [r3]
 672 0014 1D4A     		ldr	r2, .L62+4
 673 0016 A2FB0323 		umull	r2, r3, r2, r3
 674 001a 5B0A     		lsrs	r3, r3, #9
 675              		.loc 1 4367 31 view .LVU189
 676 001c 6422     		movs	r2, #100
 677 001e 02FB03F3 		mul	r3, r2, r3
 678              		.loc 1 4367 9 view .LVU190
 679 0022 0393     		str	r3, [sp, #12]
ARM GAS  /tmp/ccEksN7Z.s 			page 91


4368:Drivers/STM32L4xx_HAL_Driver/Src/stm32l4xx_hal_spi.c **** 
4369:Drivers/STM32L4xx_HAL_Driver/Src/stm32l4xx_hal_spi.c ****   /* Disable RXNEIE interrupt */
4370:Drivers/STM32L4xx_HAL_Driver/Src/stm32l4xx_hal_spi.c ****   CLEAR_BIT(hspi->Instance->CR2, (SPI_CR2_RXNEIE));
 680              		.loc 1 4370 3 is_stmt 1 view .LVU191
 681 0024 0268     		ldr	r2, [r0]
 682 0026 5368     		ldr	r3, [r2, #4]
 683 0028 23F04003 		bic	r3, r3, #64
 684 002c 5360     		str	r3, [r2, #4]
 685              	.L57:
4371:Drivers/STM32L4xx_HAL_Driver/Src/stm32l4xx_hal_spi.c **** 
4372:Drivers/STM32L4xx_HAL_Driver/Src/stm32l4xx_hal_spi.c ****   /* Check RXNEIE is disabled */
4373:Drivers/STM32L4xx_HAL_Driver/Src/stm32l4xx_hal_spi.c ****   do
 686              		.loc 1 4373 3 view .LVU192
4374:Drivers/STM32L4xx_HAL_Driver/Src/stm32l4xx_hal_spi.c ****   {
4375:Drivers/STM32L4xx_HAL_Driver/Src/stm32l4xx_hal_spi.c ****     if (count == 0U)
 687              		.loc 1 4375 5 view .LVU193
 688              		.loc 1 4375 15 is_stmt 0 view .LVU194
 689 002e 039B     		ldr	r3, [sp, #12]
 690              		.loc 1 4375 8 view .LVU195
 691 0030 43B1     		cbz	r3, .L61
4376:Drivers/STM32L4xx_HAL_Driver/Src/stm32l4xx_hal_spi.c ****     {
4377:Drivers/STM32L4xx_HAL_Driver/Src/stm32l4xx_hal_spi.c ****       SET_BIT(hspi->ErrorCode, HAL_SPI_ERROR_ABORT);
4378:Drivers/STM32L4xx_HAL_Driver/Src/stm32l4xx_hal_spi.c ****       break;
4379:Drivers/STM32L4xx_HAL_Driver/Src/stm32l4xx_hal_spi.c ****     }
4380:Drivers/STM32L4xx_HAL_Driver/Src/stm32l4xx_hal_spi.c ****     count--;
 692              		.loc 1 4380 5 is_stmt 1 view .LVU196
 693              		.loc 1 4380 10 is_stmt 0 view .LVU197
 694 0032 039B     		ldr	r3, [sp, #12]
 695 0034 013B     		subs	r3, r3, #1
 696 0036 0393     		str	r3, [sp, #12]
4381:Drivers/STM32L4xx_HAL_Driver/Src/stm32l4xx_hal_spi.c ****   } while (HAL_IS_BIT_SET(hspi->Instance->CR2, SPI_CR2_RXNEIE));
 697              		.loc 1 4381 12 is_stmt 1 view .LVU198
 698 0038 2368     		ldr	r3, [r4]
 699 003a 5B68     		ldr	r3, [r3, #4]
 700 003c 13F0400F 		tst	r3, #64
 701 0040 F5D1     		bne	.L57
 702 0042 03E0     		b	.L56
 703              	.L61:
4377:Drivers/STM32L4xx_HAL_Driver/Src/stm32l4xx_hal_spi.c ****       break;
 704              		.loc 1 4377 7 view .LVU199
 705 0044 236E     		ldr	r3, [r4, #96]
 706 0046 43F04003 		orr	r3, r3, #64
 707 004a 2366     		str	r3, [r4, #96]
4378:Drivers/STM32L4xx_HAL_Driver/Src/stm32l4xx_hal_spi.c ****     }
 708              		.loc 1 4378 7 view .LVU200
 709              	.L56:
4382:Drivers/STM32L4xx_HAL_Driver/Src/stm32l4xx_hal_spi.c **** 
4383:Drivers/STM32L4xx_HAL_Driver/Src/stm32l4xx_hal_spi.c ****   /* Control the BSY flag */
4384:Drivers/STM32L4xx_HAL_Driver/Src/stm32l4xx_hal_spi.c ****   if (SPI_WaitFlagStateUntilTimeout(hspi, SPI_FLAG_BSY, RESET, SPI_DEFAULT_TIMEOUT, HAL_GetTick()) 
 710              		.loc 1 4384 3 view .LVU201
 711              		.loc 1 4384 7 is_stmt 0 view .LVU202
 712 004c FFF7FEFF 		bl	HAL_GetTick
 713              	.LVL39:
 714              		.loc 1 4384 7 discriminator 1 view .LVU203
 715 0050 0090     		str	r0, [sp]
 716 0052 6423     		movs	r3, #100
 717 0054 0022     		movs	r2, #0
ARM GAS  /tmp/ccEksN7Z.s 			page 92


 718 0056 8021     		movs	r1, #128
 719 0058 2046     		mov	r0, r4
 720 005a FFF7FEFF 		bl	SPI_WaitFlagStateUntilTimeout
 721              	.LVL40:
 722              		.loc 1 4384 6 discriminator 2 view .LVU204
 723 005e 08B1     		cbz	r0, .L58
4385:Drivers/STM32L4xx_HAL_Driver/Src/stm32l4xx_hal_spi.c ****   {
4386:Drivers/STM32L4xx_HAL_Driver/Src/stm32l4xx_hal_spi.c ****     hspi->ErrorCode = HAL_SPI_ERROR_ABORT;
 724              		.loc 1 4386 5 is_stmt 1 view .LVU205
 725              		.loc 1 4386 21 is_stmt 0 view .LVU206
 726 0060 4023     		movs	r3, #64
 727 0062 2366     		str	r3, [r4, #96]
 728              	.L58:
4387:Drivers/STM32L4xx_HAL_Driver/Src/stm32l4xx_hal_spi.c ****   }
4388:Drivers/STM32L4xx_HAL_Driver/Src/stm32l4xx_hal_spi.c **** 
4389:Drivers/STM32L4xx_HAL_Driver/Src/stm32l4xx_hal_spi.c ****   /* Empty the FRLVL fifo */
4390:Drivers/STM32L4xx_HAL_Driver/Src/stm32l4xx_hal_spi.c ****   if (SPI_WaitFifoStateUntilTimeout(hspi, SPI_FLAG_FRLVL, SPI_FRLVL_EMPTY, SPI_DEFAULT_TIMEOUT, HAL
 729              		.loc 1 4390 3 is_stmt 1 view .LVU207
 730              		.loc 1 4390 7 is_stmt 0 view .LVU208
 731 0064 FFF7FEFF 		bl	HAL_GetTick
 732              	.LVL41:
 733              		.loc 1 4390 7 discriminator 1 view .LVU209
 734 0068 0090     		str	r0, [sp]
 735 006a 6423     		movs	r3, #100
 736 006c 0022     		movs	r2, #0
 737 006e 4FF4C061 		mov	r1, #1536
 738 0072 2046     		mov	r0, r4
 739 0074 FFF7FEFF 		bl	SPI_WaitFifoStateUntilTimeout
 740              	.LVL42:
 741              		.loc 1 4390 6 discriminator 2 view .LVU210
 742 0078 08B1     		cbz	r0, .L59
4391:Drivers/STM32L4xx_HAL_Driver/Src/stm32l4xx_hal_spi.c ****   {
4392:Drivers/STM32L4xx_HAL_Driver/Src/stm32l4xx_hal_spi.c ****     hspi->ErrorCode = HAL_SPI_ERROR_ABORT;
 743              		.loc 1 4392 5 is_stmt 1 view .LVU211
 744              		.loc 1 4392 21 is_stmt 0 view .LVU212
 745 007a 4023     		movs	r3, #64
 746 007c 2366     		str	r3, [r4, #96]
 747              	.L59:
4393:Drivers/STM32L4xx_HAL_Driver/Src/stm32l4xx_hal_spi.c ****   }
4394:Drivers/STM32L4xx_HAL_Driver/Src/stm32l4xx_hal_spi.c **** 
4395:Drivers/STM32L4xx_HAL_Driver/Src/stm32l4xx_hal_spi.c ****   hspi->State = HAL_SPI_STATE_ABORT;
 748              		.loc 1 4395 3 is_stmt 1 view .LVU213
 749              		.loc 1 4395 15 is_stmt 0 view .LVU214
 750 007e 0723     		movs	r3, #7
 751 0080 84F85D30 		strb	r3, [r4, #93]
4396:Drivers/STM32L4xx_HAL_Driver/Src/stm32l4xx_hal_spi.c **** }
 752              		.loc 1 4396 1 view .LVU215
 753 0084 04B0     		add	sp, sp, #16
 754              		.cfi_def_cfa_offset 8
 755              		@ sp needed
 756 0086 10BD     		pop	{r4, pc}
 757              	.LVL43:
 758              	.L63:
 759              		.loc 1 4396 1 view .LVU216
 760              		.align	2
 761              	.L62:
 762 0088 00000000 		.word	SystemCoreClock
ARM GAS  /tmp/ccEksN7Z.s 			page 93


 763 008c F1197605 		.word	91625969
 764              		.cfi_endproc
 765              	.LFE342:
 767              		.section	.text.SPI_AbortTx_ISR,"ax",%progbits
 768              		.align	1
 769              		.syntax unified
 770              		.thumb
 771              		.thumb_func
 773              	SPI_AbortTx_ISR:
 774              	.LVL44:
 775              	.LFB343:
4397:Drivers/STM32L4xx_HAL_Driver/Src/stm32l4xx_hal_spi.c **** 
4398:Drivers/STM32L4xx_HAL_Driver/Src/stm32l4xx_hal_spi.c **** /**
4399:Drivers/STM32L4xx_HAL_Driver/Src/stm32l4xx_hal_spi.c ****   * @brief  Handle abort a Tx or Rx/Tx transaction.
4400:Drivers/STM32L4xx_HAL_Driver/Src/stm32l4xx_hal_spi.c ****   * @param  hspi pointer to a SPI_HandleTypeDef structure that contains
4401:Drivers/STM32L4xx_HAL_Driver/Src/stm32l4xx_hal_spi.c ****   *               the configuration information for SPI module.
4402:Drivers/STM32L4xx_HAL_Driver/Src/stm32l4xx_hal_spi.c ****   * @retval None
4403:Drivers/STM32L4xx_HAL_Driver/Src/stm32l4xx_hal_spi.c ****   */
4404:Drivers/STM32L4xx_HAL_Driver/Src/stm32l4xx_hal_spi.c **** static void SPI_AbortTx_ISR(SPI_HandleTypeDef *hspi)
4405:Drivers/STM32L4xx_HAL_Driver/Src/stm32l4xx_hal_spi.c **** {
 776              		.loc 1 4405 1 is_stmt 1 view -0
 777              		.cfi_startproc
 778              		@ args = 0, pretend = 0, frame = 8
 779              		@ frame_needed = 0, uses_anonymous_args = 0
 780              		.loc 1 4405 1 is_stmt 0 view .LVU218
 781 0000 10B5     		push	{r4, lr}
 782              		.cfi_def_cfa_offset 8
 783              		.cfi_offset 4, -8
 784              		.cfi_offset 14, -4
 785 0002 84B0     		sub	sp, sp, #16
 786              		.cfi_def_cfa_offset 24
 787 0004 0446     		mov	r4, r0
4406:Drivers/STM32L4xx_HAL_Driver/Src/stm32l4xx_hal_spi.c ****   __IO uint32_t count;
 788              		.loc 1 4406 3 is_stmt 1 view .LVU219
4407:Drivers/STM32L4xx_HAL_Driver/Src/stm32l4xx_hal_spi.c **** 
4408:Drivers/STM32L4xx_HAL_Driver/Src/stm32l4xx_hal_spi.c ****   count = SPI_DEFAULT_TIMEOUT * (SystemCoreClock / 24U / 1000U);
 789              		.loc 1 4408 3 view .LVU220
 790              		.loc 1 4408 56 is_stmt 0 view .LVU221
 791 0006 384B     		ldr	r3, .L78
 792 0008 1B68     		ldr	r3, [r3]
 793 000a 384A     		ldr	r2, .L78+4
 794 000c A2FB0323 		umull	r2, r3, r2, r3
 795 0010 5B0A     		lsrs	r3, r3, #9
 796              		.loc 1 4408 31 view .LVU222
 797 0012 6422     		movs	r2, #100
 798 0014 02FB03F3 		mul	r3, r2, r3
 799              		.loc 1 4408 9 view .LVU223
 800 0018 0393     		str	r3, [sp, #12]
4409:Drivers/STM32L4xx_HAL_Driver/Src/stm32l4xx_hal_spi.c **** 
4410:Drivers/STM32L4xx_HAL_Driver/Src/stm32l4xx_hal_spi.c ****   /* Disable TXEIE interrupt */
4411:Drivers/STM32L4xx_HAL_Driver/Src/stm32l4xx_hal_spi.c ****   CLEAR_BIT(hspi->Instance->CR2, (SPI_CR2_TXEIE));
 801              		.loc 1 4411 3 is_stmt 1 view .LVU224
 802 001a 0268     		ldr	r2, [r0]
 803 001c 5368     		ldr	r3, [r2, #4]
 804 001e 23F08003 		bic	r3, r3, #128
 805 0022 5360     		str	r3, [r2, #4]
 806              	.L67:
ARM GAS  /tmp/ccEksN7Z.s 			page 94


4412:Drivers/STM32L4xx_HAL_Driver/Src/stm32l4xx_hal_spi.c **** 
4413:Drivers/STM32L4xx_HAL_Driver/Src/stm32l4xx_hal_spi.c ****   /* Check TXEIE is disabled */
4414:Drivers/STM32L4xx_HAL_Driver/Src/stm32l4xx_hal_spi.c ****   do
 807              		.loc 1 4414 3 view .LVU225
4415:Drivers/STM32L4xx_HAL_Driver/Src/stm32l4xx_hal_spi.c ****   {
4416:Drivers/STM32L4xx_HAL_Driver/Src/stm32l4xx_hal_spi.c ****     if (count == 0U)
 808              		.loc 1 4416 5 view .LVU226
 809              		.loc 1 4416 15 is_stmt 0 view .LVU227
 810 0024 039B     		ldr	r3, [sp, #12]
 811              		.loc 1 4416 8 view .LVU228
 812 0026 43B1     		cbz	r3, .L76
4417:Drivers/STM32L4xx_HAL_Driver/Src/stm32l4xx_hal_spi.c ****     {
4418:Drivers/STM32L4xx_HAL_Driver/Src/stm32l4xx_hal_spi.c ****       SET_BIT(hspi->ErrorCode, HAL_SPI_ERROR_ABORT);
4419:Drivers/STM32L4xx_HAL_Driver/Src/stm32l4xx_hal_spi.c ****       break;
4420:Drivers/STM32L4xx_HAL_Driver/Src/stm32l4xx_hal_spi.c ****     }
4421:Drivers/STM32L4xx_HAL_Driver/Src/stm32l4xx_hal_spi.c ****     count--;
 813              		.loc 1 4421 5 is_stmt 1 view .LVU229
 814              		.loc 1 4421 10 is_stmt 0 view .LVU230
 815 0028 039B     		ldr	r3, [sp, #12]
 816 002a 013B     		subs	r3, r3, #1
 817 002c 0393     		str	r3, [sp, #12]
4422:Drivers/STM32L4xx_HAL_Driver/Src/stm32l4xx_hal_spi.c ****   } while (HAL_IS_BIT_SET(hspi->Instance->CR2, SPI_CR2_TXEIE));
 818              		.loc 1 4422 12 is_stmt 1 view .LVU231
 819 002e 2368     		ldr	r3, [r4]
 820 0030 5B68     		ldr	r3, [r3, #4]
 821 0032 13F0800F 		tst	r3, #128
 822 0036 F5D1     		bne	.L67
 823 0038 03E0     		b	.L66
 824              	.L76:
4418:Drivers/STM32L4xx_HAL_Driver/Src/stm32l4xx_hal_spi.c ****       break;
 825              		.loc 1 4418 7 view .LVU232
 826 003a 236E     		ldr	r3, [r4, #96]
 827 003c 43F04003 		orr	r3, r3, #64
 828 0040 2366     		str	r3, [r4, #96]
4419:Drivers/STM32L4xx_HAL_Driver/Src/stm32l4xx_hal_spi.c ****     }
 829              		.loc 1 4419 7 view .LVU233
 830              	.L66:
4423:Drivers/STM32L4xx_HAL_Driver/Src/stm32l4xx_hal_spi.c **** 
4424:Drivers/STM32L4xx_HAL_Driver/Src/stm32l4xx_hal_spi.c ****   if (SPI_EndRxTxTransaction(hspi, SPI_DEFAULT_TIMEOUT, HAL_GetTick()) != HAL_OK)
 831              		.loc 1 4424 3 view .LVU234
 832              		.loc 1 4424 7 is_stmt 0 view .LVU235
 833 0042 FFF7FEFF 		bl	HAL_GetTick
 834              	.LVL45:
 835              		.loc 1 4424 7 view .LVU236
 836 0046 0246     		mov	r2, r0
 837              		.loc 1 4424 7 discriminator 1 view .LVU237
 838 0048 6421     		movs	r1, #100
 839 004a 2046     		mov	r0, r4
 840 004c FFF7FEFF 		bl	SPI_EndRxTxTransaction
 841              	.LVL46:
 842              		.loc 1 4424 6 discriminator 2 view .LVU238
 843 0050 08B1     		cbz	r0, .L68
4425:Drivers/STM32L4xx_HAL_Driver/Src/stm32l4xx_hal_spi.c ****   {
4426:Drivers/STM32L4xx_HAL_Driver/Src/stm32l4xx_hal_spi.c ****     hspi->ErrorCode = HAL_SPI_ERROR_ABORT;
 844              		.loc 1 4426 5 is_stmt 1 view .LVU239
 845              		.loc 1 4426 21 is_stmt 0 view .LVU240
 846 0052 4023     		movs	r3, #64
ARM GAS  /tmp/ccEksN7Z.s 			page 95


 847 0054 2366     		str	r3, [r4, #96]
 848              	.L68:
4427:Drivers/STM32L4xx_HAL_Driver/Src/stm32l4xx_hal_spi.c ****   }
4428:Drivers/STM32L4xx_HAL_Driver/Src/stm32l4xx_hal_spi.c **** 
4429:Drivers/STM32L4xx_HAL_Driver/Src/stm32l4xx_hal_spi.c ****   /* Disable SPI Peripheral */
4430:Drivers/STM32L4xx_HAL_Driver/Src/stm32l4xx_hal_spi.c ****   __HAL_SPI_DISABLE(hspi);
 849              		.loc 1 4430 3 is_stmt 1 view .LVU241
 850 0056 2268     		ldr	r2, [r4]
 851 0058 1368     		ldr	r3, [r2]
 852 005a 23F04003 		bic	r3, r3, #64
 853 005e 1360     		str	r3, [r2]
4431:Drivers/STM32L4xx_HAL_Driver/Src/stm32l4xx_hal_spi.c **** 
4432:Drivers/STM32L4xx_HAL_Driver/Src/stm32l4xx_hal_spi.c ****   /* Empty the FRLVL fifo */
4433:Drivers/STM32L4xx_HAL_Driver/Src/stm32l4xx_hal_spi.c ****   if (SPI_WaitFifoStateUntilTimeout(hspi, SPI_FLAG_FRLVL, SPI_FRLVL_EMPTY, SPI_DEFAULT_TIMEOUT, HAL
 854              		.loc 1 4433 3 view .LVU242
 855              		.loc 1 4433 7 is_stmt 0 view .LVU243
 856 0060 FFF7FEFF 		bl	HAL_GetTick
 857              	.LVL47:
 858              		.loc 1 4433 7 discriminator 1 view .LVU244
 859 0064 0090     		str	r0, [sp]
 860 0066 6423     		movs	r3, #100
 861 0068 0022     		movs	r2, #0
 862 006a 4FF4C061 		mov	r1, #1536
 863 006e 2046     		mov	r0, r4
 864 0070 FFF7FEFF 		bl	SPI_WaitFifoStateUntilTimeout
 865              	.LVL48:
 866              		.loc 1 4433 6 discriminator 2 view .LVU245
 867 0074 08B1     		cbz	r0, .L69
4434:Drivers/STM32L4xx_HAL_Driver/Src/stm32l4xx_hal_spi.c ****   {
4435:Drivers/STM32L4xx_HAL_Driver/Src/stm32l4xx_hal_spi.c ****     hspi->ErrorCode = HAL_SPI_ERROR_ABORT;
 868              		.loc 1 4435 5 is_stmt 1 view .LVU246
 869              		.loc 1 4435 21 is_stmt 0 view .LVU247
 870 0076 4023     		movs	r3, #64
 871 0078 2366     		str	r3, [r4, #96]
 872              	.L69:
4436:Drivers/STM32L4xx_HAL_Driver/Src/stm32l4xx_hal_spi.c ****   }
4437:Drivers/STM32L4xx_HAL_Driver/Src/stm32l4xx_hal_spi.c **** 
4438:Drivers/STM32L4xx_HAL_Driver/Src/stm32l4xx_hal_spi.c ****   /* Check case of Full-Duplex Mode and disable directly RXNEIE interrupt */
4439:Drivers/STM32L4xx_HAL_Driver/Src/stm32l4xx_hal_spi.c ****   if (HAL_IS_BIT_SET(hspi->Instance->CR2, SPI_CR2_RXNEIE))
 873              		.loc 1 4439 3 is_stmt 1 view .LVU248
 874              		.loc 1 4439 7 is_stmt 0 view .LVU249
 875 007a 2368     		ldr	r3, [r4]
 876 007c 5A68     		ldr	r2, [r3, #4]
 877              		.loc 1 4439 6 view .LVU250
 878 007e 12F0400F 		tst	r2, #64
 879 0082 2BD0     		beq	.L70
4440:Drivers/STM32L4xx_HAL_Driver/Src/stm32l4xx_hal_spi.c ****   {
4441:Drivers/STM32L4xx_HAL_Driver/Src/stm32l4xx_hal_spi.c ****     /* Disable RXNEIE interrupt */
4442:Drivers/STM32L4xx_HAL_Driver/Src/stm32l4xx_hal_spi.c ****     CLEAR_BIT(hspi->Instance->CR2, (SPI_CR2_RXNEIE));
 880              		.loc 1 4442 5 is_stmt 1 view .LVU251
 881 0084 5A68     		ldr	r2, [r3, #4]
 882 0086 22F04002 		bic	r2, r2, #64
 883 008a 5A60     		str	r2, [r3, #4]
 884              	.L73:
4443:Drivers/STM32L4xx_HAL_Driver/Src/stm32l4xx_hal_spi.c **** 
4444:Drivers/STM32L4xx_HAL_Driver/Src/stm32l4xx_hal_spi.c ****     /* Check RXNEIE is disabled */
4445:Drivers/STM32L4xx_HAL_Driver/Src/stm32l4xx_hal_spi.c ****     do
ARM GAS  /tmp/ccEksN7Z.s 			page 96


 885              		.loc 1 4445 5 view .LVU252
4446:Drivers/STM32L4xx_HAL_Driver/Src/stm32l4xx_hal_spi.c ****     {
4447:Drivers/STM32L4xx_HAL_Driver/Src/stm32l4xx_hal_spi.c ****       if (count == 0U)
 886              		.loc 1 4447 7 view .LVU253
 887              		.loc 1 4447 17 is_stmt 0 view .LVU254
 888 008c 039B     		ldr	r3, [sp, #12]
 889              		.loc 1 4447 10 view .LVU255
 890 008e 43B1     		cbz	r3, .L77
4448:Drivers/STM32L4xx_HAL_Driver/Src/stm32l4xx_hal_spi.c ****       {
4449:Drivers/STM32L4xx_HAL_Driver/Src/stm32l4xx_hal_spi.c ****         SET_BIT(hspi->ErrorCode, HAL_SPI_ERROR_ABORT);
4450:Drivers/STM32L4xx_HAL_Driver/Src/stm32l4xx_hal_spi.c ****         break;
4451:Drivers/STM32L4xx_HAL_Driver/Src/stm32l4xx_hal_spi.c ****       }
4452:Drivers/STM32L4xx_HAL_Driver/Src/stm32l4xx_hal_spi.c ****       count--;
 891              		.loc 1 4452 7 is_stmt 1 view .LVU256
 892              		.loc 1 4452 12 is_stmt 0 view .LVU257
 893 0090 039B     		ldr	r3, [sp, #12]
 894 0092 013B     		subs	r3, r3, #1
 895 0094 0393     		str	r3, [sp, #12]
4453:Drivers/STM32L4xx_HAL_Driver/Src/stm32l4xx_hal_spi.c ****     } while (HAL_IS_BIT_SET(hspi->Instance->CR2, SPI_CR2_RXNEIE));
 896              		.loc 1 4453 14 is_stmt 1 view .LVU258
 897 0096 2368     		ldr	r3, [r4]
 898 0098 5B68     		ldr	r3, [r3, #4]
 899 009a 13F0400F 		tst	r3, #64
 900 009e F5D1     		bne	.L73
 901 00a0 03E0     		b	.L72
 902              	.L77:
4449:Drivers/STM32L4xx_HAL_Driver/Src/stm32l4xx_hal_spi.c ****         break;
 903              		.loc 1 4449 9 view .LVU259
 904 00a2 236E     		ldr	r3, [r4, #96]
 905 00a4 43F04003 		orr	r3, r3, #64
 906 00a8 2366     		str	r3, [r4, #96]
4450:Drivers/STM32L4xx_HAL_Driver/Src/stm32l4xx_hal_spi.c ****       }
 907              		.loc 1 4450 9 view .LVU260
 908              	.L72:
4454:Drivers/STM32L4xx_HAL_Driver/Src/stm32l4xx_hal_spi.c **** 
4455:Drivers/STM32L4xx_HAL_Driver/Src/stm32l4xx_hal_spi.c ****     /* Control the BSY flag */
4456:Drivers/STM32L4xx_HAL_Driver/Src/stm32l4xx_hal_spi.c ****     if (SPI_WaitFlagStateUntilTimeout(hspi, SPI_FLAG_BSY, RESET, SPI_DEFAULT_TIMEOUT, HAL_GetTick()
 909              		.loc 1 4456 5 view .LVU261
 910              		.loc 1 4456 9 is_stmt 0 view .LVU262
 911 00aa FFF7FEFF 		bl	HAL_GetTick
 912              	.LVL49:
 913              		.loc 1 4456 9 discriminator 1 view .LVU263
 914 00ae 0090     		str	r0, [sp]
 915 00b0 6423     		movs	r3, #100
 916 00b2 0022     		movs	r2, #0
 917 00b4 8021     		movs	r1, #128
 918 00b6 2046     		mov	r0, r4
 919 00b8 FFF7FEFF 		bl	SPI_WaitFlagStateUntilTimeout
 920              	.LVL50:
 921              		.loc 1 4456 8 discriminator 2 view .LVU264
 922 00bc 08B1     		cbz	r0, .L74
4457:Drivers/STM32L4xx_HAL_Driver/Src/stm32l4xx_hal_spi.c ****     {
4458:Drivers/STM32L4xx_HAL_Driver/Src/stm32l4xx_hal_spi.c ****       hspi->ErrorCode = HAL_SPI_ERROR_ABORT;
 923              		.loc 1 4458 7 is_stmt 1 view .LVU265
 924              		.loc 1 4458 23 is_stmt 0 view .LVU266
 925 00be 4023     		movs	r3, #64
 926 00c0 2366     		str	r3, [r4, #96]
ARM GAS  /tmp/ccEksN7Z.s 			page 97


 927              	.L74:
4459:Drivers/STM32L4xx_HAL_Driver/Src/stm32l4xx_hal_spi.c ****     }
4460:Drivers/STM32L4xx_HAL_Driver/Src/stm32l4xx_hal_spi.c **** 
4461:Drivers/STM32L4xx_HAL_Driver/Src/stm32l4xx_hal_spi.c ****     /* Empty the FRLVL fifo */
4462:Drivers/STM32L4xx_HAL_Driver/Src/stm32l4xx_hal_spi.c ****     if (SPI_WaitFifoStateUntilTimeout(hspi, SPI_FLAG_FRLVL, SPI_FRLVL_EMPTY, SPI_DEFAULT_TIMEOUT, H
 928              		.loc 1 4462 5 is_stmt 1 view .LVU267
 929              		.loc 1 4462 9 is_stmt 0 view .LVU268
 930 00c2 FFF7FEFF 		bl	HAL_GetTick
 931              	.LVL51:
 932              		.loc 1 4462 9 discriminator 1 view .LVU269
 933 00c6 0090     		str	r0, [sp]
 934 00c8 6423     		movs	r3, #100
 935 00ca 0022     		movs	r2, #0
 936 00cc 4FF4C061 		mov	r1, #1536
 937 00d0 2046     		mov	r0, r4
 938 00d2 FFF7FEFF 		bl	SPI_WaitFifoStateUntilTimeout
 939              	.LVL52:
 940              		.loc 1 4462 8 discriminator 2 view .LVU270
 941 00d6 08B1     		cbz	r0, .L70
4463:Drivers/STM32L4xx_HAL_Driver/Src/stm32l4xx_hal_spi.c ****     {
4464:Drivers/STM32L4xx_HAL_Driver/Src/stm32l4xx_hal_spi.c ****       hspi->ErrorCode = HAL_SPI_ERROR_ABORT;
 942              		.loc 1 4464 7 is_stmt 1 view .LVU271
 943              		.loc 1 4464 23 is_stmt 0 view .LVU272
 944 00d8 4023     		movs	r3, #64
 945 00da 2366     		str	r3, [r4, #96]
 946              	.L70:
4465:Drivers/STM32L4xx_HAL_Driver/Src/stm32l4xx_hal_spi.c ****     }
4466:Drivers/STM32L4xx_HAL_Driver/Src/stm32l4xx_hal_spi.c ****   }
4467:Drivers/STM32L4xx_HAL_Driver/Src/stm32l4xx_hal_spi.c ****   hspi->State = HAL_SPI_STATE_ABORT;
 947              		.loc 1 4467 3 is_stmt 1 view .LVU273
 948              		.loc 1 4467 15 is_stmt 0 view .LVU274
 949 00dc 0723     		movs	r3, #7
 950 00de 84F85D30 		strb	r3, [r4, #93]
4468:Drivers/STM32L4xx_HAL_Driver/Src/stm32l4xx_hal_spi.c **** }
 951              		.loc 1 4468 1 view .LVU275
 952 00e2 04B0     		add	sp, sp, #16
 953              		.cfi_def_cfa_offset 8
 954              		@ sp needed
 955 00e4 10BD     		pop	{r4, pc}
 956              	.LVL53:
 957              	.L79:
 958              		.loc 1 4468 1 view .LVU276
 959 00e6 00BF     		.align	2
 960              	.L78:
 961 00e8 00000000 		.word	SystemCoreClock
 962 00ec F1197605 		.word	91625969
 963              		.cfi_endproc
 964              	.LFE343:
 966              		.section	.text.HAL_SPI_MspInit,"ax",%progbits
 967              		.align	1
 968              		.weak	HAL_SPI_MspInit
 969              		.syntax unified
 970              		.thumb
 971              		.thumb_func
 973              	HAL_SPI_MspInit:
 974              	.LVL54:
 975              	.LFB290:
ARM GAS  /tmp/ccEksN7Z.s 			page 98


 534:Drivers/STM32L4xx_HAL_Driver/Src/stm32l4xx_hal_spi.c ****   /* Prevent unused argument(s) compilation warning */
 976              		.loc 1 534 1 is_stmt 1 view -0
 977              		.cfi_startproc
 978              		@ args = 0, pretend = 0, frame = 0
 979              		@ frame_needed = 0, uses_anonymous_args = 0
 980              		@ link register save eliminated.
 536:Drivers/STM32L4xx_HAL_Driver/Src/stm32l4xx_hal_spi.c **** 
 981              		.loc 1 536 3 view .LVU278
 541:Drivers/STM32L4xx_HAL_Driver/Src/stm32l4xx_hal_spi.c **** 
 982              		.loc 1 541 1 is_stmt 0 view .LVU279
 983 0000 7047     		bx	lr
 984              		.cfi_endproc
 985              	.LFE290:
 987              		.section	.text.HAL_SPI_Init,"ax",%progbits
 988              		.align	1
 989              		.global	HAL_SPI_Init
 990              		.syntax unified
 991              		.thumb
 992              		.thumb_func
 994              	HAL_SPI_Init:
 995              	.LVL55:
 996              	.LFB288:
 315:Drivers/STM32L4xx_HAL_Driver/Src/stm32l4xx_hal_spi.c ****   uint32_t frxth;
 997              		.loc 1 315 1 is_stmt 1 view -0
 998              		.cfi_startproc
 999              		@ args = 0, pretend = 0, frame = 0
 1000              		@ frame_needed = 0, uses_anonymous_args = 0
 316:Drivers/STM32L4xx_HAL_Driver/Src/stm32l4xx_hal_spi.c **** 
 1001              		.loc 1 316 3 view .LVU281
 319:Drivers/STM32L4xx_HAL_Driver/Src/stm32l4xx_hal_spi.c ****   {
 1002              		.loc 1 319 3 view .LVU282
 319:Drivers/STM32L4xx_HAL_Driver/Src/stm32l4xx_hal_spi.c ****   {
 1003              		.loc 1 319 6 is_stmt 0 view .LVU283
 1004 0000 0028     		cmp	r0, #0
 1005 0002 6AD0     		beq	.L88
 315:Drivers/STM32L4xx_HAL_Driver/Src/stm32l4xx_hal_spi.c ****   uint32_t frxth;
 1006              		.loc 1 315 1 view .LVU284
 1007 0004 10B5     		push	{r4, lr}
 1008              		.cfi_def_cfa_offset 8
 1009              		.cfi_offset 4, -8
 1010              		.cfi_offset 14, -4
 1011 0006 0446     		mov	r4, r0
 325:Drivers/STM32L4xx_HAL_Driver/Src/stm32l4xx_hal_spi.c ****   assert_param(IS_SPI_MODE(hspi->Init.Mode));
 1012              		.loc 1 325 3 is_stmt 1 view .LVU285
 326:Drivers/STM32L4xx_HAL_Driver/Src/stm32l4xx_hal_spi.c ****   assert_param(IS_SPI_DIRECTION(hspi->Init.Direction));
 1013              		.loc 1 326 3 view .LVU286
 327:Drivers/STM32L4xx_HAL_Driver/Src/stm32l4xx_hal_spi.c ****   assert_param(IS_SPI_DATASIZE(hspi->Init.DataSize));
 1014              		.loc 1 327 3 view .LVU287
 328:Drivers/STM32L4xx_HAL_Driver/Src/stm32l4xx_hal_spi.c ****   assert_param(IS_SPI_NSS(hspi->Init.NSS));
 1015              		.loc 1 328 3 view .LVU288
 329:Drivers/STM32L4xx_HAL_Driver/Src/stm32l4xx_hal_spi.c ****   assert_param(IS_SPI_NSSP(hspi->Init.NSSPMode));
 1016              		.loc 1 329 3 view .LVU289
 330:Drivers/STM32L4xx_HAL_Driver/Src/stm32l4xx_hal_spi.c ****   assert_param(IS_SPI_BAUDRATE_PRESCALER(hspi->Init.BaudRatePrescaler));
 1017              		.loc 1 330 3 view .LVU290
 331:Drivers/STM32L4xx_HAL_Driver/Src/stm32l4xx_hal_spi.c ****   assert_param(IS_SPI_FIRST_BIT(hspi->Init.FirstBit));
 1018              		.loc 1 331 3 view .LVU291
 332:Drivers/STM32L4xx_HAL_Driver/Src/stm32l4xx_hal_spi.c ****   assert_param(IS_SPI_TIMODE(hspi->Init.TIMode));
ARM GAS  /tmp/ccEksN7Z.s 			page 99


 1019              		.loc 1 332 3 view .LVU292
 333:Drivers/STM32L4xx_HAL_Driver/Src/stm32l4xx_hal_spi.c ****   if (hspi->Init.TIMode == SPI_TIMODE_DISABLE)
 1020              		.loc 1 333 3 view .LVU293
 334:Drivers/STM32L4xx_HAL_Driver/Src/stm32l4xx_hal_spi.c ****   {
 1021              		.loc 1 334 3 view .LVU294
 334:Drivers/STM32L4xx_HAL_Driver/Src/stm32l4xx_hal_spi.c ****   {
 1022              		.loc 1 334 17 is_stmt 0 view .LVU295
 1023 0008 436A     		ldr	r3, [r0, #36]
 334:Drivers/STM32L4xx_HAL_Driver/Src/stm32l4xx_hal_spi.c ****   {
 1024              		.loc 1 334 6 view .LVU296
 1025 000a 33B9     		cbnz	r3, .L83
 336:Drivers/STM32L4xx_HAL_Driver/Src/stm32l4xx_hal_spi.c ****     assert_param(IS_SPI_CPHA(hspi->Init.CLKPhase));
 1026              		.loc 1 336 5 is_stmt 1 view .LVU297
 337:Drivers/STM32L4xx_HAL_Driver/Src/stm32l4xx_hal_spi.c **** 
 1027              		.loc 1 337 5 view .LVU298
 339:Drivers/STM32L4xx_HAL_Driver/Src/stm32l4xx_hal_spi.c ****     {
 1028              		.loc 1 339 5 view .LVU299
 339:Drivers/STM32L4xx_HAL_Driver/Src/stm32l4xx_hal_spi.c ****     {
 1029              		.loc 1 339 19 is_stmt 0 view .LVU300
 1030 000c 4368     		ldr	r3, [r0, #4]
 339:Drivers/STM32L4xx_HAL_Driver/Src/stm32l4xx_hal_spi.c ****     {
 1031              		.loc 1 339 8 view .LVU301
 1032 000e B3F5827F 		cmp	r3, #260
 1033 0012 05D0     		beq	.L84
 346:Drivers/STM32L4xx_HAL_Driver/Src/stm32l4xx_hal_spi.c ****     }
 1034              		.loc 1 346 7 is_stmt 1 view .LVU302
 346:Drivers/STM32L4xx_HAL_Driver/Src/stm32l4xx_hal_spi.c ****     }
 1035              		.loc 1 346 36 is_stmt 0 view .LVU303
 1036 0014 0023     		movs	r3, #0
 1037 0016 C361     		str	r3, [r0, #28]
 1038 0018 02E0     		b	.L84
 1039              	.L83:
 351:Drivers/STM32L4xx_HAL_Driver/Src/stm32l4xx_hal_spi.c **** 
 1040              		.loc 1 351 5 is_stmt 1 view .LVU304
 354:Drivers/STM32L4xx_HAL_Driver/Src/stm32l4xx_hal_spi.c ****     hspi->Init.CLKPhase    = SPI_PHASE_1EDGE;
 1041              		.loc 1 354 5 view .LVU305
 354:Drivers/STM32L4xx_HAL_Driver/Src/stm32l4xx_hal_spi.c ****     hspi->Init.CLKPhase    = SPI_PHASE_1EDGE;
 1042              		.loc 1 354 28 is_stmt 0 view .LVU306
 1043 001a 0023     		movs	r3, #0
 1044 001c 0361     		str	r3, [r0, #16]
 355:Drivers/STM32L4xx_HAL_Driver/Src/stm32l4xx_hal_spi.c ****   }
 1045              		.loc 1 355 5 is_stmt 1 view .LVU307
 355:Drivers/STM32L4xx_HAL_Driver/Src/stm32l4xx_hal_spi.c ****   }
 1046              		.loc 1 355 28 is_stmt 0 view .LVU308
 1047 001e 4361     		str	r3, [r0, #20]
 1048              	.L84:
 365:Drivers/STM32L4xx_HAL_Driver/Src/stm32l4xx_hal_spi.c **** #endif /* USE_SPI_CRC */
 1049              		.loc 1 365 3 is_stmt 1 view .LVU309
 365:Drivers/STM32L4xx_HAL_Driver/Src/stm32l4xx_hal_spi.c **** #endif /* USE_SPI_CRC */
 1050              		.loc 1 365 29 is_stmt 0 view .LVU310
 1051 0020 0023     		movs	r3, #0
 1052 0022 A362     		str	r3, [r4, #40]
 368:Drivers/STM32L4xx_HAL_Driver/Src/stm32l4xx_hal_spi.c ****   {
 1053              		.loc 1 368 3 is_stmt 1 view .LVU311
 368:Drivers/STM32L4xx_HAL_Driver/Src/stm32l4xx_hal_spi.c ****   {
 1054              		.loc 1 368 11 is_stmt 0 view .LVU312
 1055 0024 94F85D30 		ldrb	r3, [r4, #93]	@ zero_extendqisi2
ARM GAS  /tmp/ccEksN7Z.s 			page 100


 368:Drivers/STM32L4xx_HAL_Driver/Src/stm32l4xx_hal_spi.c ****   {
 1056              		.loc 1 368 6 view .LVU313
 1057 0028 002B     		cmp	r3, #0
 1058 002a 4DD0     		beq	.L94
 1059              	.LVL56:
 1060              	.L85:
 397:Drivers/STM32L4xx_HAL_Driver/Src/stm32l4xx_hal_spi.c **** 
 1061              		.loc 1 397 3 is_stmt 1 view .LVU314
 397:Drivers/STM32L4xx_HAL_Driver/Src/stm32l4xx_hal_spi.c **** 
 1062              		.loc 1 397 15 is_stmt 0 view .LVU315
 1063 002c 0223     		movs	r3, #2
 1064 002e 84F85D30 		strb	r3, [r4, #93]
 400:Drivers/STM32L4xx_HAL_Driver/Src/stm32l4xx_hal_spi.c **** 
 1065              		.loc 1 400 3 is_stmt 1 view .LVU316
 1066 0032 2268     		ldr	r2, [r4]
 1067 0034 1368     		ldr	r3, [r2]
 1068 0036 23F04003 		bic	r3, r3, #64
 1069 003a 1360     		str	r3, [r2]
 403:Drivers/STM32L4xx_HAL_Driver/Src/stm32l4xx_hal_spi.c ****   {
 1070              		.loc 1 403 3 view .LVU317
 403:Drivers/STM32L4xx_HAL_Driver/Src/stm32l4xx_hal_spi.c ****   {
 1071              		.loc 1 403 17 is_stmt 0 view .LVU318
 1072 003c E368     		ldr	r3, [r4, #12]
 403:Drivers/STM32L4xx_HAL_Driver/Src/stm32l4xx_hal_spi.c ****   {
 1073              		.loc 1 403 6 view .LVU319
 1074 003e B3F5E06F 		cmp	r3, #1792
 1075 0042 47D9     		bls	.L89
 405:Drivers/STM32L4xx_HAL_Driver/Src/stm32l4xx_hal_spi.c ****   }
 1076              		.loc 1 405 11 view .LVU320
 1077 0044 0022     		movs	r2, #0
 1078              	.L86:
 1079              	.LVL57:
 413:Drivers/STM32L4xx_HAL_Driver/Src/stm32l4xx_hal_spi.c ****   {
 1080              		.loc 1 413 3 is_stmt 1 view .LVU321
 413:Drivers/STM32L4xx_HAL_Driver/Src/stm32l4xx_hal_spi.c ****   {
 1081              		.loc 1 413 6 is_stmt 0 view .LVU322
 1082 0046 B3F5706F 		cmp	r3, #3840
 1083 004a 04D0     		beq	.L87
 413:Drivers/STM32L4xx_HAL_Driver/Src/stm32l4xx_hal_spi.c ****   {
 1084              		.loc 1 413 51 discriminator 1 view .LVU323
 1085 004c B3F5E06F 		cmp	r3, #1792
 1086 0050 01D0     		beq	.L87
 416:Drivers/STM32L4xx_HAL_Driver/Src/stm32l4xx_hal_spi.c ****   }
 1087              		.loc 1 416 5 is_stmt 1 view .LVU324
 416:Drivers/STM32L4xx_HAL_Driver/Src/stm32l4xx_hal_spi.c ****   }
 1088              		.loc 1 416 31 is_stmt 0 view .LVU325
 1089 0052 0023     		movs	r3, #0
 1090 0054 A362     		str	r3, [r4, #40]
 1091              	.L87:
 422:Drivers/STM32L4xx_HAL_Driver/Src/stm32l4xx_hal_spi.c ****                                   (hspi->Init.Direction & (SPI_CR1_RXONLY | SPI_CR1_BIDIMODE)) |
 1092              		.loc 1 422 3 is_stmt 1 view .LVU326
 1093 0056 6368     		ldr	r3, [r4, #4]
 1094 0058 03F48273 		and	r3, r3, #260
 1095 005c A168     		ldr	r1, [r4, #8]
 1096 005e 01F40441 		and	r1, r1, #33792
 1097 0062 0B43     		orrs	r3, r3, r1
 1098 0064 2169     		ldr	r1, [r4, #16]
ARM GAS  /tmp/ccEksN7Z.s 			page 101


 1099 0066 01F00201 		and	r1, r1, #2
 1100 006a 0B43     		orrs	r3, r3, r1
 1101 006c 6169     		ldr	r1, [r4, #20]
 1102 006e 01F00101 		and	r1, r1, #1
 1103 0072 0B43     		orrs	r3, r3, r1
 1104 0074 A169     		ldr	r1, [r4, #24]
 1105 0076 01F40071 		and	r1, r1, #512
 1106 007a 0B43     		orrs	r3, r3, r1
 1107 007c E169     		ldr	r1, [r4, #28]
 1108 007e 01F03801 		and	r1, r1, #56
 1109 0082 0B43     		orrs	r3, r3, r1
 1110 0084 216A     		ldr	r1, [r4, #32]
 1111 0086 01F08001 		and	r1, r1, #128
 1112 008a 0B43     		orrs	r3, r3, r1
 1113 008c A16A     		ldr	r1, [r4, #40]
 1114 008e 01F40051 		and	r1, r1, #8192
 1115 0092 2068     		ldr	r0, [r4]
 1116 0094 0B43     		orrs	r3, r3, r1
 1117 0096 0360     		str	r3, [r0]
 457:Drivers/STM32L4xx_HAL_Driver/Src/stm32l4xx_hal_spi.c ****                                   (hspi->Init.TIMode & SPI_CR2_FRF) |
 1118              		.loc 1 457 3 view .LVU327
 1119 0098 638B     		ldrh	r3, [r4, #26]
 1120 009a 03F00403 		and	r3, r3, #4
 1121 009e 616A     		ldr	r1, [r4, #36]
 1122 00a0 01F01001 		and	r1, r1, #16
 1123 00a4 0B43     		orrs	r3, r3, r1
 1124 00a6 616B     		ldr	r1, [r4, #52]
 1125 00a8 01F00801 		and	r1, r1, #8
 1126 00ac 0B43     		orrs	r3, r3, r1
 1127 00ae E168     		ldr	r1, [r4, #12]
 1128 00b0 01F47061 		and	r1, r1, #3840
 1129 00b4 0B43     		orrs	r3, r3, r1
 1130 00b6 2168     		ldr	r1, [r4]
 1131 00b8 1343     		orrs	r3, r3, r2
 1132 00ba 4B60     		str	r3, [r1, #4]
 477:Drivers/STM32L4xx_HAL_Driver/Src/stm32l4xx_hal_spi.c ****   hspi->State     = HAL_SPI_STATE_READY;
 1133              		.loc 1 477 3 view .LVU328
 477:Drivers/STM32L4xx_HAL_Driver/Src/stm32l4xx_hal_spi.c ****   hspi->State     = HAL_SPI_STATE_READY;
 1134              		.loc 1 477 19 is_stmt 0 view .LVU329
 1135 00bc 0020     		movs	r0, #0
 1136 00be 2066     		str	r0, [r4, #96]
 478:Drivers/STM32L4xx_HAL_Driver/Src/stm32l4xx_hal_spi.c **** 
 1137              		.loc 1 478 3 is_stmt 1 view .LVU330
 478:Drivers/STM32L4xx_HAL_Driver/Src/stm32l4xx_hal_spi.c **** 
 1138              		.loc 1 478 19 is_stmt 0 view .LVU331
 1139 00c0 0123     		movs	r3, #1
 1140 00c2 84F85D30 		strb	r3, [r4, #93]
 480:Drivers/STM32L4xx_HAL_Driver/Src/stm32l4xx_hal_spi.c **** }
 1141              		.loc 1 480 3 is_stmt 1 view .LVU332
 481:Drivers/STM32L4xx_HAL_Driver/Src/stm32l4xx_hal_spi.c **** 
 1142              		.loc 1 481 1 is_stmt 0 view .LVU333
 1143 00c6 10BD     		pop	{r4, pc}
 1144              	.LVL58:
 1145              	.L94:
 371:Drivers/STM32L4xx_HAL_Driver/Src/stm32l4xx_hal_spi.c **** 
 1146              		.loc 1 371 5 is_stmt 1 view .LVU334
 371:Drivers/STM32L4xx_HAL_Driver/Src/stm32l4xx_hal_spi.c **** 
ARM GAS  /tmp/ccEksN7Z.s 			page 102


 1147              		.loc 1 371 16 is_stmt 0 view .LVU335
 1148 00c8 84F85C30 		strb	r3, [r4, #92]
 393:Drivers/STM32L4xx_HAL_Driver/Src/stm32l4xx_hal_spi.c **** #endif /* USE_HAL_SPI_REGISTER_CALLBACKS */
 1149              		.loc 1 393 5 is_stmt 1 view .LVU336
 1150 00cc 2046     		mov	r0, r4
 1151              	.LVL59:
 393:Drivers/STM32L4xx_HAL_Driver/Src/stm32l4xx_hal_spi.c **** #endif /* USE_HAL_SPI_REGISTER_CALLBACKS */
 1152              		.loc 1 393 5 is_stmt 0 view .LVU337
 1153 00ce FFF7FEFF 		bl	HAL_SPI_MspInit
 1154              	.LVL60:
 1155 00d2 ABE7     		b	.L85
 1156              	.L89:
 409:Drivers/STM32L4xx_HAL_Driver/Src/stm32l4xx_hal_spi.c ****   }
 1157              		.loc 1 409 11 view .LVU338
 1158 00d4 4FF48052 		mov	r2, #4096
 1159 00d8 B5E7     		b	.L86
 1160              	.LVL61:
 1161              	.L88:
 1162              		.cfi_def_cfa_offset 0
 1163              		.cfi_restore 4
 1164              		.cfi_restore 14
 321:Drivers/STM32L4xx_HAL_Driver/Src/stm32l4xx_hal_spi.c ****   }
 1165              		.loc 1 321 12 view .LVU339
 1166 00da 0120     		movs	r0, #1
 1167              	.LVL62:
 481:Drivers/STM32L4xx_HAL_Driver/Src/stm32l4xx_hal_spi.c **** 
 1168              		.loc 1 481 1 view .LVU340
 1169 00dc 7047     		bx	lr
 1170              		.cfi_endproc
 1171              	.LFE288:
 1173              		.section	.text.HAL_SPI_MspDeInit,"ax",%progbits
 1174              		.align	1
 1175              		.weak	HAL_SPI_MspDeInit
 1176              		.syntax unified
 1177              		.thumb
 1178              		.thumb_func
 1180              	HAL_SPI_MspDeInit:
 1181              	.LVL63:
 1182              	.LFB291:
 550:Drivers/STM32L4xx_HAL_Driver/Src/stm32l4xx_hal_spi.c ****   /* Prevent unused argument(s) compilation warning */
 1183              		.loc 1 550 1 is_stmt 1 view -0
 1184              		.cfi_startproc
 1185              		@ args = 0, pretend = 0, frame = 0
 1186              		@ frame_needed = 0, uses_anonymous_args = 0
 1187              		@ link register save eliminated.
 552:Drivers/STM32L4xx_HAL_Driver/Src/stm32l4xx_hal_spi.c **** 
 1188              		.loc 1 552 3 view .LVU342
 557:Drivers/STM32L4xx_HAL_Driver/Src/stm32l4xx_hal_spi.c **** 
 1189              		.loc 1 557 1 is_stmt 0 view .LVU343
 1190 0000 7047     		bx	lr
 1191              		.cfi_endproc
 1192              	.LFE291:
 1194              		.section	.text.HAL_SPI_DeInit,"ax",%progbits
 1195              		.align	1
 1196              		.global	HAL_SPI_DeInit
 1197              		.syntax unified
 1198              		.thumb
ARM GAS  /tmp/ccEksN7Z.s 			page 103


 1199              		.thumb_func
 1201              	HAL_SPI_DeInit:
 1202              	.LVL64:
 1203              	.LFB289:
 490:Drivers/STM32L4xx_HAL_Driver/Src/stm32l4xx_hal_spi.c ****   /* Check the SPI handle allocation */
 1204              		.loc 1 490 1 is_stmt 1 view -0
 1205              		.cfi_startproc
 1206              		@ args = 0, pretend = 0, frame = 0
 1207              		@ frame_needed = 0, uses_anonymous_args = 0
 492:Drivers/STM32L4xx_HAL_Driver/Src/stm32l4xx_hal_spi.c ****   {
 1208              		.loc 1 492 3 view .LVU345
 492:Drivers/STM32L4xx_HAL_Driver/Src/stm32l4xx_hal_spi.c ****   {
 1209              		.loc 1 492 6 is_stmt 0 view .LVU346
 1210 0000 90B1     		cbz	r0, .L98
 490:Drivers/STM32L4xx_HAL_Driver/Src/stm32l4xx_hal_spi.c ****   /* Check the SPI handle allocation */
 1211              		.loc 1 490 1 view .LVU347
 1212 0002 10B5     		push	{r4, lr}
 1213              		.cfi_def_cfa_offset 8
 1214              		.cfi_offset 4, -8
 1215              		.cfi_offset 14, -4
 1216 0004 0446     		mov	r4, r0
 498:Drivers/STM32L4xx_HAL_Driver/Src/stm32l4xx_hal_spi.c **** 
 1217              		.loc 1 498 3 is_stmt 1 view .LVU348
 500:Drivers/STM32L4xx_HAL_Driver/Src/stm32l4xx_hal_spi.c **** 
 1218              		.loc 1 500 3 view .LVU349
 500:Drivers/STM32L4xx_HAL_Driver/Src/stm32l4xx_hal_spi.c **** 
 1219              		.loc 1 500 15 is_stmt 0 view .LVU350
 1220 0006 0223     		movs	r3, #2
 1221 0008 80F85D30 		strb	r3, [r0, #93]
 503:Drivers/STM32L4xx_HAL_Driver/Src/stm32l4xx_hal_spi.c **** 
 1222              		.loc 1 503 3 is_stmt 1 view .LVU351
 1223 000c 0268     		ldr	r2, [r0]
 1224 000e 1368     		ldr	r3, [r2]
 1225 0010 23F04003 		bic	r3, r3, #64
 1226 0014 1360     		str	r3, [r2]
 515:Drivers/STM32L4xx_HAL_Driver/Src/stm32l4xx_hal_spi.c **** #endif /* USE_HAL_SPI_REGISTER_CALLBACKS */
 1227              		.loc 1 515 3 view .LVU352
 1228 0016 FFF7FEFF 		bl	HAL_SPI_MspDeInit
 1229              	.LVL65:
 518:Drivers/STM32L4xx_HAL_Driver/Src/stm32l4xx_hal_spi.c ****   hspi->State = HAL_SPI_STATE_RESET;
 1230              		.loc 1 518 3 view .LVU353
 518:Drivers/STM32L4xx_HAL_Driver/Src/stm32l4xx_hal_spi.c ****   hspi->State = HAL_SPI_STATE_RESET;
 1231              		.loc 1 518 19 is_stmt 0 view .LVU354
 1232 001a 0020     		movs	r0, #0
 1233 001c 2066     		str	r0, [r4, #96]
 519:Drivers/STM32L4xx_HAL_Driver/Src/stm32l4xx_hal_spi.c **** 
 1234              		.loc 1 519 3 is_stmt 1 view .LVU355
 519:Drivers/STM32L4xx_HAL_Driver/Src/stm32l4xx_hal_spi.c **** 
 1235              		.loc 1 519 15 is_stmt 0 view .LVU356
 1236 001e 84F85D00 		strb	r0, [r4, #93]
 522:Drivers/STM32L4xx_HAL_Driver/Src/stm32l4xx_hal_spi.c **** 
 1237              		.loc 1 522 3 is_stmt 1 view .LVU357
 522:Drivers/STM32L4xx_HAL_Driver/Src/stm32l4xx_hal_spi.c **** 
 1238              		.loc 1 522 3 view .LVU358
 1239 0022 84F85C00 		strb	r0, [r4, #92]
 522:Drivers/STM32L4xx_HAL_Driver/Src/stm32l4xx_hal_spi.c **** 
 1240              		.loc 1 522 3 view .LVU359
ARM GAS  /tmp/ccEksN7Z.s 			page 104


 524:Drivers/STM32L4xx_HAL_Driver/Src/stm32l4xx_hal_spi.c **** }
 1241              		.loc 1 524 3 view .LVU360
 525:Drivers/STM32L4xx_HAL_Driver/Src/stm32l4xx_hal_spi.c **** 
 1242              		.loc 1 525 1 is_stmt 0 view .LVU361
 1243 0026 10BD     		pop	{r4, pc}
 1244              	.LVL66:
 1245              	.L98:
 1246              		.cfi_def_cfa_offset 0
 1247              		.cfi_restore 4
 1248              		.cfi_restore 14
 494:Drivers/STM32L4xx_HAL_Driver/Src/stm32l4xx_hal_spi.c ****   }
 1249              		.loc 1 494 12 view .LVU362
 1250 0028 0120     		movs	r0, #1
 1251              	.LVL67:
 525:Drivers/STM32L4xx_HAL_Driver/Src/stm32l4xx_hal_spi.c **** 
 1252              		.loc 1 525 1 view .LVU363
 1253 002a 7047     		bx	lr
 1254              		.cfi_endproc
 1255              	.LFE289:
 1257              		.section	.text.HAL_SPI_Transmit,"ax",%progbits
 1258              		.align	1
 1259              		.global	HAL_SPI_Transmit
 1260              		.syntax unified
 1261              		.thumb
 1262              		.thumb_func
 1264              	HAL_SPI_Transmit:
 1265              	.LVL68:
 1266              	.LFB292:
 822:Drivers/STM32L4xx_HAL_Driver/Src/stm32l4xx_hal_spi.c ****   uint32_t tickstart;
 1267              		.loc 1 822 1 is_stmt 1 view -0
 1268              		.cfi_startproc
 1269              		@ args = 0, pretend = 0, frame = 8
 1270              		@ frame_needed = 0, uses_anonymous_args = 0
 822:Drivers/STM32L4xx_HAL_Driver/Src/stm32l4xx_hal_spi.c ****   uint32_t tickstart;
 1271              		.loc 1 822 1 is_stmt 0 view .LVU365
 1272 0000 2DE9F043 		push	{r4, r5, r6, r7, r8, r9, lr}
 1273              		.cfi_def_cfa_offset 28
 1274              		.cfi_offset 4, -28
 1275              		.cfi_offset 5, -24
 1276              		.cfi_offset 6, -20
 1277              		.cfi_offset 7, -16
 1278              		.cfi_offset 8, -12
 1279              		.cfi_offset 9, -8
 1280              		.cfi_offset 14, -4
 1281 0004 83B0     		sub	sp, sp, #12
 1282              		.cfi_def_cfa_offset 40
 1283 0006 1D46     		mov	r5, r3
 823:Drivers/STM32L4xx_HAL_Driver/Src/stm32l4xx_hal_spi.c ****   HAL_StatusTypeDef errorcode = HAL_OK;
 1284              		.loc 1 823 3 is_stmt 1 view .LVU366
 824:Drivers/STM32L4xx_HAL_Driver/Src/stm32l4xx_hal_spi.c ****   uint16_t initial_TxXferCount;
 1285              		.loc 1 824 3 view .LVU367
 1286              	.LVL69:
 825:Drivers/STM32L4xx_HAL_Driver/Src/stm32l4xx_hal_spi.c **** 
 1287              		.loc 1 825 3 view .LVU368
 828:Drivers/STM32L4xx_HAL_Driver/Src/stm32l4xx_hal_spi.c **** 
 1288              		.loc 1 828 3 view .LVU369
 831:Drivers/STM32L4xx_HAL_Driver/Src/stm32l4xx_hal_spi.c **** 
ARM GAS  /tmp/ccEksN7Z.s 			page 105


 1289              		.loc 1 831 3 view .LVU370
 831:Drivers/STM32L4xx_HAL_Driver/Src/stm32l4xx_hal_spi.c **** 
 1290              		.loc 1 831 3 view .LVU371
 1291 0008 90F85C30 		ldrb	r3, [r0, #92]	@ zero_extendqisi2
 1292              	.LVL70:
 831:Drivers/STM32L4xx_HAL_Driver/Src/stm32l4xx_hal_spi.c **** 
 1293              		.loc 1 831 3 is_stmt 0 view .LVU372
 1294 000c 012B     		cmp	r3, #1
 1295 000e 00F0F480 		beq	.L130
 1296 0012 0446     		mov	r4, r0
 1297 0014 8846     		mov	r8, r1
 1298 0016 9146     		mov	r9, r2
 831:Drivers/STM32L4xx_HAL_Driver/Src/stm32l4xx_hal_spi.c **** 
 1299              		.loc 1 831 3 is_stmt 1 discriminator 2 view .LVU373
 1300 0018 0123     		movs	r3, #1
 1301 001a 80F85C30 		strb	r3, [r0, #92]
 831:Drivers/STM32L4xx_HAL_Driver/Src/stm32l4xx_hal_spi.c **** 
 1302              		.loc 1 831 3 discriminator 2 view .LVU374
 834:Drivers/STM32L4xx_HAL_Driver/Src/stm32l4xx_hal_spi.c ****   initial_TxXferCount = Size;
 1303              		.loc 1 834 3 view .LVU375
 834:Drivers/STM32L4xx_HAL_Driver/Src/stm32l4xx_hal_spi.c ****   initial_TxXferCount = Size;
 1304              		.loc 1 834 15 is_stmt 0 view .LVU376
 1305 001e FFF7FEFF 		bl	HAL_GetTick
 1306              	.LVL71:
 834:Drivers/STM32L4xx_HAL_Driver/Src/stm32l4xx_hal_spi.c ****   initial_TxXferCount = Size;
 1307              		.loc 1 834 15 view .LVU377
 1308 0022 0746     		mov	r7, r0
 1309              	.LVL72:
 835:Drivers/STM32L4xx_HAL_Driver/Src/stm32l4xx_hal_spi.c **** 
 1310              		.loc 1 835 3 is_stmt 1 view .LVU378
 837:Drivers/STM32L4xx_HAL_Driver/Src/stm32l4xx_hal_spi.c ****   {
 1311              		.loc 1 837 3 view .LVU379
 837:Drivers/STM32L4xx_HAL_Driver/Src/stm32l4xx_hal_spi.c ****   {
 1312              		.loc 1 837 11 is_stmt 0 view .LVU380
 1313 0024 94F85D60 		ldrb	r6, [r4, #93]	@ zero_extendqisi2
 1314 0028 F6B2     		uxtb	r6, r6
 837:Drivers/STM32L4xx_HAL_Driver/Src/stm32l4xx_hal_spi.c ****   {
 1315              		.loc 1 837 6 view .LVU381
 1316 002a 012E     		cmp	r6, #1
 1317 002c 40F0DD80 		bne	.L131
 843:Drivers/STM32L4xx_HAL_Driver/Src/stm32l4xx_hal_spi.c ****   {
 1318              		.loc 1 843 3 is_stmt 1 view .LVU382
 843:Drivers/STM32L4xx_HAL_Driver/Src/stm32l4xx_hal_spi.c ****   {
 1319              		.loc 1 843 6 is_stmt 0 view .LVU383
 1320 0030 B8F1000F 		cmp	r8, #0
 1321 0034 00F0DA80 		beq	.L105
 843:Drivers/STM32L4xx_HAL_Driver/Src/stm32l4xx_hal_spi.c ****   {
 1322              		.loc 1 843 23 discriminator 1 view .LVU384
 1323 0038 B9F1000F 		cmp	r9, #0
 1324 003c 00F0D680 		beq	.L105
 850:Drivers/STM32L4xx_HAL_Driver/Src/stm32l4xx_hal_spi.c ****   hspi->ErrorCode   = HAL_SPI_ERROR_NONE;
 1325              		.loc 1 850 3 is_stmt 1 view .LVU385
 850:Drivers/STM32L4xx_HAL_Driver/Src/stm32l4xx_hal_spi.c ****   hspi->ErrorCode   = HAL_SPI_ERROR_NONE;
 1326              		.loc 1 850 21 is_stmt 0 view .LVU386
 1327 0040 0323     		movs	r3, #3
 1328 0042 84F85D30 		strb	r3, [r4, #93]
 851:Drivers/STM32L4xx_HAL_Driver/Src/stm32l4xx_hal_spi.c ****   hspi->pTxBuffPtr  = (uint8_t *)pData;
ARM GAS  /tmp/ccEksN7Z.s 			page 106


 1329              		.loc 1 851 3 is_stmt 1 view .LVU387
 851:Drivers/STM32L4xx_HAL_Driver/Src/stm32l4xx_hal_spi.c ****   hspi->pTxBuffPtr  = (uint8_t *)pData;
 1330              		.loc 1 851 21 is_stmt 0 view .LVU388
 1331 0046 0023     		movs	r3, #0
 1332 0048 2366     		str	r3, [r4, #96]
 852:Drivers/STM32L4xx_HAL_Driver/Src/stm32l4xx_hal_spi.c ****   hspi->TxXferSize  = Size;
 1333              		.loc 1 852 3 is_stmt 1 view .LVU389
 852:Drivers/STM32L4xx_HAL_Driver/Src/stm32l4xx_hal_spi.c ****   hspi->TxXferSize  = Size;
 1334              		.loc 1 852 21 is_stmt 0 view .LVU390
 1335 004a C4F83880 		str	r8, [r4, #56]
 853:Drivers/STM32L4xx_HAL_Driver/Src/stm32l4xx_hal_spi.c ****   hspi->TxXferCount = Size;
 1336              		.loc 1 853 3 is_stmt 1 view .LVU391
 853:Drivers/STM32L4xx_HAL_Driver/Src/stm32l4xx_hal_spi.c ****   hspi->TxXferCount = Size;
 1337              		.loc 1 853 21 is_stmt 0 view .LVU392
 1338 004e A4F83C90 		strh	r9, [r4, #60]	@ movhi
 854:Drivers/STM32L4xx_HAL_Driver/Src/stm32l4xx_hal_spi.c **** 
 1339              		.loc 1 854 3 is_stmt 1 view .LVU393
 854:Drivers/STM32L4xx_HAL_Driver/Src/stm32l4xx_hal_spi.c **** 
 1340              		.loc 1 854 21 is_stmt 0 view .LVU394
 1341 0052 A4F83E90 		strh	r9, [r4, #62]	@ movhi
 857:Drivers/STM32L4xx_HAL_Driver/Src/stm32l4xx_hal_spi.c ****   hspi->RxXferSize  = 0U;
 1342              		.loc 1 857 3 is_stmt 1 view .LVU395
 857:Drivers/STM32L4xx_HAL_Driver/Src/stm32l4xx_hal_spi.c ****   hspi->RxXferSize  = 0U;
 1343              		.loc 1 857 21 is_stmt 0 view .LVU396
 1344 0056 2364     		str	r3, [r4, #64]
 858:Drivers/STM32L4xx_HAL_Driver/Src/stm32l4xx_hal_spi.c ****   hspi->RxXferCount = 0U;
 1345              		.loc 1 858 3 is_stmt 1 view .LVU397
 858:Drivers/STM32L4xx_HAL_Driver/Src/stm32l4xx_hal_spi.c ****   hspi->RxXferCount = 0U;
 1346              		.loc 1 858 21 is_stmt 0 view .LVU398
 1347 0058 A4F84430 		strh	r3, [r4, #68]	@ movhi
 859:Drivers/STM32L4xx_HAL_Driver/Src/stm32l4xx_hal_spi.c ****   hspi->TxISR       = NULL;
 1348              		.loc 1 859 3 is_stmt 1 view .LVU399
 859:Drivers/STM32L4xx_HAL_Driver/Src/stm32l4xx_hal_spi.c ****   hspi->TxISR       = NULL;
 1349              		.loc 1 859 21 is_stmt 0 view .LVU400
 1350 005c A4F84630 		strh	r3, [r4, #70]	@ movhi
 860:Drivers/STM32L4xx_HAL_Driver/Src/stm32l4xx_hal_spi.c ****   hspi->RxISR       = NULL;
 1351              		.loc 1 860 3 is_stmt 1 view .LVU401
 860:Drivers/STM32L4xx_HAL_Driver/Src/stm32l4xx_hal_spi.c ****   hspi->RxISR       = NULL;
 1352              		.loc 1 860 21 is_stmt 0 view .LVU402
 1353 0060 2365     		str	r3, [r4, #80]
 861:Drivers/STM32L4xx_HAL_Driver/Src/stm32l4xx_hal_spi.c **** 
 1354              		.loc 1 861 3 is_stmt 1 view .LVU403
 861:Drivers/STM32L4xx_HAL_Driver/Src/stm32l4xx_hal_spi.c **** 
 1355              		.loc 1 861 21 is_stmt 0 view .LVU404
 1356 0062 E364     		str	r3, [r4, #76]
 864:Drivers/STM32L4xx_HAL_Driver/Src/stm32l4xx_hal_spi.c ****   {
 1357              		.loc 1 864 3 is_stmt 1 view .LVU405
 864:Drivers/STM32L4xx_HAL_Driver/Src/stm32l4xx_hal_spi.c ****   {
 1358              		.loc 1 864 17 is_stmt 0 view .LVU406
 1359 0064 A368     		ldr	r3, [r4, #8]
 864:Drivers/STM32L4xx_HAL_Driver/Src/stm32l4xx_hal_spi.c ****   {
 1360              		.loc 1 864 6 view .LVU407
 1361 0066 B3F5004F 		cmp	r3, #32768
 1362 006a 1ED0     		beq	.L133
 1363              	.L106:
 880:Drivers/STM32L4xx_HAL_Driver/Src/stm32l4xx_hal_spi.c ****   {
 1364              		.loc 1 880 3 is_stmt 1 view .LVU408
ARM GAS  /tmp/ccEksN7Z.s 			page 107


 880:Drivers/STM32L4xx_HAL_Driver/Src/stm32l4xx_hal_spi.c ****   {
 1365              		.loc 1 880 12 is_stmt 0 view .LVU409
 1366 006c 2368     		ldr	r3, [r4]
 880:Drivers/STM32L4xx_HAL_Driver/Src/stm32l4xx_hal_spi.c ****   {
 1367              		.loc 1 880 22 view .LVU410
 1368 006e 1A68     		ldr	r2, [r3]
 880:Drivers/STM32L4xx_HAL_Driver/Src/stm32l4xx_hal_spi.c ****   {
 1369              		.loc 1 880 6 view .LVU411
 1370 0070 12F0400F 		tst	r2, #64
 1371 0074 03D1     		bne	.L107
 883:Drivers/STM32L4xx_HAL_Driver/Src/stm32l4xx_hal_spi.c ****   }
 1372              		.loc 1 883 5 is_stmt 1 view .LVU412
 1373 0076 1A68     		ldr	r2, [r3]
 1374 0078 42F04002 		orr	r2, r2, #64
 1375 007c 1A60     		str	r2, [r3]
 1376              	.L107:
 887:Drivers/STM32L4xx_HAL_Driver/Src/stm32l4xx_hal_spi.c ****   {
 1377              		.loc 1 887 3 view .LVU413
 887:Drivers/STM32L4xx_HAL_Driver/Src/stm32l4xx_hal_spi.c ****   {
 1378              		.loc 1 887 17 is_stmt 0 view .LVU414
 1379 007e E368     		ldr	r3, [r4, #12]
 887:Drivers/STM32L4xx_HAL_Driver/Src/stm32l4xx_hal_spi.c ****   {
 1380              		.loc 1 887 6 view .LVU415
 1381 0080 B3F5E06F 		cmp	r3, #1792
 1382 0084 44D9     		bls	.L108
 889:Drivers/STM32L4xx_HAL_Driver/Src/stm32l4xx_hal_spi.c ****     {
 1383              		.loc 1 889 5 is_stmt 1 view .LVU416
 889:Drivers/STM32L4xx_HAL_Driver/Src/stm32l4xx_hal_spi.c ****     {
 1384              		.loc 1 889 20 is_stmt 0 view .LVU417
 1385 0086 6368     		ldr	r3, [r4, #4]
 889:Drivers/STM32L4xx_HAL_Driver/Src/stm32l4xx_hal_spi.c ****     {
 1386              		.loc 1 889 8 view .LVU418
 1387 0088 13B1     		cbz	r3, .L109
 889:Drivers/STM32L4xx_HAL_Driver/Src/stm32l4xx_hal_spi.c ****     {
 1388              		.loc 1 889 45 discriminator 1 view .LVU419
 1389 008a B9F1010F 		cmp	r9, #1
 1390 008e 20D1     		bne	.L111
 1391              	.L109:
 891:Drivers/STM32L4xx_HAL_Driver/Src/stm32l4xx_hal_spi.c ****       hspi->pTxBuffPtr += sizeof(uint16_t);
 1392              		.loc 1 891 7 is_stmt 1 view .LVU420
 891:Drivers/STM32L4xx_HAL_Driver/Src/stm32l4xx_hal_spi.c ****       hspi->pTxBuffPtr += sizeof(uint16_t);
 1393              		.loc 1 891 46 is_stmt 0 view .LVU421
 1394 0090 A26B     		ldr	r2, [r4, #56]
 891:Drivers/STM32L4xx_HAL_Driver/Src/stm32l4xx_hal_spi.c ****       hspi->pTxBuffPtr += sizeof(uint16_t);
 1395              		.loc 1 891 11 view .LVU422
 1396 0092 2368     		ldr	r3, [r4]
 891:Drivers/STM32L4xx_HAL_Driver/Src/stm32l4xx_hal_spi.c ****       hspi->pTxBuffPtr += sizeof(uint16_t);
 1397              		.loc 1 891 28 view .LVU423
 1398 0094 1288     		ldrh	r2, [r2]
 891:Drivers/STM32L4xx_HAL_Driver/Src/stm32l4xx_hal_spi.c ****       hspi->pTxBuffPtr += sizeof(uint16_t);
 1399              		.loc 1 891 26 view .LVU424
 1400 0096 DA60     		str	r2, [r3, #12]
 892:Drivers/STM32L4xx_HAL_Driver/Src/stm32l4xx_hal_spi.c ****       hspi->TxXferCount--;
 1401              		.loc 1 892 7 is_stmt 1 view .LVU425
 892:Drivers/STM32L4xx_HAL_Driver/Src/stm32l4xx_hal_spi.c ****       hspi->TxXferCount--;
 1402              		.loc 1 892 11 is_stmt 0 view .LVU426
 1403 0098 A36B     		ldr	r3, [r4, #56]
ARM GAS  /tmp/ccEksN7Z.s 			page 108


 892:Drivers/STM32L4xx_HAL_Driver/Src/stm32l4xx_hal_spi.c ****       hspi->TxXferCount--;
 1404              		.loc 1 892 24 view .LVU427
 1405 009a 0233     		adds	r3, r3, #2
 1406 009c A363     		str	r3, [r4, #56]
 893:Drivers/STM32L4xx_HAL_Driver/Src/stm32l4xx_hal_spi.c ****     }
 1407              		.loc 1 893 7 is_stmt 1 view .LVU428
 893:Drivers/STM32L4xx_HAL_Driver/Src/stm32l4xx_hal_spi.c ****     }
 1408              		.loc 1 893 11 is_stmt 0 view .LVU429
 1409 009e E38F     		ldrh	r3, [r4, #62]
 1410 00a0 9BB2     		uxth	r3, r3
 893:Drivers/STM32L4xx_HAL_Driver/Src/stm32l4xx_hal_spi.c ****     }
 1411              		.loc 1 893 24 view .LVU430
 1412 00a2 013B     		subs	r3, r3, #1
 1413 00a4 9BB2     		uxth	r3, r3
 1414 00a6 E387     		strh	r3, [r4, #62]	@ movhi
 1415 00a8 13E0     		b	.L111
 1416              	.L133:
 867:Drivers/STM32L4xx_HAL_Driver/Src/stm32l4xx_hal_spi.c ****     SPI_1LINE_TX(hspi);
 1417              		.loc 1 867 5 is_stmt 1 view .LVU431
 1418 00aa 2268     		ldr	r2, [r4]
 1419 00ac 1368     		ldr	r3, [r2]
 1420 00ae 23F04003 		bic	r3, r3, #64
 1421 00b2 1360     		str	r3, [r2]
 868:Drivers/STM32L4xx_HAL_Driver/Src/stm32l4xx_hal_spi.c ****   }
 1422              		.loc 1 868 5 view .LVU432
 1423 00b4 2268     		ldr	r2, [r4]
 1424 00b6 1368     		ldr	r3, [r2]
 1425 00b8 43F48043 		orr	r3, r3, #16384
 1426 00bc 1360     		str	r3, [r2]
 1427 00be D5E7     		b	.L106
 1428              	.LVL73:
 1429              	.L112:
 908:Drivers/STM32L4xx_HAL_Driver/Src/stm32l4xx_hal_spi.c ****         {
 1430              		.loc 1 908 9 view .LVU433
 908:Drivers/STM32L4xx_HAL_Driver/Src/stm32l4xx_hal_spi.c ****         {
 1431              		.loc 1 908 16 is_stmt 0 view .LVU434
 1432 00c0 FFF7FEFF 		bl	HAL_GetTick
 1433              	.LVL74:
 908:Drivers/STM32L4xx_HAL_Driver/Src/stm32l4xx_hal_spi.c ****         {
 1434              		.loc 1 908 30 discriminator 1 view .LVU435
 1435 00c4 C01B     		subs	r0, r0, r7
 908:Drivers/STM32L4xx_HAL_Driver/Src/stm32l4xx_hal_spi.c ****         {
 1436              		.loc 1 908 12 discriminator 1 view .LVU436
 1437 00c6 A842     		cmp	r0, r5
 1438 00c8 02D3     		bcc	.L114
 908:Drivers/STM32L4xx_HAL_Driver/Src/stm32l4xx_hal_spi.c ****         {
 1439              		.loc 1 908 56 discriminator 1 view .LVU437
 1440 00ca B5F1FF3F 		cmp	r5, #-1
 1441 00ce 1AD1     		bne	.L115
 1442              	.L114:
 908:Drivers/STM32L4xx_HAL_Driver/Src/stm32l4xx_hal_spi.c ****         {
 1443              		.loc 1 908 87 discriminator 3 view .LVU438
 1444 00d0 CDB1     		cbz	r5, .L115
 1445              	.L111:
 896:Drivers/STM32L4xx_HAL_Driver/Src/stm32l4xx_hal_spi.c ****     {
 1446              		.loc 1 896 30 is_stmt 1 view .LVU439
 896:Drivers/STM32L4xx_HAL_Driver/Src/stm32l4xx_hal_spi.c ****     {
ARM GAS  /tmp/ccEksN7Z.s 			page 109


 1447              		.loc 1 896 16 is_stmt 0 view .LVU440
 1448 00d2 E38F     		ldrh	r3, [r4, #62]
 1449 00d4 9BB2     		uxth	r3, r3
 896:Drivers/STM32L4xx_HAL_Driver/Src/stm32l4xx_hal_spi.c ****     {
 1450              		.loc 1 896 30 view .LVU441
 1451 00d6 002B     		cmp	r3, #0
 1452 00d8 6FD0     		beq	.L117
 899:Drivers/STM32L4xx_HAL_Driver/Src/stm32l4xx_hal_spi.c ****       {
 1453              		.loc 1 899 7 is_stmt 1 view .LVU442
 899:Drivers/STM32L4xx_HAL_Driver/Src/stm32l4xx_hal_spi.c ****       {
 1454              		.loc 1 899 11 is_stmt 0 view .LVU443
 1455 00da 2368     		ldr	r3, [r4]
 1456 00dc 9A68     		ldr	r2, [r3, #8]
 899:Drivers/STM32L4xx_HAL_Driver/Src/stm32l4xx_hal_spi.c ****       {
 1457              		.loc 1 899 10 view .LVU444
 1458 00de 12F0020F 		tst	r2, #2
 1459 00e2 EDD0     		beq	.L112
 901:Drivers/STM32L4xx_HAL_Driver/Src/stm32l4xx_hal_spi.c ****         hspi->pTxBuffPtr += sizeof(uint16_t);
 1460              		.loc 1 901 9 is_stmt 1 view .LVU445
 901:Drivers/STM32L4xx_HAL_Driver/Src/stm32l4xx_hal_spi.c ****         hspi->pTxBuffPtr += sizeof(uint16_t);
 1461              		.loc 1 901 48 is_stmt 0 view .LVU446
 1462 00e4 A26B     		ldr	r2, [r4, #56]
 901:Drivers/STM32L4xx_HAL_Driver/Src/stm32l4xx_hal_spi.c ****         hspi->pTxBuffPtr += sizeof(uint16_t);
 1463              		.loc 1 901 30 view .LVU447
 1464 00e6 1288     		ldrh	r2, [r2]
 901:Drivers/STM32L4xx_HAL_Driver/Src/stm32l4xx_hal_spi.c ****         hspi->pTxBuffPtr += sizeof(uint16_t);
 1465              		.loc 1 901 28 view .LVU448
 1466 00e8 DA60     		str	r2, [r3, #12]
 902:Drivers/STM32L4xx_HAL_Driver/Src/stm32l4xx_hal_spi.c ****         hspi->TxXferCount--;
 1467              		.loc 1 902 9 is_stmt 1 view .LVU449
 902:Drivers/STM32L4xx_HAL_Driver/Src/stm32l4xx_hal_spi.c ****         hspi->TxXferCount--;
 1468              		.loc 1 902 13 is_stmt 0 view .LVU450
 1469 00ea A36B     		ldr	r3, [r4, #56]
 902:Drivers/STM32L4xx_HAL_Driver/Src/stm32l4xx_hal_spi.c ****         hspi->TxXferCount--;
 1470              		.loc 1 902 26 view .LVU451
 1471 00ec 0233     		adds	r3, r3, #2
 1472 00ee A363     		str	r3, [r4, #56]
 903:Drivers/STM32L4xx_HAL_Driver/Src/stm32l4xx_hal_spi.c ****       }
 1473              		.loc 1 903 9 is_stmt 1 view .LVU452
 903:Drivers/STM32L4xx_HAL_Driver/Src/stm32l4xx_hal_spi.c ****       }
 1474              		.loc 1 903 13 is_stmt 0 view .LVU453
 1475 00f0 B4F83EC0 		ldrh	ip, [r4, #62]
 1476 00f4 1FFA8CFC 		uxth	ip, ip
 903:Drivers/STM32L4xx_HAL_Driver/Src/stm32l4xx_hal_spi.c ****       }
 1477              		.loc 1 903 26 view .LVU454
 1478 00f8 0CF1FF3C 		add	ip, ip, #-1
 1479 00fc 1FFA8CFC 		uxth	ip, ip
 1480 0100 A4F83EC0 		strh	ip, [r4, #62]	@ movhi
 1481 0104 E5E7     		b	.L111
 1482              	.L115:
 910:Drivers/STM32L4xx_HAL_Driver/Src/stm32l4xx_hal_spi.c ****           hspi->State = HAL_SPI_STATE_READY;
 1483              		.loc 1 910 11 is_stmt 1 view .LVU455
 1484              	.LVL75:
 911:Drivers/STM32L4xx_HAL_Driver/Src/stm32l4xx_hal_spi.c ****           goto error;
 1485              		.loc 1 911 11 view .LVU456
 911:Drivers/STM32L4xx_HAL_Driver/Src/stm32l4xx_hal_spi.c ****           goto error;
 1486              		.loc 1 911 23 is_stmt 0 view .LVU457
ARM GAS  /tmp/ccEksN7Z.s 			page 110


 1487 0106 0123     		movs	r3, #1
 1488 0108 84F85D30 		strb	r3, [r4, #93]
 912:Drivers/STM32L4xx_HAL_Driver/Src/stm32l4xx_hal_spi.c ****         }
 1489              		.loc 1 912 11 is_stmt 1 view .LVU458
 910:Drivers/STM32L4xx_HAL_Driver/Src/stm32l4xx_hal_spi.c ****           hspi->State = HAL_SPI_STATE_READY;
 1490              		.loc 1 910 21 is_stmt 0 view .LVU459
 1491 010c 0326     		movs	r6, #3
 912:Drivers/STM32L4xx_HAL_Driver/Src/stm32l4xx_hal_spi.c ****         }
 1492              		.loc 1 912 11 view .LVU460
 1493 010e 6DE0     		b	.L105
 1494              	.LVL76:
 1495              	.L108:
 920:Drivers/STM32L4xx_HAL_Driver/Src/stm32l4xx_hal_spi.c ****     {
 1496              		.loc 1 920 5 is_stmt 1 view .LVU461
 920:Drivers/STM32L4xx_HAL_Driver/Src/stm32l4xx_hal_spi.c ****     {
 1497              		.loc 1 920 20 is_stmt 0 view .LVU462
 1498 0110 6368     		ldr	r3, [r4, #4]
 920:Drivers/STM32L4xx_HAL_Driver/Src/stm32l4xx_hal_spi.c ****     {
 1499              		.loc 1 920 8 view .LVU463
 1500 0112 13B1     		cbz	r3, .L118
 920:Drivers/STM32L4xx_HAL_Driver/Src/stm32l4xx_hal_spi.c ****     {
 1501              		.loc 1 920 45 discriminator 1 view .LVU464
 1502 0114 B9F1010F 		cmp	r9, #1
 1503 0118 32D1     		bne	.L121
 1504              	.L118:
 922:Drivers/STM32L4xx_HAL_Driver/Src/stm32l4xx_hal_spi.c ****       {
 1505              		.loc 1 922 7 is_stmt 1 view .LVU465
 922:Drivers/STM32L4xx_HAL_Driver/Src/stm32l4xx_hal_spi.c ****       {
 1506              		.loc 1 922 15 is_stmt 0 view .LVU466
 1507 011a E38F     		ldrh	r3, [r4, #62]
 1508 011c 9BB2     		uxth	r3, r3
 922:Drivers/STM32L4xx_HAL_Driver/Src/stm32l4xx_hal_spi.c ****       {
 1509              		.loc 1 922 10 view .LVU467
 1510 011e 012B     		cmp	r3, #1
 1511 0120 0CD9     		bls	.L120
 925:Drivers/STM32L4xx_HAL_Driver/Src/stm32l4xx_hal_spi.c ****         hspi->pTxBuffPtr += sizeof(uint16_t);
 1512              		.loc 1 925 9 is_stmt 1 view .LVU468
 925:Drivers/STM32L4xx_HAL_Driver/Src/stm32l4xx_hal_spi.c ****         hspi->pTxBuffPtr += sizeof(uint16_t);
 1513              		.loc 1 925 48 is_stmt 0 view .LVU469
 1514 0122 A26B     		ldr	r2, [r4, #56]
 925:Drivers/STM32L4xx_HAL_Driver/Src/stm32l4xx_hal_spi.c ****         hspi->pTxBuffPtr += sizeof(uint16_t);
 1515              		.loc 1 925 13 view .LVU470
 1516 0124 2368     		ldr	r3, [r4]
 925:Drivers/STM32L4xx_HAL_Driver/Src/stm32l4xx_hal_spi.c ****         hspi->pTxBuffPtr += sizeof(uint16_t);
 1517              		.loc 1 925 30 view .LVU471
 1518 0126 1288     		ldrh	r2, [r2]
 925:Drivers/STM32L4xx_HAL_Driver/Src/stm32l4xx_hal_spi.c ****         hspi->pTxBuffPtr += sizeof(uint16_t);
 1519              		.loc 1 925 28 view .LVU472
 1520 0128 DA60     		str	r2, [r3, #12]
 926:Drivers/STM32L4xx_HAL_Driver/Src/stm32l4xx_hal_spi.c ****         hspi->TxXferCount -= 2U;
 1521              		.loc 1 926 9 is_stmt 1 view .LVU473
 926:Drivers/STM32L4xx_HAL_Driver/Src/stm32l4xx_hal_spi.c ****         hspi->TxXferCount -= 2U;
 1522              		.loc 1 926 13 is_stmt 0 view .LVU474
 1523 012a A36B     		ldr	r3, [r4, #56]
 926:Drivers/STM32L4xx_HAL_Driver/Src/stm32l4xx_hal_spi.c ****         hspi->TxXferCount -= 2U;
 1524              		.loc 1 926 26 view .LVU475
 1525 012c 0233     		adds	r3, r3, #2
ARM GAS  /tmp/ccEksN7Z.s 			page 111


 1526 012e A363     		str	r3, [r4, #56]
 927:Drivers/STM32L4xx_HAL_Driver/Src/stm32l4xx_hal_spi.c ****       }
 1527              		.loc 1 927 9 is_stmt 1 view .LVU476
 927:Drivers/STM32L4xx_HAL_Driver/Src/stm32l4xx_hal_spi.c ****       }
 1528              		.loc 1 927 13 is_stmt 0 view .LVU477
 1529 0130 E38F     		ldrh	r3, [r4, #62]
 1530 0132 9BB2     		uxth	r3, r3
 927:Drivers/STM32L4xx_HAL_Driver/Src/stm32l4xx_hal_spi.c ****       }
 1531              		.loc 1 927 27 view .LVU478
 1532 0134 023B     		subs	r3, r3, #2
 1533 0136 9BB2     		uxth	r3, r3
 1534 0138 E387     		strh	r3, [r4, #62]	@ movhi
 1535 013a 21E0     		b	.L121
 1536              	.L120:
 931:Drivers/STM32L4xx_HAL_Driver/Src/stm32l4xx_hal_spi.c ****         hspi->pTxBuffPtr ++;
 1537              		.loc 1 931 9 is_stmt 1 view .LVU479
 931:Drivers/STM32L4xx_HAL_Driver/Src/stm32l4xx_hal_spi.c ****         hspi->pTxBuffPtr ++;
 1538              		.loc 1 931 56 is_stmt 0 view .LVU480
 1539 013c A26B     		ldr	r2, [r4, #56]
 931:Drivers/STM32L4xx_HAL_Driver/Src/stm32l4xx_hal_spi.c ****         hspi->pTxBuffPtr ++;
 1540              		.loc 1 931 32 view .LVU481
 1541 013e 2368     		ldr	r3, [r4]
 931:Drivers/STM32L4xx_HAL_Driver/Src/stm32l4xx_hal_spi.c ****         hspi->pTxBuffPtr ++;
 1542              		.loc 1 931 51 view .LVU482
 1543 0140 1278     		ldrb	r2, [r2]	@ zero_extendqisi2
 931:Drivers/STM32L4xx_HAL_Driver/Src/stm32l4xx_hal_spi.c ****         hspi->pTxBuffPtr ++;
 1544              		.loc 1 931 48 view .LVU483
 1545 0142 1A73     		strb	r2, [r3, #12]
 932:Drivers/STM32L4xx_HAL_Driver/Src/stm32l4xx_hal_spi.c ****         hspi->TxXferCount--;
 1546              		.loc 1 932 9 is_stmt 1 view .LVU484
 932:Drivers/STM32L4xx_HAL_Driver/Src/stm32l4xx_hal_spi.c ****         hspi->TxXferCount--;
 1547              		.loc 1 932 13 is_stmt 0 view .LVU485
 1548 0144 A36B     		ldr	r3, [r4, #56]
 932:Drivers/STM32L4xx_HAL_Driver/Src/stm32l4xx_hal_spi.c ****         hspi->TxXferCount--;
 1549              		.loc 1 932 26 view .LVU486
 1550 0146 0133     		adds	r3, r3, #1
 1551 0148 A363     		str	r3, [r4, #56]
 933:Drivers/STM32L4xx_HAL_Driver/Src/stm32l4xx_hal_spi.c ****       }
 1552              		.loc 1 933 9 is_stmt 1 view .LVU487
 933:Drivers/STM32L4xx_HAL_Driver/Src/stm32l4xx_hal_spi.c ****       }
 1553              		.loc 1 933 13 is_stmt 0 view .LVU488
 1554 014a E38F     		ldrh	r3, [r4, #62]
 1555 014c 9BB2     		uxth	r3, r3
 933:Drivers/STM32L4xx_HAL_Driver/Src/stm32l4xx_hal_spi.c ****       }
 1556              		.loc 1 933 26 view .LVU489
 1557 014e 013B     		subs	r3, r3, #1
 1558 0150 9BB2     		uxth	r3, r3
 1559 0152 E387     		strh	r3, [r4, #62]	@ movhi
 1560 0154 14E0     		b	.L121
 1561              	.LVL77:
 1562              	.L123:
 950:Drivers/STM32L4xx_HAL_Driver/Src/stm32l4xx_hal_spi.c ****           hspi->pTxBuffPtr++;
 1563              		.loc 1 950 11 is_stmt 1 view .LVU490
 950:Drivers/STM32L4xx_HAL_Driver/Src/stm32l4xx_hal_spi.c ****           hspi->pTxBuffPtr++;
 1564              		.loc 1 950 58 is_stmt 0 view .LVU491
 1565 0156 A36B     		ldr	r3, [r4, #56]
 950:Drivers/STM32L4xx_HAL_Driver/Src/stm32l4xx_hal_spi.c ****           hspi->pTxBuffPtr++;
ARM GAS  /tmp/ccEksN7Z.s 			page 112


 1566              		.loc 1 950 53 view .LVU492
 1567 0158 1B78     		ldrb	r3, [r3]	@ zero_extendqisi2
 950:Drivers/STM32L4xx_HAL_Driver/Src/stm32l4xx_hal_spi.c ****           hspi->pTxBuffPtr++;
 1568              		.loc 1 950 50 view .LVU493
 1569 015a 1373     		strb	r3, [r2, #12]
 951:Drivers/STM32L4xx_HAL_Driver/Src/stm32l4xx_hal_spi.c ****           hspi->TxXferCount--;
 1570              		.loc 1 951 11 is_stmt 1 view .LVU494
 951:Drivers/STM32L4xx_HAL_Driver/Src/stm32l4xx_hal_spi.c ****           hspi->TxXferCount--;
 1571              		.loc 1 951 15 is_stmt 0 view .LVU495
 1572 015c A36B     		ldr	r3, [r4, #56]
 951:Drivers/STM32L4xx_HAL_Driver/Src/stm32l4xx_hal_spi.c ****           hspi->TxXferCount--;
 1573              		.loc 1 951 27 view .LVU496
 1574 015e 0133     		adds	r3, r3, #1
 1575 0160 A363     		str	r3, [r4, #56]
 952:Drivers/STM32L4xx_HAL_Driver/Src/stm32l4xx_hal_spi.c ****         }
 1576              		.loc 1 952 11 is_stmt 1 view .LVU497
 952:Drivers/STM32L4xx_HAL_Driver/Src/stm32l4xx_hal_spi.c ****         }
 1577              		.loc 1 952 15 is_stmt 0 view .LVU498
 1578 0162 E38F     		ldrh	r3, [r4, #62]
 1579 0164 9BB2     		uxth	r3, r3
 952:Drivers/STM32L4xx_HAL_Driver/Src/stm32l4xx_hal_spi.c ****         }
 1580              		.loc 1 952 28 view .LVU499
 1581 0166 013B     		subs	r3, r3, #1
 1582 0168 9BB2     		uxth	r3, r3
 1583 016a E387     		strh	r3, [r4, #62]	@ movhi
 1584 016c 08E0     		b	.L121
 1585              	.L122:
 958:Drivers/STM32L4xx_HAL_Driver/Src/stm32l4xx_hal_spi.c ****         {
 1586              		.loc 1 958 9 is_stmt 1 view .LVU500
 958:Drivers/STM32L4xx_HAL_Driver/Src/stm32l4xx_hal_spi.c ****         {
 1587              		.loc 1 958 16 is_stmt 0 view .LVU501
 1588 016e FFF7FEFF 		bl	HAL_GetTick
 1589              	.LVL78:
 958:Drivers/STM32L4xx_HAL_Driver/Src/stm32l4xx_hal_spi.c ****         {
 1590              		.loc 1 958 30 discriminator 1 view .LVU502
 1591 0172 C01B     		subs	r0, r0, r7
 958:Drivers/STM32L4xx_HAL_Driver/Src/stm32l4xx_hal_spi.c ****         {
 1592              		.loc 1 958 12 discriminator 1 view .LVU503
 1593 0174 A842     		cmp	r0, r5
 1594 0176 02D3     		bcc	.L125
 958:Drivers/STM32L4xx_HAL_Driver/Src/stm32l4xx_hal_spi.c ****         {
 1595              		.loc 1 958 56 discriminator 1 view .LVU504
 1596 0178 B5F1FF3F 		cmp	r5, #-1
 1597 017c 18D1     		bne	.L126
 1598              	.L125:
 958:Drivers/STM32L4xx_HAL_Driver/Src/stm32l4xx_hal_spi.c ****         {
 1599              		.loc 1 958 87 discriminator 3 view .LVU505
 1600 017e BDB1     		cbz	r5, .L126
 1601              	.L121:
 936:Drivers/STM32L4xx_HAL_Driver/Src/stm32l4xx_hal_spi.c ****     {
 1602              		.loc 1 936 30 is_stmt 1 view .LVU506
 936:Drivers/STM32L4xx_HAL_Driver/Src/stm32l4xx_hal_spi.c ****     {
 1603              		.loc 1 936 16 is_stmt 0 view .LVU507
 1604 0180 E38F     		ldrh	r3, [r4, #62]
 1605 0182 9BB2     		uxth	r3, r3
 936:Drivers/STM32L4xx_HAL_Driver/Src/stm32l4xx_hal_spi.c ****     {
 1606              		.loc 1 936 30 view .LVU508
ARM GAS  /tmp/ccEksN7Z.s 			page 113


 1607 0184 CBB1     		cbz	r3, .L117
 939:Drivers/STM32L4xx_HAL_Driver/Src/stm32l4xx_hal_spi.c ****       {
 1608              		.loc 1 939 7 is_stmt 1 view .LVU509
 939:Drivers/STM32L4xx_HAL_Driver/Src/stm32l4xx_hal_spi.c ****       {
 1609              		.loc 1 939 11 is_stmt 0 view .LVU510
 1610 0186 2268     		ldr	r2, [r4]
 1611 0188 9368     		ldr	r3, [r2, #8]
 939:Drivers/STM32L4xx_HAL_Driver/Src/stm32l4xx_hal_spi.c ****       {
 1612              		.loc 1 939 10 view .LVU511
 1613 018a 13F0020F 		tst	r3, #2
 1614 018e EED0     		beq	.L122
 941:Drivers/STM32L4xx_HAL_Driver/Src/stm32l4xx_hal_spi.c ****         {
 1615              		.loc 1 941 9 is_stmt 1 view .LVU512
 941:Drivers/STM32L4xx_HAL_Driver/Src/stm32l4xx_hal_spi.c ****         {
 1616              		.loc 1 941 17 is_stmt 0 view .LVU513
 1617 0190 E38F     		ldrh	r3, [r4, #62]
 1618 0192 9BB2     		uxth	r3, r3
 941:Drivers/STM32L4xx_HAL_Driver/Src/stm32l4xx_hal_spi.c ****         {
 1619              		.loc 1 941 12 view .LVU514
 1620 0194 012B     		cmp	r3, #1
 1621 0196 DED9     		bls	.L123
 944:Drivers/STM32L4xx_HAL_Driver/Src/stm32l4xx_hal_spi.c ****           hspi->pTxBuffPtr += sizeof(uint16_t);
 1622              		.loc 1 944 11 is_stmt 1 view .LVU515
 944:Drivers/STM32L4xx_HAL_Driver/Src/stm32l4xx_hal_spi.c ****           hspi->pTxBuffPtr += sizeof(uint16_t);
 1623              		.loc 1 944 50 is_stmt 0 view .LVU516
 1624 0198 A36B     		ldr	r3, [r4, #56]
 944:Drivers/STM32L4xx_HAL_Driver/Src/stm32l4xx_hal_spi.c ****           hspi->pTxBuffPtr += sizeof(uint16_t);
 1625              		.loc 1 944 32 view .LVU517
 1626 019a 1B88     		ldrh	r3, [r3]
 944:Drivers/STM32L4xx_HAL_Driver/Src/stm32l4xx_hal_spi.c ****           hspi->pTxBuffPtr += sizeof(uint16_t);
 1627              		.loc 1 944 30 view .LVU518
 1628 019c D360     		str	r3, [r2, #12]
 945:Drivers/STM32L4xx_HAL_Driver/Src/stm32l4xx_hal_spi.c ****           hspi->TxXferCount -= 2U;
 1629              		.loc 1 945 11 is_stmt 1 view .LVU519
 945:Drivers/STM32L4xx_HAL_Driver/Src/stm32l4xx_hal_spi.c ****           hspi->TxXferCount -= 2U;
 1630              		.loc 1 945 15 is_stmt 0 view .LVU520
 1631 019e A36B     		ldr	r3, [r4, #56]
 945:Drivers/STM32L4xx_HAL_Driver/Src/stm32l4xx_hal_spi.c ****           hspi->TxXferCount -= 2U;
 1632              		.loc 1 945 28 view .LVU521
 1633 01a0 0233     		adds	r3, r3, #2
 1634 01a2 A363     		str	r3, [r4, #56]
 946:Drivers/STM32L4xx_HAL_Driver/Src/stm32l4xx_hal_spi.c ****         }
 1635              		.loc 1 946 11 is_stmt 1 view .LVU522
 946:Drivers/STM32L4xx_HAL_Driver/Src/stm32l4xx_hal_spi.c ****         }
 1636              		.loc 1 946 15 is_stmt 0 view .LVU523
 1637 01a4 E38F     		ldrh	r3, [r4, #62]
 1638 01a6 9BB2     		uxth	r3, r3
 946:Drivers/STM32L4xx_HAL_Driver/Src/stm32l4xx_hal_spi.c ****         }
 1639              		.loc 1 946 29 view .LVU524
 1640 01a8 023B     		subs	r3, r3, #2
 1641 01aa 9BB2     		uxth	r3, r3
 1642 01ac E387     		strh	r3, [r4, #62]	@ movhi
 1643 01ae E7E7     		b	.L121
 1644              	.L126:
 960:Drivers/STM32L4xx_HAL_Driver/Src/stm32l4xx_hal_spi.c ****           hspi->State = HAL_SPI_STATE_READY;
 1645              		.loc 1 960 11 is_stmt 1 view .LVU525
 1646              	.LVL79:
ARM GAS  /tmp/ccEksN7Z.s 			page 114


 961:Drivers/STM32L4xx_HAL_Driver/Src/stm32l4xx_hal_spi.c ****           goto error;
 1647              		.loc 1 961 11 view .LVU526
 961:Drivers/STM32L4xx_HAL_Driver/Src/stm32l4xx_hal_spi.c ****           goto error;
 1648              		.loc 1 961 23 is_stmt 0 view .LVU527
 1649 01b0 0123     		movs	r3, #1
 1650 01b2 84F85D30 		strb	r3, [r4, #93]
 962:Drivers/STM32L4xx_HAL_Driver/Src/stm32l4xx_hal_spi.c ****         }
 1651              		.loc 1 962 11 is_stmt 1 view .LVU528
 960:Drivers/STM32L4xx_HAL_Driver/Src/stm32l4xx_hal_spi.c ****           hspi->State = HAL_SPI_STATE_READY;
 1652              		.loc 1 960 21 is_stmt 0 view .LVU529
 1653 01b6 0326     		movs	r6, #3
 962:Drivers/STM32L4xx_HAL_Driver/Src/stm32l4xx_hal_spi.c ****         }
 1654              		.loc 1 962 11 view .LVU530
 1655 01b8 18E0     		b	.L105
 1656              	.LVL80:
 1657              	.L117:
 976:Drivers/STM32L4xx_HAL_Driver/Src/stm32l4xx_hal_spi.c ****   {
 1658              		.loc 1 976 3 is_stmt 1 view .LVU531
 976:Drivers/STM32L4xx_HAL_Driver/Src/stm32l4xx_hal_spi.c ****   {
 1659              		.loc 1 976 7 is_stmt 0 view .LVU532
 1660 01ba 3A46     		mov	r2, r7
 1661 01bc 2946     		mov	r1, r5
 1662 01be 2046     		mov	r0, r4
 1663 01c0 FFF7FEFF 		bl	SPI_EndRxTxTransaction
 1664              	.LVL81:
 976:Drivers/STM32L4xx_HAL_Driver/Src/stm32l4xx_hal_spi.c ****   {
 1665              		.loc 1 976 6 discriminator 1 view .LVU533
 1666 01c4 08B1     		cbz	r0, .L128
 978:Drivers/STM32L4xx_HAL_Driver/Src/stm32l4xx_hal_spi.c ****   }
 1667              		.loc 1 978 5 is_stmt 1 view .LVU534
 978:Drivers/STM32L4xx_HAL_Driver/Src/stm32l4xx_hal_spi.c ****   }
 1668              		.loc 1 978 21 is_stmt 0 view .LVU535
 1669 01c6 2023     		movs	r3, #32
 1670 01c8 2366     		str	r3, [r4, #96]
 1671              	.L128:
 982:Drivers/STM32L4xx_HAL_Driver/Src/stm32l4xx_hal_spi.c ****   {
 1672              		.loc 1 982 3 is_stmt 1 view .LVU536
 982:Drivers/STM32L4xx_HAL_Driver/Src/stm32l4xx_hal_spi.c ****   {
 1673              		.loc 1 982 17 is_stmt 0 view .LVU537
 1674 01ca A368     		ldr	r3, [r4, #8]
 982:Drivers/STM32L4xx_HAL_Driver/Src/stm32l4xx_hal_spi.c ****   {
 1675              		.loc 1 982 6 view .LVU538
 1676 01cc 33B9     		cbnz	r3, .L129
 984:Drivers/STM32L4xx_HAL_Driver/Src/stm32l4xx_hal_spi.c ****   }
 1677              		.loc 1 984 5 is_stmt 1 view .LVU539
 1678              	.LBB2:
 984:Drivers/STM32L4xx_HAL_Driver/Src/stm32l4xx_hal_spi.c ****   }
 1679              		.loc 1 984 5 view .LVU540
 1680 01ce 0193     		str	r3, [sp, #4]
 984:Drivers/STM32L4xx_HAL_Driver/Src/stm32l4xx_hal_spi.c ****   }
 1681              		.loc 1 984 5 view .LVU541
 1682 01d0 2368     		ldr	r3, [r4]
 1683 01d2 DA68     		ldr	r2, [r3, #12]
 1684 01d4 0192     		str	r2, [sp, #4]
 984:Drivers/STM32L4xx_HAL_Driver/Src/stm32l4xx_hal_spi.c ****   }
 1685              		.loc 1 984 5 view .LVU542
 1686 01d6 9B68     		ldr	r3, [r3, #8]
ARM GAS  /tmp/ccEksN7Z.s 			page 115


 1687 01d8 0193     		str	r3, [sp, #4]
 984:Drivers/STM32L4xx_HAL_Driver/Src/stm32l4xx_hal_spi.c ****   }
 1688              		.loc 1 984 5 view .LVU543
 1689 01da 019B     		ldr	r3, [sp, #4]
 1690              	.L129:
 1691              	.LBE2:
 984:Drivers/STM32L4xx_HAL_Driver/Src/stm32l4xx_hal_spi.c ****   }
 1692              		.loc 1 984 5 discriminator 1 view .LVU544
 987:Drivers/STM32L4xx_HAL_Driver/Src/stm32l4xx_hal_spi.c ****   {
 1693              		.loc 1 987 3 view .LVU545
 987:Drivers/STM32L4xx_HAL_Driver/Src/stm32l4xx_hal_spi.c ****   {
 1694              		.loc 1 987 11 is_stmt 0 view .LVU546
 1695 01dc 236E     		ldr	r3, [r4, #96]
 987:Drivers/STM32L4xx_HAL_Driver/Src/stm32l4xx_hal_spi.c ****   {
 1696              		.loc 1 987 6 view .LVU547
 1697 01de 2BB9     		cbnz	r3, .L105
 993:Drivers/STM32L4xx_HAL_Driver/Src/stm32l4xx_hal_spi.c ****   }
 1698              		.loc 1 993 5 is_stmt 1 view .LVU548
 993:Drivers/STM32L4xx_HAL_Driver/Src/stm32l4xx_hal_spi.c ****   }
 1699              		.loc 1 993 17 is_stmt 0 view .LVU549
 1700 01e0 0123     		movs	r3, #1
 1701 01e2 84F85D30 		strb	r3, [r4, #93]
 824:Drivers/STM32L4xx_HAL_Driver/Src/stm32l4xx_hal_spi.c ****   uint16_t initial_TxXferCount;
 1702              		.loc 1 824 21 view .LVU550
 1703 01e6 0026     		movs	r6, #0
 1704 01e8 00E0     		b	.L105
 1705              	.LVL82:
 1706              	.L131:
 839:Drivers/STM32L4xx_HAL_Driver/Src/stm32l4xx_hal_spi.c ****     goto error;
 1707              		.loc 1 839 15 view .LVU551
 1708 01ea 0226     		movs	r6, #2
 1709              	.LVL83:
 1710              	.L105:
 998:Drivers/STM32L4xx_HAL_Driver/Src/stm32l4xx_hal_spi.c ****   return errorcode;
 1711              		.loc 1 998 3 is_stmt 1 view .LVU552
 998:Drivers/STM32L4xx_HAL_Driver/Src/stm32l4xx_hal_spi.c ****   return errorcode;
 1712              		.loc 1 998 3 view .LVU553
 1713 01ec 0023     		movs	r3, #0
 1714 01ee 84F85C30 		strb	r3, [r4, #92]
 998:Drivers/STM32L4xx_HAL_Driver/Src/stm32l4xx_hal_spi.c ****   return errorcode;
 1715              		.loc 1 998 3 view .LVU554
 999:Drivers/STM32L4xx_HAL_Driver/Src/stm32l4xx_hal_spi.c **** }
 1716              		.loc 1 999 3 view .LVU555
 1717              	.LVL84:
 1718              	.L104:
1000:Drivers/STM32L4xx_HAL_Driver/Src/stm32l4xx_hal_spi.c **** 
 1719              		.loc 1 1000 1 is_stmt 0 view .LVU556
 1720 01f2 3046     		mov	r0, r6
 1721 01f4 03B0     		add	sp, sp, #12
 1722              		.cfi_remember_state
 1723              		.cfi_def_cfa_offset 28
 1724              		@ sp needed
 1725 01f6 BDE8F083 		pop	{r4, r5, r6, r7, r8, r9, pc}
 1726              	.LVL85:
 1727              	.L130:
 1728              		.cfi_restore_state
 831:Drivers/STM32L4xx_HAL_Driver/Src/stm32l4xx_hal_spi.c **** 
ARM GAS  /tmp/ccEksN7Z.s 			page 116


 1729              		.loc 1 831 3 discriminator 1 view .LVU557
 1730 01fa 0226     		movs	r6, #2
 1731 01fc F9E7     		b	.L104
 1732              		.cfi_endproc
 1733              	.LFE292:
 1735              		.section	.text.HAL_SPI_TransmitReceive,"ax",%progbits
 1736              		.align	1
 1737              		.global	HAL_SPI_TransmitReceive
 1738              		.syntax unified
 1739              		.thumb
 1740              		.thumb_func
 1742              	HAL_SPI_TransmitReceive:
 1743              	.LVL86:
 1744              	.LFB294:
1258:Drivers/STM32L4xx_HAL_Driver/Src/stm32l4xx_hal_spi.c ****   uint16_t             initial_TxXferCount;
 1745              		.loc 1 1258 1 is_stmt 1 view -0
 1746              		.cfi_startproc
 1747              		@ args = 4, pretend = 0, frame = 0
 1748              		@ frame_needed = 0, uses_anonymous_args = 0
1258:Drivers/STM32L4xx_HAL_Driver/Src/stm32l4xx_hal_spi.c ****   uint16_t             initial_TxXferCount;
 1749              		.loc 1 1258 1 is_stmt 0 view .LVU559
 1750 0000 2DE9F843 		push	{r3, r4, r5, r6, r7, r8, r9, lr}
 1751              		.cfi_def_cfa_offset 32
 1752              		.cfi_offset 3, -32
 1753              		.cfi_offset 4, -28
 1754              		.cfi_offset 5, -24
 1755              		.cfi_offset 6, -20
 1756              		.cfi_offset 7, -16
 1757              		.cfi_offset 8, -12
 1758              		.cfi_offset 9, -8
 1759              		.cfi_offset 14, -4
 1760 0004 1F46     		mov	r7, r3
 1761 0006 089D     		ldr	r5, [sp, #32]
1259:Drivers/STM32L4xx_HAL_Driver/Src/stm32l4xx_hal_spi.c ****   uint16_t             initial_RxXferCount;
 1762              		.loc 1 1259 3 is_stmt 1 view .LVU560
1260:Drivers/STM32L4xx_HAL_Driver/Src/stm32l4xx_hal_spi.c ****   uint32_t             tmp_mode;
 1763              		.loc 1 1260 3 view .LVU561
1261:Drivers/STM32L4xx_HAL_Driver/Src/stm32l4xx_hal_spi.c ****   HAL_SPI_StateTypeDef tmp_state;
 1764              		.loc 1 1261 3 view .LVU562
1262:Drivers/STM32L4xx_HAL_Driver/Src/stm32l4xx_hal_spi.c ****   uint32_t             tickstart;
 1765              		.loc 1 1262 3 view .LVU563
1263:Drivers/STM32L4xx_HAL_Driver/Src/stm32l4xx_hal_spi.c **** #if (USE_SPI_CRC != 0U)
 1766              		.loc 1 1263 3 view .LVU564
1273:Drivers/STM32L4xx_HAL_Driver/Src/stm32l4xx_hal_spi.c ****   HAL_StatusTypeDef    errorcode = HAL_OK;
 1767              		.loc 1 1273 3 view .LVU565
 1768              	.LVL87:
1274:Drivers/STM32L4xx_HAL_Driver/Src/stm32l4xx_hal_spi.c **** 
 1769              		.loc 1 1274 3 view .LVU566
1277:Drivers/STM32L4xx_HAL_Driver/Src/stm32l4xx_hal_spi.c **** 
 1770              		.loc 1 1277 3 view .LVU567
1280:Drivers/STM32L4xx_HAL_Driver/Src/stm32l4xx_hal_spi.c **** 
 1771              		.loc 1 1280 3 view .LVU568
1280:Drivers/STM32L4xx_HAL_Driver/Src/stm32l4xx_hal_spi.c **** 
 1772              		.loc 1 1280 3 view .LVU569
 1773 0008 90F85C30 		ldrb	r3, [r0, #92]	@ zero_extendqisi2
 1774              	.LVL88:
1280:Drivers/STM32L4xx_HAL_Driver/Src/stm32l4xx_hal_spi.c **** 
ARM GAS  /tmp/ccEksN7Z.s 			page 117


 1775              		.loc 1 1280 3 is_stmt 0 view .LVU570
 1776 000c 012B     		cmp	r3, #1
 1777 000e 00F06B81 		beq	.L163
 1778 0012 0446     		mov	r4, r0
 1779 0014 8846     		mov	r8, r1
 1780 0016 9146     		mov	r9, r2
1280:Drivers/STM32L4xx_HAL_Driver/Src/stm32l4xx_hal_spi.c **** 
 1781              		.loc 1 1280 3 is_stmt 1 discriminator 2 view .LVU571
 1782 0018 0123     		movs	r3, #1
 1783 001a 80F85C30 		strb	r3, [r0, #92]
1280:Drivers/STM32L4xx_HAL_Driver/Src/stm32l4xx_hal_spi.c **** 
 1784              		.loc 1 1280 3 discriminator 2 view .LVU572
1283:Drivers/STM32L4xx_HAL_Driver/Src/stm32l4xx_hal_spi.c **** 
 1785              		.loc 1 1283 3 view .LVU573
1283:Drivers/STM32L4xx_HAL_Driver/Src/stm32l4xx_hal_spi.c **** 
 1786              		.loc 1 1283 15 is_stmt 0 view .LVU574
 1787 001e FFF7FEFF 		bl	HAL_GetTick
 1788              	.LVL89:
1283:Drivers/STM32L4xx_HAL_Driver/Src/stm32l4xx_hal_spi.c **** 
 1789              		.loc 1 1283 15 view .LVU575
 1790 0022 0646     		mov	r6, r0
 1791              	.LVL90:
1286:Drivers/STM32L4xx_HAL_Driver/Src/stm32l4xx_hal_spi.c ****   tmp_mode            = hspi->Init.Mode;
 1792              		.loc 1 1286 3 is_stmt 1 view .LVU576
1286:Drivers/STM32L4xx_HAL_Driver/Src/stm32l4xx_hal_spi.c ****   tmp_mode            = hspi->Init.Mode;
 1793              		.loc 1 1286 23 is_stmt 0 view .LVU577
 1794 0024 94F85D30 		ldrb	r3, [r4, #93]	@ zero_extendqisi2
 1795 0028 DBB2     		uxtb	r3, r3
 1796              	.LVL91:
1287:Drivers/STM32L4xx_HAL_Driver/Src/stm32l4xx_hal_spi.c ****   initial_TxXferCount = Size;
 1797              		.loc 1 1287 3 is_stmt 1 view .LVU578
1287:Drivers/STM32L4xx_HAL_Driver/Src/stm32l4xx_hal_spi.c ****   initial_TxXferCount = Size;
 1798              		.loc 1 1287 23 is_stmt 0 view .LVU579
 1799 002a 6268     		ldr	r2, [r4, #4]
 1800              	.LVL92:
1288:Drivers/STM32L4xx_HAL_Driver/Src/stm32l4xx_hal_spi.c ****   initial_RxXferCount = Size;
 1801              		.loc 1 1288 3 is_stmt 1 view .LVU580
1289:Drivers/STM32L4xx_HAL_Driver/Src/stm32l4xx_hal_spi.c **** #if (USE_SPI_CRC != 0U)
 1802              		.loc 1 1289 3 view .LVU581
1295:Drivers/STM32L4xx_HAL_Driver/Src/stm32l4xx_hal_spi.c ****         ((tmp_mode == SPI_MODE_MASTER) && (hspi->Init.Direction == SPI_DIRECTION_2LINES) && (tmp_st
 1803              		.loc 1 1295 3 view .LVU582
1295:Drivers/STM32L4xx_HAL_Driver/Src/stm32l4xx_hal_spi.c ****         ((tmp_mode == SPI_MODE_MASTER) && (hspi->Init.Direction == SPI_DIRECTION_2LINES) && (tmp_st
 1804              		.loc 1 1295 6 is_stmt 0 view .LVU583
 1805 002c 012B     		cmp	r3, #1
 1806 002e 0AD0     		beq	.L136
1295:Drivers/STM32L4xx_HAL_Driver/Src/stm32l4xx_hal_spi.c ****         ((tmp_mode == SPI_MODE_MASTER) && (hspi->Init.Direction == SPI_DIRECTION_2LINES) && (tmp_st
 1807              		.loc 1 1295 7 discriminator 1 view .LVU584
 1808 0030 B2F5827F 		cmp	r2, #260
 1809 0034 40F04681 		bne	.L164
1296:Drivers/STM32L4xx_HAL_Driver/Src/stm32l4xx_hal_spi.c ****   {
 1810              		.loc 1 1296 54 view .LVU585
 1811 0038 A268     		ldr	r2, [r4, #8]
 1812              	.LVL93:
1296:Drivers/STM32L4xx_HAL_Driver/Src/stm32l4xx_hal_spi.c ****   {
 1813              		.loc 1 1296 40 view .LVU586
 1814 003a 002A     		cmp	r2, #0
 1815 003c 40F04881 		bne	.L165
ARM GAS  /tmp/ccEksN7Z.s 			page 118


1296:Drivers/STM32L4xx_HAL_Driver/Src/stm32l4xx_hal_spi.c ****   {
 1816              		.loc 1 1296 90 discriminator 1 view .LVU587
 1817 0040 042B     		cmp	r3, #4
 1818 0042 40F04781 		bne	.L166
 1819              	.L136:
1302:Drivers/STM32L4xx_HAL_Driver/Src/stm32l4xx_hal_spi.c ****   {
 1820              		.loc 1 1302 3 is_stmt 1 view .LVU588
1302:Drivers/STM32L4xx_HAL_Driver/Src/stm32l4xx_hal_spi.c ****   {
 1821              		.loc 1 1302 6 is_stmt 0 view .LVU589
 1822 0046 B8F1000F 		cmp	r8, #0
 1823 004a 00F04581 		beq	.L167
1302:Drivers/STM32L4xx_HAL_Driver/Src/stm32l4xx_hal_spi.c ****   {
 1824              		.loc 1 1302 25 discriminator 1 view .LVU590
 1825 004e B9F1000F 		cmp	r9, #0
 1826 0052 00F04381 		beq	.L168
1302:Drivers/STM32L4xx_HAL_Driver/Src/stm32l4xx_hal_spi.c ****   {
 1827              		.loc 1 1302 46 discriminator 2 view .LVU591
 1828 0056 002F     		cmp	r7, #0
 1829 0058 00F04281 		beq	.L169
1309:Drivers/STM32L4xx_HAL_Driver/Src/stm32l4xx_hal_spi.c ****   {
 1830              		.loc 1 1309 3 is_stmt 1 view .LVU592
1309:Drivers/STM32L4xx_HAL_Driver/Src/stm32l4xx_hal_spi.c ****   {
 1831              		.loc 1 1309 11 is_stmt 0 view .LVU593
 1832 005c 94F85D30 		ldrb	r3, [r4, #93]	@ zero_extendqisi2
 1833              	.LVL94:
1309:Drivers/STM32L4xx_HAL_Driver/Src/stm32l4xx_hal_spi.c ****   {
 1834              		.loc 1 1309 11 view .LVU594
 1835 0060 DBB2     		uxtb	r3, r3
1309:Drivers/STM32L4xx_HAL_Driver/Src/stm32l4xx_hal_spi.c ****   {
 1836              		.loc 1 1309 6 view .LVU595
 1837 0062 042B     		cmp	r3, #4
 1838 0064 02D0     		beq	.L138
1311:Drivers/STM32L4xx_HAL_Driver/Src/stm32l4xx_hal_spi.c ****   }
 1839              		.loc 1 1311 5 is_stmt 1 view .LVU596
1311:Drivers/STM32L4xx_HAL_Driver/Src/stm32l4xx_hal_spi.c ****   }
 1840              		.loc 1 1311 17 is_stmt 0 view .LVU597
 1841 0066 0523     		movs	r3, #5
 1842 0068 84F85D30 		strb	r3, [r4, #93]
 1843              	.L138:
1315:Drivers/STM32L4xx_HAL_Driver/Src/stm32l4xx_hal_spi.c ****   hspi->pRxBuffPtr  = (uint8_t *)pRxData;
 1844              		.loc 1 1315 3 is_stmt 1 view .LVU598
1315:Drivers/STM32L4xx_HAL_Driver/Src/stm32l4xx_hal_spi.c ****   hspi->pRxBuffPtr  = (uint8_t *)pRxData;
 1845              		.loc 1 1315 21 is_stmt 0 view .LVU599
 1846 006c 0023     		movs	r3, #0
 1847 006e 2366     		str	r3, [r4, #96]
1316:Drivers/STM32L4xx_HAL_Driver/Src/stm32l4xx_hal_spi.c ****   hspi->RxXferCount = Size;
 1848              		.loc 1 1316 3 is_stmt 1 view .LVU600
1316:Drivers/STM32L4xx_HAL_Driver/Src/stm32l4xx_hal_spi.c ****   hspi->RxXferCount = Size;
 1849              		.loc 1 1316 21 is_stmt 0 view .LVU601
 1850 0070 C4F84090 		str	r9, [r4, #64]
1317:Drivers/STM32L4xx_HAL_Driver/Src/stm32l4xx_hal_spi.c ****   hspi->RxXferSize  = Size;
 1851              		.loc 1 1317 3 is_stmt 1 view .LVU602
1317:Drivers/STM32L4xx_HAL_Driver/Src/stm32l4xx_hal_spi.c ****   hspi->RxXferSize  = Size;
 1852              		.loc 1 1317 21 is_stmt 0 view .LVU603
 1853 0074 A4F84670 		strh	r7, [r4, #70]	@ movhi
1318:Drivers/STM32L4xx_HAL_Driver/Src/stm32l4xx_hal_spi.c ****   hspi->pTxBuffPtr  = (uint8_t *)pTxData;
 1854              		.loc 1 1318 3 is_stmt 1 view .LVU604
ARM GAS  /tmp/ccEksN7Z.s 			page 119


1318:Drivers/STM32L4xx_HAL_Driver/Src/stm32l4xx_hal_spi.c ****   hspi->pTxBuffPtr  = (uint8_t *)pTxData;
 1855              		.loc 1 1318 21 is_stmt 0 view .LVU605
 1856 0078 A4F84470 		strh	r7, [r4, #68]	@ movhi
1319:Drivers/STM32L4xx_HAL_Driver/Src/stm32l4xx_hal_spi.c ****   hspi->TxXferCount = Size;
 1857              		.loc 1 1319 3 is_stmt 1 view .LVU606
1319:Drivers/STM32L4xx_HAL_Driver/Src/stm32l4xx_hal_spi.c ****   hspi->TxXferCount = Size;
 1858              		.loc 1 1319 21 is_stmt 0 view .LVU607
 1859 007c C4F83880 		str	r8, [r4, #56]
1320:Drivers/STM32L4xx_HAL_Driver/Src/stm32l4xx_hal_spi.c ****   hspi->TxXferSize  = Size;
 1860              		.loc 1 1320 3 is_stmt 1 view .LVU608
1320:Drivers/STM32L4xx_HAL_Driver/Src/stm32l4xx_hal_spi.c ****   hspi->TxXferSize  = Size;
 1861              		.loc 1 1320 21 is_stmt 0 view .LVU609
 1862 0080 E787     		strh	r7, [r4, #62]	@ movhi
1321:Drivers/STM32L4xx_HAL_Driver/Src/stm32l4xx_hal_spi.c **** 
 1863              		.loc 1 1321 3 is_stmt 1 view .LVU610
1321:Drivers/STM32L4xx_HAL_Driver/Src/stm32l4xx_hal_spi.c **** 
 1864              		.loc 1 1321 21 is_stmt 0 view .LVU611
 1865 0082 A787     		strh	r7, [r4, #60]	@ movhi
1324:Drivers/STM32L4xx_HAL_Driver/Src/stm32l4xx_hal_spi.c ****   hspi->TxISR       = NULL;
 1866              		.loc 1 1324 3 is_stmt 1 view .LVU612
1324:Drivers/STM32L4xx_HAL_Driver/Src/stm32l4xx_hal_spi.c ****   hspi->TxISR       = NULL;
 1867              		.loc 1 1324 21 is_stmt 0 view .LVU613
 1868 0084 E364     		str	r3, [r4, #76]
1325:Drivers/STM32L4xx_HAL_Driver/Src/stm32l4xx_hal_spi.c **** 
 1869              		.loc 1 1325 3 is_stmt 1 view .LVU614
1325:Drivers/STM32L4xx_HAL_Driver/Src/stm32l4xx_hal_spi.c **** 
 1870              		.loc 1 1325 21 is_stmt 0 view .LVU615
 1871 0086 2365     		str	r3, [r4, #80]
1336:Drivers/STM32L4xx_HAL_Driver/Src/stm32l4xx_hal_spi.c ****   {
 1872              		.loc 1 1336 3 is_stmt 1 view .LVU616
1336:Drivers/STM32L4xx_HAL_Driver/Src/stm32l4xx_hal_spi.c ****   {
 1873              		.loc 1 1336 18 is_stmt 0 view .LVU617
 1874 0088 E368     		ldr	r3, [r4, #12]
1336:Drivers/STM32L4xx_HAL_Driver/Src/stm32l4xx_hal_spi.c ****   {
 1875              		.loc 1 1336 6 view .LVU618
 1876 008a B3F5E06F 		cmp	r3, #1792
 1877 008e 01D8     		bhi	.L139
1336:Drivers/STM32L4xx_HAL_Driver/Src/stm32l4xx_hal_spi.c ****   {
 1878              		.loc 1 1336 49 discriminator 1 view .LVU619
 1879 0090 012F     		cmp	r7, #1
 1880 0092 23D9     		bls	.L140
 1881              	.L139:
1339:Drivers/STM32L4xx_HAL_Driver/Src/stm32l4xx_hal_spi.c ****   }
 1882              		.loc 1 1339 5 is_stmt 1 view .LVU620
 1883 0094 2268     		ldr	r2, [r4]
 1884 0096 5368     		ldr	r3, [r2, #4]
 1885 0098 23F48053 		bic	r3, r3, #4096
 1886 009c 5360     		str	r3, [r2, #4]
 1887              	.LVL95:
 1888              	.L141:
1348:Drivers/STM32L4xx_HAL_Driver/Src/stm32l4xx_hal_spi.c ****   {
 1889              		.loc 1 1348 3 view .LVU621
1348:Drivers/STM32L4xx_HAL_Driver/Src/stm32l4xx_hal_spi.c ****   {
 1890              		.loc 1 1348 12 is_stmt 0 view .LVU622
 1891 009e 2368     		ldr	r3, [r4]
1348:Drivers/STM32L4xx_HAL_Driver/Src/stm32l4xx_hal_spi.c ****   {
 1892              		.loc 1 1348 22 view .LVU623
ARM GAS  /tmp/ccEksN7Z.s 			page 120


 1893 00a0 1A68     		ldr	r2, [r3]
1348:Drivers/STM32L4xx_HAL_Driver/Src/stm32l4xx_hal_spi.c ****   {
 1894              		.loc 1 1348 6 view .LVU624
 1895 00a2 12F0400F 		tst	r2, #64
 1896 00a6 03D1     		bne	.L142
1351:Drivers/STM32L4xx_HAL_Driver/Src/stm32l4xx_hal_spi.c ****   }
 1897              		.loc 1 1351 5 is_stmt 1 view .LVU625
 1898 00a8 1A68     		ldr	r2, [r3]
 1899 00aa 42F04002 		orr	r2, r2, #64
 1900 00ae 1A60     		str	r2, [r3]
 1901              	.L142:
1355:Drivers/STM32L4xx_HAL_Driver/Src/stm32l4xx_hal_spi.c ****   {
 1902              		.loc 1 1355 3 view .LVU626
1355:Drivers/STM32L4xx_HAL_Driver/Src/stm32l4xx_hal_spi.c ****   {
 1903              		.loc 1 1355 17 is_stmt 0 view .LVU627
 1904 00b0 E368     		ldr	r3, [r4, #12]
1355:Drivers/STM32L4xx_HAL_Driver/Src/stm32l4xx_hal_spi.c ****   {
 1905              		.loc 1 1355 6 view .LVU628
 1906 00b2 B3F5E06F 		cmp	r3, #1792
 1907 00b6 5CD9     		bls	.L143
1357:Drivers/STM32L4xx_HAL_Driver/Src/stm32l4xx_hal_spi.c ****     {
 1908              		.loc 1 1357 5 is_stmt 1 view .LVU629
1357:Drivers/STM32L4xx_HAL_Driver/Src/stm32l4xx_hal_spi.c ****     {
 1909              		.loc 1 1357 20 is_stmt 0 view .LVU630
 1910 00b8 6368     		ldr	r3, [r4, #4]
1357:Drivers/STM32L4xx_HAL_Driver/Src/stm32l4xx_hal_spi.c ****     {
 1911              		.loc 1 1357 8 view .LVU631
 1912 00ba 0BB1     		cbz	r3, .L144
1357:Drivers/STM32L4xx_HAL_Driver/Src/stm32l4xx_hal_spi.c ****     {
 1913              		.loc 1 1357 45 discriminator 1 view .LVU632
 1914 00bc 012F     		cmp	r7, #1
 1915 00be 0BD1     		bne	.L145
 1916              	.L144:
1359:Drivers/STM32L4xx_HAL_Driver/Src/stm32l4xx_hal_spi.c ****       hspi->pTxBuffPtr += sizeof(uint16_t);
 1917              		.loc 1 1359 7 is_stmt 1 view .LVU633
1359:Drivers/STM32L4xx_HAL_Driver/Src/stm32l4xx_hal_spi.c ****       hspi->pTxBuffPtr += sizeof(uint16_t);
 1918              		.loc 1 1359 46 is_stmt 0 view .LVU634
 1919 00c0 A26B     		ldr	r2, [r4, #56]
1359:Drivers/STM32L4xx_HAL_Driver/Src/stm32l4xx_hal_spi.c ****       hspi->pTxBuffPtr += sizeof(uint16_t);
 1920              		.loc 1 1359 11 view .LVU635
 1921 00c2 2368     		ldr	r3, [r4]
1359:Drivers/STM32L4xx_HAL_Driver/Src/stm32l4xx_hal_spi.c ****       hspi->pTxBuffPtr += sizeof(uint16_t);
 1922              		.loc 1 1359 28 view .LVU636
 1923 00c4 1288     		ldrh	r2, [r2]
1359:Drivers/STM32L4xx_HAL_Driver/Src/stm32l4xx_hal_spi.c ****       hspi->pTxBuffPtr += sizeof(uint16_t);
 1924              		.loc 1 1359 26 view .LVU637
 1925 00c6 DA60     		str	r2, [r3, #12]
1360:Drivers/STM32L4xx_HAL_Driver/Src/stm32l4xx_hal_spi.c ****       hspi->TxXferCount--;
 1926              		.loc 1 1360 7 is_stmt 1 view .LVU638
1360:Drivers/STM32L4xx_HAL_Driver/Src/stm32l4xx_hal_spi.c ****       hspi->TxXferCount--;
 1927              		.loc 1 1360 11 is_stmt 0 view .LVU639
 1928 00c8 A36B     		ldr	r3, [r4, #56]
1360:Drivers/STM32L4xx_HAL_Driver/Src/stm32l4xx_hal_spi.c ****       hspi->TxXferCount--;
 1929              		.loc 1 1360 24 view .LVU640
 1930 00ca 0233     		adds	r3, r3, #2
 1931 00cc A363     		str	r3, [r4, #56]
1361:Drivers/STM32L4xx_HAL_Driver/Src/stm32l4xx_hal_spi.c **** 
ARM GAS  /tmp/ccEksN7Z.s 			page 121


 1932              		.loc 1 1361 7 is_stmt 1 view .LVU641
1361:Drivers/STM32L4xx_HAL_Driver/Src/stm32l4xx_hal_spi.c **** 
 1933              		.loc 1 1361 11 is_stmt 0 view .LVU642
 1934 00ce E38F     		ldrh	r3, [r4, #62]
 1935 00d0 9BB2     		uxth	r3, r3
1361:Drivers/STM32L4xx_HAL_Driver/Src/stm32l4xx_hal_spi.c **** 
 1936              		.loc 1 1361 24 view .LVU643
 1937 00d2 013B     		subs	r3, r3, #1
 1938 00d4 9BB2     		uxth	r3, r3
 1939 00d6 E387     		strh	r3, [r4, #62]	@ movhi
 1940              	.L145:
1409:Drivers/STM32L4xx_HAL_Driver/Src/stm32l4xx_hal_spi.c ****       }
 1941              		.loc 1 1409 19 view .LVU644
 1942 00d8 0127     		movs	r7, #1
 1943              	.LVL96:
1409:Drivers/STM32L4xx_HAL_Driver/Src/stm32l4xx_hal_spi.c ****       }
 1944              		.loc 1 1409 19 view .LVU645
 1945 00da 30E0     		b	.L146
 1946              	.LVL97:
 1947              	.L140:
1344:Drivers/STM32L4xx_HAL_Driver/Src/stm32l4xx_hal_spi.c ****   }
 1948              		.loc 1 1344 5 is_stmt 1 view .LVU646
 1949 00dc 2268     		ldr	r2, [r4]
 1950 00de 5368     		ldr	r3, [r2, #4]
 1951 00e0 43F48053 		orr	r3, r3, #4096
 1952 00e4 5360     		str	r3, [r2, #4]
 1953              	.LVL98:
1344:Drivers/STM32L4xx_HAL_Driver/Src/stm32l4xx_hal_spi.c ****   }
 1954              		.loc 1 1344 5 is_stmt 0 view .LVU647
 1955 00e6 DAE7     		b	.L141
 1956              	.LVL99:
 1957              	.L174:
1382:Drivers/STM32L4xx_HAL_Driver/Src/stm32l4xx_hal_spi.c ****         hspi->pTxBuffPtr += sizeof(uint16_t);
 1958              		.loc 1 1382 9 is_stmt 1 view .LVU648
1382:Drivers/STM32L4xx_HAL_Driver/Src/stm32l4xx_hal_spi.c ****         hspi->pTxBuffPtr += sizeof(uint16_t);
 1959              		.loc 1 1382 48 is_stmt 0 view .LVU649
 1960 00e8 A26B     		ldr	r2, [r4, #56]
1382:Drivers/STM32L4xx_HAL_Driver/Src/stm32l4xx_hal_spi.c ****         hspi->pTxBuffPtr += sizeof(uint16_t);
 1961              		.loc 1 1382 30 view .LVU650
 1962 00ea 1288     		ldrh	r2, [r2]
1382:Drivers/STM32L4xx_HAL_Driver/Src/stm32l4xx_hal_spi.c ****         hspi->pTxBuffPtr += sizeof(uint16_t);
 1963              		.loc 1 1382 28 view .LVU651
 1964 00ec DA60     		str	r2, [r3, #12]
1383:Drivers/STM32L4xx_HAL_Driver/Src/stm32l4xx_hal_spi.c ****         hspi->TxXferCount--;
 1965              		.loc 1 1383 9 is_stmt 1 view .LVU652
1383:Drivers/STM32L4xx_HAL_Driver/Src/stm32l4xx_hal_spi.c ****         hspi->TxXferCount--;
 1966              		.loc 1 1383 13 is_stmt 0 view .LVU653
 1967 00ee A36B     		ldr	r3, [r4, #56]
1383:Drivers/STM32L4xx_HAL_Driver/Src/stm32l4xx_hal_spi.c ****         hspi->TxXferCount--;
 1968              		.loc 1 1383 26 view .LVU654
 1969 00f0 0233     		adds	r3, r3, #2
 1970 00f2 A363     		str	r3, [r4, #56]
1384:Drivers/STM32L4xx_HAL_Driver/Src/stm32l4xx_hal_spi.c ****         /* Next Data is a reception (Rx). Tx not allowed */
 1971              		.loc 1 1384 9 is_stmt 1 view .LVU655
1384:Drivers/STM32L4xx_HAL_Driver/Src/stm32l4xx_hal_spi.c ****         /* Next Data is a reception (Rx). Tx not allowed */
 1972              		.loc 1 1384 13 is_stmt 0 view .LVU656
 1973 00f4 E38F     		ldrh	r3, [r4, #62]
ARM GAS  /tmp/ccEksN7Z.s 			page 122


 1974 00f6 9BB2     		uxth	r3, r3
1384:Drivers/STM32L4xx_HAL_Driver/Src/stm32l4xx_hal_spi.c ****         /* Next Data is a reception (Rx). Tx not allowed */
 1975              		.loc 1 1384 26 view .LVU657
 1976 00f8 013B     		subs	r3, r3, #1
 1977 00fa 9BB2     		uxth	r3, r3
 1978 00fc E387     		strh	r3, [r4, #62]	@ movhi
1386:Drivers/STM32L4xx_HAL_Driver/Src/stm32l4xx_hal_spi.c **** 
 1979              		.loc 1 1386 9 is_stmt 1 view .LVU658
 1980              	.LVL100:
1386:Drivers/STM32L4xx_HAL_Driver/Src/stm32l4xx_hal_spi.c **** 
 1981              		.loc 1 1386 19 is_stmt 0 view .LVU659
 1982 00fe 0027     		movs	r7, #0
 1983              	.LVL101:
 1984              	.L147:
1403:Drivers/STM32L4xx_HAL_Driver/Src/stm32l4xx_hal_spi.c ****       {
 1985              		.loc 1 1403 7 is_stmt 1 view .LVU660
1403:Drivers/STM32L4xx_HAL_Driver/Src/stm32l4xx_hal_spi.c ****       {
 1986              		.loc 1 1403 12 is_stmt 0 view .LVU661
 1987 0100 2368     		ldr	r3, [r4]
 1988 0102 9A68     		ldr	r2, [r3, #8]
1403:Drivers/STM32L4xx_HAL_Driver/Src/stm32l4xx_hal_spi.c ****       {
 1989              		.loc 1 1403 10 view .LVU662
 1990 0104 12F0010F 		tst	r2, #1
 1991 0108 11D0     		beq	.L148
1403:Drivers/STM32L4xx_HAL_Driver/Src/stm32l4xx_hal_spi.c ****       {
 1992              		.loc 1 1403 61 discriminator 1 view .LVU663
 1993 010a B4F84620 		ldrh	r2, [r4, #70]
 1994 010e 92B2     		uxth	r2, r2
1403:Drivers/STM32L4xx_HAL_Driver/Src/stm32l4xx_hal_spi.c ****       {
 1995              		.loc 1 1403 53 discriminator 1 view .LVU664
 1996 0110 6AB1     		cbz	r2, .L148
1405:Drivers/STM32L4xx_HAL_Driver/Src/stm32l4xx_hal_spi.c ****         hspi->pRxBuffPtr += sizeof(uint16_t);
 1997              		.loc 1 1405 9 is_stmt 1 view .LVU665
1405:Drivers/STM32L4xx_HAL_Driver/Src/stm32l4xx_hal_spi.c ****         hspi->pRxBuffPtr += sizeof(uint16_t);
 1998              		.loc 1 1405 67 is_stmt 0 view .LVU666
 1999 0112 DA68     		ldr	r2, [r3, #12]
1405:Drivers/STM32L4xx_HAL_Driver/Src/stm32l4xx_hal_spi.c ****         hspi->pRxBuffPtr += sizeof(uint16_t);
 2000              		.loc 1 1405 27 view .LVU667
 2001 0114 236C     		ldr	r3, [r4, #64]
1405:Drivers/STM32L4xx_HAL_Driver/Src/stm32l4xx_hal_spi.c ****         hspi->pRxBuffPtr += sizeof(uint16_t);
 2002              		.loc 1 1405 41 view .LVU668
 2003 0116 1A80     		strh	r2, [r3]	@ movhi
1406:Drivers/STM32L4xx_HAL_Driver/Src/stm32l4xx_hal_spi.c ****         hspi->RxXferCount--;
 2004              		.loc 1 1406 9 is_stmt 1 view .LVU669
1406:Drivers/STM32L4xx_HAL_Driver/Src/stm32l4xx_hal_spi.c ****         hspi->RxXferCount--;
 2005              		.loc 1 1406 13 is_stmt 0 view .LVU670
 2006 0118 236C     		ldr	r3, [r4, #64]
1406:Drivers/STM32L4xx_HAL_Driver/Src/stm32l4xx_hal_spi.c ****         hspi->RxXferCount--;
 2007              		.loc 1 1406 26 view .LVU671
 2008 011a 0233     		adds	r3, r3, #2
 2009 011c 2364     		str	r3, [r4, #64]
1407:Drivers/STM32L4xx_HAL_Driver/Src/stm32l4xx_hal_spi.c ****         /* Next Data is a Transmission (Tx). Tx is allowed */
 2010              		.loc 1 1407 9 is_stmt 1 view .LVU672
1407:Drivers/STM32L4xx_HAL_Driver/Src/stm32l4xx_hal_spi.c ****         /* Next Data is a Transmission (Tx). Tx is allowed */
 2011              		.loc 1 1407 13 is_stmt 0 view .LVU673
 2012 011e B4F84630 		ldrh	r3, [r4, #70]
 2013 0122 9BB2     		uxth	r3, r3
ARM GAS  /tmp/ccEksN7Z.s 			page 123


1407:Drivers/STM32L4xx_HAL_Driver/Src/stm32l4xx_hal_spi.c ****         /* Next Data is a Transmission (Tx). Tx is allowed */
 2014              		.loc 1 1407 26 view .LVU674
 2015 0124 013B     		subs	r3, r3, #1
 2016 0126 9BB2     		uxth	r3, r3
 2017 0128 A4F84630 		strh	r3, [r4, #70]	@ movhi
1409:Drivers/STM32L4xx_HAL_Driver/Src/stm32l4xx_hal_spi.c ****       }
 2018              		.loc 1 1409 9 is_stmt 1 view .LVU675
 2019              	.LVL102:
1409:Drivers/STM32L4xx_HAL_Driver/Src/stm32l4xx_hal_spi.c ****       }
 2020              		.loc 1 1409 19 is_stmt 0 view .LVU676
 2021 012c 0127     		movs	r7, #1
 2022              	.LVL103:
 2023              	.L148:
1411:Drivers/STM32L4xx_HAL_Driver/Src/stm32l4xx_hal_spi.c ****       {
 2024              		.loc 1 1411 7 is_stmt 1 view .LVU677
1411:Drivers/STM32L4xx_HAL_Driver/Src/stm32l4xx_hal_spi.c ****       {
 2025              		.loc 1 1411 13 is_stmt 0 view .LVU678
 2026 012e FFF7FEFF 		bl	HAL_GetTick
 2027              	.LVL104:
1411:Drivers/STM32L4xx_HAL_Driver/Src/stm32l4xx_hal_spi.c ****       {
 2028              		.loc 1 1411 27 discriminator 1 view .LVU679
 2029 0132 831B     		subs	r3, r0, r6
1411:Drivers/STM32L4xx_HAL_Driver/Src/stm32l4xx_hal_spi.c ****       {
 2030              		.loc 1 1411 10 discriminator 1 view .LVU680
 2031 0134 AB42     		cmp	r3, r5
 2032 0136 02D3     		bcc	.L146
1411:Drivers/STM32L4xx_HAL_Driver/Src/stm32l4xx_hal_spi.c ****       {
 2033              		.loc 1 1411 53 discriminator 1 view .LVU681
 2034 0138 B5F1FF3F 		cmp	r5, #-1
 2035 013c 14D1     		bne	.L173
 2036              	.LVL105:
 2037              	.L146:
1377:Drivers/STM32L4xx_HAL_Driver/Src/stm32l4xx_hal_spi.c ****     {
 2038              		.loc 1 1377 37 is_stmt 1 view .LVU682
1377:Drivers/STM32L4xx_HAL_Driver/Src/stm32l4xx_hal_spi.c ****     {
 2039              		.loc 1 1377 17 is_stmt 0 view .LVU683
 2040 013e E38F     		ldrh	r3, [r4, #62]
 2041 0140 9BB2     		uxth	r3, r3
1377:Drivers/STM32L4xx_HAL_Driver/Src/stm32l4xx_hal_spi.c ****     {
 2042              		.loc 1 1377 37 view .LVU684
 2043 0142 2BB9     		cbnz	r3, .L149
1377:Drivers/STM32L4xx_HAL_Driver/Src/stm32l4xx_hal_spi.c ****     {
 2044              		.loc 1 1377 45 discriminator 1 view .LVU685
 2045 0144 B4F84630 		ldrh	r3, [r4, #70]
 2046 0148 9BB2     		uxth	r3, r3
1377:Drivers/STM32L4xx_HAL_Driver/Src/stm32l4xx_hal_spi.c ****     {
 2047              		.loc 1 1377 37 discriminator 1 view .LVU686
 2048 014a 002B     		cmp	r3, #0
 2049 014c 00F0AB80 		beq	.L150
 2050              	.L149:
1380:Drivers/STM32L4xx_HAL_Driver/Src/stm32l4xx_hal_spi.c ****       {
 2051              		.loc 1 1380 7 is_stmt 1 view .LVU687
1380:Drivers/STM32L4xx_HAL_Driver/Src/stm32l4xx_hal_spi.c ****       {
 2052              		.loc 1 1380 12 is_stmt 0 view .LVU688
 2053 0150 2368     		ldr	r3, [r4]
 2054 0152 9A68     		ldr	r2, [r3, #8]
1380:Drivers/STM32L4xx_HAL_Driver/Src/stm32l4xx_hal_spi.c ****       {
ARM GAS  /tmp/ccEksN7Z.s 			page 124


 2055              		.loc 1 1380 10 view .LVU689
 2056 0154 12F0020F 		tst	r2, #2
 2057 0158 D2D0     		beq	.L147
1380:Drivers/STM32L4xx_HAL_Driver/Src/stm32l4xx_hal_spi.c ****       {
 2058              		.loc 1 1380 60 discriminator 1 view .LVU690
 2059 015a E28F     		ldrh	r2, [r4, #62]
 2060 015c 92B2     		uxth	r2, r2
1380:Drivers/STM32L4xx_HAL_Driver/Src/stm32l4xx_hal_spi.c ****       {
 2061              		.loc 1 1380 52 discriminator 1 view .LVU691
 2062 015e 002A     		cmp	r2, #0
 2063 0160 CED0     		beq	.L147
1380:Drivers/STM32L4xx_HAL_Driver/Src/stm32l4xx_hal_spi.c ****       {
 2064              		.loc 1 1380 80 discriminator 2 view .LVU692
 2065 0162 002F     		cmp	r7, #0
 2066 0164 CCD0     		beq	.L147
 2067 0166 BFE7     		b	.L174
 2068              	.L173:
1413:Drivers/STM32L4xx_HAL_Driver/Src/stm32l4xx_hal_spi.c ****         hspi->State = HAL_SPI_STATE_READY;
 2069              		.loc 1 1413 9 is_stmt 1 view .LVU693
 2070              	.LVL106:
1414:Drivers/STM32L4xx_HAL_Driver/Src/stm32l4xx_hal_spi.c ****         goto error;
 2071              		.loc 1 1414 9 view .LVU694
1414:Drivers/STM32L4xx_HAL_Driver/Src/stm32l4xx_hal_spi.c ****         goto error;
 2072              		.loc 1 1414 21 is_stmt 0 view .LVU695
 2073 0168 0123     		movs	r3, #1
 2074 016a 84F85D30 		strb	r3, [r4, #93]
1415:Drivers/STM32L4xx_HAL_Driver/Src/stm32l4xx_hal_spi.c ****       }
 2075              		.loc 1 1415 9 is_stmt 1 view .LVU696
1413:Drivers/STM32L4xx_HAL_Driver/Src/stm32l4xx_hal_spi.c ****         hspi->State = HAL_SPI_STATE_READY;
 2076              		.loc 1 1413 19 is_stmt 0 view .LVU697
 2077 016e 0320     		movs	r0, #3
1415:Drivers/STM32L4xx_HAL_Driver/Src/stm32l4xx_hal_spi.c ****       }
 2078              		.loc 1 1415 9 view .LVU698
 2079 0170 A9E0     		b	.L137
 2080              	.LVL107:
 2081              	.L143:
1422:Drivers/STM32L4xx_HAL_Driver/Src/stm32l4xx_hal_spi.c ****     {
 2082              		.loc 1 1422 5 is_stmt 1 view .LVU699
1422:Drivers/STM32L4xx_HAL_Driver/Src/stm32l4xx_hal_spi.c ****     {
 2083              		.loc 1 1422 20 is_stmt 0 view .LVU700
 2084 0172 6368     		ldr	r3, [r4, #4]
1422:Drivers/STM32L4xx_HAL_Driver/Src/stm32l4xx_hal_spi.c ****     {
 2085              		.loc 1 1422 8 view .LVU701
 2086 0174 0BB1     		cbz	r3, .L151
1422:Drivers/STM32L4xx_HAL_Driver/Src/stm32l4xx_hal_spi.c ****     {
 2087              		.loc 1 1422 45 discriminator 1 view .LVU702
 2088 0176 012F     		cmp	r7, #1
 2089 0178 0FD1     		bne	.L152
 2090              	.L151:
1424:Drivers/STM32L4xx_HAL_Driver/Src/stm32l4xx_hal_spi.c ****       {
 2091              		.loc 1 1424 7 is_stmt 1 view .LVU703
1424:Drivers/STM32L4xx_HAL_Driver/Src/stm32l4xx_hal_spi.c ****       {
 2092              		.loc 1 1424 15 is_stmt 0 view .LVU704
 2093 017a E38F     		ldrh	r3, [r4, #62]
 2094 017c 9BB2     		uxth	r3, r3
1424:Drivers/STM32L4xx_HAL_Driver/Src/stm32l4xx_hal_spi.c ****       {
 2095              		.loc 1 1424 10 view .LVU705
ARM GAS  /tmp/ccEksN7Z.s 			page 125


 2096 017e 012B     		cmp	r3, #1
 2097 0180 0DD9     		bls	.L153
1426:Drivers/STM32L4xx_HAL_Driver/Src/stm32l4xx_hal_spi.c ****         hspi->pTxBuffPtr += sizeof(uint16_t);
 2098              		.loc 1 1426 9 is_stmt 1 view .LVU706
1426:Drivers/STM32L4xx_HAL_Driver/Src/stm32l4xx_hal_spi.c ****         hspi->pTxBuffPtr += sizeof(uint16_t);
 2099              		.loc 1 1426 48 is_stmt 0 view .LVU707
 2100 0182 A26B     		ldr	r2, [r4, #56]
1426:Drivers/STM32L4xx_HAL_Driver/Src/stm32l4xx_hal_spi.c ****         hspi->pTxBuffPtr += sizeof(uint16_t);
 2101              		.loc 1 1426 13 view .LVU708
 2102 0184 2368     		ldr	r3, [r4]
1426:Drivers/STM32L4xx_HAL_Driver/Src/stm32l4xx_hal_spi.c ****         hspi->pTxBuffPtr += sizeof(uint16_t);
 2103              		.loc 1 1426 30 view .LVU709
 2104 0186 1288     		ldrh	r2, [r2]
1426:Drivers/STM32L4xx_HAL_Driver/Src/stm32l4xx_hal_spi.c ****         hspi->pTxBuffPtr += sizeof(uint16_t);
 2105              		.loc 1 1426 28 view .LVU710
 2106 0188 DA60     		str	r2, [r3, #12]
1427:Drivers/STM32L4xx_HAL_Driver/Src/stm32l4xx_hal_spi.c ****         hspi->TxXferCount -= 2U;
 2107              		.loc 1 1427 9 is_stmt 1 view .LVU711
1427:Drivers/STM32L4xx_HAL_Driver/Src/stm32l4xx_hal_spi.c ****         hspi->TxXferCount -= 2U;
 2108              		.loc 1 1427 13 is_stmt 0 view .LVU712
 2109 018a A36B     		ldr	r3, [r4, #56]
1427:Drivers/STM32L4xx_HAL_Driver/Src/stm32l4xx_hal_spi.c ****         hspi->TxXferCount -= 2U;
 2110              		.loc 1 1427 26 view .LVU713
 2111 018c 0233     		adds	r3, r3, #2
 2112 018e A363     		str	r3, [r4, #56]
1428:Drivers/STM32L4xx_HAL_Driver/Src/stm32l4xx_hal_spi.c ****       }
 2113              		.loc 1 1428 9 is_stmt 1 view .LVU714
1428:Drivers/STM32L4xx_HAL_Driver/Src/stm32l4xx_hal_spi.c ****       }
 2114              		.loc 1 1428 13 is_stmt 0 view .LVU715
 2115 0190 E38F     		ldrh	r3, [r4, #62]
 2116 0192 9BB2     		uxth	r3, r3
1428:Drivers/STM32L4xx_HAL_Driver/Src/stm32l4xx_hal_spi.c ****       }
 2117              		.loc 1 1428 27 view .LVU716
 2118 0194 023B     		subs	r3, r3, #2
 2119 0196 9BB2     		uxth	r3, r3
 2120 0198 E387     		strh	r3, [r4, #62]	@ movhi
 2121              	.L152:
1505:Drivers/STM32L4xx_HAL_Driver/Src/stm32l4xx_hal_spi.c ****       }
 2122              		.loc 1 1505 19 view .LVU717
 2123 019a 0127     		movs	r7, #1
 2124              	.LVL108:
1505:Drivers/STM32L4xx_HAL_Driver/Src/stm32l4xx_hal_spi.c ****       }
 2125              		.loc 1 1505 19 view .LVU718
 2126 019c 49E0     		b	.L160
 2127              	.LVL109:
 2128              	.L153:
1432:Drivers/STM32L4xx_HAL_Driver/Src/stm32l4xx_hal_spi.c ****         hspi->pTxBuffPtr++;
 2129              		.loc 1 1432 9 is_stmt 1 view .LVU719
1432:Drivers/STM32L4xx_HAL_Driver/Src/stm32l4xx_hal_spi.c ****         hspi->pTxBuffPtr++;
 2130              		.loc 1 1432 54 is_stmt 0 view .LVU720
 2131 019e A26B     		ldr	r2, [r4, #56]
1432:Drivers/STM32L4xx_HAL_Driver/Src/stm32l4xx_hal_spi.c ****         hspi->pTxBuffPtr++;
 2132              		.loc 1 1432 31 view .LVU721
 2133 01a0 2368     		ldr	r3, [r4]
1432:Drivers/STM32L4xx_HAL_Driver/Src/stm32l4xx_hal_spi.c ****         hspi->pTxBuffPtr++;
 2134              		.loc 1 1432 49 view .LVU722
 2135 01a2 1278     		ldrb	r2, [r2]	@ zero_extendqisi2
ARM GAS  /tmp/ccEksN7Z.s 			page 126


1432:Drivers/STM32L4xx_HAL_Driver/Src/stm32l4xx_hal_spi.c ****         hspi->pTxBuffPtr++;
 2136              		.loc 1 1432 46 view .LVU723
 2137 01a4 1A73     		strb	r2, [r3, #12]
1433:Drivers/STM32L4xx_HAL_Driver/Src/stm32l4xx_hal_spi.c ****         hspi->TxXferCount--;
 2138              		.loc 1 1433 9 is_stmt 1 view .LVU724
1433:Drivers/STM32L4xx_HAL_Driver/Src/stm32l4xx_hal_spi.c ****         hspi->TxXferCount--;
 2139              		.loc 1 1433 13 is_stmt 0 view .LVU725
 2140 01a6 A36B     		ldr	r3, [r4, #56]
1433:Drivers/STM32L4xx_HAL_Driver/Src/stm32l4xx_hal_spi.c ****         hspi->TxXferCount--;
 2141              		.loc 1 1433 25 view .LVU726
 2142 01a8 0133     		adds	r3, r3, #1
 2143 01aa A363     		str	r3, [r4, #56]
1434:Drivers/STM32L4xx_HAL_Driver/Src/stm32l4xx_hal_spi.c **** 
 2144              		.loc 1 1434 9 is_stmt 1 view .LVU727
1434:Drivers/STM32L4xx_HAL_Driver/Src/stm32l4xx_hal_spi.c **** 
 2145              		.loc 1 1434 13 is_stmt 0 view .LVU728
 2146 01ac E38F     		ldrh	r3, [r4, #62]
 2147 01ae 9BB2     		uxth	r3, r3
1434:Drivers/STM32L4xx_HAL_Driver/Src/stm32l4xx_hal_spi.c **** 
 2148              		.loc 1 1434 26 view .LVU729
 2149 01b0 013B     		subs	r3, r3, #1
 2150 01b2 9BB2     		uxth	r3, r3
 2151 01b4 E387     		strh	r3, [r4, #62]	@ movhi
 2152 01b6 F0E7     		b	.L152
 2153              	.LVL110:
 2154              	.L175:
1455:Drivers/STM32L4xx_HAL_Driver/Src/stm32l4xx_hal_spi.c ****         {
 2155              		.loc 1 1455 9 is_stmt 1 view .LVU730
1455:Drivers/STM32L4xx_HAL_Driver/Src/stm32l4xx_hal_spi.c ****         {
 2156              		.loc 1 1455 17 is_stmt 0 view .LVU731
 2157 01b8 E28F     		ldrh	r2, [r4, #62]
 2158 01ba 92B2     		uxth	r2, r2
1455:Drivers/STM32L4xx_HAL_Driver/Src/stm32l4xx_hal_spi.c ****         {
 2159              		.loc 1 1455 12 view .LVU732
 2160 01bc 012A     		cmp	r2, #1
 2161 01be 0CD9     		bls	.L155
1457:Drivers/STM32L4xx_HAL_Driver/Src/stm32l4xx_hal_spi.c ****           hspi->pTxBuffPtr += sizeof(uint16_t);
 2162              		.loc 1 1457 11 is_stmt 1 view .LVU733
1457:Drivers/STM32L4xx_HAL_Driver/Src/stm32l4xx_hal_spi.c ****           hspi->pTxBuffPtr += sizeof(uint16_t);
 2163              		.loc 1 1457 50 is_stmt 0 view .LVU734
 2164 01c0 A26B     		ldr	r2, [r4, #56]
1457:Drivers/STM32L4xx_HAL_Driver/Src/stm32l4xx_hal_spi.c ****           hspi->pTxBuffPtr += sizeof(uint16_t);
 2165              		.loc 1 1457 32 view .LVU735
 2166 01c2 1288     		ldrh	r2, [r2]
1457:Drivers/STM32L4xx_HAL_Driver/Src/stm32l4xx_hal_spi.c ****           hspi->pTxBuffPtr += sizeof(uint16_t);
 2167              		.loc 1 1457 30 view .LVU736
 2168 01c4 DA60     		str	r2, [r3, #12]
1458:Drivers/STM32L4xx_HAL_Driver/Src/stm32l4xx_hal_spi.c ****           hspi->TxXferCount -= 2U;
 2169              		.loc 1 1458 11 is_stmt 1 view .LVU737
1458:Drivers/STM32L4xx_HAL_Driver/Src/stm32l4xx_hal_spi.c ****           hspi->TxXferCount -= 2U;
 2170              		.loc 1 1458 15 is_stmt 0 view .LVU738
 2171 01c6 A36B     		ldr	r3, [r4, #56]
1458:Drivers/STM32L4xx_HAL_Driver/Src/stm32l4xx_hal_spi.c ****           hspi->TxXferCount -= 2U;
 2172              		.loc 1 1458 28 view .LVU739
 2173 01c8 0233     		adds	r3, r3, #2
 2174 01ca A363     		str	r3, [r4, #56]
1459:Drivers/STM32L4xx_HAL_Driver/Src/stm32l4xx_hal_spi.c ****         }
ARM GAS  /tmp/ccEksN7Z.s 			page 127


 2175              		.loc 1 1459 11 is_stmt 1 view .LVU740
1459:Drivers/STM32L4xx_HAL_Driver/Src/stm32l4xx_hal_spi.c ****         }
 2176              		.loc 1 1459 15 is_stmt 0 view .LVU741
 2177 01cc E38F     		ldrh	r3, [r4, #62]
 2178 01ce 9BB2     		uxth	r3, r3
1459:Drivers/STM32L4xx_HAL_Driver/Src/stm32l4xx_hal_spi.c ****         }
 2179              		.loc 1 1459 29 view .LVU742
 2180 01d0 023B     		subs	r3, r3, #2
 2181 01d2 9BB2     		uxth	r3, r3
 2182 01d4 E387     		strh	r3, [r4, #62]	@ movhi
1468:Drivers/STM32L4xx_HAL_Driver/Src/stm32l4xx_hal_spi.c **** 
 2183              		.loc 1 1468 19 view .LVU743
 2184 01d6 0027     		movs	r7, #0
 2185              	.LVL111:
1468:Drivers/STM32L4xx_HAL_Driver/Src/stm32l4xx_hal_spi.c **** 
 2186              		.loc 1 1468 19 view .LVU744
 2187 01d8 3DE0     		b	.L154
 2188              	.LVL112:
 2189              	.L155:
1463:Drivers/STM32L4xx_HAL_Driver/Src/stm32l4xx_hal_spi.c ****           hspi->pTxBuffPtr++;
 2190              		.loc 1 1463 11 is_stmt 1 view .LVU745
1463:Drivers/STM32L4xx_HAL_Driver/Src/stm32l4xx_hal_spi.c ****           hspi->pTxBuffPtr++;
 2191              		.loc 1 1463 56 is_stmt 0 view .LVU746
 2192 01da A26B     		ldr	r2, [r4, #56]
1463:Drivers/STM32L4xx_HAL_Driver/Src/stm32l4xx_hal_spi.c ****           hspi->pTxBuffPtr++;
 2193              		.loc 1 1463 51 view .LVU747
 2194 01dc 1278     		ldrb	r2, [r2]	@ zero_extendqisi2
1463:Drivers/STM32L4xx_HAL_Driver/Src/stm32l4xx_hal_spi.c ****           hspi->pTxBuffPtr++;
 2195              		.loc 1 1463 48 view .LVU748
 2196 01de 1A73     		strb	r2, [r3, #12]
1464:Drivers/STM32L4xx_HAL_Driver/Src/stm32l4xx_hal_spi.c ****           hspi->TxXferCount--;
 2197              		.loc 1 1464 11 is_stmt 1 view .LVU749
1464:Drivers/STM32L4xx_HAL_Driver/Src/stm32l4xx_hal_spi.c ****           hspi->TxXferCount--;
 2198              		.loc 1 1464 15 is_stmt 0 view .LVU750
 2199 01e0 A36B     		ldr	r3, [r4, #56]
1464:Drivers/STM32L4xx_HAL_Driver/Src/stm32l4xx_hal_spi.c ****           hspi->TxXferCount--;
 2200              		.loc 1 1464 27 view .LVU751
 2201 01e2 0133     		adds	r3, r3, #1
 2202 01e4 A363     		str	r3, [r4, #56]
1465:Drivers/STM32L4xx_HAL_Driver/Src/stm32l4xx_hal_spi.c ****         }
 2203              		.loc 1 1465 11 is_stmt 1 view .LVU752
1465:Drivers/STM32L4xx_HAL_Driver/Src/stm32l4xx_hal_spi.c ****         }
 2204              		.loc 1 1465 15 is_stmt 0 view .LVU753
 2205 01e6 E38F     		ldrh	r3, [r4, #62]
 2206 01e8 9BB2     		uxth	r3, r3
1465:Drivers/STM32L4xx_HAL_Driver/Src/stm32l4xx_hal_spi.c ****         }
 2207              		.loc 1 1465 28 view .LVU754
 2208 01ea 013B     		subs	r3, r3, #1
 2209 01ec 9BB2     		uxth	r3, r3
 2210 01ee E387     		strh	r3, [r4, #62]	@ movhi
1468:Drivers/STM32L4xx_HAL_Driver/Src/stm32l4xx_hal_spi.c **** 
 2211              		.loc 1 1468 19 view .LVU755
 2212 01f0 0027     		movs	r7, #0
 2213              	.LVL113:
1468:Drivers/STM32L4xx_HAL_Driver/Src/stm32l4xx_hal_spi.c **** 
 2214              		.loc 1 1468 19 view .LVU756
 2215 01f2 30E0     		b	.L154
ARM GAS  /tmp/ccEksN7Z.s 			page 128


 2216              	.LVL114:
 2217              	.L176:
1495:Drivers/STM32L4xx_HAL_Driver/Src/stm32l4xx_hal_spi.c ****           }
 2218              		.loc 1 1495 13 is_stmt 1 view .LVU757
 2219 01f4 2268     		ldr	r2, [r4]
 2220 01f6 5368     		ldr	r3, [r2, #4]
 2221 01f8 43F48053 		orr	r3, r3, #4096
 2222 01fc 5360     		str	r3, [r2, #4]
1505:Drivers/STM32L4xx_HAL_Driver/Src/stm32l4xx_hal_spi.c ****       }
 2223              		.loc 1 1505 19 is_stmt 0 view .LVU758
 2224 01fe 0127     		movs	r7, #1
 2225              	.LVL115:
1505:Drivers/STM32L4xx_HAL_Driver/Src/stm32l4xx_hal_spi.c ****       }
 2226              		.loc 1 1505 19 view .LVU759
 2227 0200 0DE0     		b	.L156
 2228              	.LVL116:
 2229              	.L157:
1500:Drivers/STM32L4xx_HAL_Driver/Src/stm32l4xx_hal_spi.c ****           hspi->pRxBuffPtr++;
 2230              		.loc 1 1500 11 is_stmt 1 view .LVU760
1500:Drivers/STM32L4xx_HAL_Driver/Src/stm32l4xx_hal_spi.c ****           hspi->pRxBuffPtr++;
 2231              		.loc 1 1500 28 is_stmt 0 view .LVU761
 2232 0202 226C     		ldr	r2, [r4, #64]
1500:Drivers/STM32L4xx_HAL_Driver/Src/stm32l4xx_hal_spi.c ****           hspi->pRxBuffPtr++;
 2233              		.loc 1 1500 44 view .LVU762
 2234 0204 1B7B     		ldrb	r3, [r3, #12]	@ zero_extendqisi2
1500:Drivers/STM32L4xx_HAL_Driver/Src/stm32l4xx_hal_spi.c ****           hspi->pRxBuffPtr++;
 2235              		.loc 1 1500 42 view .LVU763
 2236 0206 1370     		strb	r3, [r2]
1501:Drivers/STM32L4xx_HAL_Driver/Src/stm32l4xx_hal_spi.c ****           hspi->RxXferCount--;
 2237              		.loc 1 1501 11 is_stmt 1 view .LVU764
1501:Drivers/STM32L4xx_HAL_Driver/Src/stm32l4xx_hal_spi.c ****           hspi->RxXferCount--;
 2238              		.loc 1 1501 15 is_stmt 0 view .LVU765
 2239 0208 236C     		ldr	r3, [r4, #64]
1501:Drivers/STM32L4xx_HAL_Driver/Src/stm32l4xx_hal_spi.c ****           hspi->RxXferCount--;
 2240              		.loc 1 1501 27 view .LVU766
 2241 020a 0133     		adds	r3, r3, #1
 2242 020c 2364     		str	r3, [r4, #64]
1502:Drivers/STM32L4xx_HAL_Driver/Src/stm32l4xx_hal_spi.c ****         }
 2243              		.loc 1 1502 11 is_stmt 1 view .LVU767
1502:Drivers/STM32L4xx_HAL_Driver/Src/stm32l4xx_hal_spi.c ****         }
 2244              		.loc 1 1502 15 is_stmt 0 view .LVU768
 2245 020e B4F84630 		ldrh	r3, [r4, #70]
 2246 0212 9BB2     		uxth	r3, r3
1502:Drivers/STM32L4xx_HAL_Driver/Src/stm32l4xx_hal_spi.c ****         }
 2247              		.loc 1 1502 28 view .LVU769
 2248 0214 013B     		subs	r3, r3, #1
 2249 0216 9BB2     		uxth	r3, r3
 2250 0218 A4F84630 		strh	r3, [r4, #70]	@ movhi
1505:Drivers/STM32L4xx_HAL_Driver/Src/stm32l4xx_hal_spi.c ****       }
 2251              		.loc 1 1505 19 view .LVU770
 2252 021c 0127     		movs	r7, #1
 2253              	.LVL117:
 2254              	.L156:
1507:Drivers/STM32L4xx_HAL_Driver/Src/stm32l4xx_hal_spi.c ****       {
 2255              		.loc 1 1507 7 is_stmt 1 view .LVU771
1507:Drivers/STM32L4xx_HAL_Driver/Src/stm32l4xx_hal_spi.c ****       {
 2256              		.loc 1 1507 14 is_stmt 0 view .LVU772
ARM GAS  /tmp/ccEksN7Z.s 			page 129


 2257 021e FFF7FEFF 		bl	HAL_GetTick
 2258              	.LVL118:
1507:Drivers/STM32L4xx_HAL_Driver/Src/stm32l4xx_hal_spi.c ****       {
 2259              		.loc 1 1507 28 discriminator 1 view .LVU773
 2260 0222 801B     		subs	r0, r0, r6
1507:Drivers/STM32L4xx_HAL_Driver/Src/stm32l4xx_hal_spi.c ****       {
 2261              		.loc 1 1507 10 discriminator 1 view .LVU774
 2262 0224 A842     		cmp	r0, r5
 2263 0226 02D3     		bcc	.L158
1507:Drivers/STM32L4xx_HAL_Driver/Src/stm32l4xx_hal_spi.c ****       {
 2264              		.loc 1 1507 54 discriminator 1 view .LVU775
 2265 0228 B5F1FF3F 		cmp	r5, #-1
 2266 022c 36D1     		bne	.L159
 2267              	.L158:
1507:Drivers/STM32L4xx_HAL_Driver/Src/stm32l4xx_hal_spi.c ****       {
 2268              		.loc 1 1507 87 discriminator 3 view .LVU776
 2269 022e 002D     		cmp	r5, #0
 2270 0230 34D0     		beq	.L159
 2271              	.LVL119:
 2272              	.L160:
1450:Drivers/STM32L4xx_HAL_Driver/Src/stm32l4xx_hal_spi.c ****     {
 2273              		.loc 1 1450 37 is_stmt 1 view .LVU777
1450:Drivers/STM32L4xx_HAL_Driver/Src/stm32l4xx_hal_spi.c ****     {
 2274              		.loc 1 1450 17 is_stmt 0 view .LVU778
 2275 0232 E38F     		ldrh	r3, [r4, #62]
 2276 0234 9BB2     		uxth	r3, r3
1450:Drivers/STM32L4xx_HAL_Driver/Src/stm32l4xx_hal_spi.c ****     {
 2277              		.loc 1 1450 37 view .LVU779
 2278 0236 23B9     		cbnz	r3, .L161
1450:Drivers/STM32L4xx_HAL_Driver/Src/stm32l4xx_hal_spi.c ****     {
 2279              		.loc 1 1450 45 discriminator 1 view .LVU780
 2280 0238 B4F84630 		ldrh	r3, [r4, #70]
 2281 023c 9BB2     		uxth	r3, r3
1450:Drivers/STM32L4xx_HAL_Driver/Src/stm32l4xx_hal_spi.c ****     {
 2282              		.loc 1 1450 37 discriminator 1 view .LVU781
 2283 023e 002B     		cmp	r3, #0
 2284 0240 31D0     		beq	.L150
 2285              	.L161:
1453:Drivers/STM32L4xx_HAL_Driver/Src/stm32l4xx_hal_spi.c ****       {
 2286              		.loc 1 1453 7 is_stmt 1 view .LVU782
1453:Drivers/STM32L4xx_HAL_Driver/Src/stm32l4xx_hal_spi.c ****       {
 2287              		.loc 1 1453 12 is_stmt 0 view .LVU783
 2288 0242 2368     		ldr	r3, [r4]
 2289 0244 9A68     		ldr	r2, [r3, #8]
1453:Drivers/STM32L4xx_HAL_Driver/Src/stm32l4xx_hal_spi.c ****       {
 2290              		.loc 1 1453 10 view .LVU784
 2291 0246 12F0020F 		tst	r2, #2
 2292 024a 04D0     		beq	.L154
1453:Drivers/STM32L4xx_HAL_Driver/Src/stm32l4xx_hal_spi.c ****       {
 2293              		.loc 1 1453 60 discriminator 1 view .LVU785
 2294 024c E28F     		ldrh	r2, [r4, #62]
 2295 024e 92B2     		uxth	r2, r2
1453:Drivers/STM32L4xx_HAL_Driver/Src/stm32l4xx_hal_spi.c ****       {
 2296              		.loc 1 1453 52 discriminator 1 view .LVU786
 2297 0250 0AB1     		cbz	r2, .L154
1453:Drivers/STM32L4xx_HAL_Driver/Src/stm32l4xx_hal_spi.c ****       {
 2298              		.loc 1 1453 80 discriminator 2 view .LVU787
ARM GAS  /tmp/ccEksN7Z.s 			page 130


 2299 0252 002F     		cmp	r7, #0
 2300 0254 B0D1     		bne	.L175
 2301              	.LVL120:
 2302              	.L154:
1485:Drivers/STM32L4xx_HAL_Driver/Src/stm32l4xx_hal_spi.c ****       {
 2303              		.loc 1 1485 7 is_stmt 1 view .LVU788
1485:Drivers/STM32L4xx_HAL_Driver/Src/stm32l4xx_hal_spi.c ****       {
 2304              		.loc 1 1485 12 is_stmt 0 view .LVU789
 2305 0256 2368     		ldr	r3, [r4]
 2306 0258 9A68     		ldr	r2, [r3, #8]
1485:Drivers/STM32L4xx_HAL_Driver/Src/stm32l4xx_hal_spi.c ****       {
 2307              		.loc 1 1485 10 view .LVU790
 2308 025a 12F0010F 		tst	r2, #1
 2309 025e DED0     		beq	.L156
1485:Drivers/STM32L4xx_HAL_Driver/Src/stm32l4xx_hal_spi.c ****       {
 2310              		.loc 1 1485 61 discriminator 1 view .LVU791
 2311 0260 B4F84620 		ldrh	r2, [r4, #70]
 2312 0264 92B2     		uxth	r2, r2
1485:Drivers/STM32L4xx_HAL_Driver/Src/stm32l4xx_hal_spi.c ****       {
 2313              		.loc 1 1485 53 discriminator 1 view .LVU792
 2314 0266 002A     		cmp	r2, #0
 2315 0268 D9D0     		beq	.L156
1487:Drivers/STM32L4xx_HAL_Driver/Src/stm32l4xx_hal_spi.c ****         {
 2316              		.loc 1 1487 9 is_stmt 1 view .LVU793
1487:Drivers/STM32L4xx_HAL_Driver/Src/stm32l4xx_hal_spi.c ****         {
 2317              		.loc 1 1487 17 is_stmt 0 view .LVU794
 2318 026a B4F84620 		ldrh	r2, [r4, #70]
 2319 026e 92B2     		uxth	r2, r2
1487:Drivers/STM32L4xx_HAL_Driver/Src/stm32l4xx_hal_spi.c ****         {
 2320              		.loc 1 1487 12 view .LVU795
 2321 0270 012A     		cmp	r2, #1
 2322 0272 C6D9     		bls	.L157
1489:Drivers/STM32L4xx_HAL_Driver/Src/stm32l4xx_hal_spi.c ****           hspi->pRxBuffPtr += sizeof(uint16_t);
 2323              		.loc 1 1489 11 is_stmt 1 view .LVU796
1489:Drivers/STM32L4xx_HAL_Driver/Src/stm32l4xx_hal_spi.c ****           hspi->pRxBuffPtr += sizeof(uint16_t);
 2324              		.loc 1 1489 69 is_stmt 0 view .LVU797
 2325 0274 DA68     		ldr	r2, [r3, #12]
1489:Drivers/STM32L4xx_HAL_Driver/Src/stm32l4xx_hal_spi.c ****           hspi->pRxBuffPtr += sizeof(uint16_t);
 2326              		.loc 1 1489 29 view .LVU798
 2327 0276 236C     		ldr	r3, [r4, #64]
1489:Drivers/STM32L4xx_HAL_Driver/Src/stm32l4xx_hal_spi.c ****           hspi->pRxBuffPtr += sizeof(uint16_t);
 2328              		.loc 1 1489 43 view .LVU799
 2329 0278 1A80     		strh	r2, [r3]	@ movhi
1490:Drivers/STM32L4xx_HAL_Driver/Src/stm32l4xx_hal_spi.c ****           hspi->RxXferCount -= 2U;
 2330              		.loc 1 1490 11 is_stmt 1 view .LVU800
1490:Drivers/STM32L4xx_HAL_Driver/Src/stm32l4xx_hal_spi.c ****           hspi->RxXferCount -= 2U;
 2331              		.loc 1 1490 15 is_stmt 0 view .LVU801
 2332 027a 236C     		ldr	r3, [r4, #64]
1490:Drivers/STM32L4xx_HAL_Driver/Src/stm32l4xx_hal_spi.c ****           hspi->RxXferCount -= 2U;
 2333              		.loc 1 1490 28 view .LVU802
 2334 027c 0233     		adds	r3, r3, #2
 2335 027e 2364     		str	r3, [r4, #64]
1491:Drivers/STM32L4xx_HAL_Driver/Src/stm32l4xx_hal_spi.c ****           if (hspi->RxXferCount <= 1U)
 2336              		.loc 1 1491 11 is_stmt 1 view .LVU803
1491:Drivers/STM32L4xx_HAL_Driver/Src/stm32l4xx_hal_spi.c ****           if (hspi->RxXferCount <= 1U)
 2337              		.loc 1 1491 15 is_stmt 0 view .LVU804
 2338 0280 B4F84630 		ldrh	r3, [r4, #70]
ARM GAS  /tmp/ccEksN7Z.s 			page 131


 2339 0284 9BB2     		uxth	r3, r3
1491:Drivers/STM32L4xx_HAL_Driver/Src/stm32l4xx_hal_spi.c ****           if (hspi->RxXferCount <= 1U)
 2340              		.loc 1 1491 29 view .LVU805
 2341 0286 023B     		subs	r3, r3, #2
 2342 0288 9BB2     		uxth	r3, r3
 2343 028a A4F84630 		strh	r3, [r4, #70]	@ movhi
1492:Drivers/STM32L4xx_HAL_Driver/Src/stm32l4xx_hal_spi.c ****           {
 2344              		.loc 1 1492 11 is_stmt 1 view .LVU806
1492:Drivers/STM32L4xx_HAL_Driver/Src/stm32l4xx_hal_spi.c ****           {
 2345              		.loc 1 1492 19 is_stmt 0 view .LVU807
 2346 028e B4F84630 		ldrh	r3, [r4, #70]
 2347 0292 9BB2     		uxth	r3, r3
1492:Drivers/STM32L4xx_HAL_Driver/Src/stm32l4xx_hal_spi.c ****           {
 2348              		.loc 1 1492 14 view .LVU808
 2349 0294 012B     		cmp	r3, #1
 2350 0296 ADD9     		bls	.L176
1505:Drivers/STM32L4xx_HAL_Driver/Src/stm32l4xx_hal_spi.c ****       }
 2351              		.loc 1 1505 19 view .LVU809
 2352 0298 0127     		movs	r7, #1
 2353              	.LVL121:
1505:Drivers/STM32L4xx_HAL_Driver/Src/stm32l4xx_hal_spi.c ****       }
 2354              		.loc 1 1505 19 view .LVU810
 2355 029a C0E7     		b	.L156
 2356              	.LVL122:
 2357              	.L159:
1509:Drivers/STM32L4xx_HAL_Driver/Src/stm32l4xx_hal_spi.c ****         hspi->State = HAL_SPI_STATE_READY;
 2358              		.loc 1 1509 9 is_stmt 1 view .LVU811
1510:Drivers/STM32L4xx_HAL_Driver/Src/stm32l4xx_hal_spi.c ****         goto error;
 2359              		.loc 1 1510 9 view .LVU812
1510:Drivers/STM32L4xx_HAL_Driver/Src/stm32l4xx_hal_spi.c ****         goto error;
 2360              		.loc 1 1510 21 is_stmt 0 view .LVU813
 2361 029c 0123     		movs	r3, #1
 2362 029e 84F85D30 		strb	r3, [r4, #93]
1511:Drivers/STM32L4xx_HAL_Driver/Src/stm32l4xx_hal_spi.c ****       }
 2363              		.loc 1 1511 9 is_stmt 1 view .LVU814
1509:Drivers/STM32L4xx_HAL_Driver/Src/stm32l4xx_hal_spi.c ****         hspi->State = HAL_SPI_STATE_READY;
 2364              		.loc 1 1509 19 is_stmt 0 view .LVU815
 2365 02a2 0320     		movs	r0, #3
1511:Drivers/STM32L4xx_HAL_Driver/Src/stm32l4xx_hal_spi.c ****       }
 2366              		.loc 1 1511 9 view .LVU816
 2367 02a4 0FE0     		b	.L137
 2368              	.LVL123:
 2369              	.L150:
1574:Drivers/STM32L4xx_HAL_Driver/Src/stm32l4xx_hal_spi.c ****   {
 2370              		.loc 1 1574 3 is_stmt 1 view .LVU817
1574:Drivers/STM32L4xx_HAL_Driver/Src/stm32l4xx_hal_spi.c ****   {
 2371              		.loc 1 1574 7 is_stmt 0 view .LVU818
 2372 02a6 3246     		mov	r2, r6
 2373 02a8 2946     		mov	r1, r5
 2374 02aa 2046     		mov	r0, r4
 2375 02ac FFF7FEFF 		bl	SPI_EndRxTxTransaction
 2376              	.LVL124:
1574:Drivers/STM32L4xx_HAL_Driver/Src/stm32l4xx_hal_spi.c ****   {
 2377              		.loc 1 1574 6 discriminator 1 view .LVU819
 2378 02b0 10B1     		cbz	r0, .L162
1576:Drivers/STM32L4xx_HAL_Driver/Src/stm32l4xx_hal_spi.c ****     hspi->ErrorCode = HAL_SPI_ERROR_FLAG;
 2379              		.loc 1 1576 5 is_stmt 1 view .LVU820
ARM GAS  /tmp/ccEksN7Z.s 			page 132


 2380              	.LVL125:
1577:Drivers/STM32L4xx_HAL_Driver/Src/stm32l4xx_hal_spi.c ****   }
 2381              		.loc 1 1577 5 view .LVU821
1577:Drivers/STM32L4xx_HAL_Driver/Src/stm32l4xx_hal_spi.c ****   }
 2382              		.loc 1 1577 21 is_stmt 0 view .LVU822
 2383 02b2 2023     		movs	r3, #32
 2384 02b4 2366     		str	r3, [r4, #96]
1576:Drivers/STM32L4xx_HAL_Driver/Src/stm32l4xx_hal_spi.c ****     hspi->ErrorCode = HAL_SPI_ERROR_FLAG;
 2385              		.loc 1 1576 15 view .LVU823
 2386 02b6 0120     		movs	r0, #1
 2387              	.LVL126:
 2388              	.L162:
1580:Drivers/STM32L4xx_HAL_Driver/Src/stm32l4xx_hal_spi.c ****   {
 2389              		.loc 1 1580 3 is_stmt 1 view .LVU824
1580:Drivers/STM32L4xx_HAL_Driver/Src/stm32l4xx_hal_spi.c ****   {
 2390              		.loc 1 1580 11 is_stmt 0 view .LVU825
 2391 02b8 236E     		ldr	r3, [r4, #96]
1580:Drivers/STM32L4xx_HAL_Driver/Src/stm32l4xx_hal_spi.c ****   {
 2392              		.loc 1 1580 6 view .LVU826
 2393 02ba 9BB9     		cbnz	r3, .L171
1586:Drivers/STM32L4xx_HAL_Driver/Src/stm32l4xx_hal_spi.c ****   }
 2394              		.loc 1 1586 5 is_stmt 1 view .LVU827
1586:Drivers/STM32L4xx_HAL_Driver/Src/stm32l4xx_hal_spi.c ****   }
 2395              		.loc 1 1586 17 is_stmt 0 view .LVU828
 2396 02bc 0123     		movs	r3, #1
 2397 02be 84F85D30 		strb	r3, [r4, #93]
 2398 02c2 00E0     		b	.L137
 2399              	.LVL127:
 2400              	.L164:
1298:Drivers/STM32L4xx_HAL_Driver/Src/stm32l4xx_hal_spi.c ****     goto error;
 2401              		.loc 1 1298 15 view .LVU829
 2402 02c4 0220     		movs	r0, #2
 2403              	.LVL128:
 2404              	.L137:
1590:Drivers/STM32L4xx_HAL_Driver/Src/stm32l4xx_hal_spi.c ****   return errorcode;
 2405              		.loc 1 1590 3 is_stmt 1 view .LVU830
1590:Drivers/STM32L4xx_HAL_Driver/Src/stm32l4xx_hal_spi.c ****   return errorcode;
 2406              		.loc 1 1590 3 view .LVU831
 2407 02c6 0023     		movs	r3, #0
 2408 02c8 84F85C30 		strb	r3, [r4, #92]
1590:Drivers/STM32L4xx_HAL_Driver/Src/stm32l4xx_hal_spi.c ****   return errorcode;
 2409              		.loc 1 1590 3 view .LVU832
1591:Drivers/STM32L4xx_HAL_Driver/Src/stm32l4xx_hal_spi.c **** }
 2410              		.loc 1 1591 3 view .LVU833
 2411              	.LVL129:
 2412              	.L135:
1592:Drivers/STM32L4xx_HAL_Driver/Src/stm32l4xx_hal_spi.c **** 
 2413              		.loc 1 1592 1 is_stmt 0 view .LVU834
 2414 02cc BDE8F883 		pop	{r3, r4, r5, r6, r7, r8, r9, pc}
 2415              	.LVL130:
 2416              	.L165:
1298:Drivers/STM32L4xx_HAL_Driver/Src/stm32l4xx_hal_spi.c ****     goto error;
 2417              		.loc 1 1298 15 view .LVU835
 2418 02d0 0220     		movs	r0, #2
 2419              	.LVL131:
1298:Drivers/STM32L4xx_HAL_Driver/Src/stm32l4xx_hal_spi.c ****     goto error;
 2420              		.loc 1 1298 15 view .LVU836
ARM GAS  /tmp/ccEksN7Z.s 			page 133


 2421 02d2 F8E7     		b	.L137
 2422              	.LVL132:
 2423              	.L166:
1298:Drivers/STM32L4xx_HAL_Driver/Src/stm32l4xx_hal_spi.c ****     goto error;
 2424              		.loc 1 1298 15 view .LVU837
 2425 02d4 0220     		movs	r0, #2
 2426              	.LVL133:
1298:Drivers/STM32L4xx_HAL_Driver/Src/stm32l4xx_hal_spi.c ****     goto error;
 2427              		.loc 1 1298 15 view .LVU838
 2428 02d6 F6E7     		b	.L137
 2429              	.LVL134:
 2430              	.L167:
1304:Drivers/STM32L4xx_HAL_Driver/Src/stm32l4xx_hal_spi.c ****     goto error;
 2431              		.loc 1 1304 15 view .LVU839
 2432 02d8 0120     		movs	r0, #1
 2433              	.LVL135:
1304:Drivers/STM32L4xx_HAL_Driver/Src/stm32l4xx_hal_spi.c ****     goto error;
 2434              		.loc 1 1304 15 view .LVU840
 2435 02da F4E7     		b	.L137
 2436              	.LVL136:
 2437              	.L168:
1304:Drivers/STM32L4xx_HAL_Driver/Src/stm32l4xx_hal_spi.c ****     goto error;
 2438              		.loc 1 1304 15 view .LVU841
 2439 02dc 0120     		movs	r0, #1
 2440              	.LVL137:
1304:Drivers/STM32L4xx_HAL_Driver/Src/stm32l4xx_hal_spi.c ****     goto error;
 2441              		.loc 1 1304 15 view .LVU842
 2442 02de F2E7     		b	.L137
 2443              	.LVL138:
 2444              	.L169:
1304:Drivers/STM32L4xx_HAL_Driver/Src/stm32l4xx_hal_spi.c ****     goto error;
 2445              		.loc 1 1304 15 view .LVU843
 2446 02e0 0120     		movs	r0, #1
 2447              	.LVL139:
1304:Drivers/STM32L4xx_HAL_Driver/Src/stm32l4xx_hal_spi.c ****     goto error;
 2448              		.loc 1 1304 15 view .LVU844
 2449 02e2 F0E7     		b	.L137
 2450              	.LVL140:
 2451              	.L171:
1582:Drivers/STM32L4xx_HAL_Driver/Src/stm32l4xx_hal_spi.c ****   }
 2452              		.loc 1 1582 15 view .LVU845
 2453 02e4 0120     		movs	r0, #1
 2454              	.LVL141:
1582:Drivers/STM32L4xx_HAL_Driver/Src/stm32l4xx_hal_spi.c ****   }
 2455              		.loc 1 1582 15 view .LVU846
 2456 02e6 EEE7     		b	.L137
 2457              	.LVL142:
 2458              	.L163:
1280:Drivers/STM32L4xx_HAL_Driver/Src/stm32l4xx_hal_spi.c **** 
 2459              		.loc 1 1280 3 discriminator 1 view .LVU847
 2460 02e8 0220     		movs	r0, #2
 2461              	.LVL143:
1280:Drivers/STM32L4xx_HAL_Driver/Src/stm32l4xx_hal_spi.c **** 
 2462              		.loc 1 1280 3 discriminator 1 view .LVU848
 2463 02ea EFE7     		b	.L135
 2464              		.cfi_endproc
 2465              	.LFE294:
ARM GAS  /tmp/ccEksN7Z.s 			page 134


 2467              		.section	.text.HAL_SPI_Receive,"ax",%progbits
 2468              		.align	1
 2469              		.global	HAL_SPI_Receive
 2470              		.syntax unified
 2471              		.thumb
 2472              		.thumb_func
 2474              	HAL_SPI_Receive:
 2475              	.LVL144:
 2476              	.LFB293:
1012:Drivers/STM32L4xx_HAL_Driver/Src/stm32l4xx_hal_spi.c **** #if (USE_SPI_CRC != 0U)
 2477              		.loc 1 1012 1 is_stmt 1 view -0
 2478              		.cfi_startproc
 2479              		@ args = 0, pretend = 0, frame = 0
 2480              		@ frame_needed = 0, uses_anonymous_args = 0
1012:Drivers/STM32L4xx_HAL_Driver/Src/stm32l4xx_hal_spi.c **** #if (USE_SPI_CRC != 0U)
 2481              		.loc 1 1012 1 is_stmt 0 view .LVU850
 2482 0000 2DE9F043 		push	{r4, r5, r6, r7, r8, r9, lr}
 2483              		.cfi_def_cfa_offset 28
 2484              		.cfi_offset 4, -28
 2485              		.cfi_offset 5, -24
 2486              		.cfi_offset 6, -20
 2487              		.cfi_offset 7, -16
 2488              		.cfi_offset 8, -12
 2489              		.cfi_offset 9, -8
 2490              		.cfi_offset 14, -4
 2491 0004 83B0     		sub	sp, sp, #12
 2492              		.cfi_def_cfa_offset 40
 2493 0006 0446     		mov	r4, r0
1018:Drivers/STM32L4xx_HAL_Driver/Src/stm32l4xx_hal_spi.c ****   HAL_StatusTypeDef errorcode = HAL_OK;
 2494              		.loc 1 1018 3 is_stmt 1 view .LVU851
1019:Drivers/STM32L4xx_HAL_Driver/Src/stm32l4xx_hal_spi.c **** 
 2495              		.loc 1 1019 3 view .LVU852
 2496              	.LVL145:
1021:Drivers/STM32L4xx_HAL_Driver/Src/stm32l4xx_hal_spi.c ****   {
 2497              		.loc 1 1021 3 view .LVU853
1021:Drivers/STM32L4xx_HAL_Driver/Src/stm32l4xx_hal_spi.c ****   {
 2498              		.loc 1 1021 11 is_stmt 0 view .LVU854
 2499 0008 90F85D60 		ldrb	r6, [r0, #93]	@ zero_extendqisi2
 2500 000c F6B2     		uxtb	r6, r6
1021:Drivers/STM32L4xx_HAL_Driver/Src/stm32l4xx_hal_spi.c ****   {
 2501              		.loc 1 1021 6 view .LVU855
 2502 000e 012E     		cmp	r6, #1
 2503 0010 40F0C080 		bne	.L199
 2504 0014 8846     		mov	r8, r1
 2505 0016 9146     		mov	r9, r2
 2506 0018 1D46     		mov	r5, r3
1027:Drivers/STM32L4xx_HAL_Driver/Src/stm32l4xx_hal_spi.c ****   {
 2507              		.loc 1 1027 3 is_stmt 1 view .LVU856
1027:Drivers/STM32L4xx_HAL_Driver/Src/stm32l4xx_hal_spi.c ****   {
 2508              		.loc 1 1027 18 is_stmt 0 view .LVU857
 2509 001a 4368     		ldr	r3, [r0, #4]
 2510              	.LVL146:
1027:Drivers/STM32L4xx_HAL_Driver/Src/stm32l4xx_hal_spi.c ****   {
 2511              		.loc 1 1027 6 view .LVU858
 2512 001c B3F5827F 		cmp	r3, #260
 2513 0020 3DD0     		beq	.L202
 2514              	.L179:
ARM GAS  /tmp/ccEksN7Z.s 			page 135


1035:Drivers/STM32L4xx_HAL_Driver/Src/stm32l4xx_hal_spi.c **** 
 2515              		.loc 1 1035 3 is_stmt 1 view .LVU859
1035:Drivers/STM32L4xx_HAL_Driver/Src/stm32l4xx_hal_spi.c **** 
 2516              		.loc 1 1035 3 view .LVU860
 2517 0022 94F85C30 		ldrb	r3, [r4, #92]	@ zero_extendqisi2
 2518 0026 012B     		cmp	r3, #1
 2519 0028 00F0BC80 		beq	.L200
1035:Drivers/STM32L4xx_HAL_Driver/Src/stm32l4xx_hal_spi.c **** 
 2520              		.loc 1 1035 3 discriminator 2 view .LVU861
 2521 002c 0123     		movs	r3, #1
 2522 002e 84F85C30 		strb	r3, [r4, #92]
1035:Drivers/STM32L4xx_HAL_Driver/Src/stm32l4xx_hal_spi.c **** 
 2523              		.loc 1 1035 3 discriminator 2 view .LVU862
1038:Drivers/STM32L4xx_HAL_Driver/Src/stm32l4xx_hal_spi.c **** 
 2524              		.loc 1 1038 3 view .LVU863
1038:Drivers/STM32L4xx_HAL_Driver/Src/stm32l4xx_hal_spi.c **** 
 2525              		.loc 1 1038 15 is_stmt 0 view .LVU864
 2526 0032 FFF7FEFF 		bl	HAL_GetTick
 2527              	.LVL147:
1038:Drivers/STM32L4xx_HAL_Driver/Src/stm32l4xx_hal_spi.c **** 
 2528              		.loc 1 1038 15 view .LVU865
 2529 0036 0746     		mov	r7, r0
 2530              	.LVL148:
1040:Drivers/STM32L4xx_HAL_Driver/Src/stm32l4xx_hal_spi.c ****   {
 2531              		.loc 1 1040 3 is_stmt 1 view .LVU866
1040:Drivers/STM32L4xx_HAL_Driver/Src/stm32l4xx_hal_spi.c ****   {
 2532              		.loc 1 1040 6 is_stmt 0 view .LVU867
 2533 0038 B8F1000F 		cmp	r8, #0
 2534 003c 00F0AB80 		beq	.L178
1040:Drivers/STM32L4xx_HAL_Driver/Src/stm32l4xx_hal_spi.c ****   {
 2535              		.loc 1 1040 23 discriminator 1 view .LVU868
 2536 0040 B9F1000F 		cmp	r9, #0
 2537 0044 00F0A780 		beq	.L178
1047:Drivers/STM32L4xx_HAL_Driver/Src/stm32l4xx_hal_spi.c ****   hspi->ErrorCode   = HAL_SPI_ERROR_NONE;
 2538              		.loc 1 1047 3 is_stmt 1 view .LVU869
1047:Drivers/STM32L4xx_HAL_Driver/Src/stm32l4xx_hal_spi.c ****   hspi->ErrorCode   = HAL_SPI_ERROR_NONE;
 2539              		.loc 1 1047 21 is_stmt 0 view .LVU870
 2540 0048 0423     		movs	r3, #4
 2541 004a 84F85D30 		strb	r3, [r4, #93]
1048:Drivers/STM32L4xx_HAL_Driver/Src/stm32l4xx_hal_spi.c ****   hspi->pRxBuffPtr  = (uint8_t *)pData;
 2542              		.loc 1 1048 3 is_stmt 1 view .LVU871
1048:Drivers/STM32L4xx_HAL_Driver/Src/stm32l4xx_hal_spi.c ****   hspi->pRxBuffPtr  = (uint8_t *)pData;
 2543              		.loc 1 1048 21 is_stmt 0 view .LVU872
 2544 004e 0023     		movs	r3, #0
 2545 0050 2366     		str	r3, [r4, #96]
1049:Drivers/STM32L4xx_HAL_Driver/Src/stm32l4xx_hal_spi.c ****   hspi->RxXferSize  = Size;
 2546              		.loc 1 1049 3 is_stmt 1 view .LVU873
1049:Drivers/STM32L4xx_HAL_Driver/Src/stm32l4xx_hal_spi.c ****   hspi->RxXferSize  = Size;
 2547              		.loc 1 1049 21 is_stmt 0 view .LVU874
 2548 0052 C4F84080 		str	r8, [r4, #64]
1050:Drivers/STM32L4xx_HAL_Driver/Src/stm32l4xx_hal_spi.c ****   hspi->RxXferCount = Size;
 2549              		.loc 1 1050 3 is_stmt 1 view .LVU875
1050:Drivers/STM32L4xx_HAL_Driver/Src/stm32l4xx_hal_spi.c ****   hspi->RxXferCount = Size;
 2550              		.loc 1 1050 21 is_stmt 0 view .LVU876
 2551 0056 A4F84490 		strh	r9, [r4, #68]	@ movhi
1051:Drivers/STM32L4xx_HAL_Driver/Src/stm32l4xx_hal_spi.c **** 
 2552              		.loc 1 1051 3 is_stmt 1 view .LVU877
ARM GAS  /tmp/ccEksN7Z.s 			page 136


1051:Drivers/STM32L4xx_HAL_Driver/Src/stm32l4xx_hal_spi.c **** 
 2553              		.loc 1 1051 21 is_stmt 0 view .LVU878
 2554 005a A4F84690 		strh	r9, [r4, #70]	@ movhi
1054:Drivers/STM32L4xx_HAL_Driver/Src/stm32l4xx_hal_spi.c ****   hspi->TxXferSize  = 0U;
 2555              		.loc 1 1054 3 is_stmt 1 view .LVU879
1054:Drivers/STM32L4xx_HAL_Driver/Src/stm32l4xx_hal_spi.c ****   hspi->TxXferSize  = 0U;
 2556              		.loc 1 1054 21 is_stmt 0 view .LVU880
 2557 005e A363     		str	r3, [r4, #56]
1055:Drivers/STM32L4xx_HAL_Driver/Src/stm32l4xx_hal_spi.c ****   hspi->TxXferCount = 0U;
 2558              		.loc 1 1055 3 is_stmt 1 view .LVU881
1055:Drivers/STM32L4xx_HAL_Driver/Src/stm32l4xx_hal_spi.c ****   hspi->TxXferCount = 0U;
 2559              		.loc 1 1055 21 is_stmt 0 view .LVU882
 2560 0060 A387     		strh	r3, [r4, #60]	@ movhi
1056:Drivers/STM32L4xx_HAL_Driver/Src/stm32l4xx_hal_spi.c ****   hspi->RxISR       = NULL;
 2561              		.loc 1 1056 3 is_stmt 1 view .LVU883
1056:Drivers/STM32L4xx_HAL_Driver/Src/stm32l4xx_hal_spi.c ****   hspi->RxISR       = NULL;
 2562              		.loc 1 1056 21 is_stmt 0 view .LVU884
 2563 0062 E387     		strh	r3, [r4, #62]	@ movhi
1057:Drivers/STM32L4xx_HAL_Driver/Src/stm32l4xx_hal_spi.c ****   hspi->TxISR       = NULL;
 2564              		.loc 1 1057 3 is_stmt 1 view .LVU885
1057:Drivers/STM32L4xx_HAL_Driver/Src/stm32l4xx_hal_spi.c ****   hspi->TxISR       = NULL;
 2565              		.loc 1 1057 21 is_stmt 0 view .LVU886
 2566 0064 E364     		str	r3, [r4, #76]
1058:Drivers/STM32L4xx_HAL_Driver/Src/stm32l4xx_hal_spi.c **** 
 2567              		.loc 1 1058 3 is_stmt 1 view .LVU887
1058:Drivers/STM32L4xx_HAL_Driver/Src/stm32l4xx_hal_spi.c **** 
 2568              		.loc 1 1058 21 is_stmt 0 view .LVU888
 2569 0066 2365     		str	r3, [r4, #80]
1071:Drivers/STM32L4xx_HAL_Driver/Src/stm32l4xx_hal_spi.c ****   {
 2570              		.loc 1 1071 3 is_stmt 1 view .LVU889
1071:Drivers/STM32L4xx_HAL_Driver/Src/stm32l4xx_hal_spi.c ****   {
 2571              		.loc 1 1071 17 is_stmt 0 view .LVU890
 2572 0068 E368     		ldr	r3, [r4, #12]
1071:Drivers/STM32L4xx_HAL_Driver/Src/stm32l4xx_hal_spi.c ****   {
 2573              		.loc 1 1071 6 view .LVU891
 2574 006a B3F5E06F 		cmp	r3, #1792
 2575 006e 23D9     		bls	.L181
1074:Drivers/STM32L4xx_HAL_Driver/Src/stm32l4xx_hal_spi.c ****   }
 2576              		.loc 1 1074 5 is_stmt 1 view .LVU892
 2577 0070 2268     		ldr	r2, [r4]
 2578 0072 5368     		ldr	r3, [r2, #4]
 2579 0074 23F48053 		bic	r3, r3, #4096
 2580 0078 5360     		str	r3, [r2, #4]
 2581              	.L182:
1083:Drivers/STM32L4xx_HAL_Driver/Src/stm32l4xx_hal_spi.c ****   {
 2582              		.loc 1 1083 3 view .LVU893
1083:Drivers/STM32L4xx_HAL_Driver/Src/stm32l4xx_hal_spi.c ****   {
 2583              		.loc 1 1083 17 is_stmt 0 view .LVU894
 2584 007a A368     		ldr	r3, [r4, #8]
1083:Drivers/STM32L4xx_HAL_Driver/Src/stm32l4xx_hal_spi.c ****   {
 2585              		.loc 1 1083 6 view .LVU895
 2586 007c B3F5004F 		cmp	r3, #32768
 2587 0080 20D0     		beq	.L203
 2588              	.L183:
1091:Drivers/STM32L4xx_HAL_Driver/Src/stm32l4xx_hal_spi.c ****   {
 2589              		.loc 1 1091 3 is_stmt 1 view .LVU896
1091:Drivers/STM32L4xx_HAL_Driver/Src/stm32l4xx_hal_spi.c ****   {
ARM GAS  /tmp/ccEksN7Z.s 			page 137


 2590              		.loc 1 1091 12 is_stmt 0 view .LVU897
 2591 0082 2368     		ldr	r3, [r4]
1091:Drivers/STM32L4xx_HAL_Driver/Src/stm32l4xx_hal_spi.c ****   {
 2592              		.loc 1 1091 22 view .LVU898
 2593 0084 1A68     		ldr	r2, [r3]
1091:Drivers/STM32L4xx_HAL_Driver/Src/stm32l4xx_hal_spi.c ****   {
 2594              		.loc 1 1091 6 view .LVU899
 2595 0086 12F0400F 		tst	r2, #64
 2596 008a 03D1     		bne	.L184
1094:Drivers/STM32L4xx_HAL_Driver/Src/stm32l4xx_hal_spi.c ****   }
 2597              		.loc 1 1094 5 is_stmt 1 view .LVU900
 2598 008c 1A68     		ldr	r2, [r3]
 2599 008e 42F04002 		orr	r2, r2, #64
 2600 0092 1A60     		str	r2, [r3]
 2601              	.L184:
1098:Drivers/STM32L4xx_HAL_Driver/Src/stm32l4xx_hal_spi.c ****   {
 2602              		.loc 1 1098 3 view .LVU901
1098:Drivers/STM32L4xx_HAL_Driver/Src/stm32l4xx_hal_spi.c ****   {
 2603              		.loc 1 1098 17 is_stmt 0 view .LVU902
 2604 0094 E368     		ldr	r3, [r4, #12]
1098:Drivers/STM32L4xx_HAL_Driver/Src/stm32l4xx_hal_spi.c ****   {
 2605              		.loc 1 1098 6 view .LVU903
 2606 0096 B3F5E06F 		cmp	r3, #1792
 2607 009a 27D9     		bls	.L185
 2608 009c 4CE0     		b	.L186
 2609              	.LVL149:
 2610              	.L202:
1027:Drivers/STM32L4xx_HAL_Driver/Src/stm32l4xx_hal_spi.c ****   {
 2611              		.loc 1 1027 58 discriminator 1 view .LVU904
 2612 009e 8368     		ldr	r3, [r0, #8]
1027:Drivers/STM32L4xx_HAL_Driver/Src/stm32l4xx_hal_spi.c ****   {
 2613              		.loc 1 1027 44 discriminator 1 view .LVU905
 2614 00a0 002B     		cmp	r3, #0
 2615 00a2 BED1     		bne	.L179
1029:Drivers/STM32L4xx_HAL_Driver/Src/stm32l4xx_hal_spi.c ****     /* Call transmit-receive function to send Dummy data on Tx line and generate clock on CLK line 
 2616              		.loc 1 1029 5 is_stmt 1 view .LVU906
1029:Drivers/STM32L4xx_HAL_Driver/Src/stm32l4xx_hal_spi.c ****     /* Call transmit-receive function to send Dummy data on Tx line and generate clock on CLK line 
 2617              		.loc 1 1029 17 is_stmt 0 view .LVU907
 2618 00a4 0423     		movs	r3, #4
 2619 00a6 80F85D30 		strb	r3, [r0, #93]
1031:Drivers/STM32L4xx_HAL_Driver/Src/stm32l4xx_hal_spi.c ****   }
 2620              		.loc 1 1031 5 is_stmt 1 view .LVU908
1031:Drivers/STM32L4xx_HAL_Driver/Src/stm32l4xx_hal_spi.c ****   }
 2621              		.loc 1 1031 12 is_stmt 0 view .LVU909
 2622 00aa 0095     		str	r5, [sp]
 2623 00ac 1346     		mov	r3, r2
 2624 00ae 0A46     		mov	r2, r1
 2625              	.LVL150:
1031:Drivers/STM32L4xx_HAL_Driver/Src/stm32l4xx_hal_spi.c ****   }
 2626              		.loc 1 1031 12 view .LVU910
 2627 00b0 FFF7FEFF 		bl	HAL_SPI_TransmitReceive
 2628              	.LVL151:
1031:Drivers/STM32L4xx_HAL_Driver/Src/stm32l4xx_hal_spi.c ****   }
 2629              		.loc 1 1031 12 view .LVU911
 2630 00b4 0646     		mov	r6, r0
 2631 00b6 71E0     		b	.L180
 2632              	.LVL152:
ARM GAS  /tmp/ccEksN7Z.s 			page 138


 2633              	.L181:
1079:Drivers/STM32L4xx_HAL_Driver/Src/stm32l4xx_hal_spi.c ****   }
 2634              		.loc 1 1079 5 is_stmt 1 view .LVU912
 2635 00b8 2268     		ldr	r2, [r4]
 2636 00ba 5368     		ldr	r3, [r2, #4]
 2637 00bc 43F48053 		orr	r3, r3, #4096
 2638 00c0 5360     		str	r3, [r2, #4]
 2639 00c2 DAE7     		b	.L182
 2640              	.L203:
1086:Drivers/STM32L4xx_HAL_Driver/Src/stm32l4xx_hal_spi.c ****     SPI_1LINE_RX(hspi);
 2641              		.loc 1 1086 5 view .LVU913
 2642 00c4 2268     		ldr	r2, [r4]
 2643 00c6 1368     		ldr	r3, [r2]
 2644 00c8 23F04003 		bic	r3, r3, #64
 2645 00cc 1360     		str	r3, [r2]
1087:Drivers/STM32L4xx_HAL_Driver/Src/stm32l4xx_hal_spi.c ****   }
 2646              		.loc 1 1087 5 view .LVU914
 2647 00ce 2268     		ldr	r2, [r4]
 2648 00d0 1368     		ldr	r3, [r2]
 2649 00d2 23F48043 		bic	r3, r3, #16384
 2650 00d6 1360     		str	r3, [r2]
 2651 00d8 D3E7     		b	.L183
 2652              	.LVL153:
 2653              	.L187:
1114:Drivers/STM32L4xx_HAL_Driver/Src/stm32l4xx_hal_spi.c ****         {
 2654              		.loc 1 1114 9 view .LVU915
1114:Drivers/STM32L4xx_HAL_Driver/Src/stm32l4xx_hal_spi.c ****         {
 2655              		.loc 1 1114 16 is_stmt 0 view .LVU916
 2656 00da FFF7FEFF 		bl	HAL_GetTick
 2657              	.LVL154:
1114:Drivers/STM32L4xx_HAL_Driver/Src/stm32l4xx_hal_spi.c ****         {
 2658              		.loc 1 1114 30 discriminator 1 view .LVU917
 2659 00de C01B     		subs	r0, r0, r7
1114:Drivers/STM32L4xx_HAL_Driver/Src/stm32l4xx_hal_spi.c ****         {
 2660              		.loc 1 1114 12 discriminator 1 view .LVU918
 2661 00e0 A842     		cmp	r0, r5
 2662 00e2 02D3     		bcc	.L189
1114:Drivers/STM32L4xx_HAL_Driver/Src/stm32l4xx_hal_spi.c ****         {
 2663              		.loc 1 1114 56 discriminator 1 view .LVU919
 2664 00e4 B5F1FF3F 		cmp	r5, #-1
 2665 00e8 18D1     		bne	.L190
 2666              	.L189:
1114:Drivers/STM32L4xx_HAL_Driver/Src/stm32l4xx_hal_spi.c ****         {
 2667              		.loc 1 1114 87 discriminator 3 view .LVU920
 2668 00ea BDB1     		cbz	r5, .L190
 2669              	.L185:
1101:Drivers/STM32L4xx_HAL_Driver/Src/stm32l4xx_hal_spi.c ****     {
 2670              		.loc 1 1101 30 is_stmt 1 view .LVU921
1101:Drivers/STM32L4xx_HAL_Driver/Src/stm32l4xx_hal_spi.c ****     {
 2671              		.loc 1 1101 16 is_stmt 0 view .LVU922
 2672 00ec B4F84630 		ldrh	r3, [r4, #70]
 2673 00f0 9BB2     		uxth	r3, r3
1101:Drivers/STM32L4xx_HAL_Driver/Src/stm32l4xx_hal_spi.c ****     {
 2674              		.loc 1 1101 30 view .LVU923
 2675 00f2 002B     		cmp	r3, #0
 2676 00f4 3FD0     		beq	.L192
1104:Drivers/STM32L4xx_HAL_Driver/Src/stm32l4xx_hal_spi.c ****       {
ARM GAS  /tmp/ccEksN7Z.s 			page 139


 2677              		.loc 1 1104 7 is_stmt 1 view .LVU924
1104:Drivers/STM32L4xx_HAL_Driver/Src/stm32l4xx_hal_spi.c ****       {
 2678              		.loc 1 1104 11 is_stmt 0 view .LVU925
 2679 00f6 2368     		ldr	r3, [r4]
 2680 00f8 9A68     		ldr	r2, [r3, #8]
1104:Drivers/STM32L4xx_HAL_Driver/Src/stm32l4xx_hal_spi.c ****       {
 2681              		.loc 1 1104 10 view .LVU926
 2682 00fa 12F0010F 		tst	r2, #1
 2683 00fe ECD0     		beq	.L187
1107:Drivers/STM32L4xx_HAL_Driver/Src/stm32l4xx_hal_spi.c ****         hspi->pRxBuffPtr += sizeof(uint8_t);
 2684              		.loc 1 1107 9 is_stmt 1 view .LVU927
1107:Drivers/STM32L4xx_HAL_Driver/Src/stm32l4xx_hal_spi.c ****         hspi->pRxBuffPtr += sizeof(uint8_t);
 2685              		.loc 1 1107 27 is_stmt 0 view .LVU928
 2686 0100 226C     		ldr	r2, [r4, #64]
1107:Drivers/STM32L4xx_HAL_Driver/Src/stm32l4xx_hal_spi.c ****         hspi->pRxBuffPtr += sizeof(uint8_t);
 2687              		.loc 1 1107 43 view .LVU929
 2688 0102 1B7B     		ldrb	r3, [r3, #12]	@ zero_extendqisi2
1107:Drivers/STM32L4xx_HAL_Driver/Src/stm32l4xx_hal_spi.c ****         hspi->pRxBuffPtr += sizeof(uint8_t);
 2689              		.loc 1 1107 41 view .LVU930
 2690 0104 1370     		strb	r3, [r2]
1108:Drivers/STM32L4xx_HAL_Driver/Src/stm32l4xx_hal_spi.c ****         hspi->RxXferCount--;
 2691              		.loc 1 1108 9 is_stmt 1 view .LVU931
1108:Drivers/STM32L4xx_HAL_Driver/Src/stm32l4xx_hal_spi.c ****         hspi->RxXferCount--;
 2692              		.loc 1 1108 13 is_stmt 0 view .LVU932
 2693 0106 236C     		ldr	r3, [r4, #64]
1108:Drivers/STM32L4xx_HAL_Driver/Src/stm32l4xx_hal_spi.c ****         hspi->RxXferCount--;
 2694              		.loc 1 1108 26 view .LVU933
 2695 0108 0133     		adds	r3, r3, #1
 2696 010a 2364     		str	r3, [r4, #64]
1109:Drivers/STM32L4xx_HAL_Driver/Src/stm32l4xx_hal_spi.c ****       }
 2697              		.loc 1 1109 9 is_stmt 1 view .LVU934
1109:Drivers/STM32L4xx_HAL_Driver/Src/stm32l4xx_hal_spi.c ****       }
 2698              		.loc 1 1109 13 is_stmt 0 view .LVU935
 2699 010c B4F84630 		ldrh	r3, [r4, #70]
 2700 0110 9BB2     		uxth	r3, r3
1109:Drivers/STM32L4xx_HAL_Driver/Src/stm32l4xx_hal_spi.c ****       }
 2701              		.loc 1 1109 26 view .LVU936
 2702 0112 013B     		subs	r3, r3, #1
 2703 0114 9BB2     		uxth	r3, r3
 2704 0116 A4F84630 		strh	r3, [r4, #70]	@ movhi
 2705 011a E7E7     		b	.L185
 2706              	.L190:
1116:Drivers/STM32L4xx_HAL_Driver/Src/stm32l4xx_hal_spi.c ****           hspi->State = HAL_SPI_STATE_READY;
 2707              		.loc 1 1116 11 is_stmt 1 view .LVU937
 2708              	.LVL155:
1117:Drivers/STM32L4xx_HAL_Driver/Src/stm32l4xx_hal_spi.c ****           goto error;
 2709              		.loc 1 1117 11 view .LVU938
1117:Drivers/STM32L4xx_HAL_Driver/Src/stm32l4xx_hal_spi.c ****           goto error;
 2710              		.loc 1 1117 23 is_stmt 0 view .LVU939
 2711 011c 0123     		movs	r3, #1
 2712 011e 84F85D30 		strb	r3, [r4, #93]
1118:Drivers/STM32L4xx_HAL_Driver/Src/stm32l4xx_hal_spi.c ****         }
 2713              		.loc 1 1118 11 is_stmt 1 view .LVU940
1116:Drivers/STM32L4xx_HAL_Driver/Src/stm32l4xx_hal_spi.c ****           hspi->State = HAL_SPI_STATE_READY;
 2714              		.loc 1 1116 21 is_stmt 0 view .LVU941
 2715 0122 0326     		movs	r6, #3
1118:Drivers/STM32L4xx_HAL_Driver/Src/stm32l4xx_hal_spi.c ****         }
ARM GAS  /tmp/ccEksN7Z.s 			page 140


 2716              		.loc 1 1118 11 view .LVU942
 2717 0124 37E0     		b	.L178
 2718              	.LVL156:
 2719              	.L193:
1138:Drivers/STM32L4xx_HAL_Driver/Src/stm32l4xx_hal_spi.c ****         {
 2720              		.loc 1 1138 9 is_stmt 1 view .LVU943
1138:Drivers/STM32L4xx_HAL_Driver/Src/stm32l4xx_hal_spi.c ****         {
 2721              		.loc 1 1138 16 is_stmt 0 view .LVU944
 2722 0126 FFF7FEFF 		bl	HAL_GetTick
 2723              	.LVL157:
1138:Drivers/STM32L4xx_HAL_Driver/Src/stm32l4xx_hal_spi.c ****         {
 2724              		.loc 1 1138 30 discriminator 1 view .LVU945
 2725 012a C01B     		subs	r0, r0, r7
1138:Drivers/STM32L4xx_HAL_Driver/Src/stm32l4xx_hal_spi.c ****         {
 2726              		.loc 1 1138 12 discriminator 1 view .LVU946
 2727 012c A842     		cmp	r0, r5
 2728 012e 02D3     		bcc	.L195
1138:Drivers/STM32L4xx_HAL_Driver/Src/stm32l4xx_hal_spi.c ****         {
 2729              		.loc 1 1138 56 discriminator 1 view .LVU947
 2730 0130 B5F1FF3F 		cmp	r5, #-1
 2731 0134 1AD1     		bne	.L196
 2732              	.L195:
1138:Drivers/STM32L4xx_HAL_Driver/Src/stm32l4xx_hal_spi.c ****         {
 2733              		.loc 1 1138 87 discriminator 3 view .LVU948
 2734 0136 CDB1     		cbz	r5, .L196
 2735              	.L186:
1126:Drivers/STM32L4xx_HAL_Driver/Src/stm32l4xx_hal_spi.c ****     {
 2736              		.loc 1 1126 30 is_stmt 1 view .LVU949
1126:Drivers/STM32L4xx_HAL_Driver/Src/stm32l4xx_hal_spi.c ****     {
 2737              		.loc 1 1126 16 is_stmt 0 view .LVU950
 2738 0138 B4F84630 		ldrh	r3, [r4, #70]
 2739 013c 9BB2     		uxth	r3, r3
1126:Drivers/STM32L4xx_HAL_Driver/Src/stm32l4xx_hal_spi.c ****     {
 2740              		.loc 1 1126 30 view .LVU951
 2741 013e D3B1     		cbz	r3, .L192
1129:Drivers/STM32L4xx_HAL_Driver/Src/stm32l4xx_hal_spi.c ****       {
 2742              		.loc 1 1129 7 is_stmt 1 view .LVU952
1129:Drivers/STM32L4xx_HAL_Driver/Src/stm32l4xx_hal_spi.c ****       {
 2743              		.loc 1 1129 11 is_stmt 0 view .LVU953
 2744 0140 2368     		ldr	r3, [r4]
 2745 0142 9A68     		ldr	r2, [r3, #8]
1129:Drivers/STM32L4xx_HAL_Driver/Src/stm32l4xx_hal_spi.c ****       {
 2746              		.loc 1 1129 10 view .LVU954
 2747 0144 12F0010F 		tst	r2, #1
 2748 0148 EDD0     		beq	.L193
1131:Drivers/STM32L4xx_HAL_Driver/Src/stm32l4xx_hal_spi.c ****         hspi->pRxBuffPtr += sizeof(uint16_t);
 2749              		.loc 1 1131 9 is_stmt 1 view .LVU955
1131:Drivers/STM32L4xx_HAL_Driver/Src/stm32l4xx_hal_spi.c ****         hspi->pRxBuffPtr += sizeof(uint16_t);
 2750              		.loc 1 1131 67 is_stmt 0 view .LVU956
 2751 014a DA68     		ldr	r2, [r3, #12]
1131:Drivers/STM32L4xx_HAL_Driver/Src/stm32l4xx_hal_spi.c ****         hspi->pRxBuffPtr += sizeof(uint16_t);
 2752              		.loc 1 1131 27 view .LVU957
 2753 014c 236C     		ldr	r3, [r4, #64]
1131:Drivers/STM32L4xx_HAL_Driver/Src/stm32l4xx_hal_spi.c ****         hspi->pRxBuffPtr += sizeof(uint16_t);
 2754              		.loc 1 1131 41 view .LVU958
 2755 014e 1A80     		strh	r2, [r3]	@ movhi
1132:Drivers/STM32L4xx_HAL_Driver/Src/stm32l4xx_hal_spi.c ****         hspi->RxXferCount--;
ARM GAS  /tmp/ccEksN7Z.s 			page 141


 2756              		.loc 1 1132 9 is_stmt 1 view .LVU959
1132:Drivers/STM32L4xx_HAL_Driver/Src/stm32l4xx_hal_spi.c ****         hspi->RxXferCount--;
 2757              		.loc 1 1132 13 is_stmt 0 view .LVU960
 2758 0150 236C     		ldr	r3, [r4, #64]
1132:Drivers/STM32L4xx_HAL_Driver/Src/stm32l4xx_hal_spi.c ****         hspi->RxXferCount--;
 2759              		.loc 1 1132 26 view .LVU961
 2760 0152 0233     		adds	r3, r3, #2
 2761 0154 2364     		str	r3, [r4, #64]
1133:Drivers/STM32L4xx_HAL_Driver/Src/stm32l4xx_hal_spi.c ****       }
 2762              		.loc 1 1133 9 is_stmt 1 view .LVU962
1133:Drivers/STM32L4xx_HAL_Driver/Src/stm32l4xx_hal_spi.c ****       }
 2763              		.loc 1 1133 13 is_stmt 0 view .LVU963
 2764 0156 B4F846C0 		ldrh	ip, [r4, #70]
 2765 015a 1FFA8CFC 		uxth	ip, ip
1133:Drivers/STM32L4xx_HAL_Driver/Src/stm32l4xx_hal_spi.c ****       }
 2766              		.loc 1 1133 26 view .LVU964
 2767 015e 0CF1FF3C 		add	ip, ip, #-1
 2768 0162 1FFA8CFC 		uxth	ip, ip
 2769 0166 A4F846C0 		strh	ip, [r4, #70]	@ movhi
 2770 016a E5E7     		b	.L186
 2771              	.L196:
1140:Drivers/STM32L4xx_HAL_Driver/Src/stm32l4xx_hal_spi.c ****           hspi->State = HAL_SPI_STATE_READY;
 2772              		.loc 1 1140 11 is_stmt 1 view .LVU965
 2773              	.LVL158:
1141:Drivers/STM32L4xx_HAL_Driver/Src/stm32l4xx_hal_spi.c ****           goto error;
 2774              		.loc 1 1141 11 view .LVU966
1141:Drivers/STM32L4xx_HAL_Driver/Src/stm32l4xx_hal_spi.c ****           goto error;
 2775              		.loc 1 1141 23 is_stmt 0 view .LVU967
 2776 016c 0123     		movs	r3, #1
 2777 016e 84F85D30 		strb	r3, [r4, #93]
1142:Drivers/STM32L4xx_HAL_Driver/Src/stm32l4xx_hal_spi.c ****         }
 2778              		.loc 1 1142 11 is_stmt 1 view .LVU968
1140:Drivers/STM32L4xx_HAL_Driver/Src/stm32l4xx_hal_spi.c ****           hspi->State = HAL_SPI_STATE_READY;
 2779              		.loc 1 1140 21 is_stmt 0 view .LVU969
 2780 0172 0326     		movs	r6, #3
1142:Drivers/STM32L4xx_HAL_Driver/Src/stm32l4xx_hal_spi.c ****         }
 2781              		.loc 1 1142 11 view .LVU970
 2782 0174 0FE0     		b	.L178
 2783              	.LVL159:
 2784              	.L192:
1218:Drivers/STM32L4xx_HAL_Driver/Src/stm32l4xx_hal_spi.c ****   {
 2785              		.loc 1 1218 3 is_stmt 1 view .LVU971
1218:Drivers/STM32L4xx_HAL_Driver/Src/stm32l4xx_hal_spi.c ****   {
 2786              		.loc 1 1218 7 is_stmt 0 view .LVU972
 2787 0176 3A46     		mov	r2, r7
 2788 0178 2946     		mov	r1, r5
 2789 017a 2046     		mov	r0, r4
 2790 017c FFF7FEFF 		bl	SPI_EndRxTransaction
 2791              	.LVL160:
1218:Drivers/STM32L4xx_HAL_Driver/Src/stm32l4xx_hal_spi.c ****   {
 2792              		.loc 1 1218 6 discriminator 1 view .LVU973
 2793 0180 08B1     		cbz	r0, .L198
1220:Drivers/STM32L4xx_HAL_Driver/Src/stm32l4xx_hal_spi.c ****   }
 2794              		.loc 1 1220 5 is_stmt 1 view .LVU974
1220:Drivers/STM32L4xx_HAL_Driver/Src/stm32l4xx_hal_spi.c ****   }
 2795              		.loc 1 1220 21 is_stmt 0 view .LVU975
 2796 0182 2023     		movs	r3, #32
ARM GAS  /tmp/ccEksN7Z.s 			page 142


 2797 0184 2366     		str	r3, [r4, #96]
 2798              	.L198:
1232:Drivers/STM32L4xx_HAL_Driver/Src/stm32l4xx_hal_spi.c ****   {
 2799              		.loc 1 1232 3 is_stmt 1 view .LVU976
1232:Drivers/STM32L4xx_HAL_Driver/Src/stm32l4xx_hal_spi.c ****   {
 2800              		.loc 1 1232 11 is_stmt 0 view .LVU977
 2801 0186 236E     		ldr	r3, [r4, #96]
1232:Drivers/STM32L4xx_HAL_Driver/Src/stm32l4xx_hal_spi.c ****   {
 2802              		.loc 1 1232 6 view .LVU978
 2803 0188 2BB9     		cbnz	r3, .L178
1238:Drivers/STM32L4xx_HAL_Driver/Src/stm32l4xx_hal_spi.c ****   }
 2804              		.loc 1 1238 5 is_stmt 1 view .LVU979
1238:Drivers/STM32L4xx_HAL_Driver/Src/stm32l4xx_hal_spi.c ****   }
 2805              		.loc 1 1238 17 is_stmt 0 view .LVU980
 2806 018a 0123     		movs	r3, #1
 2807 018c 84F85D30 		strb	r3, [r4, #93]
1019:Drivers/STM32L4xx_HAL_Driver/Src/stm32l4xx_hal_spi.c **** 
 2808              		.loc 1 1019 21 view .LVU981
 2809 0190 0026     		movs	r6, #0
 2810 0192 00E0     		b	.L178
 2811              	.LVL161:
 2812              	.L199:
1023:Drivers/STM32L4xx_HAL_Driver/Src/stm32l4xx_hal_spi.c ****     goto error;
 2813              		.loc 1 1023 15 view .LVU982
 2814 0194 0226     		movs	r6, #2
 2815              	.LVL162:
 2816              	.L178:
1242:Drivers/STM32L4xx_HAL_Driver/Src/stm32l4xx_hal_spi.c ****   return errorcode;
 2817              		.loc 1 1242 3 is_stmt 1 view .LVU983
1242:Drivers/STM32L4xx_HAL_Driver/Src/stm32l4xx_hal_spi.c ****   return errorcode;
 2818              		.loc 1 1242 3 view .LVU984
 2819 0196 0023     		movs	r3, #0
 2820 0198 84F85C30 		strb	r3, [r4, #92]
1242:Drivers/STM32L4xx_HAL_Driver/Src/stm32l4xx_hal_spi.c ****   return errorcode;
 2821              		.loc 1 1242 3 view .LVU985
1243:Drivers/STM32L4xx_HAL_Driver/Src/stm32l4xx_hal_spi.c **** }
 2822              		.loc 1 1243 3 view .LVU986
 2823              	.LVL163:
 2824              	.L180:
1244:Drivers/STM32L4xx_HAL_Driver/Src/stm32l4xx_hal_spi.c **** 
 2825              		.loc 1 1244 1 is_stmt 0 view .LVU987
 2826 019c 3046     		mov	r0, r6
 2827 019e 03B0     		add	sp, sp, #12
 2828              		.cfi_remember_state
 2829              		.cfi_def_cfa_offset 28
 2830              		@ sp needed
 2831 01a0 BDE8F083 		pop	{r4, r5, r6, r7, r8, r9, pc}
 2832              	.LVL164:
 2833              	.L200:
 2834              		.cfi_restore_state
1035:Drivers/STM32L4xx_HAL_Driver/Src/stm32l4xx_hal_spi.c **** 
 2835              		.loc 1 1035 3 discriminator 1 view .LVU988
 2836 01a4 0226     		movs	r6, #2
 2837 01a6 F9E7     		b	.L180
 2838              		.cfi_endproc
 2839              	.LFE293:
 2841              		.section	.text.HAL_SPI_Transmit_IT,"ax",%progbits
ARM GAS  /tmp/ccEksN7Z.s 			page 143


 2842              		.align	1
 2843              		.global	HAL_SPI_Transmit_IT
 2844              		.syntax unified
 2845              		.thumb
 2846              		.thumb_func
 2848              	HAL_SPI_Transmit_IT:
 2849              	.LVL165:
 2850              	.LFB295:
1603:Drivers/STM32L4xx_HAL_Driver/Src/stm32l4xx_hal_spi.c ****   HAL_StatusTypeDef errorcode = HAL_OK;
 2851              		.loc 1 1603 1 is_stmt 1 view -0
 2852              		.cfi_startproc
 2853              		@ args = 0, pretend = 0, frame = 0
 2854              		@ frame_needed = 0, uses_anonymous_args = 0
 2855              		@ link register save eliminated.
1604:Drivers/STM32L4xx_HAL_Driver/Src/stm32l4xx_hal_spi.c **** 
 2856              		.loc 1 1604 3 view .LVU990
1607:Drivers/STM32L4xx_HAL_Driver/Src/stm32l4xx_hal_spi.c **** 
 2857              		.loc 1 1607 3 view .LVU991
1610:Drivers/STM32L4xx_HAL_Driver/Src/stm32l4xx_hal_spi.c ****   {
 2858              		.loc 1 1610 3 view .LVU992
1610:Drivers/STM32L4xx_HAL_Driver/Src/stm32l4xx_hal_spi.c ****   {
 2859              		.loc 1 1610 6 is_stmt 0 view .LVU993
 2860 0000 0029     		cmp	r1, #0
 2861 0002 49D0     		beq	.L210
1603:Drivers/STM32L4xx_HAL_Driver/Src/stm32l4xx_hal_spi.c ****   HAL_StatusTypeDef errorcode = HAL_OK;
 2862              		.loc 1 1603 1 view .LVU994
 2863 0004 10B4     		push	{r4}
 2864              		.cfi_def_cfa_offset 4
 2865              		.cfi_offset 4, -4
1610:Drivers/STM32L4xx_HAL_Driver/Src/stm32l4xx_hal_spi.c ****   {
 2866              		.loc 1 1610 23 discriminator 1 view .LVU995
 2867 0006 002A     		cmp	r2, #0
 2868 0008 48D0     		beq	.L211
1616:Drivers/STM32L4xx_HAL_Driver/Src/stm32l4xx_hal_spi.c ****   {
 2869              		.loc 1 1616 3 is_stmt 1 view .LVU996
1616:Drivers/STM32L4xx_HAL_Driver/Src/stm32l4xx_hal_spi.c ****   {
 2870              		.loc 1 1616 11 is_stmt 0 view .LVU997
 2871 000a 90F85D30 		ldrb	r3, [r0, #93]	@ zero_extendqisi2
 2872 000e DBB2     		uxtb	r3, r3
1616:Drivers/STM32L4xx_HAL_Driver/Src/stm32l4xx_hal_spi.c ****   {
 2873              		.loc 1 1616 6 view .LVU998
 2874 0010 012B     		cmp	r3, #1
 2875 0012 45D1     		bne	.L212
1623:Drivers/STM32L4xx_HAL_Driver/Src/stm32l4xx_hal_spi.c **** 
 2876              		.loc 1 1623 3 is_stmt 1 view .LVU999
1623:Drivers/STM32L4xx_HAL_Driver/Src/stm32l4xx_hal_spi.c **** 
 2877              		.loc 1 1623 3 view .LVU1000
 2878 0014 90F85C30 		ldrb	r3, [r0, #92]	@ zero_extendqisi2
 2879 0018 012B     		cmp	r3, #1
 2880 001a 43D0     		beq	.L213
1623:Drivers/STM32L4xx_HAL_Driver/Src/stm32l4xx_hal_spi.c **** 
 2881              		.loc 1 1623 3 discriminator 2 view .LVU1001
 2882 001c 0123     		movs	r3, #1
 2883 001e 80F85C30 		strb	r3, [r0, #92]
1623:Drivers/STM32L4xx_HAL_Driver/Src/stm32l4xx_hal_spi.c **** 
 2884              		.loc 1 1623 3 discriminator 2 view .LVU1002
1626:Drivers/STM32L4xx_HAL_Driver/Src/stm32l4xx_hal_spi.c ****   hspi->ErrorCode   = HAL_SPI_ERROR_NONE;
ARM GAS  /tmp/ccEksN7Z.s 			page 144


 2885              		.loc 1 1626 3 view .LVU1003
1626:Drivers/STM32L4xx_HAL_Driver/Src/stm32l4xx_hal_spi.c ****   hspi->ErrorCode   = HAL_SPI_ERROR_NONE;
 2886              		.loc 1 1626 21 is_stmt 0 view .LVU1004
 2887 0022 0323     		movs	r3, #3
 2888 0024 80F85D30 		strb	r3, [r0, #93]
1627:Drivers/STM32L4xx_HAL_Driver/Src/stm32l4xx_hal_spi.c ****   hspi->pTxBuffPtr  = (uint8_t *)pData;
 2889              		.loc 1 1627 3 is_stmt 1 view .LVU1005
1627:Drivers/STM32L4xx_HAL_Driver/Src/stm32l4xx_hal_spi.c ****   hspi->pTxBuffPtr  = (uint8_t *)pData;
 2890              		.loc 1 1627 21 is_stmt 0 view .LVU1006
 2891 0028 0023     		movs	r3, #0
 2892 002a 0366     		str	r3, [r0, #96]
1628:Drivers/STM32L4xx_HAL_Driver/Src/stm32l4xx_hal_spi.c ****   hspi->TxXferSize  = Size;
 2893              		.loc 1 1628 3 is_stmt 1 view .LVU1007
1628:Drivers/STM32L4xx_HAL_Driver/Src/stm32l4xx_hal_spi.c ****   hspi->TxXferSize  = Size;
 2894              		.loc 1 1628 21 is_stmt 0 view .LVU1008
 2895 002c 8163     		str	r1, [r0, #56]
1629:Drivers/STM32L4xx_HAL_Driver/Src/stm32l4xx_hal_spi.c ****   hspi->TxXferCount = Size;
 2896              		.loc 1 1629 3 is_stmt 1 view .LVU1009
1629:Drivers/STM32L4xx_HAL_Driver/Src/stm32l4xx_hal_spi.c ****   hspi->TxXferCount = Size;
 2897              		.loc 1 1629 21 is_stmt 0 view .LVU1010
 2898 002e 8287     		strh	r2, [r0, #60]	@ movhi
1630:Drivers/STM32L4xx_HAL_Driver/Src/stm32l4xx_hal_spi.c **** 
 2899              		.loc 1 1630 3 is_stmt 1 view .LVU1011
1630:Drivers/STM32L4xx_HAL_Driver/Src/stm32l4xx_hal_spi.c **** 
 2900              		.loc 1 1630 21 is_stmt 0 view .LVU1012
 2901 0030 C287     		strh	r2, [r0, #62]	@ movhi
1633:Drivers/STM32L4xx_HAL_Driver/Src/stm32l4xx_hal_spi.c ****   hspi->RxXferSize  = 0U;
 2902              		.loc 1 1633 3 is_stmt 1 view .LVU1013
1633:Drivers/STM32L4xx_HAL_Driver/Src/stm32l4xx_hal_spi.c ****   hspi->RxXferSize  = 0U;
 2903              		.loc 1 1633 21 is_stmt 0 view .LVU1014
 2904 0032 0364     		str	r3, [r0, #64]
1634:Drivers/STM32L4xx_HAL_Driver/Src/stm32l4xx_hal_spi.c ****   hspi->RxXferCount = 0U;
 2905              		.loc 1 1634 3 is_stmt 1 view .LVU1015
1634:Drivers/STM32L4xx_HAL_Driver/Src/stm32l4xx_hal_spi.c ****   hspi->RxXferCount = 0U;
 2906              		.loc 1 1634 21 is_stmt 0 view .LVU1016
 2907 0034 A0F84430 		strh	r3, [r0, #68]	@ movhi
1635:Drivers/STM32L4xx_HAL_Driver/Src/stm32l4xx_hal_spi.c ****   hspi->RxISR       = NULL;
 2908              		.loc 1 1635 3 is_stmt 1 view .LVU1017
1635:Drivers/STM32L4xx_HAL_Driver/Src/stm32l4xx_hal_spi.c ****   hspi->RxISR       = NULL;
 2909              		.loc 1 1635 21 is_stmt 0 view .LVU1018
 2910 0038 A0F84630 		strh	r3, [r0, #70]	@ movhi
1636:Drivers/STM32L4xx_HAL_Driver/Src/stm32l4xx_hal_spi.c **** 
 2911              		.loc 1 1636 3 is_stmt 1 view .LVU1019
1636:Drivers/STM32L4xx_HAL_Driver/Src/stm32l4xx_hal_spi.c **** 
 2912              		.loc 1 1636 21 is_stmt 0 view .LVU1020
 2913 003c C364     		str	r3, [r0, #76]
1639:Drivers/STM32L4xx_HAL_Driver/Src/stm32l4xx_hal_spi.c ****   {
 2914              		.loc 1 1639 3 is_stmt 1 view .LVU1021
1639:Drivers/STM32L4xx_HAL_Driver/Src/stm32l4xx_hal_spi.c ****   {
 2915              		.loc 1 1639 17 is_stmt 0 view .LVU1022
 2916 003e C368     		ldr	r3, [r0, #12]
1639:Drivers/STM32L4xx_HAL_Driver/Src/stm32l4xx_hal_spi.c ****   {
 2917              		.loc 1 1639 6 view .LVU1023
 2918 0040 B3F5E06F 		cmp	r3, #1792
 2919 0044 1AD9     		bls	.L206
1641:Drivers/STM32L4xx_HAL_Driver/Src/stm32l4xx_hal_spi.c ****   }
 2920              		.loc 1 1641 5 is_stmt 1 view .LVU1024
ARM GAS  /tmp/ccEksN7Z.s 			page 145


1641:Drivers/STM32L4xx_HAL_Driver/Src/stm32l4xx_hal_spi.c ****   }
 2921              		.loc 1 1641 17 is_stmt 0 view .LVU1025
 2922 0046 184B     		ldr	r3, .L219
 2923 0048 0365     		str	r3, [r0, #80]
 2924              	.L207:
1649:Drivers/STM32L4xx_HAL_Driver/Src/stm32l4xx_hal_spi.c ****   {
 2925              		.loc 1 1649 3 is_stmt 1 view .LVU1026
1649:Drivers/STM32L4xx_HAL_Driver/Src/stm32l4xx_hal_spi.c ****   {
 2926              		.loc 1 1649 17 is_stmt 0 view .LVU1027
 2927 004a 8368     		ldr	r3, [r0, #8]
1649:Drivers/STM32L4xx_HAL_Driver/Src/stm32l4xx_hal_spi.c ****   {
 2928              		.loc 1 1649 6 view .LVU1028
 2929 004c B3F5004F 		cmp	r3, #32768
 2930 0050 17D0     		beq	.L218
 2931              	.LVL166:
 2932              	.L208:
1665:Drivers/STM32L4xx_HAL_Driver/Src/stm32l4xx_hal_spi.c ****   {
 2933              		.loc 1 1665 3 is_stmt 1 view .LVU1029
1665:Drivers/STM32L4xx_HAL_Driver/Src/stm32l4xx_hal_spi.c ****   {
 2934              		.loc 1 1665 12 is_stmt 0 view .LVU1030
 2935 0052 0368     		ldr	r3, [r0]
1665:Drivers/STM32L4xx_HAL_Driver/Src/stm32l4xx_hal_spi.c ****   {
 2936              		.loc 1 1665 22 view .LVU1031
 2937 0054 1A68     		ldr	r2, [r3]
1665:Drivers/STM32L4xx_HAL_Driver/Src/stm32l4xx_hal_spi.c ****   {
 2938              		.loc 1 1665 6 view .LVU1032
 2939 0056 12F0400F 		tst	r2, #64
 2940 005a 03D1     		bne	.L209
1668:Drivers/STM32L4xx_HAL_Driver/Src/stm32l4xx_hal_spi.c ****   }
 2941              		.loc 1 1668 5 is_stmt 1 view .LVU1033
 2942 005c 1A68     		ldr	r2, [r3]
 2943 005e 42F04002 		orr	r2, r2, #64
 2944 0062 1A60     		str	r2, [r3]
 2945              	.L209:
1672:Drivers/STM32L4xx_HAL_Driver/Src/stm32l4xx_hal_spi.c ****   /* Enable TXE and ERR interrupt */
 2946              		.loc 1 1672 3 view .LVU1034
1672:Drivers/STM32L4xx_HAL_Driver/Src/stm32l4xx_hal_spi.c ****   /* Enable TXE and ERR interrupt */
 2947              		.loc 1 1672 3 view .LVU1035
 2948 0064 0023     		movs	r3, #0
 2949 0066 80F85C30 		strb	r3, [r0, #92]
1672:Drivers/STM32L4xx_HAL_Driver/Src/stm32l4xx_hal_spi.c ****   /* Enable TXE and ERR interrupt */
 2950              		.loc 1 1672 3 view .LVU1036
1674:Drivers/STM32L4xx_HAL_Driver/Src/stm32l4xx_hal_spi.c **** 
 2951              		.loc 1 1674 3 view .LVU1037
 2952 006a 0168     		ldr	r1, [r0]
 2953              	.LVL167:
1674:Drivers/STM32L4xx_HAL_Driver/Src/stm32l4xx_hal_spi.c **** 
 2954              		.loc 1 1674 3 is_stmt 0 view .LVU1038
 2955 006c 4A68     		ldr	r2, [r1, #4]
 2956 006e 42F0A002 		orr	r2, r2, #160
 2957 0072 4A60     		str	r2, [r1, #4]
1604:Drivers/STM32L4xx_HAL_Driver/Src/stm32l4xx_hal_spi.c **** 
 2958              		.loc 1 1604 21 view .LVU1039
 2959 0074 1846     		mov	r0, r3
 2960              	.LVL168:
 2961              	.L205:
1678:Drivers/STM32L4xx_HAL_Driver/Src/stm32l4xx_hal_spi.c **** 
ARM GAS  /tmp/ccEksN7Z.s 			page 146


 2962              		.loc 1 1678 1 view .LVU1040
 2963 0076 5DF8044B 		ldr	r4, [sp], #4
 2964              		.cfi_remember_state
 2965              		.cfi_restore 4
 2966              		.cfi_def_cfa_offset 0
 2967 007a 7047     		bx	lr
 2968              	.LVL169:
 2969              	.L206:
 2970              		.cfi_restore_state
1645:Drivers/STM32L4xx_HAL_Driver/Src/stm32l4xx_hal_spi.c ****   }
 2971              		.loc 1 1645 5 is_stmt 1 view .LVU1041
1645:Drivers/STM32L4xx_HAL_Driver/Src/stm32l4xx_hal_spi.c ****   }
 2972              		.loc 1 1645 17 is_stmt 0 view .LVU1042
 2973 007c 0B4B     		ldr	r3, .L219+4
 2974 007e 0365     		str	r3, [r0, #80]
 2975 0080 E3E7     		b	.L207
 2976              	.L218:
1652:Drivers/STM32L4xx_HAL_Driver/Src/stm32l4xx_hal_spi.c ****     SPI_1LINE_TX(hspi);
 2977              		.loc 1 1652 5 is_stmt 1 view .LVU1043
 2978 0082 0268     		ldr	r2, [r0]
 2979              	.LVL170:
1652:Drivers/STM32L4xx_HAL_Driver/Src/stm32l4xx_hal_spi.c ****     SPI_1LINE_TX(hspi);
 2980              		.loc 1 1652 5 is_stmt 0 view .LVU1044
 2981 0084 1368     		ldr	r3, [r2]
 2982 0086 23F04003 		bic	r3, r3, #64
 2983 008a 1360     		str	r3, [r2]
 2984              	.LVL171:
1653:Drivers/STM32L4xx_HAL_Driver/Src/stm32l4xx_hal_spi.c ****   }
 2985              		.loc 1 1653 5 is_stmt 1 view .LVU1045
 2986 008c 0268     		ldr	r2, [r0]
 2987 008e 1368     		ldr	r3, [r2]
 2988 0090 43F48043 		orr	r3, r3, #16384
 2989 0094 1360     		str	r3, [r2]
 2990 0096 DCE7     		b	.L208
 2991              	.LVL172:
 2992              	.L210:
 2993              		.cfi_def_cfa_offset 0
 2994              		.cfi_restore 4
1612:Drivers/STM32L4xx_HAL_Driver/Src/stm32l4xx_hal_spi.c ****     goto error;
 2995              		.loc 1 1612 15 is_stmt 0 view .LVU1046
 2996 0098 0120     		movs	r0, #1
 2997              	.LVL173:
1678:Drivers/STM32L4xx_HAL_Driver/Src/stm32l4xx_hal_spi.c **** 
 2998              		.loc 1 1678 1 view .LVU1047
 2999 009a 7047     		bx	lr
 3000              	.LVL174:
 3001              	.L211:
 3002              		.cfi_def_cfa_offset 4
 3003              		.cfi_offset 4, -4
1612:Drivers/STM32L4xx_HAL_Driver/Src/stm32l4xx_hal_spi.c ****     goto error;
 3004              		.loc 1 1612 15 view .LVU1048
 3005 009c 0120     		movs	r0, #1
 3006              	.LVL175:
1612:Drivers/STM32L4xx_HAL_Driver/Src/stm32l4xx_hal_spi.c ****     goto error;
 3007              		.loc 1 1612 15 view .LVU1049
 3008 009e EAE7     		b	.L205
 3009              	.LVL176:
ARM GAS  /tmp/ccEksN7Z.s 			page 147


 3010              	.L212:
1618:Drivers/STM32L4xx_HAL_Driver/Src/stm32l4xx_hal_spi.c ****     goto error;
 3011              		.loc 1 1618 15 view .LVU1050
 3012 00a0 0220     		movs	r0, #2
 3013              	.LVL177:
1618:Drivers/STM32L4xx_HAL_Driver/Src/stm32l4xx_hal_spi.c ****     goto error;
 3014              		.loc 1 1618 15 view .LVU1051
 3015 00a2 E8E7     		b	.L205
 3016              	.LVL178:
 3017              	.L213:
1623:Drivers/STM32L4xx_HAL_Driver/Src/stm32l4xx_hal_spi.c **** 
 3018              		.loc 1 1623 3 discriminator 1 view .LVU1052
 3019 00a4 0220     		movs	r0, #2
 3020              	.LVL179:
1623:Drivers/STM32L4xx_HAL_Driver/Src/stm32l4xx_hal_spi.c **** 
 3021              		.loc 1 1623 3 discriminator 1 view .LVU1053
 3022 00a6 E6E7     		b	.L205
 3023              	.L220:
 3024              		.align	2
 3025              	.L219:
 3026 00a8 00000000 		.word	SPI_TxISR_16BIT
 3027 00ac 00000000 		.word	SPI_TxISR_8BIT
 3028              		.cfi_endproc
 3029              	.LFE295:
 3031              		.section	.text.HAL_SPI_TransmitReceive_IT,"ax",%progbits
 3032              		.align	1
 3033              		.global	HAL_SPI_TransmitReceive_IT
 3034              		.syntax unified
 3035              		.thumb
 3036              		.thumb_func
 3038              	HAL_SPI_TransmitReceive_IT:
 3039              	.LVL180:
 3040              	.LFB297:
1798:Drivers/STM32L4xx_HAL_Driver/Src/stm32l4xx_hal_spi.c ****   uint32_t             tmp_mode;
 3041              		.loc 1 1798 1 is_stmt 1 view -0
 3042              		.cfi_startproc
 3043              		@ args = 0, pretend = 0, frame = 0
 3044              		@ frame_needed = 0, uses_anonymous_args = 0
 3045              		@ link register save eliminated.
1798:Drivers/STM32L4xx_HAL_Driver/Src/stm32l4xx_hal_spi.c ****   uint32_t             tmp_mode;
 3046              		.loc 1 1798 1 is_stmt 0 view .LVU1055
 3047 0000 10B4     		push	{r4}
 3048              		.cfi_def_cfa_offset 4
 3049              		.cfi_offset 4, -4
1799:Drivers/STM32L4xx_HAL_Driver/Src/stm32l4xx_hal_spi.c ****   HAL_SPI_StateTypeDef tmp_state;
 3050              		.loc 1 1799 3 is_stmt 1 view .LVU1056
1800:Drivers/STM32L4xx_HAL_Driver/Src/stm32l4xx_hal_spi.c ****   HAL_StatusTypeDef    errorcode = HAL_OK;
 3051              		.loc 1 1800 3 view .LVU1057
1801:Drivers/STM32L4xx_HAL_Driver/Src/stm32l4xx_hal_spi.c **** 
 3052              		.loc 1 1801 3 view .LVU1058
 3053              	.LVL181:
1804:Drivers/STM32L4xx_HAL_Driver/Src/stm32l4xx_hal_spi.c **** 
 3054              		.loc 1 1804 3 view .LVU1059
1807:Drivers/STM32L4xx_HAL_Driver/Src/stm32l4xx_hal_spi.c ****   tmp_mode            = hspi->Init.Mode;
 3055              		.loc 1 1807 3 view .LVU1060
1807:Drivers/STM32L4xx_HAL_Driver/Src/stm32l4xx_hal_spi.c ****   tmp_mode            = hspi->Init.Mode;
 3056              		.loc 1 1807 23 is_stmt 0 view .LVU1061
ARM GAS  /tmp/ccEksN7Z.s 			page 148


 3057 0002 90F85DC0 		ldrb	ip, [r0, #93]	@ zero_extendqisi2
 3058 0006 5FFA8CFC 		uxtb	ip, ip
 3059              	.LVL182:
1808:Drivers/STM32L4xx_HAL_Driver/Src/stm32l4xx_hal_spi.c **** 
 3060              		.loc 1 1808 3 is_stmt 1 view .LVU1062
1808:Drivers/STM32L4xx_HAL_Driver/Src/stm32l4xx_hal_spi.c **** 
 3061              		.loc 1 1808 23 is_stmt 0 view .LVU1063
 3062 000a 4468     		ldr	r4, [r0, #4]
 3063              	.LVL183:
1810:Drivers/STM32L4xx_HAL_Driver/Src/stm32l4xx_hal_spi.c ****         ((tmp_mode == SPI_MODE_MASTER) && (hspi->Init.Direction == SPI_DIRECTION_2LINES) && (tmp_st
 3064              		.loc 1 1810 3 is_stmt 1 view .LVU1064
1810:Drivers/STM32L4xx_HAL_Driver/Src/stm32l4xx_hal_spi.c ****         ((tmp_mode == SPI_MODE_MASTER) && (hspi->Init.Direction == SPI_DIRECTION_2LINES) && (tmp_st
 3065              		.loc 1 1810 6 is_stmt 0 view .LVU1065
 3066 000c BCF1010F 		cmp	ip, #1
 3067 0010 08D0     		beq	.L222
1810:Drivers/STM32L4xx_HAL_Driver/Src/stm32l4xx_hal_spi.c ****         ((tmp_mode == SPI_MODE_MASTER) && (hspi->Init.Direction == SPI_DIRECTION_2LINES) && (tmp_st
 3068              		.loc 1 1810 7 discriminator 1 view .LVU1066
 3069 0012 B4F5827F 		cmp	r4, #260
 3070 0016 54D1     		bne	.L231
1811:Drivers/STM32L4xx_HAL_Driver/Src/stm32l4xx_hal_spi.c ****   {
 3071              		.loc 1 1811 54 view .LVU1067
 3072 0018 8468     		ldr	r4, [r0, #8]
 3073              	.LVL184:
1811:Drivers/STM32L4xx_HAL_Driver/Src/stm32l4xx_hal_spi.c ****   {
 3074              		.loc 1 1811 40 view .LVU1068
 3075 001a 002C     		cmp	r4, #0
 3076 001c 55D1     		bne	.L232
1811:Drivers/STM32L4xx_HAL_Driver/Src/stm32l4xx_hal_spi.c ****   {
 3077              		.loc 1 1811 90 discriminator 1 view .LVU1069
 3078 001e BCF1040F 		cmp	ip, #4
 3079 0022 54D1     		bne	.L233
 3080              	.L222:
1817:Drivers/STM32L4xx_HAL_Driver/Src/stm32l4xx_hal_spi.c ****   {
 3081              		.loc 1 1817 3 is_stmt 1 view .LVU1070
1817:Drivers/STM32L4xx_HAL_Driver/Src/stm32l4xx_hal_spi.c ****   {
 3082              		.loc 1 1817 6 is_stmt 0 view .LVU1071
 3083 0024 0029     		cmp	r1, #0
 3084 0026 54D0     		beq	.L234
1817:Drivers/STM32L4xx_HAL_Driver/Src/stm32l4xx_hal_spi.c ****   {
 3085              		.loc 1 1817 25 discriminator 1 view .LVU1072
 3086 0028 002A     		cmp	r2, #0
 3087 002a 54D0     		beq	.L235
1817:Drivers/STM32L4xx_HAL_Driver/Src/stm32l4xx_hal_spi.c ****   {
 3088              		.loc 1 1817 46 discriminator 2 view .LVU1073
 3089 002c 002B     		cmp	r3, #0
 3090 002e 54D0     		beq	.L236
1824:Drivers/STM32L4xx_HAL_Driver/Src/stm32l4xx_hal_spi.c **** 
 3091              		.loc 1 1824 3 is_stmt 1 view .LVU1074
1824:Drivers/STM32L4xx_HAL_Driver/Src/stm32l4xx_hal_spi.c **** 
 3092              		.loc 1 1824 3 view .LVU1075
 3093 0030 90F85C40 		ldrb	r4, [r0, #92]	@ zero_extendqisi2
 3094 0034 012C     		cmp	r4, #1
 3095 0036 52D0     		beq	.L237
1824:Drivers/STM32L4xx_HAL_Driver/Src/stm32l4xx_hal_spi.c **** 
 3096              		.loc 1 1824 3 discriminator 2 view .LVU1076
 3097 0038 0124     		movs	r4, #1
 3098 003a 80F85C40 		strb	r4, [r0, #92]
ARM GAS  /tmp/ccEksN7Z.s 			page 149


1824:Drivers/STM32L4xx_HAL_Driver/Src/stm32l4xx_hal_spi.c **** 
 3099              		.loc 1 1824 3 discriminator 2 view .LVU1077
1827:Drivers/STM32L4xx_HAL_Driver/Src/stm32l4xx_hal_spi.c ****   {
 3100              		.loc 1 1827 3 view .LVU1078
1827:Drivers/STM32L4xx_HAL_Driver/Src/stm32l4xx_hal_spi.c ****   {
 3101              		.loc 1 1827 11 is_stmt 0 view .LVU1079
 3102 003e 90F85D40 		ldrb	r4, [r0, #93]	@ zero_extendqisi2
 3103 0042 E4B2     		uxtb	r4, r4
1827:Drivers/STM32L4xx_HAL_Driver/Src/stm32l4xx_hal_spi.c ****   {
 3104              		.loc 1 1827 6 view .LVU1080
 3105 0044 042C     		cmp	r4, #4
 3106 0046 02D0     		beq	.L224
1829:Drivers/STM32L4xx_HAL_Driver/Src/stm32l4xx_hal_spi.c ****   }
 3107              		.loc 1 1829 5 is_stmt 1 view .LVU1081
1829:Drivers/STM32L4xx_HAL_Driver/Src/stm32l4xx_hal_spi.c ****   }
 3108              		.loc 1 1829 17 is_stmt 0 view .LVU1082
 3109 0048 0524     		movs	r4, #5
 3110 004a 80F85D40 		strb	r4, [r0, #93]
 3111              	.L224:
1833:Drivers/STM32L4xx_HAL_Driver/Src/stm32l4xx_hal_spi.c ****   hspi->pTxBuffPtr  = (uint8_t *)pTxData;
 3112              		.loc 1 1833 3 is_stmt 1 view .LVU1083
1833:Drivers/STM32L4xx_HAL_Driver/Src/stm32l4xx_hal_spi.c ****   hspi->pTxBuffPtr  = (uint8_t *)pTxData;
 3113              		.loc 1 1833 21 is_stmt 0 view .LVU1084
 3114 004e 0024     		movs	r4, #0
 3115 0050 0466     		str	r4, [r0, #96]
1834:Drivers/STM32L4xx_HAL_Driver/Src/stm32l4xx_hal_spi.c ****   hspi->TxXferSize  = Size;
 3116              		.loc 1 1834 3 is_stmt 1 view .LVU1085
1834:Drivers/STM32L4xx_HAL_Driver/Src/stm32l4xx_hal_spi.c ****   hspi->TxXferSize  = Size;
 3117              		.loc 1 1834 21 is_stmt 0 view .LVU1086
 3118 0052 8163     		str	r1, [r0, #56]
1835:Drivers/STM32L4xx_HAL_Driver/Src/stm32l4xx_hal_spi.c ****   hspi->TxXferCount = Size;
 3119              		.loc 1 1835 3 is_stmt 1 view .LVU1087
1835:Drivers/STM32L4xx_HAL_Driver/Src/stm32l4xx_hal_spi.c ****   hspi->TxXferCount = Size;
 3120              		.loc 1 1835 21 is_stmt 0 view .LVU1088
 3121 0054 8387     		strh	r3, [r0, #60]	@ movhi
1836:Drivers/STM32L4xx_HAL_Driver/Src/stm32l4xx_hal_spi.c ****   hspi->pRxBuffPtr  = (uint8_t *)pRxData;
 3122              		.loc 1 1836 3 is_stmt 1 view .LVU1089
1836:Drivers/STM32L4xx_HAL_Driver/Src/stm32l4xx_hal_spi.c ****   hspi->pRxBuffPtr  = (uint8_t *)pRxData;
 3123              		.loc 1 1836 21 is_stmt 0 view .LVU1090
 3124 0056 C387     		strh	r3, [r0, #62]	@ movhi
1837:Drivers/STM32L4xx_HAL_Driver/Src/stm32l4xx_hal_spi.c ****   hspi->RxXferSize  = Size;
 3125              		.loc 1 1837 3 is_stmt 1 view .LVU1091
1837:Drivers/STM32L4xx_HAL_Driver/Src/stm32l4xx_hal_spi.c ****   hspi->RxXferSize  = Size;
 3126              		.loc 1 1837 21 is_stmt 0 view .LVU1092
 3127 0058 0264     		str	r2, [r0, #64]
1838:Drivers/STM32L4xx_HAL_Driver/Src/stm32l4xx_hal_spi.c ****   hspi->RxXferCount = Size;
 3128              		.loc 1 1838 3 is_stmt 1 view .LVU1093
1838:Drivers/STM32L4xx_HAL_Driver/Src/stm32l4xx_hal_spi.c ****   hspi->RxXferCount = Size;
 3129              		.loc 1 1838 21 is_stmt 0 view .LVU1094
 3130 005a A0F84430 		strh	r3, [r0, #68]	@ movhi
1839:Drivers/STM32L4xx_HAL_Driver/Src/stm32l4xx_hal_spi.c **** 
 3131              		.loc 1 1839 3 is_stmt 1 view .LVU1095
1839:Drivers/STM32L4xx_HAL_Driver/Src/stm32l4xx_hal_spi.c **** 
 3132              		.loc 1 1839 21 is_stmt 0 view .LVU1096
 3133 005e A0F84630 		strh	r3, [r0, #70]	@ movhi
1842:Drivers/STM32L4xx_HAL_Driver/Src/stm32l4xx_hal_spi.c ****   {
 3134              		.loc 1 1842 3 is_stmt 1 view .LVU1097
ARM GAS  /tmp/ccEksN7Z.s 			page 150


1842:Drivers/STM32L4xx_HAL_Driver/Src/stm32l4xx_hal_spi.c ****   {
 3135              		.loc 1 1842 17 is_stmt 0 view .LVU1098
 3136 0062 C268     		ldr	r2, [r0, #12]
 3137              	.LVL185:
1842:Drivers/STM32L4xx_HAL_Driver/Src/stm32l4xx_hal_spi.c ****   {
 3138              		.loc 1 1842 6 view .LVU1099
 3139 0064 B2F5E06F 		cmp	r2, #1792
 3140 0068 20D9     		bls	.L225
1844:Drivers/STM32L4xx_HAL_Driver/Src/stm32l4xx_hal_spi.c ****     hspi->TxISR     = SPI_2linesTxISR_16BIT;
 3141              		.loc 1 1844 5 is_stmt 1 view .LVU1100
1844:Drivers/STM32L4xx_HAL_Driver/Src/stm32l4xx_hal_spi.c ****     hspi->TxISR     = SPI_2linesTxISR_16BIT;
 3142              		.loc 1 1844 21 is_stmt 0 view .LVU1101
 3143 006a 1E49     		ldr	r1, .L239
 3144              	.LVL186:
1844:Drivers/STM32L4xx_HAL_Driver/Src/stm32l4xx_hal_spi.c ****     hspi->TxISR     = SPI_2linesTxISR_16BIT;
 3145              		.loc 1 1844 21 view .LVU1102
 3146 006c C164     		str	r1, [r0, #76]
1845:Drivers/STM32L4xx_HAL_Driver/Src/stm32l4xx_hal_spi.c ****   }
 3147              		.loc 1 1845 5 is_stmt 1 view .LVU1103
1845:Drivers/STM32L4xx_HAL_Driver/Src/stm32l4xx_hal_spi.c ****   }
 3148              		.loc 1 1845 21 is_stmt 0 view .LVU1104
 3149 006e 1E49     		ldr	r1, .L239+4
 3150 0070 0165     		str	r1, [r0, #80]
 3151              	.L226:
1871:Drivers/STM32L4xx_HAL_Driver/Src/stm32l4xx_hal_spi.c ****   {
 3152              		.loc 1 1871 3 is_stmt 1 view .LVU1105
1871:Drivers/STM32L4xx_HAL_Driver/Src/stm32l4xx_hal_spi.c ****   {
 3153              		.loc 1 1871 6 is_stmt 0 view .LVU1106
 3154 0072 B2F5E06F 		cmp	r2, #1792
 3155 0076 01D8     		bhi	.L227
1871:Drivers/STM32L4xx_HAL_Driver/Src/stm32l4xx_hal_spi.c ****   {
 3156              		.loc 1 1871 49 discriminator 1 view .LVU1107
 3157 0078 012B     		cmp	r3, #1
 3158 007a 1CD9     		bls	.L228
 3159              	.L227:
1874:Drivers/STM32L4xx_HAL_Driver/Src/stm32l4xx_hal_spi.c ****   }
 3160              		.loc 1 1874 5 is_stmt 1 view .LVU1108
 3161 007c 0268     		ldr	r2, [r0]
 3162 007e 5368     		ldr	r3, [r2, #4]
 3163              	.LVL187:
1874:Drivers/STM32L4xx_HAL_Driver/Src/stm32l4xx_hal_spi.c ****   }
 3164              		.loc 1 1874 5 is_stmt 0 view .LVU1109
 3165 0080 23F48053 		bic	r3, r3, #4096
 3166 0084 5360     		str	r3, [r2, #4]
 3167              	.LVL188:
 3168              	.L229:
1884:Drivers/STM32L4xx_HAL_Driver/Src/stm32l4xx_hal_spi.c ****   {
 3169              		.loc 1 1884 3 is_stmt 1 view .LVU1110
1884:Drivers/STM32L4xx_HAL_Driver/Src/stm32l4xx_hal_spi.c ****   {
 3170              		.loc 1 1884 12 is_stmt 0 view .LVU1111
 3171 0086 0368     		ldr	r3, [r0]
1884:Drivers/STM32L4xx_HAL_Driver/Src/stm32l4xx_hal_spi.c ****   {
 3172              		.loc 1 1884 22 view .LVU1112
 3173 0088 1A68     		ldr	r2, [r3]
1884:Drivers/STM32L4xx_HAL_Driver/Src/stm32l4xx_hal_spi.c ****   {
 3174              		.loc 1 1884 6 view .LVU1113
 3175 008a 12F0400F 		tst	r2, #64
ARM GAS  /tmp/ccEksN7Z.s 			page 151


 3176 008e 03D1     		bne	.L230
1887:Drivers/STM32L4xx_HAL_Driver/Src/stm32l4xx_hal_spi.c ****   }
 3177              		.loc 1 1887 5 is_stmt 1 view .LVU1114
 3178 0090 1A68     		ldr	r2, [r3]
 3179 0092 42F04002 		orr	r2, r2, #64
 3180 0096 1A60     		str	r2, [r3]
 3181              	.L230:
1891:Drivers/STM32L4xx_HAL_Driver/Src/stm32l4xx_hal_spi.c ****   /* Enable TXE, RXNE and ERR interrupt */
 3182              		.loc 1 1891 3 view .LVU1115
1891:Drivers/STM32L4xx_HAL_Driver/Src/stm32l4xx_hal_spi.c ****   /* Enable TXE, RXNE and ERR interrupt */
 3183              		.loc 1 1891 3 view .LVU1116
 3184 0098 0023     		movs	r3, #0
 3185 009a 80F85C30 		strb	r3, [r0, #92]
1891:Drivers/STM32L4xx_HAL_Driver/Src/stm32l4xx_hal_spi.c ****   /* Enable TXE, RXNE and ERR interrupt */
 3186              		.loc 1 1891 3 view .LVU1117
1893:Drivers/STM32L4xx_HAL_Driver/Src/stm32l4xx_hal_spi.c **** 
 3187              		.loc 1 1893 3 view .LVU1118
 3188 009e 0168     		ldr	r1, [r0]
 3189 00a0 4A68     		ldr	r2, [r1, #4]
 3190 00a2 42F0E002 		orr	r2, r2, #224
 3191 00a6 4A60     		str	r2, [r1, #4]
1801:Drivers/STM32L4xx_HAL_Driver/Src/stm32l4xx_hal_spi.c **** 
 3192              		.loc 1 1801 24 is_stmt 0 view .LVU1119
 3193 00a8 1846     		mov	r0, r3
 3194              	.LVL189:
1801:Drivers/STM32L4xx_HAL_Driver/Src/stm32l4xx_hal_spi.c **** 
 3195              		.loc 1 1801 24 view .LVU1120
 3196 00aa 0BE0     		b	.L223
 3197              	.LVL190:
 3198              	.L225:
1849:Drivers/STM32L4xx_HAL_Driver/Src/stm32l4xx_hal_spi.c ****     hspi->TxISR     = SPI_2linesTxISR_8BIT;
 3199              		.loc 1 1849 5 is_stmt 1 view .LVU1121
1849:Drivers/STM32L4xx_HAL_Driver/Src/stm32l4xx_hal_spi.c ****     hspi->TxISR     = SPI_2linesTxISR_8BIT;
 3200              		.loc 1 1849 21 is_stmt 0 view .LVU1122
 3201 00ac 0F49     		ldr	r1, .L239+8
 3202              	.LVL191:
1849:Drivers/STM32L4xx_HAL_Driver/Src/stm32l4xx_hal_spi.c ****     hspi->TxISR     = SPI_2linesTxISR_8BIT;
 3203              		.loc 1 1849 21 view .LVU1123
 3204 00ae C164     		str	r1, [r0, #76]
1850:Drivers/STM32L4xx_HAL_Driver/Src/stm32l4xx_hal_spi.c ****   }
 3205              		.loc 1 1850 5 is_stmt 1 view .LVU1124
1850:Drivers/STM32L4xx_HAL_Driver/Src/stm32l4xx_hal_spi.c ****   }
 3206              		.loc 1 1850 21 is_stmt 0 view .LVU1125
 3207 00b0 0F49     		ldr	r1, .L239+12
 3208 00b2 0165     		str	r1, [r0, #80]
 3209 00b4 DDE7     		b	.L226
 3210              	.L228:
1879:Drivers/STM32L4xx_HAL_Driver/Src/stm32l4xx_hal_spi.c ****   }
 3211              		.loc 1 1879 5 is_stmt 1 view .LVU1126
 3212 00b6 0268     		ldr	r2, [r0]
 3213 00b8 5368     		ldr	r3, [r2, #4]
 3214              	.LVL192:
1879:Drivers/STM32L4xx_HAL_Driver/Src/stm32l4xx_hal_spi.c ****   }
 3215              		.loc 1 1879 5 is_stmt 0 view .LVU1127
 3216 00ba 43F48053 		orr	r3, r3, #4096
 3217 00be 5360     		str	r3, [r2, #4]
 3218              	.LVL193:
ARM GAS  /tmp/ccEksN7Z.s 			page 152


1879:Drivers/STM32L4xx_HAL_Driver/Src/stm32l4xx_hal_spi.c ****   }
 3219              		.loc 1 1879 5 view .LVU1128
 3220 00c0 E1E7     		b	.L229
 3221              	.LVL194:
 3222              	.L231:
1813:Drivers/STM32L4xx_HAL_Driver/Src/stm32l4xx_hal_spi.c ****     goto error;
 3223              		.loc 1 1813 15 view .LVU1129
 3224 00c2 0220     		movs	r0, #2
 3225              	.LVL195:
 3226              	.L223:
1897:Drivers/STM32L4xx_HAL_Driver/Src/stm32l4xx_hal_spi.c **** 
 3227              		.loc 1 1897 1 view .LVU1130
 3228 00c4 5DF8044B 		ldr	r4, [sp], #4
 3229              		.cfi_remember_state
 3230              		.cfi_restore 4
 3231              		.cfi_def_cfa_offset 0
 3232 00c8 7047     		bx	lr
 3233              	.LVL196:
 3234              	.L232:
 3235              		.cfi_restore_state
1813:Drivers/STM32L4xx_HAL_Driver/Src/stm32l4xx_hal_spi.c ****     goto error;
 3236              		.loc 1 1813 15 view .LVU1131
 3237 00ca 0220     		movs	r0, #2
 3238              	.LVL197:
1813:Drivers/STM32L4xx_HAL_Driver/Src/stm32l4xx_hal_spi.c ****     goto error;
 3239              		.loc 1 1813 15 view .LVU1132
 3240 00cc FAE7     		b	.L223
 3241              	.LVL198:
 3242              	.L233:
1813:Drivers/STM32L4xx_HAL_Driver/Src/stm32l4xx_hal_spi.c ****     goto error;
 3243              		.loc 1 1813 15 view .LVU1133
 3244 00ce 0220     		movs	r0, #2
 3245              	.LVL199:
1813:Drivers/STM32L4xx_HAL_Driver/Src/stm32l4xx_hal_spi.c ****     goto error;
 3246              		.loc 1 1813 15 view .LVU1134
 3247 00d0 F8E7     		b	.L223
 3248              	.LVL200:
 3249              	.L234:
1819:Drivers/STM32L4xx_HAL_Driver/Src/stm32l4xx_hal_spi.c ****     goto error;
 3250              		.loc 1 1819 15 view .LVU1135
 3251 00d2 0120     		movs	r0, #1
 3252              	.LVL201:
1819:Drivers/STM32L4xx_HAL_Driver/Src/stm32l4xx_hal_spi.c ****     goto error;
 3253              		.loc 1 1819 15 view .LVU1136
 3254 00d4 F6E7     		b	.L223
 3255              	.LVL202:
 3256              	.L235:
1819:Drivers/STM32L4xx_HAL_Driver/Src/stm32l4xx_hal_spi.c ****     goto error;
 3257              		.loc 1 1819 15 view .LVU1137
 3258 00d6 0120     		movs	r0, #1
 3259              	.LVL203:
1819:Drivers/STM32L4xx_HAL_Driver/Src/stm32l4xx_hal_spi.c ****     goto error;
 3260              		.loc 1 1819 15 view .LVU1138
 3261 00d8 F4E7     		b	.L223
 3262              	.LVL204:
 3263              	.L236:
1819:Drivers/STM32L4xx_HAL_Driver/Src/stm32l4xx_hal_spi.c ****     goto error;
ARM GAS  /tmp/ccEksN7Z.s 			page 153


 3264              		.loc 1 1819 15 view .LVU1139
 3265 00da 0120     		movs	r0, #1
 3266              	.LVL205:
1819:Drivers/STM32L4xx_HAL_Driver/Src/stm32l4xx_hal_spi.c ****     goto error;
 3267              		.loc 1 1819 15 view .LVU1140
 3268 00dc F2E7     		b	.L223
 3269              	.LVL206:
 3270              	.L237:
1824:Drivers/STM32L4xx_HAL_Driver/Src/stm32l4xx_hal_spi.c **** 
 3271              		.loc 1 1824 3 discriminator 1 view .LVU1141
 3272 00de 0220     		movs	r0, #2
 3273              	.LVL207:
1824:Drivers/STM32L4xx_HAL_Driver/Src/stm32l4xx_hal_spi.c **** 
 3274              		.loc 1 1824 3 discriminator 1 view .LVU1142
 3275 00e0 F0E7     		b	.L223
 3276              	.L240:
 3277 00e2 00BF     		.align	2
 3278              	.L239:
 3279 00e4 00000000 		.word	SPI_2linesRxISR_16BIT
 3280 00e8 00000000 		.word	SPI_2linesTxISR_16BIT
 3281 00ec 00000000 		.word	SPI_2linesRxISR_8BIT
 3282 00f0 00000000 		.word	SPI_2linesTxISR_8BIT
 3283              		.cfi_endproc
 3284              	.LFE297:
 3286              		.section	.text.HAL_SPI_Receive_IT,"ax",%progbits
 3287              		.align	1
 3288              		.global	HAL_SPI_Receive_IT
 3289              		.syntax unified
 3290              		.thumb
 3291              		.thumb_func
 3293              	HAL_SPI_Receive_IT:
 3294              	.LVL208:
 3295              	.LFB296:
1689:Drivers/STM32L4xx_HAL_Driver/Src/stm32l4xx_hal_spi.c ****   HAL_StatusTypeDef errorcode = HAL_OK;
 3296              		.loc 1 1689 1 is_stmt 1 view -0
 3297              		.cfi_startproc
 3298              		@ args = 0, pretend = 0, frame = 0
 3299              		@ frame_needed = 0, uses_anonymous_args = 0
1689:Drivers/STM32L4xx_HAL_Driver/Src/stm32l4xx_hal_spi.c ****   HAL_StatusTypeDef errorcode = HAL_OK;
 3300              		.loc 1 1689 1 is_stmt 0 view .LVU1144
 3301 0000 8446     		mov	ip, r0
1690:Drivers/STM32L4xx_HAL_Driver/Src/stm32l4xx_hal_spi.c **** 
 3302              		.loc 1 1690 3 is_stmt 1 view .LVU1145
 3303              	.LVL209:
1693:Drivers/STM32L4xx_HAL_Driver/Src/stm32l4xx_hal_spi.c ****   {
 3304              		.loc 1 1693 3 view .LVU1146
1693:Drivers/STM32L4xx_HAL_Driver/Src/stm32l4xx_hal_spi.c ****   {
 3305              		.loc 1 1693 11 is_stmt 0 view .LVU1147
 3306 0002 90F85D00 		ldrb	r0, [r0, #93]	@ zero_extendqisi2
 3307              	.LVL210:
1693:Drivers/STM32L4xx_HAL_Driver/Src/stm32l4xx_hal_spi.c ****   {
 3308              		.loc 1 1693 11 view .LVU1148
 3309 0006 C0B2     		uxtb	r0, r0
1693:Drivers/STM32L4xx_HAL_Driver/Src/stm32l4xx_hal_spi.c ****   {
 3310              		.loc 1 1693 6 view .LVU1149
 3311 0008 0128     		cmp	r0, #1
 3312 000a 6ED1     		bne	.L248
ARM GAS  /tmp/ccEksN7Z.s 			page 154


1689:Drivers/STM32L4xx_HAL_Driver/Src/stm32l4xx_hal_spi.c ****   HAL_StatusTypeDef errorcode = HAL_OK;
 3313              		.loc 1 1689 1 view .LVU1150
 3314 000c 08B5     		push	{r3, lr}
 3315              		.cfi_def_cfa_offset 8
 3316              		.cfi_offset 3, -8
 3317              		.cfi_offset 14, -4
1699:Drivers/STM32L4xx_HAL_Driver/Src/stm32l4xx_hal_spi.c ****   {
 3318              		.loc 1 1699 3 is_stmt 1 view .LVU1151
1699:Drivers/STM32L4xx_HAL_Driver/Src/stm32l4xx_hal_spi.c ****   {
 3319              		.loc 1 1699 18 is_stmt 0 view .LVU1152
 3320 000e DCF80830 		ldr	r3, [ip, #8]
1699:Drivers/STM32L4xx_HAL_Driver/Src/stm32l4xx_hal_spi.c ****   {
 3321              		.loc 1 1699 6 view .LVU1153
 3322 0012 23B9     		cbnz	r3, .L243
1699:Drivers/STM32L4xx_HAL_Driver/Src/stm32l4xx_hal_spi.c ****   {
 3323              		.loc 1 1699 68 discriminator 1 view .LVU1154
 3324 0014 DCF80430 		ldr	r3, [ip, #4]
1699:Drivers/STM32L4xx_HAL_Driver/Src/stm32l4xx_hal_spi.c ****   {
 3325              		.loc 1 1699 54 discriminator 1 view .LVU1155
 3326 0018 B3F5827F 		cmp	r3, #260
 3327 001c 45D0     		beq	.L254
 3328              	.L243:
1707:Drivers/STM32L4xx_HAL_Driver/Src/stm32l4xx_hal_spi.c ****   {
 3329              		.loc 1 1707 3 is_stmt 1 view .LVU1156
1707:Drivers/STM32L4xx_HAL_Driver/Src/stm32l4xx_hal_spi.c ****   {
 3330              		.loc 1 1707 6 is_stmt 0 view .LVU1157
 3331 001e 0029     		cmp	r1, #0
 3332 0020 42D0     		beq	.L242
1707:Drivers/STM32L4xx_HAL_Driver/Src/stm32l4xx_hal_spi.c ****   {
 3333              		.loc 1 1707 23 discriminator 1 view .LVU1158
 3334 0022 002A     		cmp	r2, #0
 3335 0024 40D0     		beq	.L242
1714:Drivers/STM32L4xx_HAL_Driver/Src/stm32l4xx_hal_spi.c **** 
 3336              		.loc 1 1714 3 is_stmt 1 view .LVU1159
1714:Drivers/STM32L4xx_HAL_Driver/Src/stm32l4xx_hal_spi.c **** 
 3337              		.loc 1 1714 3 view .LVU1160
 3338 0026 9CF85C30 		ldrb	r3, [ip, #92]	@ zero_extendqisi2
 3339 002a 012B     		cmp	r3, #1
 3340 002c 5FD0     		beq	.L249
1714:Drivers/STM32L4xx_HAL_Driver/Src/stm32l4xx_hal_spi.c **** 
 3341              		.loc 1 1714 3 discriminator 2 view .LVU1161
 3342 002e 0123     		movs	r3, #1
 3343 0030 8CF85C30 		strb	r3, [ip, #92]
1714:Drivers/STM32L4xx_HAL_Driver/Src/stm32l4xx_hal_spi.c **** 
 3344              		.loc 1 1714 3 discriminator 2 view .LVU1162
1717:Drivers/STM32L4xx_HAL_Driver/Src/stm32l4xx_hal_spi.c ****   hspi->ErrorCode   = HAL_SPI_ERROR_NONE;
 3345              		.loc 1 1717 3 view .LVU1163
1717:Drivers/STM32L4xx_HAL_Driver/Src/stm32l4xx_hal_spi.c ****   hspi->ErrorCode   = HAL_SPI_ERROR_NONE;
 3346              		.loc 1 1717 21 is_stmt 0 view .LVU1164
 3347 0034 0423     		movs	r3, #4
 3348 0036 8CF85D30 		strb	r3, [ip, #93]
1718:Drivers/STM32L4xx_HAL_Driver/Src/stm32l4xx_hal_spi.c ****   hspi->pRxBuffPtr  = (uint8_t *)pData;
 3349              		.loc 1 1718 3 is_stmt 1 view .LVU1165
1718:Drivers/STM32L4xx_HAL_Driver/Src/stm32l4xx_hal_spi.c ****   hspi->pRxBuffPtr  = (uint8_t *)pData;
 3350              		.loc 1 1718 21 is_stmt 0 view .LVU1166
 3351 003a 0023     		movs	r3, #0
 3352 003c CCF86030 		str	r3, [ip, #96]
ARM GAS  /tmp/ccEksN7Z.s 			page 155


1719:Drivers/STM32L4xx_HAL_Driver/Src/stm32l4xx_hal_spi.c ****   hspi->RxXferSize  = Size;
 3353              		.loc 1 1719 3 is_stmt 1 view .LVU1167
1719:Drivers/STM32L4xx_HAL_Driver/Src/stm32l4xx_hal_spi.c ****   hspi->RxXferSize  = Size;
 3354              		.loc 1 1719 21 is_stmt 0 view .LVU1168
 3355 0040 CCF84010 		str	r1, [ip, #64]
1720:Drivers/STM32L4xx_HAL_Driver/Src/stm32l4xx_hal_spi.c ****   hspi->RxXferCount = Size;
 3356              		.loc 1 1720 3 is_stmt 1 view .LVU1169
1720:Drivers/STM32L4xx_HAL_Driver/Src/stm32l4xx_hal_spi.c ****   hspi->RxXferCount = Size;
 3357              		.loc 1 1720 21 is_stmt 0 view .LVU1170
 3358 0044 ACF84420 		strh	r2, [ip, #68]	@ movhi
1721:Drivers/STM32L4xx_HAL_Driver/Src/stm32l4xx_hal_spi.c **** 
 3359              		.loc 1 1721 3 is_stmt 1 view .LVU1171
1721:Drivers/STM32L4xx_HAL_Driver/Src/stm32l4xx_hal_spi.c **** 
 3360              		.loc 1 1721 21 is_stmt 0 view .LVU1172
 3361 0048 ACF84620 		strh	r2, [ip, #70]	@ movhi
1724:Drivers/STM32L4xx_HAL_Driver/Src/stm32l4xx_hal_spi.c ****   hspi->TxXferSize  = 0U;
 3362              		.loc 1 1724 3 is_stmt 1 view .LVU1173
1724:Drivers/STM32L4xx_HAL_Driver/Src/stm32l4xx_hal_spi.c ****   hspi->TxXferSize  = 0U;
 3363              		.loc 1 1724 21 is_stmt 0 view .LVU1174
 3364 004c CCF83830 		str	r3, [ip, #56]
1725:Drivers/STM32L4xx_HAL_Driver/Src/stm32l4xx_hal_spi.c ****   hspi->TxXferCount = 0U;
 3365              		.loc 1 1725 3 is_stmt 1 view .LVU1175
1725:Drivers/STM32L4xx_HAL_Driver/Src/stm32l4xx_hal_spi.c ****   hspi->TxXferCount = 0U;
 3366              		.loc 1 1725 21 is_stmt 0 view .LVU1176
 3367 0050 ACF83C30 		strh	r3, [ip, #60]	@ movhi
1726:Drivers/STM32L4xx_HAL_Driver/Src/stm32l4xx_hal_spi.c ****   hspi->TxISR       = NULL;
 3368              		.loc 1 1726 3 is_stmt 1 view .LVU1177
1726:Drivers/STM32L4xx_HAL_Driver/Src/stm32l4xx_hal_spi.c ****   hspi->TxISR       = NULL;
 3369              		.loc 1 1726 21 is_stmt 0 view .LVU1178
 3370 0054 ACF83E30 		strh	r3, [ip, #62]	@ movhi
1727:Drivers/STM32L4xx_HAL_Driver/Src/stm32l4xx_hal_spi.c **** 
 3371              		.loc 1 1727 3 is_stmt 1 view .LVU1179
1727:Drivers/STM32L4xx_HAL_Driver/Src/stm32l4xx_hal_spi.c **** 
 3372              		.loc 1 1727 21 is_stmt 0 view .LVU1180
 3373 0058 CCF85030 		str	r3, [ip, #80]
1730:Drivers/STM32L4xx_HAL_Driver/Src/stm32l4xx_hal_spi.c ****   {
 3374              		.loc 1 1730 3 is_stmt 1 view .LVU1181
1730:Drivers/STM32L4xx_HAL_Driver/Src/stm32l4xx_hal_spi.c ****   {
 3375              		.loc 1 1730 17 is_stmt 0 view .LVU1182
 3376 005c DCF80C30 		ldr	r3, [ip, #12]
1730:Drivers/STM32L4xx_HAL_Driver/Src/stm32l4xx_hal_spi.c ****   {
 3377              		.loc 1 1730 6 view .LVU1183
 3378 0060 B3F5E06F 		cmp	r3, #1792
 3379 0064 2AD9     		bls	.L244
1733:Drivers/STM32L4xx_HAL_Driver/Src/stm32l4xx_hal_spi.c ****     hspi->RxISR = SPI_RxISR_16BIT;
 3380              		.loc 1 1733 5 is_stmt 1 view .LVU1184
 3381 0066 DCF80020 		ldr	r2, [ip]
 3382              	.LVL211:
1733:Drivers/STM32L4xx_HAL_Driver/Src/stm32l4xx_hal_spi.c ****     hspi->RxISR = SPI_RxISR_16BIT;
 3383              		.loc 1 1733 5 is_stmt 0 view .LVU1185
 3384 006a 5368     		ldr	r3, [r2, #4]
 3385 006c 23F48053 		bic	r3, r3, #4096
 3386 0070 5360     		str	r3, [r2, #4]
 3387              	.LVL212:
1734:Drivers/STM32L4xx_HAL_Driver/Src/stm32l4xx_hal_spi.c ****   }
 3388              		.loc 1 1734 5 is_stmt 1 view .LVU1186
1734:Drivers/STM32L4xx_HAL_Driver/Src/stm32l4xx_hal_spi.c ****   }
ARM GAS  /tmp/ccEksN7Z.s 			page 156


 3389              		.loc 1 1734 17 is_stmt 0 view .LVU1187
 3390 0072 204B     		ldr	r3, .L256
 3391 0074 CCF84C30 		str	r3, [ip, #76]
 3392              	.L245:
1744:Drivers/STM32L4xx_HAL_Driver/Src/stm32l4xx_hal_spi.c ****   {
 3393              		.loc 1 1744 3 is_stmt 1 view .LVU1188
1744:Drivers/STM32L4xx_HAL_Driver/Src/stm32l4xx_hal_spi.c ****   {
 3394              		.loc 1 1744 17 is_stmt 0 view .LVU1189
 3395 0078 DCF80830 		ldr	r3, [ip, #8]
1744:Drivers/STM32L4xx_HAL_Driver/Src/stm32l4xx_hal_spi.c ****   {
 3396              		.loc 1 1744 6 view .LVU1190
 3397 007c B3F5004F 		cmp	r3, #32768
 3398 0080 26D0     		beq	.L255
 3399              	.L246:
1773:Drivers/STM32L4xx_HAL_Driver/Src/stm32l4xx_hal_spi.c ****   {
 3400              		.loc 1 1773 3 is_stmt 1 view .LVU1191
1773:Drivers/STM32L4xx_HAL_Driver/Src/stm32l4xx_hal_spi.c ****   {
 3401              		.loc 1 1773 12 is_stmt 0 view .LVU1192
 3402 0082 DCF80030 		ldr	r3, [ip]
1773:Drivers/STM32L4xx_HAL_Driver/Src/stm32l4xx_hal_spi.c ****   {
 3403              		.loc 1 1773 22 view .LVU1193
 3404 0086 1A68     		ldr	r2, [r3]
1773:Drivers/STM32L4xx_HAL_Driver/Src/stm32l4xx_hal_spi.c ****   {
 3405              		.loc 1 1773 6 view .LVU1194
 3406 0088 12F0400F 		tst	r2, #64
 3407 008c 03D1     		bne	.L247
1776:Drivers/STM32L4xx_HAL_Driver/Src/stm32l4xx_hal_spi.c ****   }
 3408              		.loc 1 1776 5 is_stmt 1 view .LVU1195
 3409 008e 1A68     		ldr	r2, [r3]
 3410 0090 42F04002 		orr	r2, r2, #64
 3411 0094 1A60     		str	r2, [r3]
 3412              	.L247:
1780:Drivers/STM32L4xx_HAL_Driver/Src/stm32l4xx_hal_spi.c ****   /* Enable RXNE and ERR interrupt */
 3413              		.loc 1 1780 3 view .LVU1196
1780:Drivers/STM32L4xx_HAL_Driver/Src/stm32l4xx_hal_spi.c ****   /* Enable RXNE and ERR interrupt */
 3414              		.loc 1 1780 3 view .LVU1197
 3415 0096 0020     		movs	r0, #0
 3416 0098 8CF85C00 		strb	r0, [ip, #92]
1780:Drivers/STM32L4xx_HAL_Driver/Src/stm32l4xx_hal_spi.c ****   /* Enable RXNE and ERR interrupt */
 3417              		.loc 1 1780 3 view .LVU1198
1782:Drivers/STM32L4xx_HAL_Driver/Src/stm32l4xx_hal_spi.c **** 
 3418              		.loc 1 1782 3 view .LVU1199
 3419 009c DCF80020 		ldr	r2, [ip]
 3420 00a0 5368     		ldr	r3, [r2, #4]
 3421 00a2 43F06003 		orr	r3, r3, #96
 3422 00a6 5360     		str	r3, [r2, #4]
 3423              	.LVL213:
 3424              	.L242:
1786:Drivers/STM32L4xx_HAL_Driver/Src/stm32l4xx_hal_spi.c **** 
 3425              		.loc 1 1786 1 is_stmt 0 view .LVU1200
 3426 00a8 08BD     		pop	{r3, pc}
 3427              	.LVL214:
 3428              	.L254:
1701:Drivers/STM32L4xx_HAL_Driver/Src/stm32l4xx_hal_spi.c ****     /* Call transmit-receive function to send Dummy data on Tx line and generate clock on CLK line 
 3429              		.loc 1 1701 5 is_stmt 1 view .LVU1201
1701:Drivers/STM32L4xx_HAL_Driver/Src/stm32l4xx_hal_spi.c ****     /* Call transmit-receive function to send Dummy data on Tx line and generate clock on CLK line 
 3430              		.loc 1 1701 17 is_stmt 0 view .LVU1202
ARM GAS  /tmp/ccEksN7Z.s 			page 157


 3431 00aa 0423     		movs	r3, #4
 3432 00ac 8CF85D30 		strb	r3, [ip, #93]
1703:Drivers/STM32L4xx_HAL_Driver/Src/stm32l4xx_hal_spi.c ****   }
 3433              		.loc 1 1703 5 is_stmt 1 view .LVU1203
1703:Drivers/STM32L4xx_HAL_Driver/Src/stm32l4xx_hal_spi.c ****   }
 3434              		.loc 1 1703 12 is_stmt 0 view .LVU1204
 3435 00b0 1346     		mov	r3, r2
 3436 00b2 0A46     		mov	r2, r1
 3437              	.LVL215:
1703:Drivers/STM32L4xx_HAL_Driver/Src/stm32l4xx_hal_spi.c ****   }
 3438              		.loc 1 1703 12 view .LVU1205
 3439 00b4 6046     		mov	r0, ip
 3440 00b6 FFF7FEFF 		bl	HAL_SPI_TransmitReceive_IT
 3441              	.LVL216:
1703:Drivers/STM32L4xx_HAL_Driver/Src/stm32l4xx_hal_spi.c ****   }
 3442              		.loc 1 1703 12 view .LVU1206
 3443 00ba F5E7     		b	.L242
 3444              	.LVL217:
 3445              	.L244:
1739:Drivers/STM32L4xx_HAL_Driver/Src/stm32l4xx_hal_spi.c ****     hspi->RxISR = SPI_RxISR_8BIT;
 3446              		.loc 1 1739 5 is_stmt 1 view .LVU1207
 3447 00bc DCF80020 		ldr	r2, [ip]
 3448              	.LVL218:
1739:Drivers/STM32L4xx_HAL_Driver/Src/stm32l4xx_hal_spi.c ****     hspi->RxISR = SPI_RxISR_8BIT;
 3449              		.loc 1 1739 5 is_stmt 0 view .LVU1208
 3450 00c0 5368     		ldr	r3, [r2, #4]
 3451 00c2 43F48053 		orr	r3, r3, #4096
 3452 00c6 5360     		str	r3, [r2, #4]
 3453              	.LVL219:
1740:Drivers/STM32L4xx_HAL_Driver/Src/stm32l4xx_hal_spi.c ****   }
 3454              		.loc 1 1740 5 is_stmt 1 view .LVU1209
1740:Drivers/STM32L4xx_HAL_Driver/Src/stm32l4xx_hal_spi.c ****   }
 3455              		.loc 1 1740 17 is_stmt 0 view .LVU1210
 3456 00c8 0B4B     		ldr	r3, .L256+4
 3457 00ca CCF84C30 		str	r3, [ip, #76]
 3458 00ce D3E7     		b	.L245
 3459              	.L255:
1747:Drivers/STM32L4xx_HAL_Driver/Src/stm32l4xx_hal_spi.c ****     SPI_1LINE_RX(hspi);
 3460              		.loc 1 1747 5 is_stmt 1 view .LVU1211
 3461 00d0 DCF80020 		ldr	r2, [ip]
 3462 00d4 1368     		ldr	r3, [r2]
 3463 00d6 23F04003 		bic	r3, r3, #64
 3464 00da 1360     		str	r3, [r2]
1748:Drivers/STM32L4xx_HAL_Driver/Src/stm32l4xx_hal_spi.c ****   }
 3465              		.loc 1 1748 5 view .LVU1212
 3466 00dc DCF80020 		ldr	r2, [ip]
 3467 00e0 1368     		ldr	r3, [r2]
 3468 00e2 23F48043 		bic	r3, r3, #16384
 3469 00e6 1360     		str	r3, [r2]
 3470 00e8 CBE7     		b	.L246
 3471              	.LVL220:
 3472              	.L248:
 3473              		.cfi_def_cfa_offset 0
 3474              		.cfi_restore 3
 3475              		.cfi_restore 14
1695:Drivers/STM32L4xx_HAL_Driver/Src/stm32l4xx_hal_spi.c ****     goto error;
 3476              		.loc 1 1695 15 is_stmt 0 view .LVU1213
ARM GAS  /tmp/ccEksN7Z.s 			page 158


 3477 00ea 0220     		movs	r0, #2
 3478              	.LVL221:
1786:Drivers/STM32L4xx_HAL_Driver/Src/stm32l4xx_hal_spi.c **** 
 3479              		.loc 1 1786 1 view .LVU1214
 3480 00ec 7047     		bx	lr
 3481              	.LVL222:
 3482              	.L249:
 3483              		.cfi_def_cfa_offset 8
 3484              		.cfi_offset 3, -8
 3485              		.cfi_offset 14, -4
1714:Drivers/STM32L4xx_HAL_Driver/Src/stm32l4xx_hal_spi.c **** 
 3486              		.loc 1 1714 3 discriminator 1 view .LVU1215
 3487 00ee 0220     		movs	r0, #2
 3488 00f0 DAE7     		b	.L242
 3489              	.L257:
 3490 00f2 00BF     		.align	2
 3491              	.L256:
 3492 00f4 00000000 		.word	SPI_RxISR_16BIT
 3493 00f8 00000000 		.word	SPI_RxISR_8BIT
 3494              		.cfi_endproc
 3495              	.LFE296:
 3497              		.section	.text.HAL_SPI_Transmit_DMA,"ax",%progbits
 3498              		.align	1
 3499              		.global	HAL_SPI_Transmit_DMA
 3500              		.syntax unified
 3501              		.thumb
 3502              		.thumb_func
 3504              	HAL_SPI_Transmit_DMA:
 3505              	.LVL223:
 3506              	.LFB298:
1908:Drivers/STM32L4xx_HAL_Driver/Src/stm32l4xx_hal_spi.c ****   HAL_StatusTypeDef errorcode = HAL_OK;
 3507              		.loc 1 1908 1 is_stmt 1 view -0
 3508              		.cfi_startproc
 3509              		@ args = 0, pretend = 0, frame = 0
 3510              		@ frame_needed = 0, uses_anonymous_args = 0
1908:Drivers/STM32L4xx_HAL_Driver/Src/stm32l4xx_hal_spi.c ****   HAL_StatusTypeDef errorcode = HAL_OK;
 3511              		.loc 1 1908 1 is_stmt 0 view .LVU1217
 3512 0000 38B5     		push	{r3, r4, r5, lr}
 3513              		.cfi_def_cfa_offset 16
 3514              		.cfi_offset 3, -16
 3515              		.cfi_offset 4, -12
 3516              		.cfi_offset 5, -8
 3517              		.cfi_offset 14, -4
1909:Drivers/STM32L4xx_HAL_Driver/Src/stm32l4xx_hal_spi.c **** 
 3518              		.loc 1 1909 3 is_stmt 1 view .LVU1218
 3519              	.LVL224:
1912:Drivers/STM32L4xx_HAL_Driver/Src/stm32l4xx_hal_spi.c **** 
 3520              		.loc 1 1912 3 view .LVU1219
1915:Drivers/STM32L4xx_HAL_Driver/Src/stm32l4xx_hal_spi.c **** 
 3521              		.loc 1 1915 3 view .LVU1220
1918:Drivers/STM32L4xx_HAL_Driver/Src/stm32l4xx_hal_spi.c **** 
 3522              		.loc 1 1918 3 view .LVU1221
1918:Drivers/STM32L4xx_HAL_Driver/Src/stm32l4xx_hal_spi.c **** 
 3523              		.loc 1 1918 3 view .LVU1222
 3524 0002 90F85C30 		ldrb	r3, [r0, #92]	@ zero_extendqisi2
 3525 0006 012B     		cmp	r3, #1
 3526 0008 00F08980 		beq	.L266
ARM GAS  /tmp/ccEksN7Z.s 			page 159


 3527 000c 0446     		mov	r4, r0
1918:Drivers/STM32L4xx_HAL_Driver/Src/stm32l4xx_hal_spi.c **** 
 3528              		.loc 1 1918 3 discriminator 2 view .LVU1223
 3529 000e 0123     		movs	r3, #1
 3530 0010 80F85C30 		strb	r3, [r0, #92]
1918:Drivers/STM32L4xx_HAL_Driver/Src/stm32l4xx_hal_spi.c **** 
 3531              		.loc 1 1918 3 discriminator 2 view .LVU1224
1920:Drivers/STM32L4xx_HAL_Driver/Src/stm32l4xx_hal_spi.c ****   {
 3532              		.loc 1 1920 3 view .LVU1225
1920:Drivers/STM32L4xx_HAL_Driver/Src/stm32l4xx_hal_spi.c ****   {
 3533              		.loc 1 1920 11 is_stmt 0 view .LVU1226
 3534 0014 90F85D50 		ldrb	r5, [r0, #93]	@ zero_extendqisi2
 3535 0018 EDB2     		uxtb	r5, r5
1920:Drivers/STM32L4xx_HAL_Driver/Src/stm32l4xx_hal_spi.c ****   {
 3536              		.loc 1 1920 6 view .LVU1227
 3537 001a 9D42     		cmp	r5, r3
 3538 001c 79D1     		bne	.L267
1926:Drivers/STM32L4xx_HAL_Driver/Src/stm32l4xx_hal_spi.c ****   {
 3539              		.loc 1 1926 3 is_stmt 1 view .LVU1228
1926:Drivers/STM32L4xx_HAL_Driver/Src/stm32l4xx_hal_spi.c ****   {
 3540              		.loc 1 1926 6 is_stmt 0 view .LVU1229
 3541 001e 0029     		cmp	r1, #0
 3542 0020 78D0     		beq	.L260
1926:Drivers/STM32L4xx_HAL_Driver/Src/stm32l4xx_hal_spi.c ****   {
 3543              		.loc 1 1926 23 discriminator 1 view .LVU1230
 3544 0022 002A     		cmp	r2, #0
 3545 0024 76D0     		beq	.L260
1933:Drivers/STM32L4xx_HAL_Driver/Src/stm32l4xx_hal_spi.c ****   hspi->ErrorCode   = HAL_SPI_ERROR_NONE;
 3546              		.loc 1 1933 3 is_stmt 1 view .LVU1231
1933:Drivers/STM32L4xx_HAL_Driver/Src/stm32l4xx_hal_spi.c ****   hspi->ErrorCode   = HAL_SPI_ERROR_NONE;
 3547              		.loc 1 1933 21 is_stmt 0 view .LVU1232
 3548 0026 0323     		movs	r3, #3
 3549 0028 80F85D30 		strb	r3, [r0, #93]
1934:Drivers/STM32L4xx_HAL_Driver/Src/stm32l4xx_hal_spi.c ****   hspi->pTxBuffPtr  = (uint8_t *)pData;
 3550              		.loc 1 1934 3 is_stmt 1 view .LVU1233
1934:Drivers/STM32L4xx_HAL_Driver/Src/stm32l4xx_hal_spi.c ****   hspi->pTxBuffPtr  = (uint8_t *)pData;
 3551              		.loc 1 1934 21 is_stmt 0 view .LVU1234
 3552 002c 0023     		movs	r3, #0
 3553 002e 0366     		str	r3, [r0, #96]
1935:Drivers/STM32L4xx_HAL_Driver/Src/stm32l4xx_hal_spi.c ****   hspi->TxXferSize  = Size;
 3554              		.loc 1 1935 3 is_stmt 1 view .LVU1235
1935:Drivers/STM32L4xx_HAL_Driver/Src/stm32l4xx_hal_spi.c ****   hspi->TxXferSize  = Size;
 3555              		.loc 1 1935 21 is_stmt 0 view .LVU1236
 3556 0030 8163     		str	r1, [r0, #56]
1936:Drivers/STM32L4xx_HAL_Driver/Src/stm32l4xx_hal_spi.c ****   hspi->TxXferCount = Size;
 3557              		.loc 1 1936 3 is_stmt 1 view .LVU1237
1936:Drivers/STM32L4xx_HAL_Driver/Src/stm32l4xx_hal_spi.c ****   hspi->TxXferCount = Size;
 3558              		.loc 1 1936 21 is_stmt 0 view .LVU1238
 3559 0032 8287     		strh	r2, [r0, #60]	@ movhi
1937:Drivers/STM32L4xx_HAL_Driver/Src/stm32l4xx_hal_spi.c **** 
 3560              		.loc 1 1937 3 is_stmt 1 view .LVU1239
1937:Drivers/STM32L4xx_HAL_Driver/Src/stm32l4xx_hal_spi.c **** 
 3561              		.loc 1 1937 21 is_stmt 0 view .LVU1240
 3562 0034 C287     		strh	r2, [r0, #62]	@ movhi
1940:Drivers/STM32L4xx_HAL_Driver/Src/stm32l4xx_hal_spi.c ****   hspi->TxISR       = NULL;
 3563              		.loc 1 1940 3 is_stmt 1 view .LVU1241
1940:Drivers/STM32L4xx_HAL_Driver/Src/stm32l4xx_hal_spi.c ****   hspi->TxISR       = NULL;
ARM GAS  /tmp/ccEksN7Z.s 			page 160


 3564              		.loc 1 1940 21 is_stmt 0 view .LVU1242
 3565 0036 0364     		str	r3, [r0, #64]
1941:Drivers/STM32L4xx_HAL_Driver/Src/stm32l4xx_hal_spi.c ****   hspi->RxISR       = NULL;
 3566              		.loc 1 1941 3 is_stmt 1 view .LVU1243
1941:Drivers/STM32L4xx_HAL_Driver/Src/stm32l4xx_hal_spi.c ****   hspi->RxISR       = NULL;
 3567              		.loc 1 1941 21 is_stmt 0 view .LVU1244
 3568 0038 0365     		str	r3, [r0, #80]
1942:Drivers/STM32L4xx_HAL_Driver/Src/stm32l4xx_hal_spi.c ****   hspi->RxXferSize  = 0U;
 3569              		.loc 1 1942 3 is_stmt 1 view .LVU1245
1942:Drivers/STM32L4xx_HAL_Driver/Src/stm32l4xx_hal_spi.c ****   hspi->RxXferSize  = 0U;
 3570              		.loc 1 1942 21 is_stmt 0 view .LVU1246
 3571 003a C364     		str	r3, [r0, #76]
1943:Drivers/STM32L4xx_HAL_Driver/Src/stm32l4xx_hal_spi.c ****   hspi->RxXferCount = 0U;
 3572              		.loc 1 1943 3 is_stmt 1 view .LVU1247
1943:Drivers/STM32L4xx_HAL_Driver/Src/stm32l4xx_hal_spi.c ****   hspi->RxXferCount = 0U;
 3573              		.loc 1 1943 21 is_stmt 0 view .LVU1248
 3574 003c A0F84430 		strh	r3, [r0, #68]	@ movhi
1944:Drivers/STM32L4xx_HAL_Driver/Src/stm32l4xx_hal_spi.c **** 
 3575              		.loc 1 1944 3 is_stmt 1 view .LVU1249
1944:Drivers/STM32L4xx_HAL_Driver/Src/stm32l4xx_hal_spi.c **** 
 3576              		.loc 1 1944 21 is_stmt 0 view .LVU1250
 3577 0040 A0F84630 		strh	r3, [r0, #70]	@ movhi
1947:Drivers/STM32L4xx_HAL_Driver/Src/stm32l4xx_hal_spi.c ****   {
 3578              		.loc 1 1947 3 is_stmt 1 view .LVU1251
1947:Drivers/STM32L4xx_HAL_Driver/Src/stm32l4xx_hal_spi.c ****   {
 3579              		.loc 1 1947 17 is_stmt 0 view .LVU1252
 3580 0044 8368     		ldr	r3, [r0, #8]
1947:Drivers/STM32L4xx_HAL_Driver/Src/stm32l4xx_hal_spi.c ****   {
 3581              		.loc 1 1947 6 view .LVU1253
 3582 0046 B3F5004F 		cmp	r3, #32768
 3583 004a 39D0     		beq	.L269
 3584              	.LVL225:
 3585              	.L261:
1963:Drivers/STM32L4xx_HAL_Driver/Src/stm32l4xx_hal_spi.c **** 
 3586              		.loc 1 1963 3 is_stmt 1 view .LVU1254
1963:Drivers/STM32L4xx_HAL_Driver/Src/stm32l4xx_hal_spi.c **** 
 3587              		.loc 1 1963 7 is_stmt 0 view .LVU1255
 3588 004c 636D     		ldr	r3, [r4, #84]
1963:Drivers/STM32L4xx_HAL_Driver/Src/stm32l4xx_hal_spi.c **** 
 3589              		.loc 1 1963 38 view .LVU1256
 3590 004e 354A     		ldr	r2, .L272
 3591 0050 1A63     		str	r2, [r3, #48]
1966:Drivers/STM32L4xx_HAL_Driver/Src/stm32l4xx_hal_spi.c **** 
 3592              		.loc 1 1966 3 is_stmt 1 view .LVU1257
1966:Drivers/STM32L4xx_HAL_Driver/Src/stm32l4xx_hal_spi.c **** 
 3593              		.loc 1 1966 7 is_stmt 0 view .LVU1258
 3594 0052 636D     		ldr	r3, [r4, #84]
1966:Drivers/STM32L4xx_HAL_Driver/Src/stm32l4xx_hal_spi.c **** 
 3595              		.loc 1 1966 34 view .LVU1259
 3596 0054 344A     		ldr	r2, .L272+4
 3597 0056 DA62     		str	r2, [r3, #44]
1969:Drivers/STM32L4xx_HAL_Driver/Src/stm32l4xx_hal_spi.c **** 
 3598              		.loc 1 1969 3 is_stmt 1 view .LVU1260
1969:Drivers/STM32L4xx_HAL_Driver/Src/stm32l4xx_hal_spi.c **** 
 3599              		.loc 1 1969 7 is_stmt 0 view .LVU1261
 3600 0058 636D     		ldr	r3, [r4, #84]
1969:Drivers/STM32L4xx_HAL_Driver/Src/stm32l4xx_hal_spi.c **** 
ARM GAS  /tmp/ccEksN7Z.s 			page 161


 3601              		.loc 1 1969 35 view .LVU1262
 3602 005a 344A     		ldr	r2, .L272+8
 3603 005c 5A63     		str	r2, [r3, #52]
1972:Drivers/STM32L4xx_HAL_Driver/Src/stm32l4xx_hal_spi.c **** 
 3604              		.loc 1 1972 3 is_stmt 1 view .LVU1263
1972:Drivers/STM32L4xx_HAL_Driver/Src/stm32l4xx_hal_spi.c **** 
 3605              		.loc 1 1972 7 is_stmt 0 view .LVU1264
 3606 005e 636D     		ldr	r3, [r4, #84]
1972:Drivers/STM32L4xx_HAL_Driver/Src/stm32l4xx_hal_spi.c **** 
 3607              		.loc 1 1972 35 view .LVU1265
 3608 0060 0022     		movs	r2, #0
 3609 0062 9A63     		str	r2, [r3, #56]
1974:Drivers/STM32L4xx_HAL_Driver/Src/stm32l4xx_hal_spi.c ****   /* Packing mode is enabled only if the DMA setting is HALWORD */
 3610              		.loc 1 1974 3 is_stmt 1 view .LVU1266
 3611 0064 2268     		ldr	r2, [r4]
 3612 0066 5368     		ldr	r3, [r2, #4]
 3613 0068 23F48043 		bic	r3, r3, #16384
 3614 006c 5360     		str	r3, [r2, #4]
1976:Drivers/STM32L4xx_HAL_Driver/Src/stm32l4xx_hal_spi.c ****   {
 3615              		.loc 1 1976 3 view .LVU1267
1976:Drivers/STM32L4xx_HAL_Driver/Src/stm32l4xx_hal_spi.c ****   {
 3616              		.loc 1 1976 18 is_stmt 0 view .LVU1268
 3617 006e E368     		ldr	r3, [r4, #12]
1976:Drivers/STM32L4xx_HAL_Driver/Src/stm32l4xx_hal_spi.c ****   {
 3618              		.loc 1 1976 6 view .LVU1269
 3619 0070 B3F5E06F 		cmp	r3, #1792
 3620 0074 04D8     		bhi	.L262
1976:Drivers/STM32L4xx_HAL_Driver/Src/stm32l4xx_hal_spi.c ****   {
 3621              		.loc 1 1976 58 discriminator 1 view .LVU1270
 3622 0076 636D     		ldr	r3, [r4, #84]
1976:Drivers/STM32L4xx_HAL_Driver/Src/stm32l4xx_hal_spi.c ****   {
 3623              		.loc 1 1976 72 discriminator 1 view .LVU1271
 3624 0078 9B69     		ldr	r3, [r3, #24]
1976:Drivers/STM32L4xx_HAL_Driver/Src/stm32l4xx_hal_spi.c ****   {
 3625              		.loc 1 1976 50 discriminator 1 view .LVU1272
 3626 007a B3F5806F 		cmp	r3, #1024
 3627 007e 2AD0     		beq	.L270
 3628              	.L262:
1992:Drivers/STM32L4xx_HAL_Driver/Src/stm32l4xx_hal_spi.c ****                                  hspi->TxXferCount))
 3629              		.loc 1 1992 3 is_stmt 1 view .LVU1273
1992:Drivers/STM32L4xx_HAL_Driver/Src/stm32l4xx_hal_spi.c ****                                  hspi->TxXferCount))
 3630              		.loc 1 1992 91 is_stmt 0 view .LVU1274
 3631 0080 2268     		ldr	r2, [r4]
1993:Drivers/STM32L4xx_HAL_Driver/Src/stm32l4xx_hal_spi.c ****   {
 3632              		.loc 1 1993 38 view .LVU1275
 3633 0082 E38F     		ldrh	r3, [r4, #62]
1992:Drivers/STM32L4xx_HAL_Driver/Src/stm32l4xx_hal_spi.c ****                                  hspi->TxXferCount))
 3634              		.loc 1 1992 17 view .LVU1276
 3635 0084 9BB2     		uxth	r3, r3
 3636 0086 0C32     		adds	r2, r2, #12
 3637 0088 A16B     		ldr	r1, [r4, #56]
 3638              	.LVL226:
1992:Drivers/STM32L4xx_HAL_Driver/Src/stm32l4xx_hal_spi.c ****                                  hspi->TxXferCount))
 3639              		.loc 1 1992 17 view .LVU1277
 3640 008a 606D     		ldr	r0, [r4, #84]
 3641              	.LVL227:
1992:Drivers/STM32L4xx_HAL_Driver/Src/stm32l4xx_hal_spi.c ****                                  hspi->TxXferCount))
ARM GAS  /tmp/ccEksN7Z.s 			page 162


 3642              		.loc 1 1992 17 view .LVU1278
 3643 008c FFF7FEFF 		bl	HAL_DMA_Start_IT
 3644              	.LVL228:
1992:Drivers/STM32L4xx_HAL_Driver/Src/stm32l4xx_hal_spi.c ****                                  hspi->TxXferCount))
 3645              		.loc 1 1992 6 discriminator 1 view .LVU1279
 3646 0090 0146     		mov	r1, r0
 3647 0092 0028     		cmp	r0, #0
 3648 0094 38D1     		bne	.L271
2003:Drivers/STM32L4xx_HAL_Driver/Src/stm32l4xx_hal_spi.c ****   {
 3649              		.loc 1 2003 3 is_stmt 1 view .LVU1280
2003:Drivers/STM32L4xx_HAL_Driver/Src/stm32l4xx_hal_spi.c ****   {
 3650              		.loc 1 2003 12 is_stmt 0 view .LVU1281
 3651 0096 2368     		ldr	r3, [r4]
2003:Drivers/STM32L4xx_HAL_Driver/Src/stm32l4xx_hal_spi.c ****   {
 3652              		.loc 1 2003 22 view .LVU1282
 3653 0098 1A68     		ldr	r2, [r3]
2003:Drivers/STM32L4xx_HAL_Driver/Src/stm32l4xx_hal_spi.c ****   {
 3654              		.loc 1 2003 6 view .LVU1283
 3655 009a 12F0400F 		tst	r2, #64
 3656 009e 03D1     		bne	.L265
2006:Drivers/STM32L4xx_HAL_Driver/Src/stm32l4xx_hal_spi.c ****   }
 3657              		.loc 1 2006 5 is_stmt 1 view .LVU1284
 3658 00a0 1A68     		ldr	r2, [r3]
 3659 00a2 42F04002 		orr	r2, r2, #64
 3660 00a6 1A60     		str	r2, [r3]
 3661              	.L265:
2010:Drivers/STM32L4xx_HAL_Driver/Src/stm32l4xx_hal_spi.c **** 
 3662              		.loc 1 2010 3 view .LVU1285
 3663 00a8 2268     		ldr	r2, [r4]
 3664 00aa 5368     		ldr	r3, [r2, #4]
 3665 00ac 43F02003 		orr	r3, r3, #32
 3666 00b0 5360     		str	r3, [r2, #4]
2013:Drivers/STM32L4xx_HAL_Driver/Src/stm32l4xx_hal_spi.c **** 
 3667              		.loc 1 2013 3 view .LVU1286
 3668 00b2 2268     		ldr	r2, [r4]
 3669 00b4 5368     		ldr	r3, [r2, #4]
 3670 00b6 43F00203 		orr	r3, r3, #2
 3671 00ba 5360     		str	r3, [r2, #4]
1909:Drivers/STM32L4xx_HAL_Driver/Src/stm32l4xx_hal_spi.c **** 
 3672              		.loc 1 1909 21 is_stmt 0 view .LVU1287
 3673 00bc 0D46     		mov	r5, r1
 3674 00be 29E0     		b	.L260
 3675              	.LVL229:
 3676              	.L269:
1950:Drivers/STM32L4xx_HAL_Driver/Src/stm32l4xx_hal_spi.c ****     SPI_1LINE_TX(hspi);
 3677              		.loc 1 1950 5 is_stmt 1 view .LVU1288
 3678 00c0 0268     		ldr	r2, [r0]
 3679              	.LVL230:
1950:Drivers/STM32L4xx_HAL_Driver/Src/stm32l4xx_hal_spi.c ****     SPI_1LINE_TX(hspi);
 3680              		.loc 1 1950 5 is_stmt 0 view .LVU1289
 3681 00c2 1368     		ldr	r3, [r2]
 3682 00c4 23F04003 		bic	r3, r3, #64
 3683 00c8 1360     		str	r3, [r2]
 3684              	.LVL231:
1951:Drivers/STM32L4xx_HAL_Driver/Src/stm32l4xx_hal_spi.c ****   }
 3685              		.loc 1 1951 5 is_stmt 1 view .LVU1290
 3686 00ca 0268     		ldr	r2, [r0]
ARM GAS  /tmp/ccEksN7Z.s 			page 163


 3687 00cc 1368     		ldr	r3, [r2]
 3688 00ce 43F48043 		orr	r3, r3, #16384
 3689 00d2 1360     		str	r3, [r2]
 3690 00d4 BAE7     		b	.L261
 3691              	.L270:
1979:Drivers/STM32L4xx_HAL_Driver/Src/stm32l4xx_hal_spi.c ****     {
 3692              		.loc 1 1979 5 view .LVU1291
1979:Drivers/STM32L4xx_HAL_Driver/Src/stm32l4xx_hal_spi.c ****     {
 3693              		.loc 1 1979 14 is_stmt 0 view .LVU1292
 3694 00d6 E38F     		ldrh	r3, [r4, #62]
1979:Drivers/STM32L4xx_HAL_Driver/Src/stm32l4xx_hal_spi.c ****     {
 3695              		.loc 1 1979 8 view .LVU1293
 3696 00d8 13F0010F 		tst	r3, #1
 3697 00dc 09D1     		bne	.L263
1981:Drivers/STM32L4xx_HAL_Driver/Src/stm32l4xx_hal_spi.c ****       hspi->TxXferCount = (hspi->TxXferCount >> 1U);
 3698              		.loc 1 1981 7 is_stmt 1 view .LVU1294
 3699 00de 2268     		ldr	r2, [r4]
 3700 00e0 5368     		ldr	r3, [r2, #4]
 3701 00e2 23F48043 		bic	r3, r3, #16384
 3702 00e6 5360     		str	r3, [r2, #4]
1982:Drivers/STM32L4xx_HAL_Driver/Src/stm32l4xx_hal_spi.c ****     }
 3703              		.loc 1 1982 7 view .LVU1295
1982:Drivers/STM32L4xx_HAL_Driver/Src/stm32l4xx_hal_spi.c ****     }
 3704              		.loc 1 1982 32 is_stmt 0 view .LVU1296
 3705 00e8 E38F     		ldrh	r3, [r4, #62]
1982:Drivers/STM32L4xx_HAL_Driver/Src/stm32l4xx_hal_spi.c ****     }
 3706              		.loc 1 1982 25 view .LVU1297
 3707 00ea C3F34E03 		ubfx	r3, r3, #1, #15
 3708 00ee E387     		strh	r3, [r4, #62]	@ movhi
 3709 00f0 C6E7     		b	.L262
 3710              	.L263:
1986:Drivers/STM32L4xx_HAL_Driver/Src/stm32l4xx_hal_spi.c ****       hspi->TxXferCount = (hspi->TxXferCount >> 1U) + 1U;
 3711              		.loc 1 1986 7 is_stmt 1 view .LVU1298
 3712 00f2 2268     		ldr	r2, [r4]
 3713 00f4 5368     		ldr	r3, [r2, #4]
 3714 00f6 43F48043 		orr	r3, r3, #16384
 3715 00fa 5360     		str	r3, [r2, #4]
1987:Drivers/STM32L4xx_HAL_Driver/Src/stm32l4xx_hal_spi.c ****     }
 3716              		.loc 1 1987 7 view .LVU1299
1987:Drivers/STM32L4xx_HAL_Driver/Src/stm32l4xx_hal_spi.c ****     }
 3717              		.loc 1 1987 32 is_stmt 0 view .LVU1300
 3718 00fc E38F     		ldrh	r3, [r4, #62]
1987:Drivers/STM32L4xx_HAL_Driver/Src/stm32l4xx_hal_spi.c ****     }
 3719              		.loc 1 1987 53 view .LVU1301
 3720 00fe C3F34E03 		ubfx	r3, r3, #1, #15
 3721 0102 0133     		adds	r3, r3, #1
1987:Drivers/STM32L4xx_HAL_Driver/Src/stm32l4xx_hal_spi.c ****     }
 3722              		.loc 1 1987 25 view .LVU1302
 3723 0104 E387     		strh	r3, [r4, #62]	@ movhi
 3724 0106 BBE7     		b	.L262
 3725              	.LVL232:
 3726              	.L271:
1996:Drivers/STM32L4xx_HAL_Driver/Src/stm32l4xx_hal_spi.c ****     errorcode = HAL_ERROR;
 3727              		.loc 1 1996 5 is_stmt 1 view .LVU1303
 3728 0108 236E     		ldr	r3, [r4, #96]
 3729 010a 43F01003 		orr	r3, r3, #16
 3730 010e 2366     		str	r3, [r4, #96]
ARM GAS  /tmp/ccEksN7Z.s 			page 164


1997:Drivers/STM32L4xx_HAL_Driver/Src/stm32l4xx_hal_spi.c **** 
 3731              		.loc 1 1997 5 view .LVU1304
 3732              	.LVL233:
1999:Drivers/STM32L4xx_HAL_Driver/Src/stm32l4xx_hal_spi.c ****   }
 3733              		.loc 1 1999 5 view .LVU1305
 3734 0110 00E0     		b	.L260
 3735              	.LVL234:
 3736              	.L267:
1922:Drivers/STM32L4xx_HAL_Driver/Src/stm32l4xx_hal_spi.c ****     goto error;
 3737              		.loc 1 1922 15 is_stmt 0 view .LVU1306
 3738 0112 0225     		movs	r5, #2
 3739              	.LVL235:
 3740              	.L260:
2017:Drivers/STM32L4xx_HAL_Driver/Src/stm32l4xx_hal_spi.c ****   return errorcode;
 3741              		.loc 1 2017 3 is_stmt 1 view .LVU1307
2017:Drivers/STM32L4xx_HAL_Driver/Src/stm32l4xx_hal_spi.c ****   return errorcode;
 3742              		.loc 1 2017 3 view .LVU1308
 3743 0114 0023     		movs	r3, #0
 3744 0116 84F85C30 		strb	r3, [r4, #92]
2017:Drivers/STM32L4xx_HAL_Driver/Src/stm32l4xx_hal_spi.c ****   return errorcode;
 3745              		.loc 1 2017 3 view .LVU1309
2018:Drivers/STM32L4xx_HAL_Driver/Src/stm32l4xx_hal_spi.c **** }
 3746              		.loc 1 2018 3 view .LVU1310
 3747              	.LVL236:
 3748              	.L259:
2019:Drivers/STM32L4xx_HAL_Driver/Src/stm32l4xx_hal_spi.c **** 
 3749              		.loc 1 2019 1 is_stmt 0 view .LVU1311
 3750 011a 2846     		mov	r0, r5
 3751 011c 38BD     		pop	{r3, r4, r5, pc}
 3752              	.LVL237:
 3753              	.L266:
1918:Drivers/STM32L4xx_HAL_Driver/Src/stm32l4xx_hal_spi.c **** 
 3754              		.loc 1 1918 3 discriminator 1 view .LVU1312
 3755 011e 0225     		movs	r5, #2
 3756 0120 FBE7     		b	.L259
 3757              	.L273:
 3758 0122 00BF     		.align	2
 3759              	.L272:
 3760 0124 00000000 		.word	SPI_DMAHalfTransmitCplt
 3761 0128 00000000 		.word	SPI_DMATransmitCplt
 3762 012c 00000000 		.word	SPI_DMAError
 3763              		.cfi_endproc
 3764              	.LFE298:
 3766              		.section	.text.HAL_SPI_TransmitReceive_DMA,"ax",%progbits
 3767              		.align	1
 3768              		.global	HAL_SPI_TransmitReceive_DMA
 3769              		.syntax unified
 3770              		.thumb
 3771              		.thumb_func
 3773              	HAL_SPI_TransmitReceive_DMA:
 3774              	.LVL238:
 3775              	.LFB300:
2177:Drivers/STM32L4xx_HAL_Driver/Src/stm32l4xx_hal_spi.c ****   uint32_t             tmp_mode;
 3776              		.loc 1 2177 1 is_stmt 1 view -0
 3777              		.cfi_startproc
 3778              		@ args = 0, pretend = 0, frame = 0
 3779              		@ frame_needed = 0, uses_anonymous_args = 0
ARM GAS  /tmp/ccEksN7Z.s 			page 165


2177:Drivers/STM32L4xx_HAL_Driver/Src/stm32l4xx_hal_spi.c ****   uint32_t             tmp_mode;
 3780              		.loc 1 2177 1 is_stmt 0 view .LVU1314
 3781 0000 38B5     		push	{r3, r4, r5, lr}
 3782              		.cfi_def_cfa_offset 16
 3783              		.cfi_offset 3, -16
 3784              		.cfi_offset 4, -12
 3785              		.cfi_offset 5, -8
 3786              		.cfi_offset 14, -4
 3787 0002 0446     		mov	r4, r0
2178:Drivers/STM32L4xx_HAL_Driver/Src/stm32l4xx_hal_spi.c ****   HAL_SPI_StateTypeDef tmp_state;
 3788              		.loc 1 2178 3 is_stmt 1 view .LVU1315
2179:Drivers/STM32L4xx_HAL_Driver/Src/stm32l4xx_hal_spi.c ****   HAL_StatusTypeDef errorcode = HAL_OK;
 3789              		.loc 1 2179 3 view .LVU1316
2180:Drivers/STM32L4xx_HAL_Driver/Src/stm32l4xx_hal_spi.c **** 
 3790              		.loc 1 2180 3 view .LVU1317
 3791              	.LVL239:
2183:Drivers/STM32L4xx_HAL_Driver/Src/stm32l4xx_hal_spi.c ****   assert_param(IS_SPI_DMA_HANDLE(hspi->hdmatx));
 3792              		.loc 1 2183 3 view .LVU1318
2184:Drivers/STM32L4xx_HAL_Driver/Src/stm32l4xx_hal_spi.c **** 
 3793              		.loc 1 2184 3 view .LVU1319
2187:Drivers/STM32L4xx_HAL_Driver/Src/stm32l4xx_hal_spi.c **** 
 3794              		.loc 1 2187 3 view .LVU1320
2190:Drivers/STM32L4xx_HAL_Driver/Src/stm32l4xx_hal_spi.c **** 
 3795              		.loc 1 2190 3 view .LVU1321
2190:Drivers/STM32L4xx_HAL_Driver/Src/stm32l4xx_hal_spi.c **** 
 3796              		.loc 1 2190 3 view .LVU1322
 3797 0004 90F85C00 		ldrb	r0, [r0, #92]	@ zero_extendqisi2
 3798              	.LVL240:
2190:Drivers/STM32L4xx_HAL_Driver/Src/stm32l4xx_hal_spi.c **** 
 3799              		.loc 1 2190 3 is_stmt 0 view .LVU1323
 3800 0008 0128     		cmp	r0, #1
 3801 000a 00F0F380 		beq	.L289
2190:Drivers/STM32L4xx_HAL_Driver/Src/stm32l4xx_hal_spi.c **** 
 3802              		.loc 1 2190 3 is_stmt 1 discriminator 2 view .LVU1324
 3803 000e 0120     		movs	r0, #1
 3804 0010 84F85C00 		strb	r0, [r4, #92]
2190:Drivers/STM32L4xx_HAL_Driver/Src/stm32l4xx_hal_spi.c **** 
 3805              		.loc 1 2190 3 discriminator 2 view .LVU1325
2193:Drivers/STM32L4xx_HAL_Driver/Src/stm32l4xx_hal_spi.c ****   tmp_mode            = hspi->Init.Mode;
 3806              		.loc 1 2193 3 view .LVU1326
2193:Drivers/STM32L4xx_HAL_Driver/Src/stm32l4xx_hal_spi.c ****   tmp_mode            = hspi->Init.Mode;
 3807              		.loc 1 2193 23 is_stmt 0 view .LVU1327
 3808 0014 94F85D00 		ldrb	r0, [r4, #93]	@ zero_extendqisi2
 3809 0018 C0B2     		uxtb	r0, r0
 3810              	.LVL241:
2194:Drivers/STM32L4xx_HAL_Driver/Src/stm32l4xx_hal_spi.c **** 
 3811              		.loc 1 2194 3 is_stmt 1 view .LVU1328
2194:Drivers/STM32L4xx_HAL_Driver/Src/stm32l4xx_hal_spi.c **** 
 3812              		.loc 1 2194 23 is_stmt 0 view .LVU1329
 3813 001a 6568     		ldr	r5, [r4, #4]
 3814              	.LVL242:
2196:Drivers/STM32L4xx_HAL_Driver/Src/stm32l4xx_hal_spi.c ****         ((tmp_mode == SPI_MODE_MASTER) && (hspi->Init.Direction == SPI_DIRECTION_2LINES) && (tmp_st
 3815              		.loc 1 2196 3 is_stmt 1 view .LVU1330
2196:Drivers/STM32L4xx_HAL_Driver/Src/stm32l4xx_hal_spi.c ****         ((tmp_mode == SPI_MODE_MASTER) && (hspi->Init.Direction == SPI_DIRECTION_2LINES) && (tmp_st
 3816              		.loc 1 2196 6 is_stmt 0 view .LVU1331
 3817 001c 0128     		cmp	r0, #1
 3818 001e 0AD0     		beq	.L276
ARM GAS  /tmp/ccEksN7Z.s 			page 166


2196:Drivers/STM32L4xx_HAL_Driver/Src/stm32l4xx_hal_spi.c ****         ((tmp_mode == SPI_MODE_MASTER) && (hspi->Init.Direction == SPI_DIRECTION_2LINES) && (tmp_st
 3819              		.loc 1 2196 7 discriminator 1 view .LVU1332
 3820 0020 B5F5827F 		cmp	r5, #260
 3821 0024 40F0D780 		bne	.L290
2197:Drivers/STM32L4xx_HAL_Driver/Src/stm32l4xx_hal_spi.c ****   {
 3822              		.loc 1 2197 54 view .LVU1333
 3823 0028 A568     		ldr	r5, [r4, #8]
 3824              	.LVL243:
2197:Drivers/STM32L4xx_HAL_Driver/Src/stm32l4xx_hal_spi.c ****   {
 3825              		.loc 1 2197 40 view .LVU1334
 3826 002a 002D     		cmp	r5, #0
 3827 002c 40F0D880 		bne	.L291
2197:Drivers/STM32L4xx_HAL_Driver/Src/stm32l4xx_hal_spi.c ****   {
 3828              		.loc 1 2197 90 discriminator 1 view .LVU1335
 3829 0030 0428     		cmp	r0, #4
 3830 0032 40F0D780 		bne	.L292
 3831              	.L276:
2203:Drivers/STM32L4xx_HAL_Driver/Src/stm32l4xx_hal_spi.c ****   {
 3832              		.loc 1 2203 3 is_stmt 1 view .LVU1336
2203:Drivers/STM32L4xx_HAL_Driver/Src/stm32l4xx_hal_spi.c ****   {
 3833              		.loc 1 2203 6 is_stmt 0 view .LVU1337
 3834 0036 0029     		cmp	r1, #0
 3835 0038 00F0D680 		beq	.L293
2203:Drivers/STM32L4xx_HAL_Driver/Src/stm32l4xx_hal_spi.c ****   {
 3836              		.loc 1 2203 25 discriminator 1 view .LVU1338
 3837 003c 002A     		cmp	r2, #0
 3838 003e 00F0D580 		beq	.L294
2203:Drivers/STM32L4xx_HAL_Driver/Src/stm32l4xx_hal_spi.c ****   {
 3839              		.loc 1 2203 46 discriminator 2 view .LVU1339
 3840 0042 002B     		cmp	r3, #0
 3841 0044 00F0D480 		beq	.L295
2210:Drivers/STM32L4xx_HAL_Driver/Src/stm32l4xx_hal_spi.c ****   {
 3842              		.loc 1 2210 3 is_stmt 1 view .LVU1340
2210:Drivers/STM32L4xx_HAL_Driver/Src/stm32l4xx_hal_spi.c ****   {
 3843              		.loc 1 2210 11 is_stmt 0 view .LVU1341
 3844 0048 94F85D00 		ldrb	r0, [r4, #93]	@ zero_extendqisi2
 3845              	.LVL244:
2210:Drivers/STM32L4xx_HAL_Driver/Src/stm32l4xx_hal_spi.c ****   {
 3846              		.loc 1 2210 11 view .LVU1342
 3847 004c C0B2     		uxtb	r0, r0
2210:Drivers/STM32L4xx_HAL_Driver/Src/stm32l4xx_hal_spi.c ****   {
 3848              		.loc 1 2210 6 view .LVU1343
 3849 004e 0428     		cmp	r0, #4
 3850 0050 02D0     		beq	.L278
2212:Drivers/STM32L4xx_HAL_Driver/Src/stm32l4xx_hal_spi.c ****   }
 3851              		.loc 1 2212 5 is_stmt 1 view .LVU1344
2212:Drivers/STM32L4xx_HAL_Driver/Src/stm32l4xx_hal_spi.c ****   }
 3852              		.loc 1 2212 17 is_stmt 0 view .LVU1345
 3853 0052 0520     		movs	r0, #5
 3854 0054 84F85D00 		strb	r0, [r4, #93]
 3855              	.L278:
2216:Drivers/STM32L4xx_HAL_Driver/Src/stm32l4xx_hal_spi.c ****   hspi->pTxBuffPtr  = (uint8_t *)pTxData;
 3856              		.loc 1 2216 3 is_stmt 1 view .LVU1346
2216:Drivers/STM32L4xx_HAL_Driver/Src/stm32l4xx_hal_spi.c ****   hspi->pTxBuffPtr  = (uint8_t *)pTxData;
 3857              		.loc 1 2216 21 is_stmt 0 view .LVU1347
 3858 0058 0020     		movs	r0, #0
 3859 005a 2066     		str	r0, [r4, #96]
ARM GAS  /tmp/ccEksN7Z.s 			page 167


2217:Drivers/STM32L4xx_HAL_Driver/Src/stm32l4xx_hal_spi.c ****   hspi->TxXferSize  = Size;
 3860              		.loc 1 2217 3 is_stmt 1 view .LVU1348
2217:Drivers/STM32L4xx_HAL_Driver/Src/stm32l4xx_hal_spi.c ****   hspi->TxXferSize  = Size;
 3861              		.loc 1 2217 21 is_stmt 0 view .LVU1349
 3862 005c A163     		str	r1, [r4, #56]
2218:Drivers/STM32L4xx_HAL_Driver/Src/stm32l4xx_hal_spi.c ****   hspi->TxXferCount = Size;
 3863              		.loc 1 2218 3 is_stmt 1 view .LVU1350
2218:Drivers/STM32L4xx_HAL_Driver/Src/stm32l4xx_hal_spi.c ****   hspi->TxXferCount = Size;
 3864              		.loc 1 2218 21 is_stmt 0 view .LVU1351
 3865 005e A387     		strh	r3, [r4, #60]	@ movhi
2219:Drivers/STM32L4xx_HAL_Driver/Src/stm32l4xx_hal_spi.c ****   hspi->pRxBuffPtr  = (uint8_t *)pRxData;
 3866              		.loc 1 2219 3 is_stmt 1 view .LVU1352
2219:Drivers/STM32L4xx_HAL_Driver/Src/stm32l4xx_hal_spi.c ****   hspi->pRxBuffPtr  = (uint8_t *)pRxData;
 3867              		.loc 1 2219 21 is_stmt 0 view .LVU1353
 3868 0060 E387     		strh	r3, [r4, #62]	@ movhi
2220:Drivers/STM32L4xx_HAL_Driver/Src/stm32l4xx_hal_spi.c ****   hspi->RxXferSize  = Size;
 3869              		.loc 1 2220 3 is_stmt 1 view .LVU1354
2220:Drivers/STM32L4xx_HAL_Driver/Src/stm32l4xx_hal_spi.c ****   hspi->RxXferSize  = Size;
 3870              		.loc 1 2220 21 is_stmt 0 view .LVU1355
 3871 0062 2264     		str	r2, [r4, #64]
2221:Drivers/STM32L4xx_HAL_Driver/Src/stm32l4xx_hal_spi.c ****   hspi->RxXferCount = Size;
 3872              		.loc 1 2221 3 is_stmt 1 view .LVU1356
2221:Drivers/STM32L4xx_HAL_Driver/Src/stm32l4xx_hal_spi.c ****   hspi->RxXferCount = Size;
 3873              		.loc 1 2221 21 is_stmt 0 view .LVU1357
 3874 0064 A4F84430 		strh	r3, [r4, #68]	@ movhi
2222:Drivers/STM32L4xx_HAL_Driver/Src/stm32l4xx_hal_spi.c **** 
 3875              		.loc 1 2222 3 is_stmt 1 view .LVU1358
2222:Drivers/STM32L4xx_HAL_Driver/Src/stm32l4xx_hal_spi.c **** 
 3876              		.loc 1 2222 21 is_stmt 0 view .LVU1359
 3877 0068 A4F84630 		strh	r3, [r4, #70]	@ movhi
2225:Drivers/STM32L4xx_HAL_Driver/Src/stm32l4xx_hal_spi.c ****   hspi->TxISR       = NULL;
 3878              		.loc 1 2225 3 is_stmt 1 view .LVU1360
2225:Drivers/STM32L4xx_HAL_Driver/Src/stm32l4xx_hal_spi.c ****   hspi->TxISR       = NULL;
 3879              		.loc 1 2225 21 is_stmt 0 view .LVU1361
 3880 006c E064     		str	r0, [r4, #76]
2226:Drivers/STM32L4xx_HAL_Driver/Src/stm32l4xx_hal_spi.c **** 
 3881              		.loc 1 2226 3 is_stmt 1 view .LVU1362
2226:Drivers/STM32L4xx_HAL_Driver/Src/stm32l4xx_hal_spi.c **** 
 3882              		.loc 1 2226 21 is_stmt 0 view .LVU1363
 3883 006e 2065     		str	r0, [r4, #80]
2237:Drivers/STM32L4xx_HAL_Driver/Src/stm32l4xx_hal_spi.c **** 
 3884              		.loc 1 2237 3 is_stmt 1 view .LVU1364
 3885 0070 2268     		ldr	r2, [r4]
 3886              	.LVL245:
2237:Drivers/STM32L4xx_HAL_Driver/Src/stm32l4xx_hal_spi.c **** 
 3887              		.loc 1 2237 3 is_stmt 0 view .LVU1365
 3888 0072 5368     		ldr	r3, [r2, #4]
 3889              	.LVL246:
2237:Drivers/STM32L4xx_HAL_Driver/Src/stm32l4xx_hal_spi.c **** 
 3890              		.loc 1 2237 3 view .LVU1366
 3891 0074 23F4C043 		bic	r3, r3, #24576
 3892 0078 5360     		str	r3, [r2, #4]
 3893              	.LVL247:
2240:Drivers/STM32L4xx_HAL_Driver/Src/stm32l4xx_hal_spi.c ****   {
 3894              		.loc 1 2240 3 is_stmt 1 view .LVU1367
2240:Drivers/STM32L4xx_HAL_Driver/Src/stm32l4xx_hal_spi.c ****   {
 3895              		.loc 1 2240 17 is_stmt 0 view .LVU1368
ARM GAS  /tmp/ccEksN7Z.s 			page 168


 3896 007a E368     		ldr	r3, [r4, #12]
2240:Drivers/STM32L4xx_HAL_Driver/Src/stm32l4xx_hal_spi.c ****   {
 3897              		.loc 1 2240 6 view .LVU1369
 3898 007c B3F5E06F 		cmp	r3, #1792
 3899 0080 26D9     		bls	.L279
2243:Drivers/STM32L4xx_HAL_Driver/Src/stm32l4xx_hal_spi.c ****   }
 3900              		.loc 1 2243 5 is_stmt 1 view .LVU1370
 3901 0082 2268     		ldr	r2, [r4]
 3902 0084 5368     		ldr	r3, [r2, #4]
 3903 0086 23F48053 		bic	r3, r3, #4096
 3904 008a 5360     		str	r3, [r2, #4]
 3905              	.L280:
2283:Drivers/STM32L4xx_HAL_Driver/Src/stm32l4xx_hal_spi.c ****   {
 3906              		.loc 1 2283 3 view .LVU1371
2283:Drivers/STM32L4xx_HAL_Driver/Src/stm32l4xx_hal_spi.c ****   {
 3907              		.loc 1 2283 11 is_stmt 0 view .LVU1372
 3908 008c 94F85D30 		ldrb	r3, [r4, #93]	@ zero_extendqisi2
 3909 0090 DBB2     		uxtb	r3, r3
2283:Drivers/STM32L4xx_HAL_Driver/Src/stm32l4xx_hal_spi.c ****   {
 3910              		.loc 1 2283 6 view .LVU1373
 3911 0092 042B     		cmp	r3, #4
 3912 0094 67D0     		beq	.L297
2292:Drivers/STM32L4xx_HAL_Driver/Src/stm32l4xx_hal_spi.c ****     hspi->hdmarx->XferCpltCallback     = SPI_DMATransmitReceiveCplt;
 3913              		.loc 1 2292 5 is_stmt 1 view .LVU1374
2292:Drivers/STM32L4xx_HAL_Driver/Src/stm32l4xx_hal_spi.c ****     hspi->hdmarx->XferCpltCallback     = SPI_DMATransmitReceiveCplt;
 3914              		.loc 1 2292 9 is_stmt 0 view .LVU1375
 3915 0096 A36D     		ldr	r3, [r4, #88]
2292:Drivers/STM32L4xx_HAL_Driver/Src/stm32l4xx_hal_spi.c ****     hspi->hdmarx->XferCpltCallback     = SPI_DMATransmitReceiveCplt;
 3916              		.loc 1 2292 40 view .LVU1376
 3917 0098 574A     		ldr	r2, .L300
 3918 009a 1A63     		str	r2, [r3, #48]
2293:Drivers/STM32L4xx_HAL_Driver/Src/stm32l4xx_hal_spi.c ****   }
 3919              		.loc 1 2293 5 is_stmt 1 view .LVU1377
2293:Drivers/STM32L4xx_HAL_Driver/Src/stm32l4xx_hal_spi.c ****   }
 3920              		.loc 1 2293 9 is_stmt 0 view .LVU1378
 3921 009c A36D     		ldr	r3, [r4, #88]
2293:Drivers/STM32L4xx_HAL_Driver/Src/stm32l4xx_hal_spi.c ****   }
 3922              		.loc 1 2293 40 view .LVU1379
 3923 009e 574A     		ldr	r2, .L300+4
 3924 00a0 DA62     		str	r2, [r3, #44]
 3925              	.L285:
2297:Drivers/STM32L4xx_HAL_Driver/Src/stm32l4xx_hal_spi.c **** 
 3926              		.loc 1 2297 3 is_stmt 1 view .LVU1380
2297:Drivers/STM32L4xx_HAL_Driver/Src/stm32l4xx_hal_spi.c **** 
 3927              		.loc 1 2297 7 is_stmt 0 view .LVU1381
 3928 00a2 A36D     		ldr	r3, [r4, #88]
2297:Drivers/STM32L4xx_HAL_Driver/Src/stm32l4xx_hal_spi.c **** 
 3929              		.loc 1 2297 35 view .LVU1382
 3930 00a4 564A     		ldr	r2, .L300+8
 3931 00a6 5A63     		str	r2, [r3, #52]
2300:Drivers/STM32L4xx_HAL_Driver/Src/stm32l4xx_hal_spi.c **** 
 3932              		.loc 1 2300 3 is_stmt 1 view .LVU1383
2300:Drivers/STM32L4xx_HAL_Driver/Src/stm32l4xx_hal_spi.c **** 
 3933              		.loc 1 2300 7 is_stmt 0 view .LVU1384
 3934 00a8 A36D     		ldr	r3, [r4, #88]
2300:Drivers/STM32L4xx_HAL_Driver/Src/stm32l4xx_hal_spi.c **** 
 3935              		.loc 1 2300 35 view .LVU1385
ARM GAS  /tmp/ccEksN7Z.s 			page 169


 3936 00aa 0022     		movs	r2, #0
 3937 00ac 9A63     		str	r2, [r3, #56]
2303:Drivers/STM32L4xx_HAL_Driver/Src/stm32l4xx_hal_spi.c ****                                  hspi->RxXferCount))
 3938              		.loc 1 2303 3 is_stmt 1 view .LVU1386
2303:Drivers/STM32L4xx_HAL_Driver/Src/stm32l4xx_hal_spi.c ****                                  hspi->RxXferCount))
 3939              		.loc 1 2303 63 is_stmt 0 view .LVU1387
 3940 00ae 2168     		ldr	r1, [r4]
 3941              	.LVL248:
2304:Drivers/STM32L4xx_HAL_Driver/Src/stm32l4xx_hal_spi.c ****   {
 3942              		.loc 1 2304 38 view .LVU1388
 3943 00b0 B4F84630 		ldrh	r3, [r4, #70]
2303:Drivers/STM32L4xx_HAL_Driver/Src/stm32l4xx_hal_spi.c ****                                  hspi->RxXferCount))
 3944              		.loc 1 2303 17 view .LVU1389
 3945 00b4 9BB2     		uxth	r3, r3
 3946 00b6 226C     		ldr	r2, [r4, #64]
 3947 00b8 0C31     		adds	r1, r1, #12
 3948 00ba A06D     		ldr	r0, [r4, #88]
 3949 00bc FFF7FEFF 		bl	HAL_DMA_Start_IT
 3950              	.LVL249:
2303:Drivers/STM32L4xx_HAL_Driver/Src/stm32l4xx_hal_spi.c ****                                  hspi->RxXferCount))
 3951              		.loc 1 2303 6 discriminator 1 view .LVU1390
 3952 00c0 0028     		cmp	r0, #0
 3953 00c2 57D0     		beq	.L286
2307:Drivers/STM32L4xx_HAL_Driver/Src/stm32l4xx_hal_spi.c ****     errorcode = HAL_ERROR;
 3954              		.loc 1 2307 5 is_stmt 1 view .LVU1391
 3955 00c4 236E     		ldr	r3, [r4, #96]
 3956 00c6 43F01003 		orr	r3, r3, #16
 3957 00ca 2366     		str	r3, [r4, #96]
2308:Drivers/STM32L4xx_HAL_Driver/Src/stm32l4xx_hal_spi.c **** 
 3958              		.loc 1 2308 5 view .LVU1392
 3959              	.LVL250:
2310:Drivers/STM32L4xx_HAL_Driver/Src/stm32l4xx_hal_spi.c ****   }
 3960              		.loc 1 2310 5 view .LVU1393
2308:Drivers/STM32L4xx_HAL_Driver/Src/stm32l4xx_hal_spi.c **** 
 3961              		.loc 1 2308 15 is_stmt 0 view .LVU1394
 3962 00cc 0120     		movs	r0, #1
2310:Drivers/STM32L4xx_HAL_Driver/Src/stm32l4xx_hal_spi.c ****   }
 3963              		.loc 1 2310 5 view .LVU1395
 3964 00ce 83E0     		b	.L277
 3965              	.LVL251:
 3966              	.L279:
2248:Drivers/STM32L4xx_HAL_Driver/Src/stm32l4xx_hal_spi.c **** 
 3967              		.loc 1 2248 5 is_stmt 1 view .LVU1396
 3968 00d0 2268     		ldr	r2, [r4]
 3969 00d2 5368     		ldr	r3, [r2, #4]
 3970 00d4 43F48053 		orr	r3, r3, #4096
 3971 00d8 5360     		str	r3, [r2, #4]
2250:Drivers/STM32L4xx_HAL_Driver/Src/stm32l4xx_hal_spi.c ****     {
 3972              		.loc 1 2250 5 view .LVU1397
2250:Drivers/STM32L4xx_HAL_Driver/Src/stm32l4xx_hal_spi.c ****     {
 3973              		.loc 1 2250 13 is_stmt 0 view .LVU1398
 3974 00da 636D     		ldr	r3, [r4, #84]
2250:Drivers/STM32L4xx_HAL_Driver/Src/stm32l4xx_hal_spi.c ****     {
 3975              		.loc 1 2250 27 view .LVU1399
 3976 00dc 9B69     		ldr	r3, [r3, #24]
2250:Drivers/STM32L4xx_HAL_Driver/Src/stm32l4xx_hal_spi.c ****     {
 3977              		.loc 1 2250 8 view .LVU1400
ARM GAS  /tmp/ccEksN7Z.s 			page 170


 3978 00de B3F5806F 		cmp	r3, #1024
 3979 00e2 1AD0     		beq	.L298
 3980              	.L281:
2264:Drivers/STM32L4xx_HAL_Driver/Src/stm32l4xx_hal_spi.c ****     {
 3981              		.loc 1 2264 5 is_stmt 1 view .LVU1401
2264:Drivers/STM32L4xx_HAL_Driver/Src/stm32l4xx_hal_spi.c ****     {
 3982              		.loc 1 2264 13 is_stmt 0 view .LVU1402
 3983 00e4 A36D     		ldr	r3, [r4, #88]
2264:Drivers/STM32L4xx_HAL_Driver/Src/stm32l4xx_hal_spi.c ****     {
 3984              		.loc 1 2264 27 view .LVU1403
 3985 00e6 9B69     		ldr	r3, [r3, #24]
2264:Drivers/STM32L4xx_HAL_Driver/Src/stm32l4xx_hal_spi.c ****     {
 3986              		.loc 1 2264 8 view .LVU1404
 3987 00e8 B3F5806F 		cmp	r3, #1024
 3988 00ec CED1     		bne	.L280
2267:Drivers/STM32L4xx_HAL_Driver/Src/stm32l4xx_hal_spi.c **** 
 3989              		.loc 1 2267 7 is_stmt 1 view .LVU1405
 3990 00ee 2268     		ldr	r2, [r4]
 3991 00f0 5368     		ldr	r3, [r2, #4]
 3992 00f2 23F48053 		bic	r3, r3, #4096
 3993 00f6 5360     		str	r3, [r2, #4]
2269:Drivers/STM32L4xx_HAL_Driver/Src/stm32l4xx_hal_spi.c ****       {
 3994              		.loc 1 2269 7 view .LVU1406
2269:Drivers/STM32L4xx_HAL_Driver/Src/stm32l4xx_hal_spi.c ****       {
 3995              		.loc 1 2269 16 is_stmt 0 view .LVU1407
 3996 00f8 B4F84630 		ldrh	r3, [r4, #70]
2269:Drivers/STM32L4xx_HAL_Driver/Src/stm32l4xx_hal_spi.c ****       {
 3997              		.loc 1 2269 10 view .LVU1408
 3998 00fc 13F0010F 		tst	r3, #1
 3999 0100 24D1     		bne	.L283
2271:Drivers/STM32L4xx_HAL_Driver/Src/stm32l4xx_hal_spi.c ****         hspi->RxXferCount = hspi->RxXferCount >> 1U;
 4000              		.loc 1 2271 9 is_stmt 1 view .LVU1409
 4001 0102 2268     		ldr	r2, [r4]
 4002 0104 5368     		ldr	r3, [r2, #4]
 4003 0106 23F40053 		bic	r3, r3, #8192
 4004 010a 5360     		str	r3, [r2, #4]
2272:Drivers/STM32L4xx_HAL_Driver/Src/stm32l4xx_hal_spi.c ****       }
 4005              		.loc 1 2272 9 view .LVU1410
2272:Drivers/STM32L4xx_HAL_Driver/Src/stm32l4xx_hal_spi.c ****       }
 4006              		.loc 1 2272 33 is_stmt 0 view .LVU1411
 4007 010c B4F84630 		ldrh	r3, [r4, #70]
2272:Drivers/STM32L4xx_HAL_Driver/Src/stm32l4xx_hal_spi.c ****       }
 4008              		.loc 1 2272 27 view .LVU1412
 4009 0110 C3F34E03 		ubfx	r3, r3, #1, #15
 4010 0114 A4F84630 		strh	r3, [r4, #70]	@ movhi
 4011 0118 B8E7     		b	.L280
 4012              	.L298:
2252:Drivers/STM32L4xx_HAL_Driver/Src/stm32l4xx_hal_spi.c ****       {
 4013              		.loc 1 2252 7 is_stmt 1 view .LVU1413
2252:Drivers/STM32L4xx_HAL_Driver/Src/stm32l4xx_hal_spi.c ****       {
 4014              		.loc 1 2252 16 is_stmt 0 view .LVU1414
 4015 011a A38F     		ldrh	r3, [r4, #60]
2252:Drivers/STM32L4xx_HAL_Driver/Src/stm32l4xx_hal_spi.c ****       {
 4016              		.loc 1 2252 10 view .LVU1415
 4017 011c 13F0010F 		tst	r3, #1
 4018 0120 09D1     		bne	.L282
2254:Drivers/STM32L4xx_HAL_Driver/Src/stm32l4xx_hal_spi.c ****         hspi->TxXferCount = hspi->TxXferCount >> 1U;
ARM GAS  /tmp/ccEksN7Z.s 			page 171


 4019              		.loc 1 2254 9 is_stmt 1 view .LVU1416
 4020 0122 2268     		ldr	r2, [r4]
 4021 0124 5368     		ldr	r3, [r2, #4]
 4022 0126 23F48043 		bic	r3, r3, #16384
 4023 012a 5360     		str	r3, [r2, #4]
2255:Drivers/STM32L4xx_HAL_Driver/Src/stm32l4xx_hal_spi.c ****       }
 4024              		.loc 1 2255 9 view .LVU1417
2255:Drivers/STM32L4xx_HAL_Driver/Src/stm32l4xx_hal_spi.c ****       }
 4025              		.loc 1 2255 33 is_stmt 0 view .LVU1418
 4026 012c E38F     		ldrh	r3, [r4, #62]
2255:Drivers/STM32L4xx_HAL_Driver/Src/stm32l4xx_hal_spi.c ****       }
 4027              		.loc 1 2255 27 view .LVU1419
 4028 012e C3F34E03 		ubfx	r3, r3, #1, #15
 4029 0132 E387     		strh	r3, [r4, #62]	@ movhi
 4030 0134 D6E7     		b	.L281
 4031              	.L282:
2259:Drivers/STM32L4xx_HAL_Driver/Src/stm32l4xx_hal_spi.c ****         hspi->TxXferCount = (hspi->TxXferCount >> 1U) + 1U;
 4032              		.loc 1 2259 9 is_stmt 1 view .LVU1420
 4033 0136 2268     		ldr	r2, [r4]
 4034 0138 5368     		ldr	r3, [r2, #4]
 4035 013a 43F48043 		orr	r3, r3, #16384
 4036 013e 5360     		str	r3, [r2, #4]
2260:Drivers/STM32L4xx_HAL_Driver/Src/stm32l4xx_hal_spi.c ****       }
 4037              		.loc 1 2260 9 view .LVU1421
2260:Drivers/STM32L4xx_HAL_Driver/Src/stm32l4xx_hal_spi.c ****       }
 4038              		.loc 1 2260 34 is_stmt 0 view .LVU1422
 4039 0140 E38F     		ldrh	r3, [r4, #62]
2260:Drivers/STM32L4xx_HAL_Driver/Src/stm32l4xx_hal_spi.c ****       }
 4040              		.loc 1 2260 55 view .LVU1423
 4041 0142 C3F34E03 		ubfx	r3, r3, #1, #15
 4042 0146 0133     		adds	r3, r3, #1
2260:Drivers/STM32L4xx_HAL_Driver/Src/stm32l4xx_hal_spi.c ****       }
 4043              		.loc 1 2260 27 view .LVU1424
 4044 0148 E387     		strh	r3, [r4, #62]	@ movhi
 4045 014a CBE7     		b	.L281
 4046              	.L283:
2276:Drivers/STM32L4xx_HAL_Driver/Src/stm32l4xx_hal_spi.c ****         hspi->RxXferCount = (hspi->RxXferCount >> 1U) + 1U;
 4047              		.loc 1 2276 9 is_stmt 1 view .LVU1425
 4048 014c 2268     		ldr	r2, [r4]
 4049 014e 5368     		ldr	r3, [r2, #4]
 4050 0150 43F40053 		orr	r3, r3, #8192
 4051 0154 5360     		str	r3, [r2, #4]
2277:Drivers/STM32L4xx_HAL_Driver/Src/stm32l4xx_hal_spi.c ****       }
 4052              		.loc 1 2277 9 view .LVU1426
2277:Drivers/STM32L4xx_HAL_Driver/Src/stm32l4xx_hal_spi.c ****       }
 4053              		.loc 1 2277 34 is_stmt 0 view .LVU1427
 4054 0156 B4F84630 		ldrh	r3, [r4, #70]
2277:Drivers/STM32L4xx_HAL_Driver/Src/stm32l4xx_hal_spi.c ****       }
 4055              		.loc 1 2277 55 view .LVU1428
 4056 015a C3F34E03 		ubfx	r3, r3, #1, #15
 4057 015e 0133     		adds	r3, r3, #1
2277:Drivers/STM32L4xx_HAL_Driver/Src/stm32l4xx_hal_spi.c ****       }
 4058              		.loc 1 2277 27 view .LVU1429
 4059 0160 A4F84630 		strh	r3, [r4, #70]	@ movhi
 4060 0164 92E7     		b	.L280
 4061              	.L297:
2286:Drivers/STM32L4xx_HAL_Driver/Src/stm32l4xx_hal_spi.c ****     hspi->hdmarx->XferCpltCallback     = SPI_DMAReceiveCplt;
ARM GAS  /tmp/ccEksN7Z.s 			page 172


 4062              		.loc 1 2286 5 is_stmt 1 view .LVU1430
2286:Drivers/STM32L4xx_HAL_Driver/Src/stm32l4xx_hal_spi.c ****     hspi->hdmarx->XferCpltCallback     = SPI_DMAReceiveCplt;
 4063              		.loc 1 2286 9 is_stmt 0 view .LVU1431
 4064 0166 A36D     		ldr	r3, [r4, #88]
2286:Drivers/STM32L4xx_HAL_Driver/Src/stm32l4xx_hal_spi.c ****     hspi->hdmarx->XferCpltCallback     = SPI_DMAReceiveCplt;
 4065              		.loc 1 2286 40 view .LVU1432
 4066 0168 264A     		ldr	r2, .L300+12
 4067 016a 1A63     		str	r2, [r3, #48]
2287:Drivers/STM32L4xx_HAL_Driver/Src/stm32l4xx_hal_spi.c ****   }
 4068              		.loc 1 2287 5 is_stmt 1 view .LVU1433
2287:Drivers/STM32L4xx_HAL_Driver/Src/stm32l4xx_hal_spi.c ****   }
 4069              		.loc 1 2287 9 is_stmt 0 view .LVU1434
 4070 016c A36D     		ldr	r3, [r4, #88]
2287:Drivers/STM32L4xx_HAL_Driver/Src/stm32l4xx_hal_spi.c ****   }
 4071              		.loc 1 2287 40 view .LVU1435
 4072 016e 264A     		ldr	r2, .L300+16
 4073 0170 DA62     		str	r2, [r3, #44]
 4074 0172 96E7     		b	.L285
 4075              	.LVL252:
 4076              	.L286:
2314:Drivers/STM32L4xx_HAL_Driver/Src/stm32l4xx_hal_spi.c **** 
 4077              		.loc 1 2314 3 is_stmt 1 view .LVU1436
 4078 0174 2268     		ldr	r2, [r4]
 4079 0176 5368     		ldr	r3, [r2, #4]
 4080 0178 43F00103 		orr	r3, r3, #1
 4081 017c 5360     		str	r3, [r2, #4]
2318:Drivers/STM32L4xx_HAL_Driver/Src/stm32l4xx_hal_spi.c ****   hspi->hdmatx->XferCpltCallback     = NULL;
 4082              		.loc 1 2318 3 view .LVU1437
2318:Drivers/STM32L4xx_HAL_Driver/Src/stm32l4xx_hal_spi.c ****   hspi->hdmatx->XferCpltCallback     = NULL;
 4083              		.loc 1 2318 7 is_stmt 0 view .LVU1438
 4084 017e 626D     		ldr	r2, [r4, #84]
2318:Drivers/STM32L4xx_HAL_Driver/Src/stm32l4xx_hal_spi.c ****   hspi->hdmatx->XferCpltCallback     = NULL;
 4085              		.loc 1 2318 38 view .LVU1439
 4086 0180 0023     		movs	r3, #0
 4087 0182 1363     		str	r3, [r2, #48]
2319:Drivers/STM32L4xx_HAL_Driver/Src/stm32l4xx_hal_spi.c ****   hspi->hdmatx->XferErrorCallback    = NULL;
 4088              		.loc 1 2319 3 is_stmt 1 view .LVU1440
2319:Drivers/STM32L4xx_HAL_Driver/Src/stm32l4xx_hal_spi.c ****   hspi->hdmatx->XferErrorCallback    = NULL;
 4089              		.loc 1 2319 7 is_stmt 0 view .LVU1441
 4090 0184 626D     		ldr	r2, [r4, #84]
2319:Drivers/STM32L4xx_HAL_Driver/Src/stm32l4xx_hal_spi.c ****   hspi->hdmatx->XferErrorCallback    = NULL;
 4091              		.loc 1 2319 38 view .LVU1442
 4092 0186 D362     		str	r3, [r2, #44]
2320:Drivers/STM32L4xx_HAL_Driver/Src/stm32l4xx_hal_spi.c ****   hspi->hdmatx->XferAbortCallback    = NULL;
 4093              		.loc 1 2320 3 is_stmt 1 view .LVU1443
2320:Drivers/STM32L4xx_HAL_Driver/Src/stm32l4xx_hal_spi.c ****   hspi->hdmatx->XferAbortCallback    = NULL;
 4094              		.loc 1 2320 7 is_stmt 0 view .LVU1444
 4095 0188 626D     		ldr	r2, [r4, #84]
2320:Drivers/STM32L4xx_HAL_Driver/Src/stm32l4xx_hal_spi.c ****   hspi->hdmatx->XferAbortCallback    = NULL;
 4096              		.loc 1 2320 38 view .LVU1445
 4097 018a 5363     		str	r3, [r2, #52]
2321:Drivers/STM32L4xx_HAL_Driver/Src/stm32l4xx_hal_spi.c **** 
 4098              		.loc 1 2321 3 is_stmt 1 view .LVU1446
2321:Drivers/STM32L4xx_HAL_Driver/Src/stm32l4xx_hal_spi.c **** 
 4099              		.loc 1 2321 7 is_stmt 0 view .LVU1447
 4100 018c 626D     		ldr	r2, [r4, #84]
2321:Drivers/STM32L4xx_HAL_Driver/Src/stm32l4xx_hal_spi.c **** 
ARM GAS  /tmp/ccEksN7Z.s 			page 173


 4101              		.loc 1 2321 38 view .LVU1448
 4102 018e 9363     		str	r3, [r2, #56]
2324:Drivers/STM32L4xx_HAL_Driver/Src/stm32l4xx_hal_spi.c ****                                  hspi->TxXferCount))
 4103              		.loc 1 2324 3 is_stmt 1 view .LVU1449
2324:Drivers/STM32L4xx_HAL_Driver/Src/stm32l4xx_hal_spi.c ****                                  hspi->TxXferCount))
 4104              		.loc 1 2324 91 is_stmt 0 view .LVU1450
 4105 0190 2268     		ldr	r2, [r4]
2325:Drivers/STM32L4xx_HAL_Driver/Src/stm32l4xx_hal_spi.c ****   {
 4106              		.loc 1 2325 38 view .LVU1451
 4107 0192 E38F     		ldrh	r3, [r4, #62]
2324:Drivers/STM32L4xx_HAL_Driver/Src/stm32l4xx_hal_spi.c ****                                  hspi->TxXferCount))
 4108              		.loc 1 2324 17 view .LVU1452
 4109 0194 9BB2     		uxth	r3, r3
 4110 0196 0C32     		adds	r2, r2, #12
 4111 0198 A16B     		ldr	r1, [r4, #56]
 4112 019a 606D     		ldr	r0, [r4, #84]
 4113 019c FFF7FEFF 		bl	HAL_DMA_Start_IT
 4114              	.LVL253:
2324:Drivers/STM32L4xx_HAL_Driver/Src/stm32l4xx_hal_spi.c ****                                  hspi->TxXferCount))
 4115              		.loc 1 2324 6 discriminator 1 view .LVU1453
 4116 01a0 98B9     		cbnz	r0, .L299
2335:Drivers/STM32L4xx_HAL_Driver/Src/stm32l4xx_hal_spi.c ****   {
 4117              		.loc 1 2335 3 is_stmt 1 view .LVU1454
2335:Drivers/STM32L4xx_HAL_Driver/Src/stm32l4xx_hal_spi.c ****   {
 4118              		.loc 1 2335 12 is_stmt 0 view .LVU1455
 4119 01a2 2368     		ldr	r3, [r4]
2335:Drivers/STM32L4xx_HAL_Driver/Src/stm32l4xx_hal_spi.c ****   {
 4120              		.loc 1 2335 22 view .LVU1456
 4121 01a4 1A68     		ldr	r2, [r3]
2335:Drivers/STM32L4xx_HAL_Driver/Src/stm32l4xx_hal_spi.c ****   {
 4122              		.loc 1 2335 6 view .LVU1457
 4123 01a6 12F0400F 		tst	r2, #64
 4124 01aa 03D1     		bne	.L288
2338:Drivers/STM32L4xx_HAL_Driver/Src/stm32l4xx_hal_spi.c ****   }
 4125              		.loc 1 2338 5 is_stmt 1 view .LVU1458
 4126 01ac 1A68     		ldr	r2, [r3]
 4127 01ae 42F04002 		orr	r2, r2, #64
 4128 01b2 1A60     		str	r2, [r3]
 4129              	.L288:
2341:Drivers/STM32L4xx_HAL_Driver/Src/stm32l4xx_hal_spi.c **** 
 4130              		.loc 1 2341 3 view .LVU1459
 4131 01b4 2268     		ldr	r2, [r4]
 4132 01b6 5368     		ldr	r3, [r2, #4]
 4133 01b8 43F02003 		orr	r3, r3, #32
 4134 01bc 5360     		str	r3, [r2, #4]
2344:Drivers/STM32L4xx_HAL_Driver/Src/stm32l4xx_hal_spi.c **** 
 4135              		.loc 1 2344 3 view .LVU1460
 4136 01be 2268     		ldr	r2, [r4]
 4137 01c0 5368     		ldr	r3, [r2, #4]
 4138 01c2 43F00203 		orr	r3, r3, #2
 4139 01c6 5360     		str	r3, [r2, #4]
 4140 01c8 06E0     		b	.L277
 4141              	.L299:
2328:Drivers/STM32L4xx_HAL_Driver/Src/stm32l4xx_hal_spi.c ****     errorcode = HAL_ERROR;
 4142              		.loc 1 2328 5 view .LVU1461
 4143 01ca 236E     		ldr	r3, [r4, #96]
 4144 01cc 43F01003 		orr	r3, r3, #16
ARM GAS  /tmp/ccEksN7Z.s 			page 174


 4145 01d0 2366     		str	r3, [r4, #96]
2329:Drivers/STM32L4xx_HAL_Driver/Src/stm32l4xx_hal_spi.c **** 
 4146              		.loc 1 2329 5 view .LVU1462
 4147              	.LVL254:
2331:Drivers/STM32L4xx_HAL_Driver/Src/stm32l4xx_hal_spi.c ****   }
 4148              		.loc 1 2331 5 view .LVU1463
2329:Drivers/STM32L4xx_HAL_Driver/Src/stm32l4xx_hal_spi.c **** 
 4149              		.loc 1 2329 15 is_stmt 0 view .LVU1464
 4150 01d2 0120     		movs	r0, #1
2331:Drivers/STM32L4xx_HAL_Driver/Src/stm32l4xx_hal_spi.c ****   }
 4151              		.loc 1 2331 5 view .LVU1465
 4152 01d4 00E0     		b	.L277
 4153              	.LVL255:
 4154              	.L290:
2199:Drivers/STM32L4xx_HAL_Driver/Src/stm32l4xx_hal_spi.c ****     goto error;
 4155              		.loc 1 2199 15 view .LVU1466
 4156 01d6 0220     		movs	r0, #2
 4157              	.LVL256:
 4158              	.L277:
2348:Drivers/STM32L4xx_HAL_Driver/Src/stm32l4xx_hal_spi.c ****   return errorcode;
 4159              		.loc 1 2348 3 is_stmt 1 view .LVU1467
2348:Drivers/STM32L4xx_HAL_Driver/Src/stm32l4xx_hal_spi.c ****   return errorcode;
 4160              		.loc 1 2348 3 view .LVU1468
 4161 01d8 0023     		movs	r3, #0
 4162 01da 84F85C30 		strb	r3, [r4, #92]
2348:Drivers/STM32L4xx_HAL_Driver/Src/stm32l4xx_hal_spi.c ****   return errorcode;
 4163              		.loc 1 2348 3 view .LVU1469
2349:Drivers/STM32L4xx_HAL_Driver/Src/stm32l4xx_hal_spi.c **** }
 4164              		.loc 1 2349 3 view .LVU1470
 4165              	.LVL257:
 4166              	.L275:
2350:Drivers/STM32L4xx_HAL_Driver/Src/stm32l4xx_hal_spi.c **** 
 4167              		.loc 1 2350 1 is_stmt 0 view .LVU1471
 4168 01de 38BD     		pop	{r3, r4, r5, pc}
 4169              	.LVL258:
 4170              	.L291:
2199:Drivers/STM32L4xx_HAL_Driver/Src/stm32l4xx_hal_spi.c ****     goto error;
 4171              		.loc 1 2199 15 view .LVU1472
 4172 01e0 0220     		movs	r0, #2
 4173              	.LVL259:
2199:Drivers/STM32L4xx_HAL_Driver/Src/stm32l4xx_hal_spi.c ****     goto error;
 4174              		.loc 1 2199 15 view .LVU1473
 4175 01e2 F9E7     		b	.L277
 4176              	.LVL260:
 4177              	.L292:
2199:Drivers/STM32L4xx_HAL_Driver/Src/stm32l4xx_hal_spi.c ****     goto error;
 4178              		.loc 1 2199 15 view .LVU1474
 4179 01e4 0220     		movs	r0, #2
 4180              	.LVL261:
2199:Drivers/STM32L4xx_HAL_Driver/Src/stm32l4xx_hal_spi.c ****     goto error;
 4181              		.loc 1 2199 15 view .LVU1475
 4182 01e6 F7E7     		b	.L277
 4183              	.LVL262:
 4184              	.L293:
2205:Drivers/STM32L4xx_HAL_Driver/Src/stm32l4xx_hal_spi.c ****     goto error;
 4185              		.loc 1 2205 15 view .LVU1476
 4186 01e8 0120     		movs	r0, #1
ARM GAS  /tmp/ccEksN7Z.s 			page 175


 4187              	.LVL263:
2205:Drivers/STM32L4xx_HAL_Driver/Src/stm32l4xx_hal_spi.c ****     goto error;
 4188              		.loc 1 2205 15 view .LVU1477
 4189 01ea F5E7     		b	.L277
 4190              	.LVL264:
 4191              	.L294:
2205:Drivers/STM32L4xx_HAL_Driver/Src/stm32l4xx_hal_spi.c ****     goto error;
 4192              		.loc 1 2205 15 view .LVU1478
 4193 01ec 0120     		movs	r0, #1
 4194              	.LVL265:
2205:Drivers/STM32L4xx_HAL_Driver/Src/stm32l4xx_hal_spi.c ****     goto error;
 4195              		.loc 1 2205 15 view .LVU1479
 4196 01ee F3E7     		b	.L277
 4197              	.LVL266:
 4198              	.L295:
2205:Drivers/STM32L4xx_HAL_Driver/Src/stm32l4xx_hal_spi.c ****     goto error;
 4199              		.loc 1 2205 15 view .LVU1480
 4200 01f0 0120     		movs	r0, #1
 4201              	.LVL267:
2205:Drivers/STM32L4xx_HAL_Driver/Src/stm32l4xx_hal_spi.c ****     goto error;
 4202              		.loc 1 2205 15 view .LVU1481
 4203 01f2 F1E7     		b	.L277
 4204              	.LVL268:
 4205              	.L289:
2190:Drivers/STM32L4xx_HAL_Driver/Src/stm32l4xx_hal_spi.c **** 
 4206              		.loc 1 2190 3 discriminator 1 view .LVU1482
 4207 01f4 0220     		movs	r0, #2
 4208 01f6 F2E7     		b	.L275
 4209              	.L301:
 4210              		.align	2
 4211              	.L300:
 4212 01f8 00000000 		.word	SPI_DMAHalfTransmitReceiveCplt
 4213 01fc 00000000 		.word	SPI_DMATransmitReceiveCplt
 4214 0200 00000000 		.word	SPI_DMAError
 4215 0204 00000000 		.word	SPI_DMAHalfReceiveCplt
 4216 0208 00000000 		.word	SPI_DMAReceiveCplt
 4217              		.cfi_endproc
 4218              	.LFE300:
 4220              		.section	.text.HAL_SPI_Receive_DMA,"ax",%progbits
 4221              		.align	1
 4222              		.global	HAL_SPI_Receive_DMA
 4223              		.syntax unified
 4224              		.thumb
 4225              		.thumb_func
 4227              	HAL_SPI_Receive_DMA:
 4228              	.LVL269:
 4229              	.LFB299:
2032:Drivers/STM32L4xx_HAL_Driver/Src/stm32l4xx_hal_spi.c ****   HAL_StatusTypeDef errorcode = HAL_OK;
 4230              		.loc 1 2032 1 is_stmt 1 view -0
 4231              		.cfi_startproc
 4232              		@ args = 0, pretend = 0, frame = 0
 4233              		@ frame_needed = 0, uses_anonymous_args = 0
2032:Drivers/STM32L4xx_HAL_Driver/Src/stm32l4xx_hal_spi.c ****   HAL_StatusTypeDef errorcode = HAL_OK;
 4234              		.loc 1 2032 1 is_stmt 0 view .LVU1484
 4235 0000 38B5     		push	{r3, r4, r5, lr}
 4236              		.cfi_def_cfa_offset 16
 4237              		.cfi_offset 3, -16
ARM GAS  /tmp/ccEksN7Z.s 			page 176


 4238              		.cfi_offset 4, -12
 4239              		.cfi_offset 5, -8
 4240              		.cfi_offset 14, -4
 4241 0002 0446     		mov	r4, r0
2033:Drivers/STM32L4xx_HAL_Driver/Src/stm32l4xx_hal_spi.c **** 
 4242              		.loc 1 2033 3 is_stmt 1 view .LVU1485
 4243              	.LVL270:
2036:Drivers/STM32L4xx_HAL_Driver/Src/stm32l4xx_hal_spi.c **** 
 4244              		.loc 1 2036 3 view .LVU1486
2038:Drivers/STM32L4xx_HAL_Driver/Src/stm32l4xx_hal_spi.c ****   {
 4245              		.loc 1 2038 3 view .LVU1487
2038:Drivers/STM32L4xx_HAL_Driver/Src/stm32l4xx_hal_spi.c ****   {
 4246              		.loc 1 2038 11 is_stmt 0 view .LVU1488
 4247 0004 90F85D50 		ldrb	r5, [r0, #93]	@ zero_extendqisi2
 4248 0008 EDB2     		uxtb	r5, r5
2038:Drivers/STM32L4xx_HAL_Driver/Src/stm32l4xx_hal_spi.c ****   {
 4249              		.loc 1 2038 6 view .LVU1489
 4250 000a 012D     		cmp	r5, #1
 4251 000c 40F0A780 		bne	.L312
2044:Drivers/STM32L4xx_HAL_Driver/Src/stm32l4xx_hal_spi.c ****   {
 4252              		.loc 1 2044 3 is_stmt 1 view .LVU1490
2044:Drivers/STM32L4xx_HAL_Driver/Src/stm32l4xx_hal_spi.c ****   {
 4253              		.loc 1 2044 18 is_stmt 0 view .LVU1491
 4254 0010 8068     		ldr	r0, [r0, #8]
 4255              	.LVL271:
2044:Drivers/STM32L4xx_HAL_Driver/Src/stm32l4xx_hal_spi.c ****   {
 4256              		.loc 1 2044 6 view .LVU1492
 4257 0012 18B9     		cbnz	r0, .L304
2044:Drivers/STM32L4xx_HAL_Driver/Src/stm32l4xx_hal_spi.c ****   {
 4258              		.loc 1 2044 68 discriminator 1 view .LVU1493
 4259 0014 6368     		ldr	r3, [r4, #4]
2044:Drivers/STM32L4xx_HAL_Driver/Src/stm32l4xx_hal_spi.c ****   {
 4260              		.loc 1 2044 54 discriminator 1 view .LVU1494
 4261 0016 B3F5827F 		cmp	r3, #260
 4262 001a 59D0     		beq	.L315
 4263              	.L304:
2056:Drivers/STM32L4xx_HAL_Driver/Src/stm32l4xx_hal_spi.c **** 
 4264              		.loc 1 2056 3 is_stmt 1 view .LVU1495
2056:Drivers/STM32L4xx_HAL_Driver/Src/stm32l4xx_hal_spi.c **** 
 4265              		.loc 1 2056 3 view .LVU1496
 4266 001c 94F85C30 		ldrb	r3, [r4, #92]	@ zero_extendqisi2
 4267 0020 012B     		cmp	r3, #1
 4268 0022 00F0A280 		beq	.L313
2056:Drivers/STM32L4xx_HAL_Driver/Src/stm32l4xx_hal_spi.c **** 
 4269              		.loc 1 2056 3 discriminator 2 view .LVU1497
 4270 0026 0123     		movs	r3, #1
 4271 0028 84F85C30 		strb	r3, [r4, #92]
2056:Drivers/STM32L4xx_HAL_Driver/Src/stm32l4xx_hal_spi.c **** 
 4272              		.loc 1 2056 3 discriminator 2 view .LVU1498
2058:Drivers/STM32L4xx_HAL_Driver/Src/stm32l4xx_hal_spi.c ****   {
 4273              		.loc 1 2058 3 view .LVU1499
2058:Drivers/STM32L4xx_HAL_Driver/Src/stm32l4xx_hal_spi.c ****   {
 4274              		.loc 1 2058 6 is_stmt 0 view .LVU1500
 4275 002c 0029     		cmp	r1, #0
 4276 002e 00F09780 		beq	.L303
2058:Drivers/STM32L4xx_HAL_Driver/Src/stm32l4xx_hal_spi.c ****   {
 4277              		.loc 1 2058 23 discriminator 1 view .LVU1501
ARM GAS  /tmp/ccEksN7Z.s 			page 177


 4278 0032 002A     		cmp	r2, #0
 4279 0034 00F09480 		beq	.L303
2065:Drivers/STM32L4xx_HAL_Driver/Src/stm32l4xx_hal_spi.c ****   hspi->ErrorCode   = HAL_SPI_ERROR_NONE;
 4280              		.loc 1 2065 3 is_stmt 1 view .LVU1502
2065:Drivers/STM32L4xx_HAL_Driver/Src/stm32l4xx_hal_spi.c ****   hspi->ErrorCode   = HAL_SPI_ERROR_NONE;
 4281              		.loc 1 2065 21 is_stmt 0 view .LVU1503
 4282 0038 0423     		movs	r3, #4
 4283 003a 84F85D30 		strb	r3, [r4, #93]
2066:Drivers/STM32L4xx_HAL_Driver/Src/stm32l4xx_hal_spi.c ****   hspi->pRxBuffPtr  = (uint8_t *)pData;
 4284              		.loc 1 2066 3 is_stmt 1 view .LVU1504
2066:Drivers/STM32L4xx_HAL_Driver/Src/stm32l4xx_hal_spi.c ****   hspi->pRxBuffPtr  = (uint8_t *)pData;
 4285              		.loc 1 2066 21 is_stmt 0 view .LVU1505
 4286 003e 0023     		movs	r3, #0
 4287 0040 2366     		str	r3, [r4, #96]
2067:Drivers/STM32L4xx_HAL_Driver/Src/stm32l4xx_hal_spi.c ****   hspi->RxXferSize  = Size;
 4288              		.loc 1 2067 3 is_stmt 1 view .LVU1506
2067:Drivers/STM32L4xx_HAL_Driver/Src/stm32l4xx_hal_spi.c ****   hspi->RxXferSize  = Size;
 4289              		.loc 1 2067 21 is_stmt 0 view .LVU1507
 4290 0042 2164     		str	r1, [r4, #64]
2068:Drivers/STM32L4xx_HAL_Driver/Src/stm32l4xx_hal_spi.c ****   hspi->RxXferCount = Size;
 4291              		.loc 1 2068 3 is_stmt 1 view .LVU1508
2068:Drivers/STM32L4xx_HAL_Driver/Src/stm32l4xx_hal_spi.c ****   hspi->RxXferCount = Size;
 4292              		.loc 1 2068 21 is_stmt 0 view .LVU1509
 4293 0044 A4F84420 		strh	r2, [r4, #68]	@ movhi
2069:Drivers/STM32L4xx_HAL_Driver/Src/stm32l4xx_hal_spi.c **** 
 4294              		.loc 1 2069 3 is_stmt 1 view .LVU1510
2069:Drivers/STM32L4xx_HAL_Driver/Src/stm32l4xx_hal_spi.c **** 
 4295              		.loc 1 2069 21 is_stmt 0 view .LVU1511
 4296 0048 A4F84620 		strh	r2, [r4, #70]	@ movhi
2072:Drivers/STM32L4xx_HAL_Driver/Src/stm32l4xx_hal_spi.c ****   hspi->TxISR       = NULL;
 4297              		.loc 1 2072 3 is_stmt 1 view .LVU1512
2072:Drivers/STM32L4xx_HAL_Driver/Src/stm32l4xx_hal_spi.c ****   hspi->TxISR       = NULL;
 4298              		.loc 1 2072 21 is_stmt 0 view .LVU1513
 4299 004c E364     		str	r3, [r4, #76]
2073:Drivers/STM32L4xx_HAL_Driver/Src/stm32l4xx_hal_spi.c ****   hspi->TxXferSize  = 0U;
 4300              		.loc 1 2073 3 is_stmt 1 view .LVU1514
2073:Drivers/STM32L4xx_HAL_Driver/Src/stm32l4xx_hal_spi.c ****   hspi->TxXferSize  = 0U;
 4301              		.loc 1 2073 21 is_stmt 0 view .LVU1515
 4302 004e 2365     		str	r3, [r4, #80]
2074:Drivers/STM32L4xx_HAL_Driver/Src/stm32l4xx_hal_spi.c ****   hspi->TxXferCount = 0U;
 4303              		.loc 1 2074 3 is_stmt 1 view .LVU1516
2074:Drivers/STM32L4xx_HAL_Driver/Src/stm32l4xx_hal_spi.c ****   hspi->TxXferCount = 0U;
 4304              		.loc 1 2074 21 is_stmt 0 view .LVU1517
 4305 0050 A387     		strh	r3, [r4, #60]	@ movhi
2075:Drivers/STM32L4xx_HAL_Driver/Src/stm32l4xx_hal_spi.c **** 
 4306              		.loc 1 2075 3 is_stmt 1 view .LVU1518
2075:Drivers/STM32L4xx_HAL_Driver/Src/stm32l4xx_hal_spi.c **** 
 4307              		.loc 1 2075 21 is_stmt 0 view .LVU1519
 4308 0052 E387     		strh	r3, [r4, #62]	@ movhi
2078:Drivers/STM32L4xx_HAL_Driver/Src/stm32l4xx_hal_spi.c ****   {
 4309              		.loc 1 2078 3 is_stmt 1 view .LVU1520
2078:Drivers/STM32L4xx_HAL_Driver/Src/stm32l4xx_hal_spi.c ****   {
 4310              		.loc 1 2078 6 is_stmt 0 view .LVU1521
 4311 0054 B0F5004F 		cmp	r0, #32768
 4312 0058 44D0     		beq	.L316
 4313              	.LVL272:
 4314              	.L306:
ARM GAS  /tmp/ccEksN7Z.s 			page 178


2094:Drivers/STM32L4xx_HAL_Driver/Src/stm32l4xx_hal_spi.c ****   if (hspi->Init.DataSize > SPI_DATASIZE_8BIT)
 4315              		.loc 1 2094 3 is_stmt 1 view .LVU1522
 4316 005a 2268     		ldr	r2, [r4]
 4317 005c 5368     		ldr	r3, [r2, #4]
 4318 005e 23F40053 		bic	r3, r3, #8192
 4319 0062 5360     		str	r3, [r2, #4]
2095:Drivers/STM32L4xx_HAL_Driver/Src/stm32l4xx_hal_spi.c ****   {
 4320              		.loc 1 2095 3 view .LVU1523
2095:Drivers/STM32L4xx_HAL_Driver/Src/stm32l4xx_hal_spi.c ****   {
 4321              		.loc 1 2095 17 is_stmt 0 view .LVU1524
 4322 0064 E368     		ldr	r3, [r4, #12]
2095:Drivers/STM32L4xx_HAL_Driver/Src/stm32l4xx_hal_spi.c ****   {
 4323              		.loc 1 2095 6 view .LVU1525
 4324 0066 B3F5E06F 		cmp	r3, #1792
 4325 006a 46D9     		bls	.L307
2098:Drivers/STM32L4xx_HAL_Driver/Src/stm32l4xx_hal_spi.c ****   }
 4326              		.loc 1 2098 5 is_stmt 1 view .LVU1526
 4327 006c 2268     		ldr	r2, [r4]
 4328 006e 5368     		ldr	r3, [r2, #4]
 4329 0070 23F48053 		bic	r3, r3, #4096
 4330 0074 5360     		str	r3, [r2, #4]
 4331              	.L308:
2124:Drivers/STM32L4xx_HAL_Driver/Src/stm32l4xx_hal_spi.c **** 
 4332              		.loc 1 2124 3 view .LVU1527
2124:Drivers/STM32L4xx_HAL_Driver/Src/stm32l4xx_hal_spi.c **** 
 4333              		.loc 1 2124 7 is_stmt 0 view .LVU1528
 4334 0076 A36D     		ldr	r3, [r4, #88]
2124:Drivers/STM32L4xx_HAL_Driver/Src/stm32l4xx_hal_spi.c **** 
 4335              		.loc 1 2124 38 view .LVU1529
 4336 0078 3D4A     		ldr	r2, .L318
 4337 007a 1A63     		str	r2, [r3, #48]
2127:Drivers/STM32L4xx_HAL_Driver/Src/stm32l4xx_hal_spi.c **** 
 4338              		.loc 1 2127 3 is_stmt 1 view .LVU1530
2127:Drivers/STM32L4xx_HAL_Driver/Src/stm32l4xx_hal_spi.c **** 
 4339              		.loc 1 2127 7 is_stmt 0 view .LVU1531
 4340 007c A36D     		ldr	r3, [r4, #88]
2127:Drivers/STM32L4xx_HAL_Driver/Src/stm32l4xx_hal_spi.c **** 
 4341              		.loc 1 2127 34 view .LVU1532
 4342 007e 3D4A     		ldr	r2, .L318+4
 4343 0080 DA62     		str	r2, [r3, #44]
2130:Drivers/STM32L4xx_HAL_Driver/Src/stm32l4xx_hal_spi.c **** 
 4344              		.loc 1 2130 3 is_stmt 1 view .LVU1533
2130:Drivers/STM32L4xx_HAL_Driver/Src/stm32l4xx_hal_spi.c **** 
 4345              		.loc 1 2130 7 is_stmt 0 view .LVU1534
 4346 0082 A36D     		ldr	r3, [r4, #88]
2130:Drivers/STM32L4xx_HAL_Driver/Src/stm32l4xx_hal_spi.c **** 
 4347              		.loc 1 2130 35 view .LVU1535
 4348 0084 3C4A     		ldr	r2, .L318+8
 4349 0086 5A63     		str	r2, [r3, #52]
2133:Drivers/STM32L4xx_HAL_Driver/Src/stm32l4xx_hal_spi.c **** 
 4350              		.loc 1 2133 3 is_stmt 1 view .LVU1536
2133:Drivers/STM32L4xx_HAL_Driver/Src/stm32l4xx_hal_spi.c **** 
 4351              		.loc 1 2133 7 is_stmt 0 view .LVU1537
 4352 0088 A36D     		ldr	r3, [r4, #88]
2133:Drivers/STM32L4xx_HAL_Driver/Src/stm32l4xx_hal_spi.c **** 
 4353              		.loc 1 2133 35 view .LVU1538
 4354 008a 0022     		movs	r2, #0
ARM GAS  /tmp/ccEksN7Z.s 			page 179


 4355 008c 9A63     		str	r2, [r3, #56]
2136:Drivers/STM32L4xx_HAL_Driver/Src/stm32l4xx_hal_spi.c ****                                  hspi->RxXferCount))
 4356              		.loc 1 2136 3 is_stmt 1 view .LVU1539
2136:Drivers/STM32L4xx_HAL_Driver/Src/stm32l4xx_hal_spi.c ****                                  hspi->RxXferCount))
 4357              		.loc 1 2136 63 is_stmt 0 view .LVU1540
 4358 008e 2168     		ldr	r1, [r4]
 4359              	.LVL273:
2137:Drivers/STM32L4xx_HAL_Driver/Src/stm32l4xx_hal_spi.c ****   {
 4360              		.loc 1 2137 38 view .LVU1541
 4361 0090 B4F84630 		ldrh	r3, [r4, #70]
2136:Drivers/STM32L4xx_HAL_Driver/Src/stm32l4xx_hal_spi.c ****                                  hspi->RxXferCount))
 4362              		.loc 1 2136 17 view .LVU1542
 4363 0094 9BB2     		uxth	r3, r3
 4364 0096 226C     		ldr	r2, [r4, #64]
 4365 0098 0C31     		adds	r1, r1, #12
 4366 009a A06D     		ldr	r0, [r4, #88]
 4367 009c FFF7FEFF 		bl	HAL_DMA_Start_IT
 4368              	.LVL274:
2136:Drivers/STM32L4xx_HAL_Driver/Src/stm32l4xx_hal_spi.c ****                                  hspi->RxXferCount))
 4369              		.loc 1 2136 6 discriminator 1 view .LVU1543
 4370 00a0 0146     		mov	r1, r0
 4371 00a2 0028     		cmp	r0, #0
 4372 00a4 56D1     		bne	.L317
2147:Drivers/STM32L4xx_HAL_Driver/Src/stm32l4xx_hal_spi.c ****   {
 4373              		.loc 1 2147 3 is_stmt 1 view .LVU1544
2147:Drivers/STM32L4xx_HAL_Driver/Src/stm32l4xx_hal_spi.c ****   {
 4374              		.loc 1 2147 12 is_stmt 0 view .LVU1545
 4375 00a6 2368     		ldr	r3, [r4]
2147:Drivers/STM32L4xx_HAL_Driver/Src/stm32l4xx_hal_spi.c ****   {
 4376              		.loc 1 2147 22 view .LVU1546
 4377 00a8 1A68     		ldr	r2, [r3]
2147:Drivers/STM32L4xx_HAL_Driver/Src/stm32l4xx_hal_spi.c ****   {
 4378              		.loc 1 2147 6 view .LVU1547
 4379 00aa 12F0400F 		tst	r2, #64
 4380 00ae 03D1     		bne	.L311
2150:Drivers/STM32L4xx_HAL_Driver/Src/stm32l4xx_hal_spi.c ****   }
 4381              		.loc 1 2150 5 is_stmt 1 view .LVU1548
 4382 00b0 1A68     		ldr	r2, [r3]
 4383 00b2 42F04002 		orr	r2, r2, #64
 4384 00b6 1A60     		str	r2, [r3]
 4385              	.L311:
2154:Drivers/STM32L4xx_HAL_Driver/Src/stm32l4xx_hal_spi.c **** 
 4386              		.loc 1 2154 3 view .LVU1549
 4387 00b8 2268     		ldr	r2, [r4]
 4388 00ba 5368     		ldr	r3, [r2, #4]
 4389 00bc 43F02003 		orr	r3, r3, #32
 4390 00c0 5360     		str	r3, [r2, #4]
2157:Drivers/STM32L4xx_HAL_Driver/Src/stm32l4xx_hal_spi.c **** 
 4391              		.loc 1 2157 3 view .LVU1550
 4392 00c2 2268     		ldr	r2, [r4]
 4393 00c4 5368     		ldr	r3, [r2, #4]
 4394 00c6 43F00103 		orr	r3, r3, #1
 4395 00ca 5360     		str	r3, [r2, #4]
2033:Drivers/STM32L4xx_HAL_Driver/Src/stm32l4xx_hal_spi.c **** 
 4396              		.loc 1 2033 21 is_stmt 0 view .LVU1551
 4397 00cc 0D46     		mov	r5, r1
 4398 00ce 47E0     		b	.L303
ARM GAS  /tmp/ccEksN7Z.s 			page 180


 4399              	.LVL275:
 4400              	.L315:
2046:Drivers/STM32L4xx_HAL_Driver/Src/stm32l4xx_hal_spi.c **** 
 4401              		.loc 1 2046 5 is_stmt 1 view .LVU1552
2046:Drivers/STM32L4xx_HAL_Driver/Src/stm32l4xx_hal_spi.c **** 
 4402              		.loc 1 2046 17 is_stmt 0 view .LVU1553
 4403 00d0 0423     		movs	r3, #4
 4404 00d2 84F85D30 		strb	r3, [r4, #93]
2049:Drivers/STM32L4xx_HAL_Driver/Src/stm32l4xx_hal_spi.c **** 
 4405              		.loc 1 2049 5 is_stmt 1 view .LVU1554
2052:Drivers/STM32L4xx_HAL_Driver/Src/stm32l4xx_hal_spi.c ****   }
 4406              		.loc 1 2052 5 view .LVU1555
2052:Drivers/STM32L4xx_HAL_Driver/Src/stm32l4xx_hal_spi.c ****   }
 4407              		.loc 1 2052 12 is_stmt 0 view .LVU1556
 4408 00d6 1346     		mov	r3, r2
 4409 00d8 0A46     		mov	r2, r1
 4410              	.LVL276:
2052:Drivers/STM32L4xx_HAL_Driver/Src/stm32l4xx_hal_spi.c ****   }
 4411              		.loc 1 2052 12 view .LVU1557
 4412 00da 2046     		mov	r0, r4
 4413 00dc FFF7FEFF 		bl	HAL_SPI_TransmitReceive_DMA
 4414              	.LVL277:
2052:Drivers/STM32L4xx_HAL_Driver/Src/stm32l4xx_hal_spi.c ****   }
 4415              		.loc 1 2052 12 view .LVU1558
 4416 00e0 0546     		mov	r5, r0
 4417 00e2 40E0     		b	.L305
 4418              	.LVL278:
 4419              	.L316:
2081:Drivers/STM32L4xx_HAL_Driver/Src/stm32l4xx_hal_spi.c ****     SPI_1LINE_RX(hspi);
 4420              		.loc 1 2081 5 is_stmt 1 view .LVU1559
 4421 00e4 2268     		ldr	r2, [r4]
 4422              	.LVL279:
2081:Drivers/STM32L4xx_HAL_Driver/Src/stm32l4xx_hal_spi.c ****     SPI_1LINE_RX(hspi);
 4423              		.loc 1 2081 5 is_stmt 0 view .LVU1560
 4424 00e6 1368     		ldr	r3, [r2]
 4425 00e8 23F04003 		bic	r3, r3, #64
 4426 00ec 1360     		str	r3, [r2]
 4427              	.LVL280:
2082:Drivers/STM32L4xx_HAL_Driver/Src/stm32l4xx_hal_spi.c ****   }
 4428              		.loc 1 2082 5 is_stmt 1 view .LVU1561
 4429 00ee 2268     		ldr	r2, [r4]
 4430 00f0 1368     		ldr	r3, [r2]
 4431 00f2 23F48043 		bic	r3, r3, #16384
 4432 00f6 1360     		str	r3, [r2]
 4433 00f8 AFE7     		b	.L306
 4434              	.L307:
2103:Drivers/STM32L4xx_HAL_Driver/Src/stm32l4xx_hal_spi.c **** 
 4435              		.loc 1 2103 5 view .LVU1562
 4436 00fa 2268     		ldr	r2, [r4]
 4437 00fc 5368     		ldr	r3, [r2, #4]
 4438 00fe 43F48053 		orr	r3, r3, #4096
 4439 0102 5360     		str	r3, [r2, #4]
2105:Drivers/STM32L4xx_HAL_Driver/Src/stm32l4xx_hal_spi.c ****     {
 4440              		.loc 1 2105 5 view .LVU1563
2105:Drivers/STM32L4xx_HAL_Driver/Src/stm32l4xx_hal_spi.c ****     {
 4441              		.loc 1 2105 13 is_stmt 0 view .LVU1564
 4442 0104 A36D     		ldr	r3, [r4, #88]
ARM GAS  /tmp/ccEksN7Z.s 			page 181


2105:Drivers/STM32L4xx_HAL_Driver/Src/stm32l4xx_hal_spi.c ****     {
 4443              		.loc 1 2105 27 view .LVU1565
 4444 0106 9B69     		ldr	r3, [r3, #24]
2105:Drivers/STM32L4xx_HAL_Driver/Src/stm32l4xx_hal_spi.c ****     {
 4445              		.loc 1 2105 8 view .LVU1566
 4446 0108 B3F5806F 		cmp	r3, #1024
 4447 010c B3D1     		bne	.L308
2108:Drivers/STM32L4xx_HAL_Driver/Src/stm32l4xx_hal_spi.c **** 
 4448              		.loc 1 2108 7 is_stmt 1 view .LVU1567
 4449 010e 2268     		ldr	r2, [r4]
 4450 0110 5368     		ldr	r3, [r2, #4]
 4451 0112 23F48053 		bic	r3, r3, #4096
 4452 0116 5360     		str	r3, [r2, #4]
2110:Drivers/STM32L4xx_HAL_Driver/Src/stm32l4xx_hal_spi.c ****       {
 4453              		.loc 1 2110 7 view .LVU1568
2110:Drivers/STM32L4xx_HAL_Driver/Src/stm32l4xx_hal_spi.c ****       {
 4454              		.loc 1 2110 16 is_stmt 0 view .LVU1569
 4455 0118 B4F84630 		ldrh	r3, [r4, #70]
2110:Drivers/STM32L4xx_HAL_Driver/Src/stm32l4xx_hal_spi.c ****       {
 4456              		.loc 1 2110 10 view .LVU1570
 4457 011c 13F0010F 		tst	r3, #1
 4458 0120 0BD1     		bne	.L309
2112:Drivers/STM32L4xx_HAL_Driver/Src/stm32l4xx_hal_spi.c ****         hspi->RxXferCount = hspi->RxXferCount >> 1U;
 4459              		.loc 1 2112 9 is_stmt 1 view .LVU1571
 4460 0122 2268     		ldr	r2, [r4]
 4461 0124 5368     		ldr	r3, [r2, #4]
 4462 0126 23F40053 		bic	r3, r3, #8192
 4463 012a 5360     		str	r3, [r2, #4]
2113:Drivers/STM32L4xx_HAL_Driver/Src/stm32l4xx_hal_spi.c ****       }
 4464              		.loc 1 2113 9 view .LVU1572
2113:Drivers/STM32L4xx_HAL_Driver/Src/stm32l4xx_hal_spi.c ****       }
 4465              		.loc 1 2113 33 is_stmt 0 view .LVU1573
 4466 012c B4F84630 		ldrh	r3, [r4, #70]
2113:Drivers/STM32L4xx_HAL_Driver/Src/stm32l4xx_hal_spi.c ****       }
 4467              		.loc 1 2113 27 view .LVU1574
 4468 0130 C3F34E03 		ubfx	r3, r3, #1, #15
 4469 0134 A4F84630 		strh	r3, [r4, #70]	@ movhi
 4470 0138 9DE7     		b	.L308
 4471              	.L309:
2117:Drivers/STM32L4xx_HAL_Driver/Src/stm32l4xx_hal_spi.c ****         hspi->RxXferCount = (hspi->RxXferCount >> 1U) + 1U;
 4472              		.loc 1 2117 9 is_stmt 1 view .LVU1575
 4473 013a 2268     		ldr	r2, [r4]
 4474 013c 5368     		ldr	r3, [r2, #4]
 4475 013e 43F40053 		orr	r3, r3, #8192
 4476 0142 5360     		str	r3, [r2, #4]
2118:Drivers/STM32L4xx_HAL_Driver/Src/stm32l4xx_hal_spi.c ****       }
 4477              		.loc 1 2118 9 view .LVU1576
2118:Drivers/STM32L4xx_HAL_Driver/Src/stm32l4xx_hal_spi.c ****       }
 4478              		.loc 1 2118 34 is_stmt 0 view .LVU1577
 4479 0144 B4F84630 		ldrh	r3, [r4, #70]
2118:Drivers/STM32L4xx_HAL_Driver/Src/stm32l4xx_hal_spi.c ****       }
 4480              		.loc 1 2118 55 view .LVU1578
 4481 0148 C3F34E03 		ubfx	r3, r3, #1, #15
 4482 014c 0133     		adds	r3, r3, #1
2118:Drivers/STM32L4xx_HAL_Driver/Src/stm32l4xx_hal_spi.c ****       }
 4483              		.loc 1 2118 27 view .LVU1579
 4484 014e A4F84630 		strh	r3, [r4, #70]	@ movhi
ARM GAS  /tmp/ccEksN7Z.s 			page 182


 4485 0152 90E7     		b	.L308
 4486              	.LVL281:
 4487              	.L317:
2140:Drivers/STM32L4xx_HAL_Driver/Src/stm32l4xx_hal_spi.c ****     errorcode = HAL_ERROR;
 4488              		.loc 1 2140 5 is_stmt 1 view .LVU1580
 4489 0154 236E     		ldr	r3, [r4, #96]
 4490 0156 43F01003 		orr	r3, r3, #16
 4491 015a 2366     		str	r3, [r4, #96]
2141:Drivers/STM32L4xx_HAL_Driver/Src/stm32l4xx_hal_spi.c **** 
 4492              		.loc 1 2141 5 view .LVU1581
 4493              	.LVL282:
2143:Drivers/STM32L4xx_HAL_Driver/Src/stm32l4xx_hal_spi.c ****   }
 4494              		.loc 1 2143 5 view .LVU1582
 4495 015c 00E0     		b	.L303
 4496              	.LVL283:
 4497              	.L312:
2040:Drivers/STM32L4xx_HAL_Driver/Src/stm32l4xx_hal_spi.c ****     goto error;
 4498              		.loc 1 2040 15 is_stmt 0 view .LVU1583
 4499 015e 0225     		movs	r5, #2
 4500              	.LVL284:
 4501              	.L303:
2161:Drivers/STM32L4xx_HAL_Driver/Src/stm32l4xx_hal_spi.c ****   return errorcode;
 4502              		.loc 1 2161 3 is_stmt 1 view .LVU1584
2161:Drivers/STM32L4xx_HAL_Driver/Src/stm32l4xx_hal_spi.c ****   return errorcode;
 4503              		.loc 1 2161 3 view .LVU1585
 4504 0160 0023     		movs	r3, #0
 4505 0162 84F85C30 		strb	r3, [r4, #92]
2161:Drivers/STM32L4xx_HAL_Driver/Src/stm32l4xx_hal_spi.c ****   return errorcode;
 4506              		.loc 1 2161 3 view .LVU1586
2162:Drivers/STM32L4xx_HAL_Driver/Src/stm32l4xx_hal_spi.c **** }
 4507              		.loc 1 2162 3 view .LVU1587
 4508              	.LVL285:
 4509              	.L305:
2163:Drivers/STM32L4xx_HAL_Driver/Src/stm32l4xx_hal_spi.c **** 
 4510              		.loc 1 2163 1 is_stmt 0 view .LVU1588
 4511 0166 2846     		mov	r0, r5
 4512 0168 38BD     		pop	{r3, r4, r5, pc}
 4513              	.LVL286:
 4514              	.L313:
2056:Drivers/STM32L4xx_HAL_Driver/Src/stm32l4xx_hal_spi.c **** 
 4515              		.loc 1 2056 3 discriminator 1 view .LVU1589
 4516 016a 0225     		movs	r5, #2
 4517 016c FBE7     		b	.L305
 4518              	.L319:
 4519 016e 00BF     		.align	2
 4520              	.L318:
 4521 0170 00000000 		.word	SPI_DMAHalfReceiveCplt
 4522 0174 00000000 		.word	SPI_DMAReceiveCplt
 4523 0178 00000000 		.word	SPI_DMAError
 4524              		.cfi_endproc
 4525              	.LFE299:
 4527              		.section	.text.HAL_SPI_Abort,"ax",%progbits
 4528              		.align	1
 4529              		.global	HAL_SPI_Abort
 4530              		.syntax unified
 4531              		.thumb
 4532              		.thumb_func
ARM GAS  /tmp/ccEksN7Z.s 			page 183


 4534              	HAL_SPI_Abort:
 4535              	.LVL287:
 4536              	.LFB301:
2366:Drivers/STM32L4xx_HAL_Driver/Src/stm32l4xx_hal_spi.c ****   HAL_StatusTypeDef errorcode;
 4537              		.loc 1 2366 1 is_stmt 1 view -0
 4538              		.cfi_startproc
 4539              		@ args = 0, pretend = 0, frame = 16
 4540              		@ frame_needed = 0, uses_anonymous_args = 0
2366:Drivers/STM32L4xx_HAL_Driver/Src/stm32l4xx_hal_spi.c ****   HAL_StatusTypeDef errorcode;
 4541              		.loc 1 2366 1 is_stmt 0 view .LVU1591
 4542 0000 10B5     		push	{r4, lr}
 4543              		.cfi_def_cfa_offset 8
 4544              		.cfi_offset 4, -8
 4545              		.cfi_offset 14, -4
 4546 0002 86B0     		sub	sp, sp, #24
 4547              		.cfi_def_cfa_offset 32
 4548 0004 0446     		mov	r4, r0
2367:Drivers/STM32L4xx_HAL_Driver/Src/stm32l4xx_hal_spi.c ****   __IO uint32_t count;
 4549              		.loc 1 2367 3 is_stmt 1 view .LVU1592
2368:Drivers/STM32L4xx_HAL_Driver/Src/stm32l4xx_hal_spi.c ****   __IO uint32_t resetcount;
 4550              		.loc 1 2368 3 view .LVU1593
2369:Drivers/STM32L4xx_HAL_Driver/Src/stm32l4xx_hal_spi.c **** 
 4551              		.loc 1 2369 3 view .LVU1594
2372:Drivers/STM32L4xx_HAL_Driver/Src/stm32l4xx_hal_spi.c ****   resetcount = SPI_DEFAULT_TIMEOUT * (SystemCoreClock / 24U / 1000U);
 4552              		.loc 1 2372 3 view .LVU1595
 4553              	.LVL288:
2373:Drivers/STM32L4xx_HAL_Driver/Src/stm32l4xx_hal_spi.c ****   count = resetcount;
 4554              		.loc 1 2373 3 view .LVU1596
2373:Drivers/STM32L4xx_HAL_Driver/Src/stm32l4xx_hal_spi.c ****   count = resetcount;
 4555              		.loc 1 2373 61 is_stmt 0 view .LVU1597
 4556 0006 5E4B     		ldr	r3, .L341
 4557 0008 1B68     		ldr	r3, [r3]
 4558 000a 5E4A     		ldr	r2, .L341+4
 4559 000c A2FB0323 		umull	r2, r3, r2, r3
 4560 0010 5B0A     		lsrs	r3, r3, #9
2373:Drivers/STM32L4xx_HAL_Driver/Src/stm32l4xx_hal_spi.c ****   count = resetcount;
 4561              		.loc 1 2373 36 view .LVU1598
 4562 0012 6422     		movs	r2, #100
 4563 0014 02FB03F3 		mul	r3, r2, r3
2373:Drivers/STM32L4xx_HAL_Driver/Src/stm32l4xx_hal_spi.c ****   count = resetcount;
 4564              		.loc 1 2373 14 view .LVU1599
 4565 0018 0493     		str	r3, [sp, #16]
2374:Drivers/STM32L4xx_HAL_Driver/Src/stm32l4xx_hal_spi.c **** 
 4566              		.loc 1 2374 3 is_stmt 1 view .LVU1600
2374:Drivers/STM32L4xx_HAL_Driver/Src/stm32l4xx_hal_spi.c **** 
 4567              		.loc 1 2374 9 is_stmt 0 view .LVU1601
 4568 001a 049B     		ldr	r3, [sp, #16]
 4569 001c 0593     		str	r3, [sp, #20]
2377:Drivers/STM32L4xx_HAL_Driver/Src/stm32l4xx_hal_spi.c **** 
 4570              		.loc 1 2377 3 is_stmt 1 view .LVU1602
 4571 001e 0268     		ldr	r2, [r0]
 4572 0020 5368     		ldr	r3, [r2, #4]
 4573 0022 23F02003 		bic	r3, r3, #32
 4574 0026 5360     		str	r3, [r2, #4]
2380:Drivers/STM32L4xx_HAL_Driver/Src/stm32l4xx_hal_spi.c ****   {
 4575              		.loc 1 2380 3 view .LVU1603
2380:Drivers/STM32L4xx_HAL_Driver/Src/stm32l4xx_hal_spi.c ****   {
ARM GAS  /tmp/ccEksN7Z.s 			page 184


 4576              		.loc 1 2380 7 is_stmt 0 view .LVU1604
 4577 0028 0268     		ldr	r2, [r0]
 4578 002a 5368     		ldr	r3, [r2, #4]
2380:Drivers/STM32L4xx_HAL_Driver/Src/stm32l4xx_hal_spi.c ****   {
 4579              		.loc 1 2380 6 view .LVU1605
 4580 002c 13F0800F 		tst	r3, #128
 4581 0030 12D0     		beq	.L321
2382:Drivers/STM32L4xx_HAL_Driver/Src/stm32l4xx_hal_spi.c ****     /* Wait HAL_SPI_STATE_ABORT state */
 4582              		.loc 1 2382 5 is_stmt 1 view .LVU1606
2382:Drivers/STM32L4xx_HAL_Driver/Src/stm32l4xx_hal_spi.c ****     /* Wait HAL_SPI_STATE_ABORT state */
 4583              		.loc 1 2382 17 is_stmt 0 view .LVU1607
 4584 0032 554B     		ldr	r3, .L341+8
 4585 0034 0365     		str	r3, [r0, #80]
 4586              	.L324:
2384:Drivers/STM32L4xx_HAL_Driver/Src/stm32l4xx_hal_spi.c ****     {
 4587              		.loc 1 2384 5 is_stmt 1 view .LVU1608
2386:Drivers/STM32L4xx_HAL_Driver/Src/stm32l4xx_hal_spi.c ****       {
 4588              		.loc 1 2386 7 view .LVU1609
2386:Drivers/STM32L4xx_HAL_Driver/Src/stm32l4xx_hal_spi.c ****       {
 4589              		.loc 1 2386 17 is_stmt 0 view .LVU1610
 4590 0036 059B     		ldr	r3, [sp, #20]
2386:Drivers/STM32L4xx_HAL_Driver/Src/stm32l4xx_hal_spi.c ****       {
 4591              		.loc 1 2386 10 view .LVU1611
 4592 0038 43B1     		cbz	r3, .L339
2391:Drivers/STM32L4xx_HAL_Driver/Src/stm32l4xx_hal_spi.c ****     } while (hspi->State != HAL_SPI_STATE_ABORT);
 4593              		.loc 1 2391 7 is_stmt 1 view .LVU1612
2391:Drivers/STM32L4xx_HAL_Driver/Src/stm32l4xx_hal_spi.c ****     } while (hspi->State != HAL_SPI_STATE_ABORT);
 4594              		.loc 1 2391 12 is_stmt 0 view .LVU1613
 4595 003a 059B     		ldr	r3, [sp, #20]
 4596 003c 013B     		subs	r3, r3, #1
 4597 003e 0593     		str	r3, [sp, #20]
2392:Drivers/STM32L4xx_HAL_Driver/Src/stm32l4xx_hal_spi.c ****     /* Reset Timeout Counter */
 4598              		.loc 1 2392 26 is_stmt 1 view .LVU1614
2392:Drivers/STM32L4xx_HAL_Driver/Src/stm32l4xx_hal_spi.c ****     /* Reset Timeout Counter */
 4599              		.loc 1 2392 18 is_stmt 0 view .LVU1615
 4600 0040 94F85D30 		ldrb	r3, [r4, #93]	@ zero_extendqisi2
 4601 0044 DBB2     		uxtb	r3, r3
2392:Drivers/STM32L4xx_HAL_Driver/Src/stm32l4xx_hal_spi.c ****     /* Reset Timeout Counter */
 4602              		.loc 1 2392 26 view .LVU1616
 4603 0046 072B     		cmp	r3, #7
 4604 0048 F5D1     		bne	.L324
 4605 004a 03E0     		b	.L323
 4606              	.L339:
2388:Drivers/STM32L4xx_HAL_Driver/Src/stm32l4xx_hal_spi.c ****         break;
 4607              		.loc 1 2388 9 is_stmt 1 view .LVU1617
 4608 004c 236E     		ldr	r3, [r4, #96]
 4609 004e 43F04003 		orr	r3, r3, #64
 4610 0052 2366     		str	r3, [r4, #96]
2389:Drivers/STM32L4xx_HAL_Driver/Src/stm32l4xx_hal_spi.c ****       }
 4611              		.loc 1 2389 9 view .LVU1618
 4612              	.L323:
2394:Drivers/STM32L4xx_HAL_Driver/Src/stm32l4xx_hal_spi.c ****   }
 4613              		.loc 1 2394 5 view .LVU1619
2394:Drivers/STM32L4xx_HAL_Driver/Src/stm32l4xx_hal_spi.c ****   }
 4614              		.loc 1 2394 11 is_stmt 0 view .LVU1620
 4615 0054 049B     		ldr	r3, [sp, #16]
 4616 0056 0593     		str	r3, [sp, #20]
ARM GAS  /tmp/ccEksN7Z.s 			page 185


 4617              	.L321:
2397:Drivers/STM32L4xx_HAL_Driver/Src/stm32l4xx_hal_spi.c ****   {
 4618              		.loc 1 2397 3 is_stmt 1 view .LVU1621
2397:Drivers/STM32L4xx_HAL_Driver/Src/stm32l4xx_hal_spi.c ****   {
 4619              		.loc 1 2397 7 is_stmt 0 view .LVU1622
 4620 0058 5368     		ldr	r3, [r2, #4]
2397:Drivers/STM32L4xx_HAL_Driver/Src/stm32l4xx_hal_spi.c ****   {
 4621              		.loc 1 2397 6 view .LVU1623
 4622 005a 13F0400F 		tst	r3, #64
 4623 005e 12D0     		beq	.L325
2399:Drivers/STM32L4xx_HAL_Driver/Src/stm32l4xx_hal_spi.c ****     /* Wait HAL_SPI_STATE_ABORT state */
 4624              		.loc 1 2399 5 is_stmt 1 view .LVU1624
2399:Drivers/STM32L4xx_HAL_Driver/Src/stm32l4xx_hal_spi.c ****     /* Wait HAL_SPI_STATE_ABORT state */
 4625              		.loc 1 2399 17 is_stmt 0 view .LVU1625
 4626 0060 4A4B     		ldr	r3, .L341+12
 4627 0062 E364     		str	r3, [r4, #76]
 4628              	.L328:
2401:Drivers/STM32L4xx_HAL_Driver/Src/stm32l4xx_hal_spi.c ****     {
 4629              		.loc 1 2401 5 is_stmt 1 view .LVU1626
2403:Drivers/STM32L4xx_HAL_Driver/Src/stm32l4xx_hal_spi.c ****       {
 4630              		.loc 1 2403 7 view .LVU1627
2403:Drivers/STM32L4xx_HAL_Driver/Src/stm32l4xx_hal_spi.c ****       {
 4631              		.loc 1 2403 17 is_stmt 0 view .LVU1628
 4632 0064 059B     		ldr	r3, [sp, #20]
2403:Drivers/STM32L4xx_HAL_Driver/Src/stm32l4xx_hal_spi.c ****       {
 4633              		.loc 1 2403 10 view .LVU1629
 4634 0066 43B1     		cbz	r3, .L340
2408:Drivers/STM32L4xx_HAL_Driver/Src/stm32l4xx_hal_spi.c ****     } while (hspi->State != HAL_SPI_STATE_ABORT);
 4635              		.loc 1 2408 7 is_stmt 1 view .LVU1630
2408:Drivers/STM32L4xx_HAL_Driver/Src/stm32l4xx_hal_spi.c ****     } while (hspi->State != HAL_SPI_STATE_ABORT);
 4636              		.loc 1 2408 12 is_stmt 0 view .LVU1631
 4637 0068 059B     		ldr	r3, [sp, #20]
 4638 006a 013B     		subs	r3, r3, #1
 4639 006c 0593     		str	r3, [sp, #20]
2409:Drivers/STM32L4xx_HAL_Driver/Src/stm32l4xx_hal_spi.c ****     /* Reset Timeout Counter */
 4640              		.loc 1 2409 26 is_stmt 1 view .LVU1632
2409:Drivers/STM32L4xx_HAL_Driver/Src/stm32l4xx_hal_spi.c ****     /* Reset Timeout Counter */
 4641              		.loc 1 2409 18 is_stmt 0 view .LVU1633
 4642 006e 94F85D30 		ldrb	r3, [r4, #93]	@ zero_extendqisi2
 4643 0072 DBB2     		uxtb	r3, r3
2409:Drivers/STM32L4xx_HAL_Driver/Src/stm32l4xx_hal_spi.c ****     /* Reset Timeout Counter */
 4644              		.loc 1 2409 26 view .LVU1634
 4645 0074 072B     		cmp	r3, #7
 4646 0076 F5D1     		bne	.L328
 4647 0078 03E0     		b	.L327
 4648              	.L340:
2405:Drivers/STM32L4xx_HAL_Driver/Src/stm32l4xx_hal_spi.c ****         break;
 4649              		.loc 1 2405 9 is_stmt 1 view .LVU1635
 4650 007a 236E     		ldr	r3, [r4, #96]
 4651 007c 43F04003 		orr	r3, r3, #64
 4652 0080 2366     		str	r3, [r4, #96]
2406:Drivers/STM32L4xx_HAL_Driver/Src/stm32l4xx_hal_spi.c ****       }
 4653              		.loc 1 2406 9 view .LVU1636
 4654              	.L327:
2411:Drivers/STM32L4xx_HAL_Driver/Src/stm32l4xx_hal_spi.c ****   }
 4655              		.loc 1 2411 5 view .LVU1637
2411:Drivers/STM32L4xx_HAL_Driver/Src/stm32l4xx_hal_spi.c ****   }
ARM GAS  /tmp/ccEksN7Z.s 			page 186


 4656              		.loc 1 2411 11 is_stmt 0 view .LVU1638
 4657 0082 049B     		ldr	r3, [sp, #16]
 4658 0084 0593     		str	r3, [sp, #20]
 4659              	.L325:
2415:Drivers/STM32L4xx_HAL_Driver/Src/stm32l4xx_hal_spi.c ****   {
 4660              		.loc 1 2415 3 is_stmt 1 view .LVU1639
2415:Drivers/STM32L4xx_HAL_Driver/Src/stm32l4xx_hal_spi.c ****   {
 4661              		.loc 1 2415 7 is_stmt 0 view .LVU1640
 4662 0086 5368     		ldr	r3, [r2, #4]
2415:Drivers/STM32L4xx_HAL_Driver/Src/stm32l4xx_hal_spi.c ****   {
 4663              		.loc 1 2415 6 view .LVU1641
 4664 0088 13F0020F 		tst	r3, #2
 4665 008c 2AD0     		beq	.L329
2418:Drivers/STM32L4xx_HAL_Driver/Src/stm32l4xx_hal_spi.c ****     {
 4666              		.loc 1 2418 5 is_stmt 1 view .LVU1642
2418:Drivers/STM32L4xx_HAL_Driver/Src/stm32l4xx_hal_spi.c ****     {
 4667              		.loc 1 2418 13 is_stmt 0 view .LVU1643
 4668 008e 636D     		ldr	r3, [r4, #84]
2418:Drivers/STM32L4xx_HAL_Driver/Src/stm32l4xx_hal_spi.c ****     {
 4669              		.loc 1 2418 8 view .LVU1644
 4670 0090 43B3     		cbz	r3, .L329
2422:Drivers/STM32L4xx_HAL_Driver/Src/stm32l4xx_hal_spi.c **** 
 4671              		.loc 1 2422 7 is_stmt 1 view .LVU1645
2422:Drivers/STM32L4xx_HAL_Driver/Src/stm32l4xx_hal_spi.c **** 
 4672              		.loc 1 2422 39 is_stmt 0 view .LVU1646
 4673 0092 0022     		movs	r2, #0
 4674 0094 9A63     		str	r2, [r3, #56]
2425:Drivers/STM32L4xx_HAL_Driver/Src/stm32l4xx_hal_spi.c ****       {
 4675              		.loc 1 2425 7 is_stmt 1 view .LVU1647
2425:Drivers/STM32L4xx_HAL_Driver/Src/stm32l4xx_hal_spi.c ****       {
 4676              		.loc 1 2425 11 is_stmt 0 view .LVU1648
 4677 0096 606D     		ldr	r0, [r4, #84]
 4678              	.LVL289:
2425:Drivers/STM32L4xx_HAL_Driver/Src/stm32l4xx_hal_spi.c ****       {
 4679              		.loc 1 2425 11 view .LVU1649
 4680 0098 FFF7FEFF 		bl	HAL_DMA_Abort
 4681              	.LVL290:
2425:Drivers/STM32L4xx_HAL_Driver/Src/stm32l4xx_hal_spi.c ****       {
 4682              		.loc 1 2425 10 discriminator 1 view .LVU1650
 4683 009c 08B1     		cbz	r0, .L330
2427:Drivers/STM32L4xx_HAL_Driver/Src/stm32l4xx_hal_spi.c ****       }
 4684              		.loc 1 2427 9 is_stmt 1 view .LVU1651
2427:Drivers/STM32L4xx_HAL_Driver/Src/stm32l4xx_hal_spi.c ****       }
 4685              		.loc 1 2427 25 is_stmt 0 view .LVU1652
 4686 009e 4023     		movs	r3, #64
 4687 00a0 2366     		str	r3, [r4, #96]
 4688              	.L330:
2431:Drivers/STM32L4xx_HAL_Driver/Src/stm32l4xx_hal_spi.c **** 
 4689              		.loc 1 2431 7 is_stmt 1 view .LVU1653
 4690 00a2 2268     		ldr	r2, [r4]
 4691 00a4 5368     		ldr	r3, [r2, #4]
 4692 00a6 23F00203 		bic	r3, r3, #2
 4693 00aa 5360     		str	r3, [r2, #4]
2433:Drivers/STM32L4xx_HAL_Driver/Src/stm32l4xx_hal_spi.c ****       {
 4694              		.loc 1 2433 7 view .LVU1654
2433:Drivers/STM32L4xx_HAL_Driver/Src/stm32l4xx_hal_spi.c ****       {
 4695              		.loc 1 2433 11 is_stmt 0 view .LVU1655
ARM GAS  /tmp/ccEksN7Z.s 			page 187


 4696 00ac FFF7FEFF 		bl	HAL_GetTick
 4697              	.LVL291:
 4698 00b0 0246     		mov	r2, r0
2433:Drivers/STM32L4xx_HAL_Driver/Src/stm32l4xx_hal_spi.c ****       {
 4699              		.loc 1 2433 11 discriminator 1 view .LVU1656
 4700 00b2 6421     		movs	r1, #100
 4701 00b4 2046     		mov	r0, r4
 4702 00b6 FFF7FEFF 		bl	SPI_EndRxTxTransaction
 4703              	.LVL292:
2433:Drivers/STM32L4xx_HAL_Driver/Src/stm32l4xx_hal_spi.c ****       {
 4704              		.loc 1 2433 10 discriminator 2 view .LVU1657
 4705 00ba 08B1     		cbz	r0, .L331
2435:Drivers/STM32L4xx_HAL_Driver/Src/stm32l4xx_hal_spi.c ****       }
 4706              		.loc 1 2435 9 is_stmt 1 view .LVU1658
2435:Drivers/STM32L4xx_HAL_Driver/Src/stm32l4xx_hal_spi.c ****       }
 4707              		.loc 1 2435 25 is_stmt 0 view .LVU1659
 4708 00bc 4023     		movs	r3, #64
 4709 00be 2366     		str	r3, [r4, #96]
 4710              	.L331:
2439:Drivers/STM32L4xx_HAL_Driver/Src/stm32l4xx_hal_spi.c **** 
 4711              		.loc 1 2439 7 is_stmt 1 view .LVU1660
 4712 00c0 2268     		ldr	r2, [r4]
 4713 00c2 1368     		ldr	r3, [r2]
 4714 00c4 23F04003 		bic	r3, r3, #64
 4715 00c8 1360     		str	r3, [r2]
2442:Drivers/STM32L4xx_HAL_Driver/Src/stm32l4xx_hal_spi.c ****       {
 4716              		.loc 1 2442 7 view .LVU1661
2442:Drivers/STM32L4xx_HAL_Driver/Src/stm32l4xx_hal_spi.c ****       {
 4717              		.loc 1 2442 11 is_stmt 0 view .LVU1662
 4718 00ca FFF7FEFF 		bl	HAL_GetTick
 4719              	.LVL293:
2442:Drivers/STM32L4xx_HAL_Driver/Src/stm32l4xx_hal_spi.c ****       {
 4720              		.loc 1 2442 11 discriminator 1 view .LVU1663
 4721 00ce 0090     		str	r0, [sp]
 4722 00d0 6423     		movs	r3, #100
 4723 00d2 0022     		movs	r2, #0
 4724 00d4 4FF4C061 		mov	r1, #1536
 4725 00d8 2046     		mov	r0, r4
 4726 00da FFF7FEFF 		bl	SPI_WaitFifoStateUntilTimeout
 4727              	.LVL294:
2442:Drivers/STM32L4xx_HAL_Driver/Src/stm32l4xx_hal_spi.c ****       {
 4728              		.loc 1 2442 10 discriminator 2 view .LVU1664
 4729 00de 08B1     		cbz	r0, .L329
2444:Drivers/STM32L4xx_HAL_Driver/Src/stm32l4xx_hal_spi.c ****       }
 4730              		.loc 1 2444 9 is_stmt 1 view .LVU1665
2444:Drivers/STM32L4xx_HAL_Driver/Src/stm32l4xx_hal_spi.c ****       }
 4731              		.loc 1 2444 25 is_stmt 0 view .LVU1666
 4732 00e0 4023     		movs	r3, #64
 4733 00e2 2366     		str	r3, [r4, #96]
 4734              	.L329:
2450:Drivers/STM32L4xx_HAL_Driver/Src/stm32l4xx_hal_spi.c ****   {
 4735              		.loc 1 2450 3 is_stmt 1 view .LVU1667
2450:Drivers/STM32L4xx_HAL_Driver/Src/stm32l4xx_hal_spi.c ****   {
 4736              		.loc 1 2450 7 is_stmt 0 view .LVU1668
 4737 00e4 2368     		ldr	r3, [r4]
 4738 00e6 5B68     		ldr	r3, [r3, #4]
2450:Drivers/STM32L4xx_HAL_Driver/Src/stm32l4xx_hal_spi.c ****   {
ARM GAS  /tmp/ccEksN7Z.s 			page 188


 4739              		.loc 1 2450 6 view .LVU1669
 4740 00e8 13F0010F 		tst	r3, #1
 4741 00ec 2CD0     		beq	.L332
2453:Drivers/STM32L4xx_HAL_Driver/Src/stm32l4xx_hal_spi.c ****     {
 4742              		.loc 1 2453 5 is_stmt 1 view .LVU1670
2453:Drivers/STM32L4xx_HAL_Driver/Src/stm32l4xx_hal_spi.c ****     {
 4743              		.loc 1 2453 13 is_stmt 0 view .LVU1671
 4744 00ee A36D     		ldr	r3, [r4, #88]
2453:Drivers/STM32L4xx_HAL_Driver/Src/stm32l4xx_hal_spi.c ****     {
 4745              		.loc 1 2453 8 view .LVU1672
 4746 00f0 53B3     		cbz	r3, .L332
2457:Drivers/STM32L4xx_HAL_Driver/Src/stm32l4xx_hal_spi.c **** 
 4747              		.loc 1 2457 7 is_stmt 1 view .LVU1673
2457:Drivers/STM32L4xx_HAL_Driver/Src/stm32l4xx_hal_spi.c **** 
 4748              		.loc 1 2457 39 is_stmt 0 view .LVU1674
 4749 00f2 0022     		movs	r2, #0
 4750 00f4 9A63     		str	r2, [r3, #56]
2460:Drivers/STM32L4xx_HAL_Driver/Src/stm32l4xx_hal_spi.c ****       {
 4751              		.loc 1 2460 7 is_stmt 1 view .LVU1675
2460:Drivers/STM32L4xx_HAL_Driver/Src/stm32l4xx_hal_spi.c ****       {
 4752              		.loc 1 2460 11 is_stmt 0 view .LVU1676
 4753 00f6 A06D     		ldr	r0, [r4, #88]
 4754 00f8 FFF7FEFF 		bl	HAL_DMA_Abort
 4755              	.LVL295:
2460:Drivers/STM32L4xx_HAL_Driver/Src/stm32l4xx_hal_spi.c ****       {
 4756              		.loc 1 2460 10 discriminator 1 view .LVU1677
 4757 00fc 08B1     		cbz	r0, .L333
2462:Drivers/STM32L4xx_HAL_Driver/Src/stm32l4xx_hal_spi.c ****       }
 4758              		.loc 1 2462 9 is_stmt 1 view .LVU1678
2462:Drivers/STM32L4xx_HAL_Driver/Src/stm32l4xx_hal_spi.c ****       }
 4759              		.loc 1 2462 25 is_stmt 0 view .LVU1679
 4760 00fe 4023     		movs	r3, #64
 4761 0100 2366     		str	r3, [r4, #96]
 4762              	.L333:
2466:Drivers/STM32L4xx_HAL_Driver/Src/stm32l4xx_hal_spi.c **** 
 4763              		.loc 1 2466 7 is_stmt 1 view .LVU1680
 4764 0102 2268     		ldr	r2, [r4]
 4765 0104 1368     		ldr	r3, [r2]
 4766 0106 23F04003 		bic	r3, r3, #64
 4767 010a 1360     		str	r3, [r2]
2469:Drivers/STM32L4xx_HAL_Driver/Src/stm32l4xx_hal_spi.c ****       {
 4768              		.loc 1 2469 7 view .LVU1681
2469:Drivers/STM32L4xx_HAL_Driver/Src/stm32l4xx_hal_spi.c ****       {
 4769              		.loc 1 2469 11 is_stmt 0 view .LVU1682
 4770 010c FFF7FEFF 		bl	HAL_GetTick
 4771              	.LVL296:
2469:Drivers/STM32L4xx_HAL_Driver/Src/stm32l4xx_hal_spi.c ****       {
 4772              		.loc 1 2469 11 discriminator 1 view .LVU1683
 4773 0110 0090     		str	r0, [sp]
 4774 0112 6423     		movs	r3, #100
 4775 0114 0022     		movs	r2, #0
 4776 0116 8021     		movs	r1, #128
 4777 0118 2046     		mov	r0, r4
 4778 011a FFF7FEFF 		bl	SPI_WaitFlagStateUntilTimeout
 4779              	.LVL297:
2469:Drivers/STM32L4xx_HAL_Driver/Src/stm32l4xx_hal_spi.c ****       {
 4780              		.loc 1 2469 10 discriminator 2 view .LVU1684
ARM GAS  /tmp/ccEksN7Z.s 			page 189


 4781 011e 08B1     		cbz	r0, .L334
2471:Drivers/STM32L4xx_HAL_Driver/Src/stm32l4xx_hal_spi.c ****       }
 4782              		.loc 1 2471 9 is_stmt 1 view .LVU1685
2471:Drivers/STM32L4xx_HAL_Driver/Src/stm32l4xx_hal_spi.c ****       }
 4783              		.loc 1 2471 25 is_stmt 0 view .LVU1686
 4784 0120 4023     		movs	r3, #64
 4785 0122 2366     		str	r3, [r4, #96]
 4786              	.L334:
2475:Drivers/STM32L4xx_HAL_Driver/Src/stm32l4xx_hal_spi.c ****       {
 4787              		.loc 1 2475 7 is_stmt 1 view .LVU1687
2475:Drivers/STM32L4xx_HAL_Driver/Src/stm32l4xx_hal_spi.c ****       {
 4788              		.loc 1 2475 11 is_stmt 0 view .LVU1688
 4789 0124 FFF7FEFF 		bl	HAL_GetTick
 4790              	.LVL298:
2475:Drivers/STM32L4xx_HAL_Driver/Src/stm32l4xx_hal_spi.c ****       {
 4791              		.loc 1 2475 11 discriminator 1 view .LVU1689
 4792 0128 0090     		str	r0, [sp]
 4793 012a 6423     		movs	r3, #100
 4794 012c 0022     		movs	r2, #0
 4795 012e 4FF4C061 		mov	r1, #1536
 4796 0132 2046     		mov	r0, r4
 4797 0134 FFF7FEFF 		bl	SPI_WaitFifoStateUntilTimeout
 4798              	.LVL299:
2475:Drivers/STM32L4xx_HAL_Driver/Src/stm32l4xx_hal_spi.c ****       {
 4799              		.loc 1 2475 10 discriminator 2 view .LVU1690
 4800 0138 08B1     		cbz	r0, .L335
2477:Drivers/STM32L4xx_HAL_Driver/Src/stm32l4xx_hal_spi.c ****       }
 4801              		.loc 1 2477 9 is_stmt 1 view .LVU1691
2477:Drivers/STM32L4xx_HAL_Driver/Src/stm32l4xx_hal_spi.c ****       }
 4802              		.loc 1 2477 25 is_stmt 0 view .LVU1692
 4803 013a 4023     		movs	r3, #64
 4804 013c 2366     		str	r3, [r4, #96]
 4805              	.L335:
2481:Drivers/STM32L4xx_HAL_Driver/Src/stm32l4xx_hal_spi.c ****     }
 4806              		.loc 1 2481 7 is_stmt 1 view .LVU1693
 4807 013e 2268     		ldr	r2, [r4]
 4808 0140 5368     		ldr	r3, [r2, #4]
 4809 0142 23F00103 		bic	r3, r3, #1
 4810 0146 5360     		str	r3, [r2, #4]
 4811              	.L332:
2485:Drivers/STM32L4xx_HAL_Driver/Src/stm32l4xx_hal_spi.c ****   hspi->TxXferCount = 0U;
 4812              		.loc 1 2485 3 view .LVU1694
2485:Drivers/STM32L4xx_HAL_Driver/Src/stm32l4xx_hal_spi.c ****   hspi->TxXferCount = 0U;
 4813              		.loc 1 2485 21 is_stmt 0 view .LVU1695
 4814 0148 0023     		movs	r3, #0
 4815 014a A4F84630 		strh	r3, [r4, #70]	@ movhi
2486:Drivers/STM32L4xx_HAL_Driver/Src/stm32l4xx_hal_spi.c **** 
 4816              		.loc 1 2486 3 is_stmt 1 view .LVU1696
2486:Drivers/STM32L4xx_HAL_Driver/Src/stm32l4xx_hal_spi.c **** 
 4817              		.loc 1 2486 21 is_stmt 0 view .LVU1697
 4818 014e E387     		strh	r3, [r4, #62]	@ movhi
2489:Drivers/STM32L4xx_HAL_Driver/Src/stm32l4xx_hal_spi.c ****   {
 4819              		.loc 1 2489 3 is_stmt 1 view .LVU1698
2489:Drivers/STM32L4xx_HAL_Driver/Src/stm32l4xx_hal_spi.c ****   {
 4820              		.loc 1 2489 11 is_stmt 0 view .LVU1699
 4821 0150 236E     		ldr	r3, [r4, #96]
2489:Drivers/STM32L4xx_HAL_Driver/Src/stm32l4xx_hal_spi.c ****   {
ARM GAS  /tmp/ccEksN7Z.s 			page 190


 4822              		.loc 1 2489 6 view .LVU1700
 4823 0152 402B     		cmp	r3, #64
 4824 0154 12D0     		beq	.L337
2497:Drivers/STM32L4xx_HAL_Driver/Src/stm32l4xx_hal_spi.c ****   }
 4825              		.loc 1 2497 5 is_stmt 1 view .LVU1701
2497:Drivers/STM32L4xx_HAL_Driver/Src/stm32l4xx_hal_spi.c ****   }
 4826              		.loc 1 2497 21 is_stmt 0 view .LVU1702
 4827 0156 0020     		movs	r0, #0
 4828 0158 2066     		str	r0, [r4, #96]
 4829              	.L336:
 4830              	.LVL300:
2501:Drivers/STM32L4xx_HAL_Driver/Src/stm32l4xx_hal_spi.c ****   __HAL_SPI_CLEAR_FREFLAG(hspi);
 4831              		.loc 1 2501 3 is_stmt 1 view .LVU1703
 4832              	.LBB3:
2501:Drivers/STM32L4xx_HAL_Driver/Src/stm32l4xx_hal_spi.c ****   __HAL_SPI_CLEAR_FREFLAG(hspi);
 4833              		.loc 1 2501 3 view .LVU1704
 4834 015a 0022     		movs	r2, #0
 4835 015c 0292     		str	r2, [sp, #8]
2501:Drivers/STM32L4xx_HAL_Driver/Src/stm32l4xx_hal_spi.c ****   __HAL_SPI_CLEAR_FREFLAG(hspi);
 4836              		.loc 1 2501 3 view .LVU1705
 4837 015e 2368     		ldr	r3, [r4]
 4838 0160 D968     		ldr	r1, [r3, #12]
 4839 0162 0291     		str	r1, [sp, #8]
2501:Drivers/STM32L4xx_HAL_Driver/Src/stm32l4xx_hal_spi.c ****   __HAL_SPI_CLEAR_FREFLAG(hspi);
 4840              		.loc 1 2501 3 view .LVU1706
 4841 0164 9968     		ldr	r1, [r3, #8]
 4842 0166 0291     		str	r1, [sp, #8]
2501:Drivers/STM32L4xx_HAL_Driver/Src/stm32l4xx_hal_spi.c ****   __HAL_SPI_CLEAR_FREFLAG(hspi);
 4843              		.loc 1 2501 3 view .LVU1707
 4844 0168 0299     		ldr	r1, [sp, #8]
 4845              	.LBE3:
2501:Drivers/STM32L4xx_HAL_Driver/Src/stm32l4xx_hal_spi.c ****   __HAL_SPI_CLEAR_FREFLAG(hspi);
 4846              		.loc 1 2501 3 view .LVU1708
2502:Drivers/STM32L4xx_HAL_Driver/Src/stm32l4xx_hal_spi.c **** 
 4847              		.loc 1 2502 3 view .LVU1709
 4848              	.LBB4:
2502:Drivers/STM32L4xx_HAL_Driver/Src/stm32l4xx_hal_spi.c **** 
 4849              		.loc 1 2502 3 view .LVU1710
 4850 016a 0392     		str	r2, [sp, #12]
2502:Drivers/STM32L4xx_HAL_Driver/Src/stm32l4xx_hal_spi.c **** 
 4851              		.loc 1 2502 3 view .LVU1711
 4852 016c 9B68     		ldr	r3, [r3, #8]
 4853 016e 0393     		str	r3, [sp, #12]
2502:Drivers/STM32L4xx_HAL_Driver/Src/stm32l4xx_hal_spi.c **** 
 4854              		.loc 1 2502 3 view .LVU1712
 4855 0170 039B     		ldr	r3, [sp, #12]
 4856              	.LBE4:
2502:Drivers/STM32L4xx_HAL_Driver/Src/stm32l4xx_hal_spi.c **** 
 4857              		.loc 1 2502 3 view .LVU1713
2505:Drivers/STM32L4xx_HAL_Driver/Src/stm32l4xx_hal_spi.c **** 
 4858              		.loc 1 2505 3 view .LVU1714
2505:Drivers/STM32L4xx_HAL_Driver/Src/stm32l4xx_hal_spi.c **** 
 4859              		.loc 1 2505 15 is_stmt 0 view .LVU1715
 4860 0172 0123     		movs	r3, #1
 4861 0174 84F85D30 		strb	r3, [r4, #93]
2507:Drivers/STM32L4xx_HAL_Driver/Src/stm32l4xx_hal_spi.c **** }
 4862              		.loc 1 2507 3 is_stmt 1 view .LVU1716
ARM GAS  /tmp/ccEksN7Z.s 			page 191


2508:Drivers/STM32L4xx_HAL_Driver/Src/stm32l4xx_hal_spi.c **** 
 4863              		.loc 1 2508 1 is_stmt 0 view .LVU1717
 4864 0178 06B0     		add	sp, sp, #24
 4865              		.cfi_remember_state
 4866              		.cfi_def_cfa_offset 8
 4867              		@ sp needed
 4868 017a 10BD     		pop	{r4, pc}
 4869              	.LVL301:
 4870              	.L337:
 4871              		.cfi_restore_state
2492:Drivers/STM32L4xx_HAL_Driver/Src/stm32l4xx_hal_spi.c ****   }
 4872              		.loc 1 2492 15 view .LVU1718
 4873 017c 0120     		movs	r0, #1
 4874 017e ECE7     		b	.L336
 4875              	.L342:
 4876              		.align	2
 4877              	.L341:
 4878 0180 00000000 		.word	SystemCoreClock
 4879 0184 F1197605 		.word	91625969
 4880 0188 00000000 		.word	SPI_AbortTx_ISR
 4881 018c 00000000 		.word	SPI_AbortRx_ISR
 4882              		.cfi_endproc
 4883              	.LFE301:
 4885              		.section	.text.HAL_SPI_DMAPause,"ax",%progbits
 4886              		.align	1
 4887              		.global	HAL_SPI_DMAPause
 4888              		.syntax unified
 4889              		.thumb
 4890              		.thumb_func
 4892              	HAL_SPI_DMAPause:
 4893              	.LVL302:
 4894              	.LFB303:
2687:Drivers/STM32L4xx_HAL_Driver/Src/stm32l4xx_hal_spi.c ****   /* Process Locked */
 4895              		.loc 1 2687 1 is_stmt 1 view -0
 4896              		.cfi_startproc
 4897              		@ args = 0, pretend = 0, frame = 0
 4898              		@ frame_needed = 0, uses_anonymous_args = 0
 4899              		@ link register save eliminated.
2689:Drivers/STM32L4xx_HAL_Driver/Src/stm32l4xx_hal_spi.c **** 
 4900              		.loc 1 2689 3 view .LVU1720
2689:Drivers/STM32L4xx_HAL_Driver/Src/stm32l4xx_hal_spi.c **** 
 4901              		.loc 1 2689 3 view .LVU1721
 4902 0000 90F85C30 		ldrb	r3, [r0, #92]	@ zero_extendqisi2
 4903 0004 012B     		cmp	r3, #1
 4904 0006 0CD0     		beq	.L345
2689:Drivers/STM32L4xx_HAL_Driver/Src/stm32l4xx_hal_spi.c **** 
 4905              		.loc 1 2689 3 discriminator 2 view .LVU1722
 4906 0008 0123     		movs	r3, #1
 4907 000a 80F85C30 		strb	r3, [r0, #92]
2689:Drivers/STM32L4xx_HAL_Driver/Src/stm32l4xx_hal_spi.c **** 
 4908              		.loc 1 2689 3 discriminator 2 view .LVU1723
2692:Drivers/STM32L4xx_HAL_Driver/Src/stm32l4xx_hal_spi.c **** 
 4909              		.loc 1 2692 3 view .LVU1724
 4910 000e 0268     		ldr	r2, [r0]
 4911 0010 5368     		ldr	r3, [r2, #4]
 4912 0012 23F00303 		bic	r3, r3, #3
 4913 0016 5360     		str	r3, [r2, #4]
ARM GAS  /tmp/ccEksN7Z.s 			page 192


2695:Drivers/STM32L4xx_HAL_Driver/Src/stm32l4xx_hal_spi.c **** 
 4914              		.loc 1 2695 3 view .LVU1725
2695:Drivers/STM32L4xx_HAL_Driver/Src/stm32l4xx_hal_spi.c **** 
 4915              		.loc 1 2695 3 view .LVU1726
 4916 0018 0023     		movs	r3, #0
 4917 001a 80F85C30 		strb	r3, [r0, #92]
2695:Drivers/STM32L4xx_HAL_Driver/Src/stm32l4xx_hal_spi.c **** 
 4918              		.loc 1 2695 3 view .LVU1727
2697:Drivers/STM32L4xx_HAL_Driver/Src/stm32l4xx_hal_spi.c **** }
 4919              		.loc 1 2697 3 view .LVU1728
2697:Drivers/STM32L4xx_HAL_Driver/Src/stm32l4xx_hal_spi.c **** }
 4920              		.loc 1 2697 10 is_stmt 0 view .LVU1729
 4921 001e 1846     		mov	r0, r3
 4922              	.LVL303:
2697:Drivers/STM32L4xx_HAL_Driver/Src/stm32l4xx_hal_spi.c **** }
 4923              		.loc 1 2697 10 view .LVU1730
 4924 0020 7047     		bx	lr
 4925              	.LVL304:
 4926              	.L345:
2689:Drivers/STM32L4xx_HAL_Driver/Src/stm32l4xx_hal_spi.c **** 
 4927              		.loc 1 2689 3 discriminator 1 view .LVU1731
 4928 0022 0220     		movs	r0, #2
 4929              	.LVL305:
2698:Drivers/STM32L4xx_HAL_Driver/Src/stm32l4xx_hal_spi.c **** 
 4930              		.loc 1 2698 1 view .LVU1732
 4931 0024 7047     		bx	lr
 4932              		.cfi_endproc
 4933              	.LFE303:
 4935              		.section	.text.HAL_SPI_DMAResume,"ax",%progbits
 4936              		.align	1
 4937              		.global	HAL_SPI_DMAResume
 4938              		.syntax unified
 4939              		.thumb
 4940              		.thumb_func
 4942              	HAL_SPI_DMAResume:
 4943              	.LVL306:
 4944              	.LFB304:
2707:Drivers/STM32L4xx_HAL_Driver/Src/stm32l4xx_hal_spi.c ****   /* Process Locked */
 4945              		.loc 1 2707 1 is_stmt 1 view -0
 4946              		.cfi_startproc
 4947              		@ args = 0, pretend = 0, frame = 0
 4948              		@ frame_needed = 0, uses_anonymous_args = 0
 4949              		@ link register save eliminated.
2709:Drivers/STM32L4xx_HAL_Driver/Src/stm32l4xx_hal_spi.c **** 
 4950              		.loc 1 2709 3 view .LVU1734
2709:Drivers/STM32L4xx_HAL_Driver/Src/stm32l4xx_hal_spi.c **** 
 4951              		.loc 1 2709 3 view .LVU1735
 4952 0000 90F85C30 		ldrb	r3, [r0, #92]	@ zero_extendqisi2
 4953 0004 012B     		cmp	r3, #1
 4954 0006 0CD0     		beq	.L348
2709:Drivers/STM32L4xx_HAL_Driver/Src/stm32l4xx_hal_spi.c **** 
 4955              		.loc 1 2709 3 discriminator 2 view .LVU1736
 4956 0008 0123     		movs	r3, #1
 4957 000a 80F85C30 		strb	r3, [r0, #92]
2709:Drivers/STM32L4xx_HAL_Driver/Src/stm32l4xx_hal_spi.c **** 
 4958              		.loc 1 2709 3 discriminator 2 view .LVU1737
2712:Drivers/STM32L4xx_HAL_Driver/Src/stm32l4xx_hal_spi.c **** 
ARM GAS  /tmp/ccEksN7Z.s 			page 193


 4959              		.loc 1 2712 3 view .LVU1738
 4960 000e 0268     		ldr	r2, [r0]
 4961 0010 5368     		ldr	r3, [r2, #4]
 4962 0012 43F00303 		orr	r3, r3, #3
 4963 0016 5360     		str	r3, [r2, #4]
2715:Drivers/STM32L4xx_HAL_Driver/Src/stm32l4xx_hal_spi.c **** 
 4964              		.loc 1 2715 3 view .LVU1739
2715:Drivers/STM32L4xx_HAL_Driver/Src/stm32l4xx_hal_spi.c **** 
 4965              		.loc 1 2715 3 view .LVU1740
 4966 0018 0023     		movs	r3, #0
 4967 001a 80F85C30 		strb	r3, [r0, #92]
2715:Drivers/STM32L4xx_HAL_Driver/Src/stm32l4xx_hal_spi.c **** 
 4968              		.loc 1 2715 3 view .LVU1741
2717:Drivers/STM32L4xx_HAL_Driver/Src/stm32l4xx_hal_spi.c **** }
 4969              		.loc 1 2717 3 view .LVU1742
2717:Drivers/STM32L4xx_HAL_Driver/Src/stm32l4xx_hal_spi.c **** }
 4970              		.loc 1 2717 10 is_stmt 0 view .LVU1743
 4971 001e 1846     		mov	r0, r3
 4972              	.LVL307:
2717:Drivers/STM32L4xx_HAL_Driver/Src/stm32l4xx_hal_spi.c **** }
 4973              		.loc 1 2717 10 view .LVU1744
 4974 0020 7047     		bx	lr
 4975              	.LVL308:
 4976              	.L348:
2709:Drivers/STM32L4xx_HAL_Driver/Src/stm32l4xx_hal_spi.c **** 
 4977              		.loc 1 2709 3 discriminator 1 view .LVU1745
 4978 0022 0220     		movs	r0, #2
 4979              	.LVL309:
2718:Drivers/STM32L4xx_HAL_Driver/Src/stm32l4xx_hal_spi.c **** 
 4980              		.loc 1 2718 1 view .LVU1746
 4981 0024 7047     		bx	lr
 4982              		.cfi_endproc
 4983              	.LFE304:
 4985              		.section	.text.HAL_SPI_DMAStop,"ax",%progbits
 4986              		.align	1
 4987              		.global	HAL_SPI_DMAStop
 4988              		.syntax unified
 4989              		.thumb
 4990              		.thumb_func
 4992              	HAL_SPI_DMAStop:
 4993              	.LVL310:
 4994              	.LFB305:
2727:Drivers/STM32L4xx_HAL_Driver/Src/stm32l4xx_hal_spi.c ****   HAL_StatusTypeDef errorcode = HAL_OK;
 4995              		.loc 1 2727 1 is_stmt 1 view -0
 4996              		.cfi_startproc
 4997              		@ args = 0, pretend = 0, frame = 0
 4998              		@ frame_needed = 0, uses_anonymous_args = 0
2727:Drivers/STM32L4xx_HAL_Driver/Src/stm32l4xx_hal_spi.c ****   HAL_StatusTypeDef errorcode = HAL_OK;
 4999              		.loc 1 2727 1 is_stmt 0 view .LVU1748
 5000 0000 38B5     		push	{r3, r4, r5, lr}
 5001              		.cfi_def_cfa_offset 16
 5002              		.cfi_offset 3, -16
 5003              		.cfi_offset 4, -12
 5004              		.cfi_offset 5, -8
 5005              		.cfi_offset 14, -4
 5006 0002 0446     		mov	r4, r0
2728:Drivers/STM32L4xx_HAL_Driver/Src/stm32l4xx_hal_spi.c ****   /* The Lock is not implemented on this API to allow the user application
ARM GAS  /tmp/ccEksN7Z.s 			page 194


 5007              		.loc 1 2728 3 is_stmt 1 view .LVU1749
 5008              	.LVL311:
2736:Drivers/STM32L4xx_HAL_Driver/Src/stm32l4xx_hal_spi.c ****   {
 5009              		.loc 1 2736 3 view .LVU1750
2736:Drivers/STM32L4xx_HAL_Driver/Src/stm32l4xx_hal_spi.c ****   {
 5010              		.loc 1 2736 11 is_stmt 0 view .LVU1751
 5011 0004 406D     		ldr	r0, [r0, #84]
 5012              	.LVL312:
2736:Drivers/STM32L4xx_HAL_Driver/Src/stm32l4xx_hal_spi.c ****   {
 5013              		.loc 1 2736 6 view .LVU1752
 5014 0006 48B1     		cbz	r0, .L352
2738:Drivers/STM32L4xx_HAL_Driver/Src/stm32l4xx_hal_spi.c ****     {
 5015              		.loc 1 2738 5 is_stmt 1 view .LVU1753
2738:Drivers/STM32L4xx_HAL_Driver/Src/stm32l4xx_hal_spi.c ****     {
 5016              		.loc 1 2738 19 is_stmt 0 view .LVU1754
 5017 0008 FFF7FEFF 		bl	HAL_DMA_Abort
 5018              	.LVL313:
2738:Drivers/STM32L4xx_HAL_Driver/Src/stm32l4xx_hal_spi.c ****     {
 5019              		.loc 1 2738 8 discriminator 1 view .LVU1755
 5020 000c 0546     		mov	r5, r0
 5021 000e 30B1     		cbz	r0, .L350
2740:Drivers/STM32L4xx_HAL_Driver/Src/stm32l4xx_hal_spi.c ****       errorcode = HAL_ERROR;
 5022              		.loc 1 2740 7 is_stmt 1 view .LVU1756
 5023 0010 236E     		ldr	r3, [r4, #96]
 5024 0012 43F01003 		orr	r3, r3, #16
 5025 0016 2366     		str	r3, [r4, #96]
2741:Drivers/STM32L4xx_HAL_Driver/Src/stm32l4xx_hal_spi.c ****     }
 5026              		.loc 1 2741 7 view .LVU1757
 5027              	.LVL314:
2741:Drivers/STM32L4xx_HAL_Driver/Src/stm32l4xx_hal_spi.c ****     }
 5028              		.loc 1 2741 17 is_stmt 0 view .LVU1758
 5029 0018 0125     		movs	r5, #1
 5030 001a 00E0     		b	.L350
 5031              	.LVL315:
 5032              	.L352:
2728:Drivers/STM32L4xx_HAL_Driver/Src/stm32l4xx_hal_spi.c ****   /* The Lock is not implemented on this API to allow the user application
 5033              		.loc 1 2728 21 view .LVU1759
 5034 001c 0025     		movs	r5, #0
 5035              	.LVL316:
 5036              	.L350:
2745:Drivers/STM32L4xx_HAL_Driver/Src/stm32l4xx_hal_spi.c ****   {
 5037              		.loc 1 2745 3 is_stmt 1 view .LVU1760
2745:Drivers/STM32L4xx_HAL_Driver/Src/stm32l4xx_hal_spi.c ****   {
 5038              		.loc 1 2745 11 is_stmt 0 view .LVU1761
 5039 001e A06D     		ldr	r0, [r4, #88]
2745:Drivers/STM32L4xx_HAL_Driver/Src/stm32l4xx_hal_spi.c ****   {
 5040              		.loc 1 2745 6 view .LVU1762
 5041 0020 38B1     		cbz	r0, .L351
2747:Drivers/STM32L4xx_HAL_Driver/Src/stm32l4xx_hal_spi.c ****     {
 5042              		.loc 1 2747 5 is_stmt 1 view .LVU1763
2747:Drivers/STM32L4xx_HAL_Driver/Src/stm32l4xx_hal_spi.c ****     {
 5043              		.loc 1 2747 19 is_stmt 0 view .LVU1764
 5044 0022 FFF7FEFF 		bl	HAL_DMA_Abort
 5045              	.LVL317:
2747:Drivers/STM32L4xx_HAL_Driver/Src/stm32l4xx_hal_spi.c ****     {
 5046              		.loc 1 2747 8 discriminator 1 view .LVU1765
 5047 0026 20B1     		cbz	r0, .L351
ARM GAS  /tmp/ccEksN7Z.s 			page 195


2749:Drivers/STM32L4xx_HAL_Driver/Src/stm32l4xx_hal_spi.c ****       errorcode = HAL_ERROR;
 5048              		.loc 1 2749 7 is_stmt 1 view .LVU1766
 5049 0028 236E     		ldr	r3, [r4, #96]
 5050 002a 43F01003 		orr	r3, r3, #16
 5051 002e 2366     		str	r3, [r4, #96]
2750:Drivers/STM32L4xx_HAL_Driver/Src/stm32l4xx_hal_spi.c ****     }
 5052              		.loc 1 2750 7 view .LVU1767
 5053              	.LVL318:
2750:Drivers/STM32L4xx_HAL_Driver/Src/stm32l4xx_hal_spi.c ****     }
 5054              		.loc 1 2750 17 is_stmt 0 view .LVU1768
 5055 0030 0125     		movs	r5, #1
 5056              	.LVL319:
 5057              	.L351:
2755:Drivers/STM32L4xx_HAL_Driver/Src/stm32l4xx_hal_spi.c ****   hspi->State = HAL_SPI_STATE_READY;
 5058              		.loc 1 2755 3 is_stmt 1 view .LVU1769
 5059 0032 2268     		ldr	r2, [r4]
 5060 0034 5368     		ldr	r3, [r2, #4]
 5061 0036 23F00303 		bic	r3, r3, #3
 5062 003a 5360     		str	r3, [r2, #4]
2756:Drivers/STM32L4xx_HAL_Driver/Src/stm32l4xx_hal_spi.c ****   return errorcode;
 5063              		.loc 1 2756 3 view .LVU1770
2756:Drivers/STM32L4xx_HAL_Driver/Src/stm32l4xx_hal_spi.c ****   return errorcode;
 5064              		.loc 1 2756 15 is_stmt 0 view .LVU1771
 5065 003c 0123     		movs	r3, #1
 5066 003e 84F85D30 		strb	r3, [r4, #93]
2757:Drivers/STM32L4xx_HAL_Driver/Src/stm32l4xx_hal_spi.c **** }
 5067              		.loc 1 2757 3 is_stmt 1 view .LVU1772
2758:Drivers/STM32L4xx_HAL_Driver/Src/stm32l4xx_hal_spi.c **** 
 5068              		.loc 1 2758 1 is_stmt 0 view .LVU1773
 5069 0042 2846     		mov	r0, r5
 5070 0044 38BD     		pop	{r3, r4, r5, pc}
2758:Drivers/STM32L4xx_HAL_Driver/Src/stm32l4xx_hal_spi.c **** 
 5071              		.loc 1 2758 1 view .LVU1774
 5072              		.cfi_endproc
 5073              	.LFE305:
 5075              		.section	.text.HAL_SPI_TxCpltCallback,"ax",%progbits
 5076              		.align	1
 5077              		.weak	HAL_SPI_TxCpltCallback
 5078              		.syntax unified
 5079              		.thumb
 5080              		.thumb_func
 5082              	HAL_SPI_TxCpltCallback:
 5083              	.LVL320:
 5084              	.LFB307:
2874:Drivers/STM32L4xx_HAL_Driver/Src/stm32l4xx_hal_spi.c ****   /* Prevent unused argument(s) compilation warning */
 5085              		.loc 1 2874 1 is_stmt 1 view -0
 5086              		.cfi_startproc
 5087              		@ args = 0, pretend = 0, frame = 0
 5088              		@ frame_needed = 0, uses_anonymous_args = 0
 5089              		@ link register save eliminated.
2876:Drivers/STM32L4xx_HAL_Driver/Src/stm32l4xx_hal_spi.c **** 
 5090              		.loc 1 2876 3 view .LVU1776
2881:Drivers/STM32L4xx_HAL_Driver/Src/stm32l4xx_hal_spi.c **** 
 5091              		.loc 1 2881 1 is_stmt 0 view .LVU1777
 5092 0000 7047     		bx	lr
 5093              		.cfi_endproc
 5094              	.LFE307:
ARM GAS  /tmp/ccEksN7Z.s 			page 196


 5096              		.section	.text.HAL_SPI_RxCpltCallback,"ax",%progbits
 5097              		.align	1
 5098              		.weak	HAL_SPI_RxCpltCallback
 5099              		.syntax unified
 5100              		.thumb
 5101              		.thumb_func
 5103              	HAL_SPI_RxCpltCallback:
 5104              	.LVL321:
 5105              	.LFB308:
2890:Drivers/STM32L4xx_HAL_Driver/Src/stm32l4xx_hal_spi.c ****   /* Prevent unused argument(s) compilation warning */
 5106              		.loc 1 2890 1 is_stmt 1 view -0
 5107              		.cfi_startproc
 5108              		@ args = 0, pretend = 0, frame = 0
 5109              		@ frame_needed = 0, uses_anonymous_args = 0
 5110              		@ link register save eliminated.
2892:Drivers/STM32L4xx_HAL_Driver/Src/stm32l4xx_hal_spi.c **** 
 5111              		.loc 1 2892 3 view .LVU1779
2897:Drivers/STM32L4xx_HAL_Driver/Src/stm32l4xx_hal_spi.c **** 
 5112              		.loc 1 2897 1 is_stmt 0 view .LVU1780
 5113 0000 7047     		bx	lr
 5114              		.cfi_endproc
 5115              	.LFE308:
 5117              		.section	.text.HAL_SPI_TxRxCpltCallback,"ax",%progbits
 5118              		.align	1
 5119              		.weak	HAL_SPI_TxRxCpltCallback
 5120              		.syntax unified
 5121              		.thumb
 5122              		.thumb_func
 5124              	HAL_SPI_TxRxCpltCallback:
 5125              	.LVL322:
 5126              	.LFB309:
2906:Drivers/STM32L4xx_HAL_Driver/Src/stm32l4xx_hal_spi.c ****   /* Prevent unused argument(s) compilation warning */
 5127              		.loc 1 2906 1 is_stmt 1 view -0
 5128              		.cfi_startproc
 5129              		@ args = 0, pretend = 0, frame = 0
 5130              		@ frame_needed = 0, uses_anonymous_args = 0
 5131              		@ link register save eliminated.
2908:Drivers/STM32L4xx_HAL_Driver/Src/stm32l4xx_hal_spi.c **** 
 5132              		.loc 1 2908 3 view .LVU1782
2913:Drivers/STM32L4xx_HAL_Driver/Src/stm32l4xx_hal_spi.c **** 
 5133              		.loc 1 2913 1 is_stmt 0 view .LVU1783
 5134 0000 7047     		bx	lr
 5135              		.cfi_endproc
 5136              	.LFE309:
 5138              		.section	.text.HAL_SPI_TxHalfCpltCallback,"ax",%progbits
 5139              		.align	1
 5140              		.weak	HAL_SPI_TxHalfCpltCallback
 5141              		.syntax unified
 5142              		.thumb
 5143              		.thumb_func
 5145              	HAL_SPI_TxHalfCpltCallback:
 5146              	.LVL323:
 5147              	.LFB310:
2922:Drivers/STM32L4xx_HAL_Driver/Src/stm32l4xx_hal_spi.c ****   /* Prevent unused argument(s) compilation warning */
 5148              		.loc 1 2922 1 is_stmt 1 view -0
 5149              		.cfi_startproc
 5150              		@ args = 0, pretend = 0, frame = 0
ARM GAS  /tmp/ccEksN7Z.s 			page 197


 5151              		@ frame_needed = 0, uses_anonymous_args = 0
 5152              		@ link register save eliminated.
2924:Drivers/STM32L4xx_HAL_Driver/Src/stm32l4xx_hal_spi.c **** 
 5153              		.loc 1 2924 3 view .LVU1785
2929:Drivers/STM32L4xx_HAL_Driver/Src/stm32l4xx_hal_spi.c **** 
 5154              		.loc 1 2929 1 is_stmt 0 view .LVU1786
 5155 0000 7047     		bx	lr
 5156              		.cfi_endproc
 5157              	.LFE310:
 5159              		.section	.text.SPI_DMAHalfTransmitCplt,"ax",%progbits
 5160              		.align	1
 5161              		.syntax unified
 5162              		.thumb
 5163              		.thumb_func
 5165              	SPI_DMAHalfTransmitCplt:
 5166              	.LVL324:
 5167              	.LFB320:
3334:Drivers/STM32L4xx_HAL_Driver/Src/stm32l4xx_hal_spi.c ****   SPI_HandleTypeDef *hspi = (SPI_HandleTypeDef *)(((DMA_HandleTypeDef *)hdma)->Parent); /* Derogati
 5168              		.loc 1 3334 1 is_stmt 1 view -0
 5169              		.cfi_startproc
 5170              		@ args = 0, pretend = 0, frame = 0
 5171              		@ frame_needed = 0, uses_anonymous_args = 0
3334:Drivers/STM32L4xx_HAL_Driver/Src/stm32l4xx_hal_spi.c ****   SPI_HandleTypeDef *hspi = (SPI_HandleTypeDef *)(((DMA_HandleTypeDef *)hdma)->Parent); /* Derogati
 5172              		.loc 1 3334 1 is_stmt 0 view .LVU1788
 5173 0000 08B5     		push	{r3, lr}
 5174              		.cfi_def_cfa_offset 8
 5175              		.cfi_offset 3, -8
 5176              		.cfi_offset 14, -4
3335:Drivers/STM32L4xx_HAL_Driver/Src/stm32l4xx_hal_spi.c **** 
 5177              		.loc 1 3335 3 is_stmt 1 view .LVU1789
 5178              	.LVL325:
3341:Drivers/STM32L4xx_HAL_Driver/Src/stm32l4xx_hal_spi.c **** #endif /* USE_HAL_SPI_REGISTER_CALLBACKS */
 5179              		.loc 1 3341 3 view .LVU1790
 5180 0002 806A     		ldr	r0, [r0, #40]
 5181              	.LVL326:
3341:Drivers/STM32L4xx_HAL_Driver/Src/stm32l4xx_hal_spi.c **** #endif /* USE_HAL_SPI_REGISTER_CALLBACKS */
 5182              		.loc 1 3341 3 is_stmt 0 view .LVU1791
 5183 0004 FFF7FEFF 		bl	HAL_SPI_TxHalfCpltCallback
 5184              	.LVL327:
3343:Drivers/STM32L4xx_HAL_Driver/Src/stm32l4xx_hal_spi.c **** 
 5185              		.loc 1 3343 1 view .LVU1792
 5186 0008 08BD     		pop	{r3, pc}
 5187              		.cfi_endproc
 5188              	.LFE320:
 5190              		.section	.text.HAL_SPI_RxHalfCpltCallback,"ax",%progbits
 5191              		.align	1
 5192              		.weak	HAL_SPI_RxHalfCpltCallback
 5193              		.syntax unified
 5194              		.thumb
 5195              		.thumb_func
 5197              	HAL_SPI_RxHalfCpltCallback:
 5198              	.LVL328:
 5199              	.LFB311:
2938:Drivers/STM32L4xx_HAL_Driver/Src/stm32l4xx_hal_spi.c ****   /* Prevent unused argument(s) compilation warning */
 5200              		.loc 1 2938 1 is_stmt 1 view -0
 5201              		.cfi_startproc
 5202              		@ args = 0, pretend = 0, frame = 0
ARM GAS  /tmp/ccEksN7Z.s 			page 198


 5203              		@ frame_needed = 0, uses_anonymous_args = 0
 5204              		@ link register save eliminated.
2940:Drivers/STM32L4xx_HAL_Driver/Src/stm32l4xx_hal_spi.c **** 
 5205              		.loc 1 2940 3 view .LVU1794
2945:Drivers/STM32L4xx_HAL_Driver/Src/stm32l4xx_hal_spi.c **** 
 5206              		.loc 1 2945 1 is_stmt 0 view .LVU1795
 5207 0000 7047     		bx	lr
 5208              		.cfi_endproc
 5209              	.LFE311:
 5211              		.section	.text.SPI_DMAHalfReceiveCplt,"ax",%progbits
 5212              		.align	1
 5213              		.syntax unified
 5214              		.thumb
 5215              		.thumb_func
 5217              	SPI_DMAHalfReceiveCplt:
 5218              	.LVL329:
 5219              	.LFB321:
3352:Drivers/STM32L4xx_HAL_Driver/Src/stm32l4xx_hal_spi.c ****   SPI_HandleTypeDef *hspi = (SPI_HandleTypeDef *)(((DMA_HandleTypeDef *)hdma)->Parent); /* Derogati
 5220              		.loc 1 3352 1 is_stmt 1 view -0
 5221              		.cfi_startproc
 5222              		@ args = 0, pretend = 0, frame = 0
 5223              		@ frame_needed = 0, uses_anonymous_args = 0
3352:Drivers/STM32L4xx_HAL_Driver/Src/stm32l4xx_hal_spi.c ****   SPI_HandleTypeDef *hspi = (SPI_HandleTypeDef *)(((DMA_HandleTypeDef *)hdma)->Parent); /* Derogati
 5224              		.loc 1 3352 1 is_stmt 0 view .LVU1797
 5225 0000 08B5     		push	{r3, lr}
 5226              		.cfi_def_cfa_offset 8
 5227              		.cfi_offset 3, -8
 5228              		.cfi_offset 14, -4
3353:Drivers/STM32L4xx_HAL_Driver/Src/stm32l4xx_hal_spi.c **** 
 5229              		.loc 1 3353 3 is_stmt 1 view .LVU1798
 5230              	.LVL330:
3359:Drivers/STM32L4xx_HAL_Driver/Src/stm32l4xx_hal_spi.c **** #endif /* USE_HAL_SPI_REGISTER_CALLBACKS */
 5231              		.loc 1 3359 3 view .LVU1799
 5232 0002 806A     		ldr	r0, [r0, #40]
 5233              	.LVL331:
3359:Drivers/STM32L4xx_HAL_Driver/Src/stm32l4xx_hal_spi.c **** #endif /* USE_HAL_SPI_REGISTER_CALLBACKS */
 5234              		.loc 1 3359 3 is_stmt 0 view .LVU1800
 5235 0004 FFF7FEFF 		bl	HAL_SPI_RxHalfCpltCallback
 5236              	.LVL332:
3361:Drivers/STM32L4xx_HAL_Driver/Src/stm32l4xx_hal_spi.c **** 
 5237              		.loc 1 3361 1 view .LVU1801
 5238 0008 08BD     		pop	{r3, pc}
 5239              		.cfi_endproc
 5240              	.LFE321:
 5242              		.section	.text.HAL_SPI_TxRxHalfCpltCallback,"ax",%progbits
 5243              		.align	1
 5244              		.weak	HAL_SPI_TxRxHalfCpltCallback
 5245              		.syntax unified
 5246              		.thumb
 5247              		.thumb_func
 5249              	HAL_SPI_TxRxHalfCpltCallback:
 5250              	.LVL333:
 5251              	.LFB312:
2954:Drivers/STM32L4xx_HAL_Driver/Src/stm32l4xx_hal_spi.c ****   /* Prevent unused argument(s) compilation warning */
 5252              		.loc 1 2954 1 is_stmt 1 view -0
 5253              		.cfi_startproc
 5254              		@ args = 0, pretend = 0, frame = 0
ARM GAS  /tmp/ccEksN7Z.s 			page 199


 5255              		@ frame_needed = 0, uses_anonymous_args = 0
 5256              		@ link register save eliminated.
2956:Drivers/STM32L4xx_HAL_Driver/Src/stm32l4xx_hal_spi.c **** 
 5257              		.loc 1 2956 3 view .LVU1803
2961:Drivers/STM32L4xx_HAL_Driver/Src/stm32l4xx_hal_spi.c **** 
 5258              		.loc 1 2961 1 is_stmt 0 view .LVU1804
 5259 0000 7047     		bx	lr
 5260              		.cfi_endproc
 5261              	.LFE312:
 5263              		.section	.text.SPI_DMAHalfTransmitReceiveCplt,"ax",%progbits
 5264              		.align	1
 5265              		.syntax unified
 5266              		.thumb
 5267              		.thumb_func
 5269              	SPI_DMAHalfTransmitReceiveCplt:
 5270              	.LVL334:
 5271              	.LFB322:
3370:Drivers/STM32L4xx_HAL_Driver/Src/stm32l4xx_hal_spi.c ****   SPI_HandleTypeDef *hspi = (SPI_HandleTypeDef *)(((DMA_HandleTypeDef *)hdma)->Parent); /* Derogati
 5272              		.loc 1 3370 1 is_stmt 1 view -0
 5273              		.cfi_startproc
 5274              		@ args = 0, pretend = 0, frame = 0
 5275              		@ frame_needed = 0, uses_anonymous_args = 0
3370:Drivers/STM32L4xx_HAL_Driver/Src/stm32l4xx_hal_spi.c ****   SPI_HandleTypeDef *hspi = (SPI_HandleTypeDef *)(((DMA_HandleTypeDef *)hdma)->Parent); /* Derogati
 5276              		.loc 1 3370 1 is_stmt 0 view .LVU1806
 5277 0000 08B5     		push	{r3, lr}
 5278              		.cfi_def_cfa_offset 8
 5279              		.cfi_offset 3, -8
 5280              		.cfi_offset 14, -4
3371:Drivers/STM32L4xx_HAL_Driver/Src/stm32l4xx_hal_spi.c **** 
 5281              		.loc 1 3371 3 is_stmt 1 view .LVU1807
 5282              	.LVL335:
3377:Drivers/STM32L4xx_HAL_Driver/Src/stm32l4xx_hal_spi.c **** #endif /* USE_HAL_SPI_REGISTER_CALLBACKS */
 5283              		.loc 1 3377 3 view .LVU1808
 5284 0002 806A     		ldr	r0, [r0, #40]
 5285              	.LVL336:
3377:Drivers/STM32L4xx_HAL_Driver/Src/stm32l4xx_hal_spi.c **** #endif /* USE_HAL_SPI_REGISTER_CALLBACKS */
 5286              		.loc 1 3377 3 is_stmt 0 view .LVU1809
 5287 0004 FFF7FEFF 		bl	HAL_SPI_TxRxHalfCpltCallback
 5288              	.LVL337:
3379:Drivers/STM32L4xx_HAL_Driver/Src/stm32l4xx_hal_spi.c **** 
 5289              		.loc 1 3379 1 view .LVU1810
 5290 0008 08BD     		pop	{r3, pc}
 5291              		.cfi_endproc
 5292              	.LFE322:
 5294              		.section	.text.HAL_SPI_ErrorCallback,"ax",%progbits
 5295              		.align	1
 5296              		.weak	HAL_SPI_ErrorCallback
 5297              		.syntax unified
 5298              		.thumb
 5299              		.thumb_func
 5301              	HAL_SPI_ErrorCallback:
 5302              	.LVL338:
 5303              	.LFB313:
2970:Drivers/STM32L4xx_HAL_Driver/Src/stm32l4xx_hal_spi.c ****   /* Prevent unused argument(s) compilation warning */
 5304              		.loc 1 2970 1 is_stmt 1 view -0
 5305              		.cfi_startproc
 5306              		@ args = 0, pretend = 0, frame = 0
ARM GAS  /tmp/ccEksN7Z.s 			page 200


 5307              		@ frame_needed = 0, uses_anonymous_args = 0
 5308              		@ link register save eliminated.
2972:Drivers/STM32L4xx_HAL_Driver/Src/stm32l4xx_hal_spi.c **** 
 5309              		.loc 1 2972 3 view .LVU1812
2980:Drivers/STM32L4xx_HAL_Driver/Src/stm32l4xx_hal_spi.c **** 
 5310              		.loc 1 2980 1 is_stmt 0 view .LVU1813
 5311 0000 7047     		bx	lr
 5312              		.cfi_endproc
 5313              	.LFE313:
 5315              		.section	.text.SPI_CloseTx_ISR,"ax",%progbits
 5316              		.align	1
 5317              		.syntax unified
 5318              		.thumb
 5319              		.thumb_func
 5321              	SPI_CloseTx_ISR:
 5322              	.LVL339:
 5323              	.LFB341:
4312:Drivers/STM32L4xx_HAL_Driver/Src/stm32l4xx_hal_spi.c ****   uint32_t tickstart;
 5324              		.loc 1 4312 1 is_stmt 1 view -0
 5325              		.cfi_startproc
 5326              		@ args = 0, pretend = 0, frame = 8
 5327              		@ frame_needed = 0, uses_anonymous_args = 0
4312:Drivers/STM32L4xx_HAL_Driver/Src/stm32l4xx_hal_spi.c ****   uint32_t tickstart;
 5328              		.loc 1 4312 1 is_stmt 0 view .LVU1815
 5329 0000 10B5     		push	{r4, lr}
 5330              		.cfi_def_cfa_offset 8
 5331              		.cfi_offset 4, -8
 5332              		.cfi_offset 14, -4
 5333 0002 82B0     		sub	sp, sp, #8
 5334              		.cfi_def_cfa_offset 16
 5335 0004 0446     		mov	r4, r0
4313:Drivers/STM32L4xx_HAL_Driver/Src/stm32l4xx_hal_spi.c **** 
 5336              		.loc 1 4313 3 is_stmt 1 view .LVU1816
4316:Drivers/STM32L4xx_HAL_Driver/Src/stm32l4xx_hal_spi.c **** 
 5337              		.loc 1 4316 3 view .LVU1817
4316:Drivers/STM32L4xx_HAL_Driver/Src/stm32l4xx_hal_spi.c **** 
 5338              		.loc 1 4316 15 is_stmt 0 view .LVU1818
 5339 0006 FFF7FEFF 		bl	HAL_GetTick
 5340              	.LVL340:
4316:Drivers/STM32L4xx_HAL_Driver/Src/stm32l4xx_hal_spi.c **** 
 5341              		.loc 1 4316 15 view .LVU1819
 5342 000a 0246     		mov	r2, r0
 5343              	.LVL341:
4319:Drivers/STM32L4xx_HAL_Driver/Src/stm32l4xx_hal_spi.c **** 
 5344              		.loc 1 4319 3 is_stmt 1 view .LVU1820
 5345 000c 2168     		ldr	r1, [r4]
 5346 000e 4B68     		ldr	r3, [r1, #4]
 5347 0010 23F0A003 		bic	r3, r3, #160
 5348 0014 4B60     		str	r3, [r1, #4]
4322:Drivers/STM32L4xx_HAL_Driver/Src/stm32l4xx_hal_spi.c ****   {
 5349              		.loc 1 4322 3 view .LVU1821
4322:Drivers/STM32L4xx_HAL_Driver/Src/stm32l4xx_hal_spi.c ****   {
 5350              		.loc 1 4322 7 is_stmt 0 view .LVU1822
 5351 0016 6421     		movs	r1, #100
 5352 0018 2046     		mov	r0, r4
 5353              	.LVL342:
4322:Drivers/STM32L4xx_HAL_Driver/Src/stm32l4xx_hal_spi.c ****   {
ARM GAS  /tmp/ccEksN7Z.s 			page 201


 5354              		.loc 1 4322 7 view .LVU1823
 5355 001a FFF7FEFF 		bl	SPI_EndRxTxTransaction
 5356              	.LVL343:
4322:Drivers/STM32L4xx_HAL_Driver/Src/stm32l4xx_hal_spi.c ****   {
 5357              		.loc 1 4322 6 discriminator 1 view .LVU1824
 5358 001e 18B1     		cbz	r0, .L368
4324:Drivers/STM32L4xx_HAL_Driver/Src/stm32l4xx_hal_spi.c ****   }
 5359              		.loc 1 4324 5 is_stmt 1 view .LVU1825
 5360 0020 236E     		ldr	r3, [r4, #96]
 5361 0022 43F02003 		orr	r3, r3, #32
 5362 0026 2366     		str	r3, [r4, #96]
 5363              	.L368:
4328:Drivers/STM32L4xx_HAL_Driver/Src/stm32l4xx_hal_spi.c ****   {
 5364              		.loc 1 4328 3 view .LVU1826
4328:Drivers/STM32L4xx_HAL_Driver/Src/stm32l4xx_hal_spi.c ****   {
 5365              		.loc 1 4328 17 is_stmt 0 view .LVU1827
 5366 0028 A368     		ldr	r3, [r4, #8]
4328:Drivers/STM32L4xx_HAL_Driver/Src/stm32l4xx_hal_spi.c ****   {
 5367              		.loc 1 4328 6 view .LVU1828
 5368 002a 33B9     		cbnz	r3, .L369
4330:Drivers/STM32L4xx_HAL_Driver/Src/stm32l4xx_hal_spi.c ****   }
 5369              		.loc 1 4330 5 is_stmt 1 view .LVU1829
 5370              	.LBB5:
4330:Drivers/STM32L4xx_HAL_Driver/Src/stm32l4xx_hal_spi.c ****   }
 5371              		.loc 1 4330 5 view .LVU1830
 5372 002c 0193     		str	r3, [sp, #4]
4330:Drivers/STM32L4xx_HAL_Driver/Src/stm32l4xx_hal_spi.c ****   }
 5373              		.loc 1 4330 5 view .LVU1831
 5374 002e 2368     		ldr	r3, [r4]
 5375 0030 DA68     		ldr	r2, [r3, #12]
 5376 0032 0192     		str	r2, [sp, #4]
4330:Drivers/STM32L4xx_HAL_Driver/Src/stm32l4xx_hal_spi.c ****   }
 5377              		.loc 1 4330 5 view .LVU1832
 5378 0034 9B68     		ldr	r3, [r3, #8]
 5379 0036 0193     		str	r3, [sp, #4]
4330:Drivers/STM32L4xx_HAL_Driver/Src/stm32l4xx_hal_spi.c ****   }
 5380              		.loc 1 4330 5 view .LVU1833
 5381 0038 019B     		ldr	r3, [sp, #4]
 5382              	.L369:
 5383              	.LBE5:
4330:Drivers/STM32L4xx_HAL_Driver/Src/stm32l4xx_hal_spi.c ****   }
 5384              		.loc 1 4330 5 discriminator 1 view .LVU1834
4333:Drivers/STM32L4xx_HAL_Driver/Src/stm32l4xx_hal_spi.c ****   if (hspi->ErrorCode != HAL_SPI_ERROR_NONE)
 5385              		.loc 1 4333 3 view .LVU1835
4333:Drivers/STM32L4xx_HAL_Driver/Src/stm32l4xx_hal_spi.c ****   if (hspi->ErrorCode != HAL_SPI_ERROR_NONE)
 5386              		.loc 1 4333 15 is_stmt 0 view .LVU1836
 5387 003a 0123     		movs	r3, #1
 5388 003c 84F85D30 		strb	r3, [r4, #93]
4334:Drivers/STM32L4xx_HAL_Driver/Src/stm32l4xx_hal_spi.c ****   {
 5389              		.loc 1 4334 3 is_stmt 1 view .LVU1837
4334:Drivers/STM32L4xx_HAL_Driver/Src/stm32l4xx_hal_spi.c ****   {
 5390              		.loc 1 4334 11 is_stmt 0 view .LVU1838
 5391 0040 236E     		ldr	r3, [r4, #96]
4334:Drivers/STM32L4xx_HAL_Driver/Src/stm32l4xx_hal_spi.c ****   {
 5392              		.loc 1 4334 6 view .LVU1839
 5393 0042 23B1     		cbz	r3, .L370
4340:Drivers/STM32L4xx_HAL_Driver/Src/stm32l4xx_hal_spi.c **** #endif /* USE_HAL_SPI_REGISTER_CALLBACKS */
ARM GAS  /tmp/ccEksN7Z.s 			page 202


 5394              		.loc 1 4340 5 is_stmt 1 view .LVU1840
 5395 0044 2046     		mov	r0, r4
 5396 0046 FFF7FEFF 		bl	HAL_SPI_ErrorCallback
 5397              	.LVL344:
 5398              	.L367:
4352:Drivers/STM32L4xx_HAL_Driver/Src/stm32l4xx_hal_spi.c **** 
 5399              		.loc 1 4352 1 is_stmt 0 view .LVU1841
 5400 004a 02B0     		add	sp, sp, #8
 5401              		.cfi_remember_state
 5402              		.cfi_def_cfa_offset 8
 5403              		@ sp needed
 5404 004c 10BD     		pop	{r4, pc}
 5405              	.LVL345:
 5406              	.L370:
 5407              		.cfi_restore_state
4349:Drivers/STM32L4xx_HAL_Driver/Src/stm32l4xx_hal_spi.c **** #endif /* USE_HAL_SPI_REGISTER_CALLBACKS */
 5408              		.loc 1 4349 5 is_stmt 1 view .LVU1842
 5409 004e 2046     		mov	r0, r4
 5410 0050 FFF7FEFF 		bl	HAL_SPI_TxCpltCallback
 5411              	.LVL346:
4352:Drivers/STM32L4xx_HAL_Driver/Src/stm32l4xx_hal_spi.c **** 
 5412              		.loc 1 4352 1 is_stmt 0 view .LVU1843
 5413 0054 F9E7     		b	.L367
 5414              		.cfi_endproc
 5415              	.LFE341:
 5417              		.section	.text.SPI_TxISR_8BIT,"ax",%progbits
 5418              		.align	1
 5419              		.syntax unified
 5420              		.thumb
 5421              		.thumb_func
 5423              	SPI_TxISR_8BIT:
 5424              	.LVL347:
 5425              	.LFB333:
3906:Drivers/STM32L4xx_HAL_Driver/Src/stm32l4xx_hal_spi.c ****   *(__IO uint8_t *)&hspi->Instance->DR = (*hspi->pTxBuffPtr);
 5426              		.loc 1 3906 1 is_stmt 1 view -0
 5427              		.cfi_startproc
 5428              		@ args = 0, pretend = 0, frame = 0
 5429              		@ frame_needed = 0, uses_anonymous_args = 0
3906:Drivers/STM32L4xx_HAL_Driver/Src/stm32l4xx_hal_spi.c ****   *(__IO uint8_t *)&hspi->Instance->DR = (*hspi->pTxBuffPtr);
 5430              		.loc 1 3906 1 is_stmt 0 view .LVU1845
 5431 0000 08B5     		push	{r3, lr}
 5432              		.cfi_def_cfa_offset 8
 5433              		.cfi_offset 3, -8
 5434              		.cfi_offset 14, -4
3907:Drivers/STM32L4xx_HAL_Driver/Src/stm32l4xx_hal_spi.c ****   hspi->pTxBuffPtr++;
 5435              		.loc 1 3907 3 is_stmt 1 view .LVU1846
3907:Drivers/STM32L4xx_HAL_Driver/Src/stm32l4xx_hal_spi.c ****   hspi->pTxBuffPtr++;
 5436              		.loc 1 3907 48 is_stmt 0 view .LVU1847
 5437 0002 826B     		ldr	r2, [r0, #56]
3907:Drivers/STM32L4xx_HAL_Driver/Src/stm32l4xx_hal_spi.c ****   hspi->pTxBuffPtr++;
 5438              		.loc 1 3907 25 view .LVU1848
 5439 0004 0368     		ldr	r3, [r0]
3907:Drivers/STM32L4xx_HAL_Driver/Src/stm32l4xx_hal_spi.c ****   hspi->pTxBuffPtr++;
 5440              		.loc 1 3907 43 view .LVU1849
 5441 0006 1278     		ldrb	r2, [r2]	@ zero_extendqisi2
3907:Drivers/STM32L4xx_HAL_Driver/Src/stm32l4xx_hal_spi.c ****   hspi->pTxBuffPtr++;
 5442              		.loc 1 3907 40 view .LVU1850
ARM GAS  /tmp/ccEksN7Z.s 			page 203


 5443 0008 1A73     		strb	r2, [r3, #12]
3908:Drivers/STM32L4xx_HAL_Driver/Src/stm32l4xx_hal_spi.c ****   hspi->TxXferCount--;
 5444              		.loc 1 3908 3 is_stmt 1 view .LVU1851
3908:Drivers/STM32L4xx_HAL_Driver/Src/stm32l4xx_hal_spi.c ****   hspi->TxXferCount--;
 5445              		.loc 1 3908 7 is_stmt 0 view .LVU1852
 5446 000a 836B     		ldr	r3, [r0, #56]
3908:Drivers/STM32L4xx_HAL_Driver/Src/stm32l4xx_hal_spi.c ****   hspi->TxXferCount--;
 5447              		.loc 1 3908 19 view .LVU1853
 5448 000c 0133     		adds	r3, r3, #1
 5449 000e 8363     		str	r3, [r0, #56]
3909:Drivers/STM32L4xx_HAL_Driver/Src/stm32l4xx_hal_spi.c **** 
 5450              		.loc 1 3909 3 is_stmt 1 view .LVU1854
3909:Drivers/STM32L4xx_HAL_Driver/Src/stm32l4xx_hal_spi.c **** 
 5451              		.loc 1 3909 7 is_stmt 0 view .LVU1855
 5452 0010 C38F     		ldrh	r3, [r0, #62]
 5453 0012 9BB2     		uxth	r3, r3
3909:Drivers/STM32L4xx_HAL_Driver/Src/stm32l4xx_hal_spi.c **** 
 5454              		.loc 1 3909 20 view .LVU1856
 5455 0014 013B     		subs	r3, r3, #1
 5456 0016 9BB2     		uxth	r3, r3
 5457 0018 C387     		strh	r3, [r0, #62]	@ movhi
3911:Drivers/STM32L4xx_HAL_Driver/Src/stm32l4xx_hal_spi.c ****   {
 5458              		.loc 1 3911 3 is_stmt 1 view .LVU1857
3911:Drivers/STM32L4xx_HAL_Driver/Src/stm32l4xx_hal_spi.c ****   {
 5459              		.loc 1 3911 11 is_stmt 0 view .LVU1858
 5460 001a C38F     		ldrh	r3, [r0, #62]
 5461 001c 9BB2     		uxth	r3, r3
3911:Drivers/STM32L4xx_HAL_Driver/Src/stm32l4xx_hal_spi.c ****   {
 5462              		.loc 1 3911 6 view .LVU1859
 5463 001e 03B1     		cbz	r3, .L376
 5464              	.LVL348:
 5465              	.L373:
3922:Drivers/STM32L4xx_HAL_Driver/Src/stm32l4xx_hal_spi.c **** 
 5466              		.loc 1 3922 1 view .LVU1860
 5467 0020 08BD     		pop	{r3, pc}
 5468              	.LVL349:
 5469              	.L376:
3920:Drivers/STM32L4xx_HAL_Driver/Src/stm32l4xx_hal_spi.c ****   }
 5470              		.loc 1 3920 5 is_stmt 1 view .LVU1861
 5471 0022 FFF7FEFF 		bl	SPI_CloseTx_ISR
 5472              	.LVL350:
3922:Drivers/STM32L4xx_HAL_Driver/Src/stm32l4xx_hal_spi.c **** 
 5473              		.loc 1 3922 1 is_stmt 0 view .LVU1862
 5474 0026 FBE7     		b	.L373
 5475              		.cfi_endproc
 5476              	.LFE333:
 5478              		.section	.text.SPI_TxISR_16BIT,"ax",%progbits
 5479              		.align	1
 5480              		.syntax unified
 5481              		.thumb
 5482              		.thumb_func
 5484              	SPI_TxISR_16BIT:
 5485              	.LVL351:
 5486              	.LFB334:
3931:Drivers/STM32L4xx_HAL_Driver/Src/stm32l4xx_hal_spi.c ****   /* Transmit data in 16 Bit mode */
 5487              		.loc 1 3931 1 is_stmt 1 view -0
 5488              		.cfi_startproc
ARM GAS  /tmp/ccEksN7Z.s 			page 204


 5489              		@ args = 0, pretend = 0, frame = 0
 5490              		@ frame_needed = 0, uses_anonymous_args = 0
3931:Drivers/STM32L4xx_HAL_Driver/Src/stm32l4xx_hal_spi.c ****   /* Transmit data in 16 Bit mode */
 5491              		.loc 1 3931 1 is_stmt 0 view .LVU1864
 5492 0000 08B5     		push	{r3, lr}
 5493              		.cfi_def_cfa_offset 8
 5494              		.cfi_offset 3, -8
 5495              		.cfi_offset 14, -4
3933:Drivers/STM32L4xx_HAL_Driver/Src/stm32l4xx_hal_spi.c ****   hspi->pTxBuffPtr += sizeof(uint16_t);
 5496              		.loc 1 3933 3 is_stmt 1 view .LVU1865
3933:Drivers/STM32L4xx_HAL_Driver/Src/stm32l4xx_hal_spi.c ****   hspi->pTxBuffPtr += sizeof(uint16_t);
 5497              		.loc 1 3933 42 is_stmt 0 view .LVU1866
 5498 0002 826B     		ldr	r2, [r0, #56]
3933:Drivers/STM32L4xx_HAL_Driver/Src/stm32l4xx_hal_spi.c ****   hspi->pTxBuffPtr += sizeof(uint16_t);
 5499              		.loc 1 3933 7 view .LVU1867
 5500 0004 0368     		ldr	r3, [r0]
3933:Drivers/STM32L4xx_HAL_Driver/Src/stm32l4xx_hal_spi.c ****   hspi->pTxBuffPtr += sizeof(uint16_t);
 5501              		.loc 1 3933 24 view .LVU1868
 5502 0006 1288     		ldrh	r2, [r2]
3933:Drivers/STM32L4xx_HAL_Driver/Src/stm32l4xx_hal_spi.c ****   hspi->pTxBuffPtr += sizeof(uint16_t);
 5503              		.loc 1 3933 22 view .LVU1869
 5504 0008 DA60     		str	r2, [r3, #12]
3934:Drivers/STM32L4xx_HAL_Driver/Src/stm32l4xx_hal_spi.c ****   hspi->TxXferCount--;
 5505              		.loc 1 3934 3 is_stmt 1 view .LVU1870
3934:Drivers/STM32L4xx_HAL_Driver/Src/stm32l4xx_hal_spi.c ****   hspi->TxXferCount--;
 5506              		.loc 1 3934 7 is_stmt 0 view .LVU1871
 5507 000a 836B     		ldr	r3, [r0, #56]
3934:Drivers/STM32L4xx_HAL_Driver/Src/stm32l4xx_hal_spi.c ****   hspi->TxXferCount--;
 5508              		.loc 1 3934 20 view .LVU1872
 5509 000c 0233     		adds	r3, r3, #2
 5510 000e 8363     		str	r3, [r0, #56]
3935:Drivers/STM32L4xx_HAL_Driver/Src/stm32l4xx_hal_spi.c **** 
 5511              		.loc 1 3935 3 is_stmt 1 view .LVU1873
3935:Drivers/STM32L4xx_HAL_Driver/Src/stm32l4xx_hal_spi.c **** 
 5512              		.loc 1 3935 7 is_stmt 0 view .LVU1874
 5513 0010 C38F     		ldrh	r3, [r0, #62]
 5514 0012 9BB2     		uxth	r3, r3
3935:Drivers/STM32L4xx_HAL_Driver/Src/stm32l4xx_hal_spi.c **** 
 5515              		.loc 1 3935 20 view .LVU1875
 5516 0014 013B     		subs	r3, r3, #1
 5517 0016 9BB2     		uxth	r3, r3
 5518 0018 C387     		strh	r3, [r0, #62]	@ movhi
3937:Drivers/STM32L4xx_HAL_Driver/Src/stm32l4xx_hal_spi.c ****   {
 5519              		.loc 1 3937 3 is_stmt 1 view .LVU1876
3937:Drivers/STM32L4xx_HAL_Driver/Src/stm32l4xx_hal_spi.c ****   {
 5520              		.loc 1 3937 11 is_stmt 0 view .LVU1877
 5521 001a C38F     		ldrh	r3, [r0, #62]
 5522 001c 9BB2     		uxth	r3, r3
3937:Drivers/STM32L4xx_HAL_Driver/Src/stm32l4xx_hal_spi.c ****   {
 5523              		.loc 1 3937 6 view .LVU1878
 5524 001e 03B1     		cbz	r3, .L380
 5525              	.LVL352:
 5526              	.L377:
3948:Drivers/STM32L4xx_HAL_Driver/Src/stm32l4xx_hal_spi.c **** 
 5527              		.loc 1 3948 1 view .LVU1879
 5528 0020 08BD     		pop	{r3, pc}
 5529              	.LVL353:
ARM GAS  /tmp/ccEksN7Z.s 			page 205


 5530              	.L380:
3946:Drivers/STM32L4xx_HAL_Driver/Src/stm32l4xx_hal_spi.c ****   }
 5531              		.loc 1 3946 5 is_stmt 1 view .LVU1880
 5532 0022 FFF7FEFF 		bl	SPI_CloseTx_ISR
 5533              	.LVL354:
3948:Drivers/STM32L4xx_HAL_Driver/Src/stm32l4xx_hal_spi.c **** 
 5534              		.loc 1 3948 1 is_stmt 0 view .LVU1881
 5535 0026 FBE7     		b	.L377
 5536              		.cfi_endproc
 5537              	.LFE334:
 5539              		.section	.text.SPI_CloseRx_ISR,"ax",%progbits
 5540              		.align	1
 5541              		.syntax unified
 5542              		.thumb
 5543              		.thumb_func
 5545              	SPI_CloseRx_ISR:
 5546              	.LVL355:
 5547              	.LFB340:
4255:Drivers/STM32L4xx_HAL_Driver/Src/stm32l4xx_hal_spi.c ****   /* Disable RXNE and ERR interrupt */
 5548              		.loc 1 4255 1 is_stmt 1 view -0
 5549              		.cfi_startproc
 5550              		@ args = 0, pretend = 0, frame = 0
 5551              		@ frame_needed = 0, uses_anonymous_args = 0
4255:Drivers/STM32L4xx_HAL_Driver/Src/stm32l4xx_hal_spi.c ****   /* Disable RXNE and ERR interrupt */
 5552              		.loc 1 4255 1 is_stmt 0 view .LVU1883
 5553 0000 10B5     		push	{r4, lr}
 5554              		.cfi_def_cfa_offset 8
 5555              		.cfi_offset 4, -8
 5556              		.cfi_offset 14, -4
 5557 0002 0446     		mov	r4, r0
4257:Drivers/STM32L4xx_HAL_Driver/Src/stm32l4xx_hal_spi.c **** 
 5558              		.loc 1 4257 3 is_stmt 1 view .LVU1884
 5559 0004 0268     		ldr	r2, [r0]
 5560 0006 5368     		ldr	r3, [r2, #4]
 5561 0008 23F06003 		bic	r3, r3, #96
 5562 000c 5360     		str	r3, [r2, #4]
4260:Drivers/STM32L4xx_HAL_Driver/Src/stm32l4xx_hal_spi.c ****   {
 5563              		.loc 1 4260 3 view .LVU1885
4260:Drivers/STM32L4xx_HAL_Driver/Src/stm32l4xx_hal_spi.c ****   {
 5564              		.loc 1 4260 7 is_stmt 0 view .LVU1886
 5565 000e FFF7FEFF 		bl	HAL_GetTick
 5566              	.LVL356:
4260:Drivers/STM32L4xx_HAL_Driver/Src/stm32l4xx_hal_spi.c ****   {
 5567              		.loc 1 4260 7 view .LVU1887
 5568 0012 0246     		mov	r2, r0
4260:Drivers/STM32L4xx_HAL_Driver/Src/stm32l4xx_hal_spi.c ****   {
 5569              		.loc 1 4260 7 discriminator 1 view .LVU1888
 5570 0014 6421     		movs	r1, #100
 5571 0016 2046     		mov	r0, r4
 5572 0018 FFF7FEFF 		bl	SPI_EndRxTransaction
 5573              	.LVL357:
4260:Drivers/STM32L4xx_HAL_Driver/Src/stm32l4xx_hal_spi.c ****   {
 5574              		.loc 1 4260 6 discriminator 2 view .LVU1889
 5575 001c 18B1     		cbz	r0, .L382
4262:Drivers/STM32L4xx_HAL_Driver/Src/stm32l4xx_hal_spi.c ****   }
 5576              		.loc 1 4262 5 is_stmt 1 view .LVU1890
 5577 001e 236E     		ldr	r3, [r4, #96]
ARM GAS  /tmp/ccEksN7Z.s 			page 206


 5578 0020 43F02003 		orr	r3, r3, #32
 5579 0024 2366     		str	r3, [r4, #96]
 5580              	.L382:
4264:Drivers/STM32L4xx_HAL_Driver/Src/stm32l4xx_hal_spi.c **** 
 5581              		.loc 1 4264 3 view .LVU1891
4264:Drivers/STM32L4xx_HAL_Driver/Src/stm32l4xx_hal_spi.c **** 
 5582              		.loc 1 4264 15 is_stmt 0 view .LVU1892
 5583 0026 0123     		movs	r3, #1
 5584 0028 84F85D30 		strb	r3, [r4, #93]
4282:Drivers/STM32L4xx_HAL_Driver/Src/stm32l4xx_hal_spi.c ****     {
 5585              		.loc 1 4282 5 is_stmt 1 view .LVU1893
4282:Drivers/STM32L4xx_HAL_Driver/Src/stm32l4xx_hal_spi.c ****     {
 5586              		.loc 1 4282 13 is_stmt 0 view .LVU1894
 5587 002c 236E     		ldr	r3, [r4, #96]
4282:Drivers/STM32L4xx_HAL_Driver/Src/stm32l4xx_hal_spi.c ****     {
 5588              		.loc 1 4282 8 view .LVU1895
 5589 002e 1BB9     		cbnz	r3, .L383
4288:Drivers/STM32L4xx_HAL_Driver/Src/stm32l4xx_hal_spi.c **** #endif /* USE_HAL_SPI_REGISTER_CALLBACKS */
 5590              		.loc 1 4288 7 is_stmt 1 view .LVU1896
 5591 0030 2046     		mov	r0, r4
 5592 0032 FFF7FEFF 		bl	HAL_SPI_RxCpltCallback
 5593              	.LVL358:
 5594              	.L381:
4303:Drivers/STM32L4xx_HAL_Driver/Src/stm32l4xx_hal_spi.c **** 
 5595              		.loc 1 4303 1 is_stmt 0 view .LVU1897
 5596 0036 10BD     		pop	{r4, pc}
 5597              	.LVL359:
 5598              	.L383:
4297:Drivers/STM32L4xx_HAL_Driver/Src/stm32l4xx_hal_spi.c **** #endif /* USE_HAL_SPI_REGISTER_CALLBACKS */
 5599              		.loc 1 4297 7 is_stmt 1 view .LVU1898
 5600 0038 2046     		mov	r0, r4
 5601 003a FFF7FEFF 		bl	HAL_SPI_ErrorCallback
 5602              	.LVL360:
4303:Drivers/STM32L4xx_HAL_Driver/Src/stm32l4xx_hal_spi.c **** 
 5603              		.loc 1 4303 1 is_stmt 0 view .LVU1899
 5604 003e FAE7     		b	.L381
 5605              		.cfi_endproc
 5606              	.LFE340:
 5608              		.section	.text.SPI_RxISR_8BIT,"ax",%progbits
 5609              		.align	1
 5610              		.syntax unified
 5611              		.thumb
 5612              		.thumb_func
 5614              	SPI_RxISR_8BIT:
 5615              	.LVL361:
 5616              	.LFB331:
3817:Drivers/STM32L4xx_HAL_Driver/Src/stm32l4xx_hal_spi.c ****   *hspi->pRxBuffPtr = (*(__IO uint8_t *)&hspi->Instance->DR);
 5617              		.loc 1 3817 1 is_stmt 1 view -0
 5618              		.cfi_startproc
 5619              		@ args = 0, pretend = 0, frame = 0
 5620              		@ frame_needed = 0, uses_anonymous_args = 0
3817:Drivers/STM32L4xx_HAL_Driver/Src/stm32l4xx_hal_spi.c ****   *hspi->pRxBuffPtr = (*(__IO uint8_t *)&hspi->Instance->DR);
 5621              		.loc 1 3817 1 is_stmt 0 view .LVU1901
 5622 0000 08B5     		push	{r3, lr}
 5623              		.cfi_def_cfa_offset 8
 5624              		.cfi_offset 3, -8
 5625              		.cfi_offset 14, -4
ARM GAS  /tmp/ccEksN7Z.s 			page 207


3818:Drivers/STM32L4xx_HAL_Driver/Src/stm32l4xx_hal_spi.c ****   hspi->pRxBuffPtr++;
 5626              		.loc 1 3818 3 is_stmt 1 view .LVU1902
3818:Drivers/STM32L4xx_HAL_Driver/Src/stm32l4xx_hal_spi.c ****   hspi->pRxBuffPtr++;
 5627              		.loc 1 3818 46 is_stmt 0 view .LVU1903
 5628 0002 0268     		ldr	r2, [r0]
3818:Drivers/STM32L4xx_HAL_Driver/Src/stm32l4xx_hal_spi.c ****   hspi->pRxBuffPtr++;
 5629              		.loc 1 3818 8 view .LVU1904
 5630 0004 036C     		ldr	r3, [r0, #64]
3818:Drivers/STM32L4xx_HAL_Driver/Src/stm32l4xx_hal_spi.c ****   hspi->pRxBuffPtr++;
 5631              		.loc 1 3818 24 view .LVU1905
 5632 0006 127B     		ldrb	r2, [r2, #12]	@ zero_extendqisi2
3818:Drivers/STM32L4xx_HAL_Driver/Src/stm32l4xx_hal_spi.c ****   hspi->pRxBuffPtr++;
 5633              		.loc 1 3818 21 view .LVU1906
 5634 0008 1A70     		strb	r2, [r3]
3819:Drivers/STM32L4xx_HAL_Driver/Src/stm32l4xx_hal_spi.c ****   hspi->RxXferCount--;
 5635              		.loc 1 3819 3 is_stmt 1 view .LVU1907
3819:Drivers/STM32L4xx_HAL_Driver/Src/stm32l4xx_hal_spi.c ****   hspi->RxXferCount--;
 5636              		.loc 1 3819 7 is_stmt 0 view .LVU1908
 5637 000a 036C     		ldr	r3, [r0, #64]
3819:Drivers/STM32L4xx_HAL_Driver/Src/stm32l4xx_hal_spi.c ****   hspi->RxXferCount--;
 5638              		.loc 1 3819 19 view .LVU1909
 5639 000c 0133     		adds	r3, r3, #1
 5640 000e 0364     		str	r3, [r0, #64]
3820:Drivers/STM32L4xx_HAL_Driver/Src/stm32l4xx_hal_spi.c **** 
 5641              		.loc 1 3820 3 is_stmt 1 view .LVU1910
3820:Drivers/STM32L4xx_HAL_Driver/Src/stm32l4xx_hal_spi.c **** 
 5642              		.loc 1 3820 7 is_stmt 0 view .LVU1911
 5643 0010 B0F84630 		ldrh	r3, [r0, #70]
 5644 0014 9BB2     		uxth	r3, r3
3820:Drivers/STM32L4xx_HAL_Driver/Src/stm32l4xx_hal_spi.c **** 
 5645              		.loc 1 3820 20 view .LVU1912
 5646 0016 013B     		subs	r3, r3, #1
 5647 0018 9BB2     		uxth	r3, r3
 5648 001a A0F84630 		strh	r3, [r0, #70]	@ movhi
3830:Drivers/STM32L4xx_HAL_Driver/Src/stm32l4xx_hal_spi.c ****   {
 5649              		.loc 1 3830 3 is_stmt 1 view .LVU1913
3830:Drivers/STM32L4xx_HAL_Driver/Src/stm32l4xx_hal_spi.c ****   {
 5650              		.loc 1 3830 11 is_stmt 0 view .LVU1914
 5651 001e B0F84630 		ldrh	r3, [r0, #70]
 5652 0022 9BB2     		uxth	r3, r3
3830:Drivers/STM32L4xx_HAL_Driver/Src/stm32l4xx_hal_spi.c ****   {
 5653              		.loc 1 3830 6 view .LVU1915
 5654 0024 03B1     		cbz	r3, .L389
 5655              	.LVL362:
 5656              	.L386:
3841:Drivers/STM32L4xx_HAL_Driver/Src/stm32l4xx_hal_spi.c **** 
 5657              		.loc 1 3841 1 view .LVU1916
 5658 0026 08BD     		pop	{r3, pc}
 5659              	.LVL363:
 5660              	.L389:
3839:Drivers/STM32L4xx_HAL_Driver/Src/stm32l4xx_hal_spi.c ****   }
 5661              		.loc 1 3839 5 is_stmt 1 view .LVU1917
 5662 0028 FFF7FEFF 		bl	SPI_CloseRx_ISR
 5663              	.LVL364:
3841:Drivers/STM32L4xx_HAL_Driver/Src/stm32l4xx_hal_spi.c **** 
 5664              		.loc 1 3841 1 is_stmt 0 view .LVU1918
 5665 002c FBE7     		b	.L386
ARM GAS  /tmp/ccEksN7Z.s 			page 208


 5666              		.cfi_endproc
 5667              	.LFE331:
 5669              		.section	.text.SPI_RxISR_16BIT,"ax",%progbits
 5670              		.align	1
 5671              		.syntax unified
 5672              		.thumb
 5673              		.thumb_func
 5675              	SPI_RxISR_16BIT:
 5676              	.LVL365:
 5677              	.LFB332:
3873:Drivers/STM32L4xx_HAL_Driver/Src/stm32l4xx_hal_spi.c ****   *((uint16_t *)hspi->pRxBuffPtr) = (uint16_t)(hspi->Instance->DR);
 5678              		.loc 1 3873 1 is_stmt 1 view -0
 5679              		.cfi_startproc
 5680              		@ args = 0, pretend = 0, frame = 0
 5681              		@ frame_needed = 0, uses_anonymous_args = 0
3873:Drivers/STM32L4xx_HAL_Driver/Src/stm32l4xx_hal_spi.c ****   *((uint16_t *)hspi->pRxBuffPtr) = (uint16_t)(hspi->Instance->DR);
 5682              		.loc 1 3873 1 is_stmt 0 view .LVU1920
 5683 0000 08B5     		push	{r3, lr}
 5684              		.cfi_def_cfa_offset 8
 5685              		.cfi_offset 3, -8
 5686              		.cfi_offset 14, -4
3874:Drivers/STM32L4xx_HAL_Driver/Src/stm32l4xx_hal_spi.c ****   hspi->pRxBuffPtr += sizeof(uint16_t);
 5687              		.loc 1 3874 3 is_stmt 1 view .LVU1921
3874:Drivers/STM32L4xx_HAL_Driver/Src/stm32l4xx_hal_spi.c ****   hspi->pRxBuffPtr += sizeof(uint16_t);
 5688              		.loc 1 3874 52 is_stmt 0 view .LVU1922
 5689 0002 0368     		ldr	r3, [r0]
3874:Drivers/STM32L4xx_HAL_Driver/Src/stm32l4xx_hal_spi.c ****   hspi->pRxBuffPtr += sizeof(uint16_t);
 5690              		.loc 1 3874 62 view .LVU1923
 5691 0004 DA68     		ldr	r2, [r3, #12]
3874:Drivers/STM32L4xx_HAL_Driver/Src/stm32l4xx_hal_spi.c ****   hspi->pRxBuffPtr += sizeof(uint16_t);
 5692              		.loc 1 3874 21 view .LVU1924
 5693 0006 036C     		ldr	r3, [r0, #64]
3874:Drivers/STM32L4xx_HAL_Driver/Src/stm32l4xx_hal_spi.c ****   hspi->pRxBuffPtr += sizeof(uint16_t);
 5694              		.loc 1 3874 35 view .LVU1925
 5695 0008 1A80     		strh	r2, [r3]	@ movhi
3875:Drivers/STM32L4xx_HAL_Driver/Src/stm32l4xx_hal_spi.c ****   hspi->RxXferCount--;
 5696              		.loc 1 3875 3 is_stmt 1 view .LVU1926
3875:Drivers/STM32L4xx_HAL_Driver/Src/stm32l4xx_hal_spi.c ****   hspi->RxXferCount--;
 5697              		.loc 1 3875 7 is_stmt 0 view .LVU1927
 5698 000a 036C     		ldr	r3, [r0, #64]
3875:Drivers/STM32L4xx_HAL_Driver/Src/stm32l4xx_hal_spi.c ****   hspi->RxXferCount--;
 5699              		.loc 1 3875 20 view .LVU1928
 5700 000c 0233     		adds	r3, r3, #2
 5701 000e 0364     		str	r3, [r0, #64]
3876:Drivers/STM32L4xx_HAL_Driver/Src/stm32l4xx_hal_spi.c **** 
 5702              		.loc 1 3876 3 is_stmt 1 view .LVU1929
3876:Drivers/STM32L4xx_HAL_Driver/Src/stm32l4xx_hal_spi.c **** 
 5703              		.loc 1 3876 7 is_stmt 0 view .LVU1930
 5704 0010 B0F84630 		ldrh	r3, [r0, #70]
 5705 0014 9BB2     		uxth	r3, r3
3876:Drivers/STM32L4xx_HAL_Driver/Src/stm32l4xx_hal_spi.c **** 
 5706              		.loc 1 3876 20 view .LVU1931
 5707 0016 013B     		subs	r3, r3, #1
 5708 0018 9BB2     		uxth	r3, r3
 5709 001a A0F84630 		strh	r3, [r0, #70]	@ movhi
3886:Drivers/STM32L4xx_HAL_Driver/Src/stm32l4xx_hal_spi.c ****   {
 5710              		.loc 1 3886 3 is_stmt 1 view .LVU1932
ARM GAS  /tmp/ccEksN7Z.s 			page 209


3886:Drivers/STM32L4xx_HAL_Driver/Src/stm32l4xx_hal_spi.c ****   {
 5711              		.loc 1 3886 11 is_stmt 0 view .LVU1933
 5712 001e B0F84630 		ldrh	r3, [r0, #70]
 5713 0022 9BB2     		uxth	r3, r3
3886:Drivers/STM32L4xx_HAL_Driver/Src/stm32l4xx_hal_spi.c ****   {
 5714              		.loc 1 3886 6 view .LVU1934
 5715 0024 03B1     		cbz	r3, .L393
 5716              	.LVL366:
 5717              	.L390:
3897:Drivers/STM32L4xx_HAL_Driver/Src/stm32l4xx_hal_spi.c **** 
 5718              		.loc 1 3897 1 view .LVU1935
 5719 0026 08BD     		pop	{r3, pc}
 5720              	.LVL367:
 5721              	.L393:
3895:Drivers/STM32L4xx_HAL_Driver/Src/stm32l4xx_hal_spi.c ****   }
 5722              		.loc 1 3895 5 is_stmt 1 view .LVU1936
 5723 0028 FFF7FEFF 		bl	SPI_CloseRx_ISR
 5724              	.LVL368:
3897:Drivers/STM32L4xx_HAL_Driver/Src/stm32l4xx_hal_spi.c **** 
 5725              		.loc 1 3897 1 is_stmt 0 view .LVU1937
 5726 002c FBE7     		b	.L390
 5727              		.cfi_endproc
 5728              	.LFE332:
 5730              		.section	.text.SPI_CloseRxTx_ISR,"ax",%progbits
 5731              		.align	1
 5732              		.syntax unified
 5733              		.thumb
 5734              		.thumb_func
 5736              	SPI_CloseRxTx_ISR:
 5737              	.LVL369:
 5738              	.LFB339:
4178:Drivers/STM32L4xx_HAL_Driver/Src/stm32l4xx_hal_spi.c ****   uint32_t tickstart;
 5739              		.loc 1 4178 1 is_stmt 1 view -0
 5740              		.cfi_startproc
 5741              		@ args = 0, pretend = 0, frame = 0
 5742              		@ frame_needed = 0, uses_anonymous_args = 0
4178:Drivers/STM32L4xx_HAL_Driver/Src/stm32l4xx_hal_spi.c ****   uint32_t tickstart;
 5743              		.loc 1 4178 1 is_stmt 0 view .LVU1939
 5744 0000 10B5     		push	{r4, lr}
 5745              		.cfi_def_cfa_offset 8
 5746              		.cfi_offset 4, -8
 5747              		.cfi_offset 14, -4
 5748 0002 0446     		mov	r4, r0
4179:Drivers/STM32L4xx_HAL_Driver/Src/stm32l4xx_hal_spi.c **** 
 5749              		.loc 1 4179 3 is_stmt 1 view .LVU1940
4182:Drivers/STM32L4xx_HAL_Driver/Src/stm32l4xx_hal_spi.c **** 
 5750              		.loc 1 4182 3 view .LVU1941
4182:Drivers/STM32L4xx_HAL_Driver/Src/stm32l4xx_hal_spi.c **** 
 5751              		.loc 1 4182 15 is_stmt 0 view .LVU1942
 5752 0004 FFF7FEFF 		bl	HAL_GetTick
 5753              	.LVL370:
4182:Drivers/STM32L4xx_HAL_Driver/Src/stm32l4xx_hal_spi.c **** 
 5754              		.loc 1 4182 15 view .LVU1943
 5755 0008 0246     		mov	r2, r0
 5756              	.LVL371:
4185:Drivers/STM32L4xx_HAL_Driver/Src/stm32l4xx_hal_spi.c **** 
 5757              		.loc 1 4185 3 is_stmt 1 view .LVU1944
ARM GAS  /tmp/ccEksN7Z.s 			page 210


 5758 000a 2168     		ldr	r1, [r4]
 5759 000c 4B68     		ldr	r3, [r1, #4]
 5760 000e 23F02003 		bic	r3, r3, #32
 5761 0012 4B60     		str	r3, [r1, #4]
4188:Drivers/STM32L4xx_HAL_Driver/Src/stm32l4xx_hal_spi.c ****   {
 5762              		.loc 1 4188 3 view .LVU1945
4188:Drivers/STM32L4xx_HAL_Driver/Src/stm32l4xx_hal_spi.c ****   {
 5763              		.loc 1 4188 7 is_stmt 0 view .LVU1946
 5764 0014 6421     		movs	r1, #100
 5765 0016 2046     		mov	r0, r4
 5766              	.LVL372:
4188:Drivers/STM32L4xx_HAL_Driver/Src/stm32l4xx_hal_spi.c ****   {
 5767              		.loc 1 4188 7 view .LVU1947
 5768 0018 FFF7FEFF 		bl	SPI_EndRxTxTransaction
 5769              	.LVL373:
4188:Drivers/STM32L4xx_HAL_Driver/Src/stm32l4xx_hal_spi.c ****   {
 5770              		.loc 1 4188 6 discriminator 1 view .LVU1948
 5771 001c 18B1     		cbz	r0, .L395
4190:Drivers/STM32L4xx_HAL_Driver/Src/stm32l4xx_hal_spi.c ****   }
 5772              		.loc 1 4190 5 is_stmt 1 view .LVU1949
 5773 001e 236E     		ldr	r3, [r4, #96]
 5774 0020 43F02003 		orr	r3, r3, #32
 5775 0024 2366     		str	r3, [r4, #96]
 5776              	.L395:
4210:Drivers/STM32L4xx_HAL_Driver/Src/stm32l4xx_hal_spi.c ****     {
 5777              		.loc 1 4210 5 view .LVU1950
4210:Drivers/STM32L4xx_HAL_Driver/Src/stm32l4xx_hal_spi.c ****     {
 5778              		.loc 1 4210 13 is_stmt 0 view .LVU1951
 5779 0026 236E     		ldr	r3, [r4, #96]
4210:Drivers/STM32L4xx_HAL_Driver/Src/stm32l4xx_hal_spi.c ****     {
 5780              		.loc 1 4210 8 view .LVU1952
 5781 0028 93B9     		cbnz	r3, .L396
4212:Drivers/STM32L4xx_HAL_Driver/Src/stm32l4xx_hal_spi.c ****       {
 5782              		.loc 1 4212 7 is_stmt 1 view .LVU1953
4212:Drivers/STM32L4xx_HAL_Driver/Src/stm32l4xx_hal_spi.c ****       {
 5783              		.loc 1 4212 15 is_stmt 0 view .LVU1954
 5784 002a 94F85D30 		ldrb	r3, [r4, #93]	@ zero_extendqisi2
 5785 002e DBB2     		uxtb	r3, r3
4212:Drivers/STM32L4xx_HAL_Driver/Src/stm32l4xx_hal_spi.c ****       {
 5786              		.loc 1 4212 10 view .LVU1955
 5787 0030 042B     		cmp	r3, #4
 5788 0032 06D0     		beq	.L400
4224:Drivers/STM32L4xx_HAL_Driver/Src/stm32l4xx_hal_spi.c ****         /* Call user TxRx complete callback */
 5789              		.loc 1 4224 9 is_stmt 1 view .LVU1956
4224:Drivers/STM32L4xx_HAL_Driver/Src/stm32l4xx_hal_spi.c ****         /* Call user TxRx complete callback */
 5790              		.loc 1 4224 21 is_stmt 0 view .LVU1957
 5791 0034 0123     		movs	r3, #1
 5792 0036 84F85D30 		strb	r3, [r4, #93]
4229:Drivers/STM32L4xx_HAL_Driver/Src/stm32l4xx_hal_spi.c **** #endif /* USE_HAL_SPI_REGISTER_CALLBACKS */
 5793              		.loc 1 4229 9 is_stmt 1 view .LVU1958
 5794 003a 2046     		mov	r0, r4
 5795 003c FFF7FEFF 		bl	HAL_SPI_TxRxCpltCallback
 5796              	.LVL374:
 5797              	.L394:
4246:Drivers/STM32L4xx_HAL_Driver/Src/stm32l4xx_hal_spi.c **** 
 5798              		.loc 1 4246 1 is_stmt 0 view .LVU1959
 5799 0040 10BD     		pop	{r4, pc}
ARM GAS  /tmp/ccEksN7Z.s 			page 211


 5800              	.LVL375:
 5801              	.L400:
4214:Drivers/STM32L4xx_HAL_Driver/Src/stm32l4xx_hal_spi.c ****         /* Call user Rx complete callback */
 5802              		.loc 1 4214 9 is_stmt 1 view .LVU1960
4214:Drivers/STM32L4xx_HAL_Driver/Src/stm32l4xx_hal_spi.c ****         /* Call user Rx complete callback */
 5803              		.loc 1 4214 21 is_stmt 0 view .LVU1961
 5804 0042 0123     		movs	r3, #1
 5805 0044 84F85D30 		strb	r3, [r4, #93]
4219:Drivers/STM32L4xx_HAL_Driver/Src/stm32l4xx_hal_spi.c **** #endif /* USE_HAL_SPI_REGISTER_CALLBACKS */
 5806              		.loc 1 4219 9 is_stmt 1 view .LVU1962
 5807 0048 2046     		mov	r0, r4
 5808 004a FFF7FEFF 		bl	HAL_SPI_RxCpltCallback
 5809              	.LVL376:
 5810 004e F7E7     		b	.L394
 5811              	.L396:
4235:Drivers/STM32L4xx_HAL_Driver/Src/stm32l4xx_hal_spi.c ****       /* Call user error callback */
 5812              		.loc 1 4235 7 view .LVU1963
4235:Drivers/STM32L4xx_HAL_Driver/Src/stm32l4xx_hal_spi.c ****       /* Call user error callback */
 5813              		.loc 1 4235 19 is_stmt 0 view .LVU1964
 5814 0050 0123     		movs	r3, #1
 5815 0052 84F85D30 		strb	r3, [r4, #93]
4240:Drivers/STM32L4xx_HAL_Driver/Src/stm32l4xx_hal_spi.c **** #endif /* USE_HAL_SPI_REGISTER_CALLBACKS */
 5816              		.loc 1 4240 7 is_stmt 1 view .LVU1965
 5817 0056 2046     		mov	r0, r4
 5818 0058 FFF7FEFF 		bl	HAL_SPI_ErrorCallback
 5819              	.LVL377:
4246:Drivers/STM32L4xx_HAL_Driver/Src/stm32l4xx_hal_spi.c **** 
 5820              		.loc 1 4246 1 is_stmt 0 view .LVU1966
 5821 005c F0E7     		b	.L394
 5822              		.cfi_endproc
 5823              	.LFE339:
 5825              		.section	.text.SPI_2linesTxISR_8BIT,"ax",%progbits
 5826              		.align	1
 5827              		.syntax unified
 5828              		.thumb
 5829              		.thumb_func
 5831              	SPI_2linesTxISR_8BIT:
 5832              	.LVL378:
 5833              	.LFB328:
3649:Drivers/STM32L4xx_HAL_Driver/Src/stm32l4xx_hal_spi.c ****   /* Transmit data in packing Bit mode */
 5834              		.loc 1 3649 1 is_stmt 1 view -0
 5835              		.cfi_startproc
 5836              		@ args = 0, pretend = 0, frame = 0
 5837              		@ frame_needed = 0, uses_anonymous_args = 0
3649:Drivers/STM32L4xx_HAL_Driver/Src/stm32l4xx_hal_spi.c ****   /* Transmit data in packing Bit mode */
 5838              		.loc 1 3649 1 is_stmt 0 view .LVU1968
 5839 0000 08B5     		push	{r3, lr}
 5840              		.cfi_def_cfa_offset 8
 5841              		.cfi_offset 3, -8
 5842              		.cfi_offset 14, -4
3651:Drivers/STM32L4xx_HAL_Driver/Src/stm32l4xx_hal_spi.c ****   {
 5843              		.loc 1 3651 3 is_stmt 1 view .LVU1969
3651:Drivers/STM32L4xx_HAL_Driver/Src/stm32l4xx_hal_spi.c ****   {
 5844              		.loc 1 3651 11 is_stmt 0 view .LVU1970
 5845 0002 C38F     		ldrh	r3, [r0, #62]
 5846 0004 9BB2     		uxth	r3, r3
3651:Drivers/STM32L4xx_HAL_Driver/Src/stm32l4xx_hal_spi.c ****   {
ARM GAS  /tmp/ccEksN7Z.s 			page 212


 5847              		.loc 1 3651 6 view .LVU1971
 5848 0006 012B     		cmp	r3, #1
 5849 0008 18D9     		bls	.L402
3653:Drivers/STM32L4xx_HAL_Driver/Src/stm32l4xx_hal_spi.c ****     hspi->pTxBuffPtr += sizeof(uint16_t);
 5850              		.loc 1 3653 5 is_stmt 1 view .LVU1972
3653:Drivers/STM32L4xx_HAL_Driver/Src/stm32l4xx_hal_spi.c ****     hspi->pTxBuffPtr += sizeof(uint16_t);
 5851              		.loc 1 3653 44 is_stmt 0 view .LVU1973
 5852 000a 826B     		ldr	r2, [r0, #56]
3653:Drivers/STM32L4xx_HAL_Driver/Src/stm32l4xx_hal_spi.c ****     hspi->pTxBuffPtr += sizeof(uint16_t);
 5853              		.loc 1 3653 9 view .LVU1974
 5854 000c 0368     		ldr	r3, [r0]
3653:Drivers/STM32L4xx_HAL_Driver/Src/stm32l4xx_hal_spi.c ****     hspi->pTxBuffPtr += sizeof(uint16_t);
 5855              		.loc 1 3653 26 view .LVU1975
 5856 000e 1288     		ldrh	r2, [r2]
3653:Drivers/STM32L4xx_HAL_Driver/Src/stm32l4xx_hal_spi.c ****     hspi->pTxBuffPtr += sizeof(uint16_t);
 5857              		.loc 1 3653 24 view .LVU1976
 5858 0010 DA60     		str	r2, [r3, #12]
3654:Drivers/STM32L4xx_HAL_Driver/Src/stm32l4xx_hal_spi.c ****     hspi->TxXferCount -= 2U;
 5859              		.loc 1 3654 5 is_stmt 1 view .LVU1977
3654:Drivers/STM32L4xx_HAL_Driver/Src/stm32l4xx_hal_spi.c ****     hspi->TxXferCount -= 2U;
 5860              		.loc 1 3654 9 is_stmt 0 view .LVU1978
 5861 0012 836B     		ldr	r3, [r0, #56]
3654:Drivers/STM32L4xx_HAL_Driver/Src/stm32l4xx_hal_spi.c ****     hspi->TxXferCount -= 2U;
 5862              		.loc 1 3654 22 view .LVU1979
 5863 0014 0233     		adds	r3, r3, #2
 5864 0016 8363     		str	r3, [r0, #56]
3655:Drivers/STM32L4xx_HAL_Driver/Src/stm32l4xx_hal_spi.c ****   }
 5865              		.loc 1 3655 5 is_stmt 1 view .LVU1980
3655:Drivers/STM32L4xx_HAL_Driver/Src/stm32l4xx_hal_spi.c ****   }
 5866              		.loc 1 3655 9 is_stmt 0 view .LVU1981
 5867 0018 C38F     		ldrh	r3, [r0, #62]
 5868 001a 9BB2     		uxth	r3, r3
3655:Drivers/STM32L4xx_HAL_Driver/Src/stm32l4xx_hal_spi.c ****   }
 5869              		.loc 1 3655 23 view .LVU1982
 5870 001c 023B     		subs	r3, r3, #2
 5871 001e 9BB2     		uxth	r3, r3
 5872 0020 C387     		strh	r3, [r0, #62]	@ movhi
 5873              	.L403:
3666:Drivers/STM32L4xx_HAL_Driver/Src/stm32l4xx_hal_spi.c ****   {
 5874              		.loc 1 3666 3 is_stmt 1 view .LVU1983
3666:Drivers/STM32L4xx_HAL_Driver/Src/stm32l4xx_hal_spi.c ****   {
 5875              		.loc 1 3666 11 is_stmt 0 view .LVU1984
 5876 0022 C38F     		ldrh	r3, [r0, #62]
 5877 0024 9BB2     		uxth	r3, r3
3666:Drivers/STM32L4xx_HAL_Driver/Src/stm32l4xx_hal_spi.c ****   {
 5878              		.loc 1 3666 6 view .LVU1985
 5879 0026 43B9     		cbnz	r3, .L401
3680:Drivers/STM32L4xx_HAL_Driver/Src/stm32l4xx_hal_spi.c **** 
 5880              		.loc 1 3680 5 is_stmt 1 view .LVU1986
 5881 0028 0268     		ldr	r2, [r0]
 5882 002a 5368     		ldr	r3, [r2, #4]
 5883 002c 23F08003 		bic	r3, r3, #128
 5884 0030 5360     		str	r3, [r2, #4]
3682:Drivers/STM32L4xx_HAL_Driver/Src/stm32l4xx_hal_spi.c ****     {
 5885              		.loc 1 3682 5 view .LVU1987
3682:Drivers/STM32L4xx_HAL_Driver/Src/stm32l4xx_hal_spi.c ****     {
 5886              		.loc 1 3682 13 is_stmt 0 view .LVU1988
ARM GAS  /tmp/ccEksN7Z.s 			page 213


 5887 0032 B0F84630 		ldrh	r3, [r0, #70]
 5888 0036 9BB2     		uxth	r3, r3
3682:Drivers/STM32L4xx_HAL_Driver/Src/stm32l4xx_hal_spi.c ****     {
 5889              		.loc 1 3682 8 view .LVU1989
 5890 0038 6BB1     		cbz	r3, .L406
 5891              	.LVL379:
 5892              	.L401:
3687:Drivers/STM32L4xx_HAL_Driver/Src/stm32l4xx_hal_spi.c **** 
 5893              		.loc 1 3687 1 view .LVU1990
 5894 003a 08BD     		pop	{r3, pc}
 5895              	.LVL380:
 5896              	.L402:
3660:Drivers/STM32L4xx_HAL_Driver/Src/stm32l4xx_hal_spi.c ****     hspi->pTxBuffPtr++;
 5897              		.loc 1 3660 5 is_stmt 1 view .LVU1991
3660:Drivers/STM32L4xx_HAL_Driver/Src/stm32l4xx_hal_spi.c ****     hspi->pTxBuffPtr++;
 5898              		.loc 1 3660 50 is_stmt 0 view .LVU1992
 5899 003c 826B     		ldr	r2, [r0, #56]
3660:Drivers/STM32L4xx_HAL_Driver/Src/stm32l4xx_hal_spi.c ****     hspi->pTxBuffPtr++;
 5900              		.loc 1 3660 27 view .LVU1993
 5901 003e 0368     		ldr	r3, [r0]
3660:Drivers/STM32L4xx_HAL_Driver/Src/stm32l4xx_hal_spi.c ****     hspi->pTxBuffPtr++;
 5902              		.loc 1 3660 45 view .LVU1994
 5903 0040 1278     		ldrb	r2, [r2]	@ zero_extendqisi2
3660:Drivers/STM32L4xx_HAL_Driver/Src/stm32l4xx_hal_spi.c ****     hspi->pTxBuffPtr++;
 5904              		.loc 1 3660 42 view .LVU1995
 5905 0042 1A73     		strb	r2, [r3, #12]
3661:Drivers/STM32L4xx_HAL_Driver/Src/stm32l4xx_hal_spi.c ****     hspi->TxXferCount--;
 5906              		.loc 1 3661 5 is_stmt 1 view .LVU1996
3661:Drivers/STM32L4xx_HAL_Driver/Src/stm32l4xx_hal_spi.c ****     hspi->TxXferCount--;
 5907              		.loc 1 3661 9 is_stmt 0 view .LVU1997
 5908 0044 836B     		ldr	r3, [r0, #56]
3661:Drivers/STM32L4xx_HAL_Driver/Src/stm32l4xx_hal_spi.c ****     hspi->TxXferCount--;
 5909              		.loc 1 3661 21 view .LVU1998
 5910 0046 0133     		adds	r3, r3, #1
 5911 0048 8363     		str	r3, [r0, #56]
3662:Drivers/STM32L4xx_HAL_Driver/Src/stm32l4xx_hal_spi.c ****   }
 5912              		.loc 1 3662 5 is_stmt 1 view .LVU1999
3662:Drivers/STM32L4xx_HAL_Driver/Src/stm32l4xx_hal_spi.c ****   }
 5913              		.loc 1 3662 9 is_stmt 0 view .LVU2000
 5914 004a C38F     		ldrh	r3, [r0, #62]
 5915 004c 9BB2     		uxth	r3, r3
3662:Drivers/STM32L4xx_HAL_Driver/Src/stm32l4xx_hal_spi.c ****   }
 5916              		.loc 1 3662 22 view .LVU2001
 5917 004e 013B     		subs	r3, r3, #1
 5918 0050 9BB2     		uxth	r3, r3
 5919 0052 C387     		strh	r3, [r0, #62]	@ movhi
 5920 0054 E5E7     		b	.L403
 5921              	.L406:
3684:Drivers/STM32L4xx_HAL_Driver/Src/stm32l4xx_hal_spi.c ****     }
 5922              		.loc 1 3684 7 is_stmt 1 view .LVU2002
 5923 0056 FFF7FEFF 		bl	SPI_CloseRxTx_ISR
 5924              	.LVL381:
3687:Drivers/STM32L4xx_HAL_Driver/Src/stm32l4xx_hal_spi.c **** 
 5925              		.loc 1 3687 1 is_stmt 0 view .LVU2003
 5926 005a EEE7     		b	.L401
 5927              		.cfi_endproc
 5928              	.LFE328:
ARM GAS  /tmp/ccEksN7Z.s 			page 214


 5930              		.section	.text.SPI_2linesRxISR_8BIT,"ax",%progbits
 5931              		.align	1
 5932              		.syntax unified
 5933              		.thumb
 5934              		.thumb_func
 5936              	SPI_2linesRxISR_8BIT:
 5937              	.LVL382:
 5938              	.LFB327:
3564:Drivers/STM32L4xx_HAL_Driver/Src/stm32l4xx_hal_spi.c ****   /* Receive data in packing mode */
 5939              		.loc 1 3564 1 is_stmt 1 view -0
 5940              		.cfi_startproc
 5941              		@ args = 0, pretend = 0, frame = 0
 5942              		@ frame_needed = 0, uses_anonymous_args = 0
3564:Drivers/STM32L4xx_HAL_Driver/Src/stm32l4xx_hal_spi.c ****   /* Receive data in packing mode */
 5943              		.loc 1 3564 1 is_stmt 0 view .LVU2005
 5944 0000 08B5     		push	{r3, lr}
 5945              		.cfi_def_cfa_offset 8
 5946              		.cfi_offset 3, -8
 5947              		.cfi_offset 14, -4
3566:Drivers/STM32L4xx_HAL_Driver/Src/stm32l4xx_hal_spi.c ****   {
 5948              		.loc 1 3566 3 is_stmt 1 view .LVU2006
3566:Drivers/STM32L4xx_HAL_Driver/Src/stm32l4xx_hal_spi.c ****   {
 5949              		.loc 1 3566 11 is_stmt 0 view .LVU2007
 5950 0002 B0F84630 		ldrh	r3, [r0, #70]
 5951 0006 9BB2     		uxth	r3, r3
3566:Drivers/STM32L4xx_HAL_Driver/Src/stm32l4xx_hal_spi.c ****   {
 5952              		.loc 1 3566 6 view .LVU2008
 5953 0008 012B     		cmp	r3, #1
 5954 000a 18D9     		bls	.L408
3568:Drivers/STM32L4xx_HAL_Driver/Src/stm32l4xx_hal_spi.c ****     hspi->pRxBuffPtr += sizeof(uint16_t);
 5955              		.loc 1 3568 5 is_stmt 1 view .LVU2009
3568:Drivers/STM32L4xx_HAL_Driver/Src/stm32l4xx_hal_spi.c ****     hspi->pRxBuffPtr += sizeof(uint16_t);
 5956              		.loc 1 3568 54 is_stmt 0 view .LVU2010
 5957 000c 0368     		ldr	r3, [r0]
3568:Drivers/STM32L4xx_HAL_Driver/Src/stm32l4xx_hal_spi.c ****     hspi->pRxBuffPtr += sizeof(uint16_t);
 5958              		.loc 1 3568 64 view .LVU2011
 5959 000e DA68     		ldr	r2, [r3, #12]
3568:Drivers/STM32L4xx_HAL_Driver/Src/stm32l4xx_hal_spi.c ****     hspi->pRxBuffPtr += sizeof(uint16_t);
 5960              		.loc 1 3568 23 view .LVU2012
 5961 0010 036C     		ldr	r3, [r0, #64]
3568:Drivers/STM32L4xx_HAL_Driver/Src/stm32l4xx_hal_spi.c ****     hspi->pRxBuffPtr += sizeof(uint16_t);
 5962              		.loc 1 3568 37 view .LVU2013
 5963 0012 1A80     		strh	r2, [r3]	@ movhi
3569:Drivers/STM32L4xx_HAL_Driver/Src/stm32l4xx_hal_spi.c ****     hspi->RxXferCount -= 2U;
 5964              		.loc 1 3569 5 is_stmt 1 view .LVU2014
3569:Drivers/STM32L4xx_HAL_Driver/Src/stm32l4xx_hal_spi.c ****     hspi->RxXferCount -= 2U;
 5965              		.loc 1 3569 9 is_stmt 0 view .LVU2015
 5966 0014 036C     		ldr	r3, [r0, #64]
3569:Drivers/STM32L4xx_HAL_Driver/Src/stm32l4xx_hal_spi.c ****     hspi->RxXferCount -= 2U;
 5967              		.loc 1 3569 22 view .LVU2016
 5968 0016 0233     		adds	r3, r3, #2
 5969 0018 0364     		str	r3, [r0, #64]
3570:Drivers/STM32L4xx_HAL_Driver/Src/stm32l4xx_hal_spi.c ****     if (hspi->RxXferCount == 1U)
 5970              		.loc 1 3570 5 is_stmt 1 view .LVU2017
3570:Drivers/STM32L4xx_HAL_Driver/Src/stm32l4xx_hal_spi.c ****     if (hspi->RxXferCount == 1U)
 5971              		.loc 1 3570 9 is_stmt 0 view .LVU2018
 5972 001a B0F84630 		ldrh	r3, [r0, #70]
ARM GAS  /tmp/ccEksN7Z.s 			page 215


 5973 001e 9BB2     		uxth	r3, r3
3570:Drivers/STM32L4xx_HAL_Driver/Src/stm32l4xx_hal_spi.c ****     if (hspi->RxXferCount == 1U)
 5974              		.loc 1 3570 23 view .LVU2019
 5975 0020 023B     		subs	r3, r3, #2
 5976 0022 9BB2     		uxth	r3, r3
 5977 0024 A0F84630 		strh	r3, [r0, #70]	@ movhi
3571:Drivers/STM32L4xx_HAL_Driver/Src/stm32l4xx_hal_spi.c ****     {
 5978              		.loc 1 3571 5 is_stmt 1 view .LVU2020
3571:Drivers/STM32L4xx_HAL_Driver/Src/stm32l4xx_hal_spi.c ****     {
 5979              		.loc 1 3571 13 is_stmt 0 view .LVU2021
 5980 0028 B0F84630 		ldrh	r3, [r0, #70]
 5981 002c 9BB2     		uxth	r3, r3
3571:Drivers/STM32L4xx_HAL_Driver/Src/stm32l4xx_hal_spi.c ****     {
 5982              		.loc 1 3571 8 view .LVU2022
 5983 002e 012B     		cmp	r3, #1
 5984 0030 13D1     		bne	.L409
3574:Drivers/STM32L4xx_HAL_Driver/Src/stm32l4xx_hal_spi.c ****     }
 5985              		.loc 1 3574 7 is_stmt 1 view .LVU2023
 5986 0032 0268     		ldr	r2, [r0]
 5987 0034 5368     		ldr	r3, [r2, #4]
 5988 0036 43F48053 		orr	r3, r3, #4096
 5989 003a 5360     		str	r3, [r2, #4]
 5990 003c 0DE0     		b	.L409
 5991              	.L408:
3580:Drivers/STM32L4xx_HAL_Driver/Src/stm32l4xx_hal_spi.c ****     hspi->pRxBuffPtr++;
 5992              		.loc 1 3580 5 view .LVU2024
3580:Drivers/STM32L4xx_HAL_Driver/Src/stm32l4xx_hal_spi.c ****     hspi->pRxBuffPtr++;
 5993              		.loc 1 3580 48 is_stmt 0 view .LVU2025
 5994 003e 0268     		ldr	r2, [r0]
3580:Drivers/STM32L4xx_HAL_Driver/Src/stm32l4xx_hal_spi.c ****     hspi->pRxBuffPtr++;
 5995              		.loc 1 3580 10 view .LVU2026
 5996 0040 036C     		ldr	r3, [r0, #64]
3580:Drivers/STM32L4xx_HAL_Driver/Src/stm32l4xx_hal_spi.c ****     hspi->pRxBuffPtr++;
 5997              		.loc 1 3580 25 view .LVU2027
 5998 0042 127B     		ldrb	r2, [r2, #12]	@ zero_extendqisi2
3580:Drivers/STM32L4xx_HAL_Driver/Src/stm32l4xx_hal_spi.c ****     hspi->pRxBuffPtr++;
 5999              		.loc 1 3580 23 view .LVU2028
 6000 0044 1A70     		strb	r2, [r3]
3581:Drivers/STM32L4xx_HAL_Driver/Src/stm32l4xx_hal_spi.c ****     hspi->RxXferCount--;
 6001              		.loc 1 3581 5 is_stmt 1 view .LVU2029
3581:Drivers/STM32L4xx_HAL_Driver/Src/stm32l4xx_hal_spi.c ****     hspi->RxXferCount--;
 6002              		.loc 1 3581 9 is_stmt 0 view .LVU2030
 6003 0046 036C     		ldr	r3, [r0, #64]
3581:Drivers/STM32L4xx_HAL_Driver/Src/stm32l4xx_hal_spi.c ****     hspi->RxXferCount--;
 6004              		.loc 1 3581 21 view .LVU2031
 6005 0048 0133     		adds	r3, r3, #1
 6006 004a 0364     		str	r3, [r0, #64]
3582:Drivers/STM32L4xx_HAL_Driver/Src/stm32l4xx_hal_spi.c ****   }
 6007              		.loc 1 3582 5 is_stmt 1 view .LVU2032
3582:Drivers/STM32L4xx_HAL_Driver/Src/stm32l4xx_hal_spi.c ****   }
 6008              		.loc 1 3582 9 is_stmt 0 view .LVU2033
 6009 004c B0F84630 		ldrh	r3, [r0, #70]
 6010 0050 9BB2     		uxth	r3, r3
3582:Drivers/STM32L4xx_HAL_Driver/Src/stm32l4xx_hal_spi.c ****   }
 6011              		.loc 1 3582 22 view .LVU2034
 6012 0052 013B     		subs	r3, r3, #1
 6013 0054 9BB2     		uxth	r3, r3
ARM GAS  /tmp/ccEksN7Z.s 			page 216


 6014 0056 A0F84630 		strh	r3, [r0, #70]	@ movhi
 6015              	.L409:
3586:Drivers/STM32L4xx_HAL_Driver/Src/stm32l4xx_hal_spi.c ****   {
 6016              		.loc 1 3586 3 is_stmt 1 view .LVU2035
3586:Drivers/STM32L4xx_HAL_Driver/Src/stm32l4xx_hal_spi.c ****   {
 6017              		.loc 1 3586 11 is_stmt 0 view .LVU2036
 6018 005a B0F84630 		ldrh	r3, [r0, #70]
 6019 005e 9BB2     		uxth	r3, r3
3586:Drivers/STM32L4xx_HAL_Driver/Src/stm32l4xx_hal_spi.c ****   {
 6020              		.loc 1 3586 6 view .LVU2037
 6021 0060 3BB9     		cbnz	r3, .L407
3598:Drivers/STM32L4xx_HAL_Driver/Src/stm32l4xx_hal_spi.c **** 
 6022              		.loc 1 3598 5 is_stmt 1 view .LVU2038
 6023 0062 0268     		ldr	r2, [r0]
 6024 0064 5368     		ldr	r3, [r2, #4]
 6025 0066 23F06003 		bic	r3, r3, #96
 6026 006a 5360     		str	r3, [r2, #4]
3600:Drivers/STM32L4xx_HAL_Driver/Src/stm32l4xx_hal_spi.c ****     {
 6027              		.loc 1 3600 5 view .LVU2039
3600:Drivers/STM32L4xx_HAL_Driver/Src/stm32l4xx_hal_spi.c ****     {
 6028              		.loc 1 3600 13 is_stmt 0 view .LVU2040
 6029 006c C38F     		ldrh	r3, [r0, #62]
 6030 006e 9BB2     		uxth	r3, r3
3600:Drivers/STM32L4xx_HAL_Driver/Src/stm32l4xx_hal_spi.c ****     {
 6031              		.loc 1 3600 8 view .LVU2041
 6032 0070 03B1     		cbz	r3, .L412
 6033              	.LVL383:
 6034              	.L407:
3605:Drivers/STM32L4xx_HAL_Driver/Src/stm32l4xx_hal_spi.c **** 
 6035              		.loc 1 3605 1 view .LVU2042
 6036 0072 08BD     		pop	{r3, pc}
 6037              	.LVL384:
 6038              	.L412:
3602:Drivers/STM32L4xx_HAL_Driver/Src/stm32l4xx_hal_spi.c ****     }
 6039              		.loc 1 3602 7 is_stmt 1 view .LVU2043
 6040 0074 FFF7FEFF 		bl	SPI_CloseRxTx_ISR
 6041              	.LVL385:
3605:Drivers/STM32L4xx_HAL_Driver/Src/stm32l4xx_hal_spi.c **** 
 6042              		.loc 1 3605 1 is_stmt 0 view .LVU2044
 6043 0078 FBE7     		b	.L407
 6044              		.cfi_endproc
 6045              	.LFE327:
 6047              		.section	.text.SPI_2linesTxISR_16BIT,"ax",%progbits
 6048              		.align	1
 6049              		.syntax unified
 6050              		.thumb
 6051              		.thumb_func
 6053              	SPI_2linesTxISR_16BIT:
 6054              	.LVL386:
 6055              	.LFB330:
3752:Drivers/STM32L4xx_HAL_Driver/Src/stm32l4xx_hal_spi.c ****   /* Transmit data in 16 Bit mode */
 6056              		.loc 1 3752 1 is_stmt 1 view -0
 6057              		.cfi_startproc
 6058              		@ args = 0, pretend = 0, frame = 0
 6059              		@ frame_needed = 0, uses_anonymous_args = 0
3752:Drivers/STM32L4xx_HAL_Driver/Src/stm32l4xx_hal_spi.c ****   /* Transmit data in 16 Bit mode */
 6060              		.loc 1 3752 1 is_stmt 0 view .LVU2046
ARM GAS  /tmp/ccEksN7Z.s 			page 217


 6061 0000 08B5     		push	{r3, lr}
 6062              		.cfi_def_cfa_offset 8
 6063              		.cfi_offset 3, -8
 6064              		.cfi_offset 14, -4
3754:Drivers/STM32L4xx_HAL_Driver/Src/stm32l4xx_hal_spi.c ****   hspi->pTxBuffPtr += sizeof(uint16_t);
 6065              		.loc 1 3754 3 is_stmt 1 view .LVU2047
3754:Drivers/STM32L4xx_HAL_Driver/Src/stm32l4xx_hal_spi.c ****   hspi->pTxBuffPtr += sizeof(uint16_t);
 6066              		.loc 1 3754 42 is_stmt 0 view .LVU2048
 6067 0002 826B     		ldr	r2, [r0, #56]
3754:Drivers/STM32L4xx_HAL_Driver/Src/stm32l4xx_hal_spi.c ****   hspi->pTxBuffPtr += sizeof(uint16_t);
 6068              		.loc 1 3754 7 view .LVU2049
 6069 0004 0368     		ldr	r3, [r0]
3754:Drivers/STM32L4xx_HAL_Driver/Src/stm32l4xx_hal_spi.c ****   hspi->pTxBuffPtr += sizeof(uint16_t);
 6070              		.loc 1 3754 24 view .LVU2050
 6071 0006 1288     		ldrh	r2, [r2]
3754:Drivers/STM32L4xx_HAL_Driver/Src/stm32l4xx_hal_spi.c ****   hspi->pTxBuffPtr += sizeof(uint16_t);
 6072              		.loc 1 3754 22 view .LVU2051
 6073 0008 DA60     		str	r2, [r3, #12]
3755:Drivers/STM32L4xx_HAL_Driver/Src/stm32l4xx_hal_spi.c ****   hspi->TxXferCount--;
 6074              		.loc 1 3755 3 is_stmt 1 view .LVU2052
3755:Drivers/STM32L4xx_HAL_Driver/Src/stm32l4xx_hal_spi.c ****   hspi->TxXferCount--;
 6075              		.loc 1 3755 7 is_stmt 0 view .LVU2053
 6076 000a 836B     		ldr	r3, [r0, #56]
3755:Drivers/STM32L4xx_HAL_Driver/Src/stm32l4xx_hal_spi.c ****   hspi->TxXferCount--;
 6077              		.loc 1 3755 20 view .LVU2054
 6078 000c 0233     		adds	r3, r3, #2
 6079 000e 8363     		str	r3, [r0, #56]
3756:Drivers/STM32L4xx_HAL_Driver/Src/stm32l4xx_hal_spi.c **** 
 6080              		.loc 1 3756 3 is_stmt 1 view .LVU2055
3756:Drivers/STM32L4xx_HAL_Driver/Src/stm32l4xx_hal_spi.c **** 
 6081              		.loc 1 3756 7 is_stmt 0 view .LVU2056
 6082 0010 C38F     		ldrh	r3, [r0, #62]
 6083 0012 9BB2     		uxth	r3, r3
3756:Drivers/STM32L4xx_HAL_Driver/Src/stm32l4xx_hal_spi.c **** 
 6084              		.loc 1 3756 20 view .LVU2057
 6085 0014 013B     		subs	r3, r3, #1
 6086 0016 9BB2     		uxth	r3, r3
 6087 0018 C387     		strh	r3, [r0, #62]	@ movhi
3759:Drivers/STM32L4xx_HAL_Driver/Src/stm32l4xx_hal_spi.c ****   {
 6088              		.loc 1 3759 3 is_stmt 1 view .LVU2058
3759:Drivers/STM32L4xx_HAL_Driver/Src/stm32l4xx_hal_spi.c ****   {
 6089              		.loc 1 3759 11 is_stmt 0 view .LVU2059
 6090 001a C38F     		ldrh	r3, [r0, #62]
 6091 001c 9BB2     		uxth	r3, r3
3759:Drivers/STM32L4xx_HAL_Driver/Src/stm32l4xx_hal_spi.c ****   {
 6092              		.loc 1 3759 6 view .LVU2060
 6093 001e 43B9     		cbnz	r3, .L413
3773:Drivers/STM32L4xx_HAL_Driver/Src/stm32l4xx_hal_spi.c **** 
 6094              		.loc 1 3773 5 is_stmt 1 view .LVU2061
 6095 0020 0268     		ldr	r2, [r0]
 6096 0022 5368     		ldr	r3, [r2, #4]
 6097 0024 23F08003 		bic	r3, r3, #128
 6098 0028 5360     		str	r3, [r2, #4]
3775:Drivers/STM32L4xx_HAL_Driver/Src/stm32l4xx_hal_spi.c ****     {
 6099              		.loc 1 3775 5 view .LVU2062
3775:Drivers/STM32L4xx_HAL_Driver/Src/stm32l4xx_hal_spi.c ****     {
 6100              		.loc 1 3775 13 is_stmt 0 view .LVU2063
ARM GAS  /tmp/ccEksN7Z.s 			page 218


 6101 002a B0F84630 		ldrh	r3, [r0, #70]
 6102 002e 9BB2     		uxth	r3, r3
3775:Drivers/STM32L4xx_HAL_Driver/Src/stm32l4xx_hal_spi.c ****     {
 6103              		.loc 1 3775 8 view .LVU2064
 6104 0030 03B1     		cbz	r3, .L416
 6105              	.LVL387:
 6106              	.L413:
3780:Drivers/STM32L4xx_HAL_Driver/Src/stm32l4xx_hal_spi.c **** 
 6107              		.loc 1 3780 1 view .LVU2065
 6108 0032 08BD     		pop	{r3, pc}
 6109              	.LVL388:
 6110              	.L416:
3777:Drivers/STM32L4xx_HAL_Driver/Src/stm32l4xx_hal_spi.c ****     }
 6111              		.loc 1 3777 7 is_stmt 1 view .LVU2066
 6112 0034 FFF7FEFF 		bl	SPI_CloseRxTx_ISR
 6113              	.LVL389:
3780:Drivers/STM32L4xx_HAL_Driver/Src/stm32l4xx_hal_spi.c **** 
 6114              		.loc 1 3780 1 is_stmt 0 view .LVU2067
 6115 0038 FBE7     		b	.L413
 6116              		.cfi_endproc
 6117              	.LFE330:
 6119              		.section	.text.SPI_2linesRxISR_16BIT,"ax",%progbits
 6120              		.align	1
 6121              		.syntax unified
 6122              		.thumb
 6123              		.thumb_func
 6125              	SPI_2linesRxISR_16BIT:
 6126              	.LVL390:
 6127              	.LFB329:
3696:Drivers/STM32L4xx_HAL_Driver/Src/stm32l4xx_hal_spi.c ****   /* Receive data in 16 Bit mode */
 6128              		.loc 1 3696 1 is_stmt 1 view -0
 6129              		.cfi_startproc
 6130              		@ args = 0, pretend = 0, frame = 0
 6131              		@ frame_needed = 0, uses_anonymous_args = 0
3696:Drivers/STM32L4xx_HAL_Driver/Src/stm32l4xx_hal_spi.c ****   /* Receive data in 16 Bit mode */
 6132              		.loc 1 3696 1 is_stmt 0 view .LVU2069
 6133 0000 08B5     		push	{r3, lr}
 6134              		.cfi_def_cfa_offset 8
 6135              		.cfi_offset 3, -8
 6136              		.cfi_offset 14, -4
3698:Drivers/STM32L4xx_HAL_Driver/Src/stm32l4xx_hal_spi.c ****   hspi->pRxBuffPtr += sizeof(uint16_t);
 6137              		.loc 1 3698 3 is_stmt 1 view .LVU2070
3698:Drivers/STM32L4xx_HAL_Driver/Src/stm32l4xx_hal_spi.c ****   hspi->pRxBuffPtr += sizeof(uint16_t);
 6138              		.loc 1 3698 52 is_stmt 0 view .LVU2071
 6139 0002 0368     		ldr	r3, [r0]
3698:Drivers/STM32L4xx_HAL_Driver/Src/stm32l4xx_hal_spi.c ****   hspi->pRxBuffPtr += sizeof(uint16_t);
 6140              		.loc 1 3698 62 view .LVU2072
 6141 0004 DA68     		ldr	r2, [r3, #12]
3698:Drivers/STM32L4xx_HAL_Driver/Src/stm32l4xx_hal_spi.c ****   hspi->pRxBuffPtr += sizeof(uint16_t);
 6142              		.loc 1 3698 21 view .LVU2073
 6143 0006 036C     		ldr	r3, [r0, #64]
3698:Drivers/STM32L4xx_HAL_Driver/Src/stm32l4xx_hal_spi.c ****   hspi->pRxBuffPtr += sizeof(uint16_t);
 6144              		.loc 1 3698 35 view .LVU2074
 6145 0008 1A80     		strh	r2, [r3]	@ movhi
3699:Drivers/STM32L4xx_HAL_Driver/Src/stm32l4xx_hal_spi.c ****   hspi->RxXferCount--;
 6146              		.loc 1 3699 3 is_stmt 1 view .LVU2075
3699:Drivers/STM32L4xx_HAL_Driver/Src/stm32l4xx_hal_spi.c ****   hspi->RxXferCount--;
ARM GAS  /tmp/ccEksN7Z.s 			page 219


 6147              		.loc 1 3699 7 is_stmt 0 view .LVU2076
 6148 000a 036C     		ldr	r3, [r0, #64]
3699:Drivers/STM32L4xx_HAL_Driver/Src/stm32l4xx_hal_spi.c ****   hspi->RxXferCount--;
 6149              		.loc 1 3699 20 view .LVU2077
 6150 000c 0233     		adds	r3, r3, #2
 6151 000e 0364     		str	r3, [r0, #64]
3700:Drivers/STM32L4xx_HAL_Driver/Src/stm32l4xx_hal_spi.c **** 
 6152              		.loc 1 3700 3 is_stmt 1 view .LVU2078
3700:Drivers/STM32L4xx_HAL_Driver/Src/stm32l4xx_hal_spi.c **** 
 6153              		.loc 1 3700 7 is_stmt 0 view .LVU2079
 6154 0010 B0F84630 		ldrh	r3, [r0, #70]
 6155 0014 9BB2     		uxth	r3, r3
3700:Drivers/STM32L4xx_HAL_Driver/Src/stm32l4xx_hal_spi.c **** 
 6156              		.loc 1 3700 20 view .LVU2080
 6157 0016 013B     		subs	r3, r3, #1
 6158 0018 9BB2     		uxth	r3, r3
 6159 001a A0F84630 		strh	r3, [r0, #70]	@ movhi
3702:Drivers/STM32L4xx_HAL_Driver/Src/stm32l4xx_hal_spi.c ****   {
 6160              		.loc 1 3702 3 is_stmt 1 view .LVU2081
3702:Drivers/STM32L4xx_HAL_Driver/Src/stm32l4xx_hal_spi.c ****   {
 6161              		.loc 1 3702 11 is_stmt 0 view .LVU2082
 6162 001e B0F84630 		ldrh	r3, [r0, #70]
 6163 0022 9BB2     		uxth	r3, r3
3702:Drivers/STM32L4xx_HAL_Driver/Src/stm32l4xx_hal_spi.c ****   {
 6164              		.loc 1 3702 6 view .LVU2083
 6165 0024 3BB9     		cbnz	r3, .L417
3713:Drivers/STM32L4xx_HAL_Driver/Src/stm32l4xx_hal_spi.c **** 
 6166              		.loc 1 3713 5 is_stmt 1 view .LVU2084
 6167 0026 0268     		ldr	r2, [r0]
 6168 0028 5368     		ldr	r3, [r2, #4]
 6169 002a 23F04003 		bic	r3, r3, #64
 6170 002e 5360     		str	r3, [r2, #4]
3715:Drivers/STM32L4xx_HAL_Driver/Src/stm32l4xx_hal_spi.c ****     {
 6171              		.loc 1 3715 5 view .LVU2085
3715:Drivers/STM32L4xx_HAL_Driver/Src/stm32l4xx_hal_spi.c ****     {
 6172              		.loc 1 3715 13 is_stmt 0 view .LVU2086
 6173 0030 C38F     		ldrh	r3, [r0, #62]
 6174 0032 9BB2     		uxth	r3, r3
3715:Drivers/STM32L4xx_HAL_Driver/Src/stm32l4xx_hal_spi.c ****     {
 6175              		.loc 1 3715 8 view .LVU2087
 6176 0034 03B1     		cbz	r3, .L420
 6177              	.LVL391:
 6178              	.L417:
3720:Drivers/STM32L4xx_HAL_Driver/Src/stm32l4xx_hal_spi.c **** 
 6179              		.loc 1 3720 1 view .LVU2088
 6180 0036 08BD     		pop	{r3, pc}
 6181              	.LVL392:
 6182              	.L420:
3717:Drivers/STM32L4xx_HAL_Driver/Src/stm32l4xx_hal_spi.c ****     }
 6183              		.loc 1 3717 7 is_stmt 1 view .LVU2089
 6184 0038 FFF7FEFF 		bl	SPI_CloseRxTx_ISR
 6185              	.LVL393:
3720:Drivers/STM32L4xx_HAL_Driver/Src/stm32l4xx_hal_spi.c **** 
 6186              		.loc 1 3720 1 is_stmt 0 view .LVU2090
 6187 003c FBE7     		b	.L417
 6188              		.cfi_endproc
 6189              	.LFE329:
ARM GAS  /tmp/ccEksN7Z.s 			page 220


 6191              		.section	.text.SPI_DMAError,"ax",%progbits
 6192              		.align	1
 6193              		.syntax unified
 6194              		.thumb
 6195              		.thumb_func
 6197              	SPI_DMAError:
 6198              	.LVL394:
 6199              	.LFB323:
3388:Drivers/STM32L4xx_HAL_Driver/Src/stm32l4xx_hal_spi.c ****   SPI_HandleTypeDef *hspi = (SPI_HandleTypeDef *)(((DMA_HandleTypeDef *)hdma)->Parent); /* Derogati
 6200              		.loc 1 3388 1 is_stmt 1 view -0
 6201              		.cfi_startproc
 6202              		@ args = 0, pretend = 0, frame = 0
 6203              		@ frame_needed = 0, uses_anonymous_args = 0
3388:Drivers/STM32L4xx_HAL_Driver/Src/stm32l4xx_hal_spi.c ****   SPI_HandleTypeDef *hspi = (SPI_HandleTypeDef *)(((DMA_HandleTypeDef *)hdma)->Parent); /* Derogati
 6204              		.loc 1 3388 1 is_stmt 0 view .LVU2092
 6205 0000 08B5     		push	{r3, lr}
 6206              		.cfi_def_cfa_offset 8
 6207              		.cfi_offset 3, -8
 6208              		.cfi_offset 14, -4
3389:Drivers/STM32L4xx_HAL_Driver/Src/stm32l4xx_hal_spi.c **** 
 6209              		.loc 1 3389 3 is_stmt 1 view .LVU2093
3389:Drivers/STM32L4xx_HAL_Driver/Src/stm32l4xx_hal_spi.c **** 
 6210              		.loc 1 3389 22 is_stmt 0 view .LVU2094
 6211 0002 806A     		ldr	r0, [r0, #40]
 6212              	.LVL395:
3392:Drivers/STM32L4xx_HAL_Driver/Src/stm32l4xx_hal_spi.c **** 
 6213              		.loc 1 3392 3 is_stmt 1 view .LVU2095
 6214 0004 0268     		ldr	r2, [r0]
 6215 0006 5368     		ldr	r3, [r2, #4]
 6216 0008 23F00303 		bic	r3, r3, #3
 6217 000c 5360     		str	r3, [r2, #4]
3394:Drivers/STM32L4xx_HAL_Driver/Src/stm32l4xx_hal_spi.c ****   hspi->State = HAL_SPI_STATE_READY;
 6218              		.loc 1 3394 3 view .LVU2096
 6219 000e 036E     		ldr	r3, [r0, #96]
 6220 0010 43F01003 		orr	r3, r3, #16
 6221 0014 0366     		str	r3, [r0, #96]
3395:Drivers/STM32L4xx_HAL_Driver/Src/stm32l4xx_hal_spi.c ****   /* Call user error callback */
 6222              		.loc 1 3395 3 view .LVU2097
3395:Drivers/STM32L4xx_HAL_Driver/Src/stm32l4xx_hal_spi.c ****   /* Call user error callback */
 6223              		.loc 1 3395 15 is_stmt 0 view .LVU2098
 6224 0016 0123     		movs	r3, #1
 6225 0018 80F85D30 		strb	r3, [r0, #93]
3400:Drivers/STM32L4xx_HAL_Driver/Src/stm32l4xx_hal_spi.c **** #endif /* USE_HAL_SPI_REGISTER_CALLBACKS */
 6226              		.loc 1 3400 3 is_stmt 1 view .LVU2099
 6227 001c FFF7FEFF 		bl	HAL_SPI_ErrorCallback
 6228              	.LVL396:
3402:Drivers/STM32L4xx_HAL_Driver/Src/stm32l4xx_hal_spi.c **** 
 6229              		.loc 1 3402 1 is_stmt 0 view .LVU2100
 6230 0020 08BD     		pop	{r3, pc}
 6231              		.cfi_endproc
 6232              	.LFE323:
 6234              		.section	.text.SPI_DMATransmitCplt,"ax",%progbits
 6235              		.align	1
 6236              		.syntax unified
 6237              		.thumb
 6238              		.thumb_func
 6240              	SPI_DMATransmitCplt:
ARM GAS  /tmp/ccEksN7Z.s 			page 221


 6241              	.LVL397:
 6242              	.LFB317:
3060:Drivers/STM32L4xx_HAL_Driver/Src/stm32l4xx_hal_spi.c ****   SPI_HandleTypeDef *hspi = (SPI_HandleTypeDef *)(((DMA_HandleTypeDef *)hdma)->Parent); /* Derogati
 6243              		.loc 1 3060 1 is_stmt 1 view -0
 6244              		.cfi_startproc
 6245              		@ args = 0, pretend = 0, frame = 8
 6246              		@ frame_needed = 0, uses_anonymous_args = 0
3060:Drivers/STM32L4xx_HAL_Driver/Src/stm32l4xx_hal_spi.c ****   SPI_HandleTypeDef *hspi = (SPI_HandleTypeDef *)(((DMA_HandleTypeDef *)hdma)->Parent); /* Derogati
 6247              		.loc 1 3060 1 is_stmt 0 view .LVU2102
 6248 0000 30B5     		push	{r4, r5, lr}
 6249              		.cfi_def_cfa_offset 12
 6250              		.cfi_offset 4, -12
 6251              		.cfi_offset 5, -8
 6252              		.cfi_offset 14, -4
 6253 0002 83B0     		sub	sp, sp, #12
 6254              		.cfi_def_cfa_offset 24
 6255 0004 0546     		mov	r5, r0
3061:Drivers/STM32L4xx_HAL_Driver/Src/stm32l4xx_hal_spi.c ****   uint32_t tickstart;
 6256              		.loc 1 3061 3 is_stmt 1 view .LVU2103
3061:Drivers/STM32L4xx_HAL_Driver/Src/stm32l4xx_hal_spi.c ****   uint32_t tickstart;
 6257              		.loc 1 3061 22 is_stmt 0 view .LVU2104
 6258 0006 846A     		ldr	r4, [r0, #40]
 6259              	.LVL398:
3062:Drivers/STM32L4xx_HAL_Driver/Src/stm32l4xx_hal_spi.c **** 
 6260              		.loc 1 3062 3 is_stmt 1 view .LVU2105
3065:Drivers/STM32L4xx_HAL_Driver/Src/stm32l4xx_hal_spi.c **** 
 6261              		.loc 1 3065 3 view .LVU2106
3065:Drivers/STM32L4xx_HAL_Driver/Src/stm32l4xx_hal_spi.c **** 
 6262              		.loc 1 3065 15 is_stmt 0 view .LVU2107
 6263 0008 FFF7FEFF 		bl	HAL_GetTick
 6264              	.LVL399:
3068:Drivers/STM32L4xx_HAL_Driver/Src/stm32l4xx_hal_spi.c ****   {
 6265              		.loc 1 3068 3 is_stmt 1 view .LVU2108
3068:Drivers/STM32L4xx_HAL_Driver/Src/stm32l4xx_hal_spi.c ****   {
 6266              		.loc 1 3068 12 is_stmt 0 view .LVU2109
 6267 000c 2B68     		ldr	r3, [r5]
3068:Drivers/STM32L4xx_HAL_Driver/Src/stm32l4xx_hal_spi.c ****   {
 6268              		.loc 1 3068 22 view .LVU2110
 6269 000e 1B68     		ldr	r3, [r3]
3068:Drivers/STM32L4xx_HAL_Driver/Src/stm32l4xx_hal_spi.c ****   {
 6270              		.loc 1 3068 6 view .LVU2111
 6271 0010 13F0200F 		tst	r3, #32
 6272 0014 23D1     		bne	.L424
 6273 0016 0246     		mov	r2, r0
3071:Drivers/STM32L4xx_HAL_Driver/Src/stm32l4xx_hal_spi.c **** 
 6274              		.loc 1 3071 5 is_stmt 1 view .LVU2112
 6275 0018 2168     		ldr	r1, [r4]
 6276 001a 4B68     		ldr	r3, [r1, #4]
 6277 001c 23F02003 		bic	r3, r3, #32
 6278 0020 4B60     		str	r3, [r1, #4]
3074:Drivers/STM32L4xx_HAL_Driver/Src/stm32l4xx_hal_spi.c **** 
 6279              		.loc 1 3074 5 view .LVU2113
 6280 0022 2168     		ldr	r1, [r4]
 6281 0024 4B68     		ldr	r3, [r1, #4]
 6282 0026 23F00203 		bic	r3, r3, #2
 6283 002a 4B60     		str	r3, [r1, #4]
3077:Drivers/STM32L4xx_HAL_Driver/Src/stm32l4xx_hal_spi.c ****     {
ARM GAS  /tmp/ccEksN7Z.s 			page 222


 6284              		.loc 1 3077 5 view .LVU2114
3077:Drivers/STM32L4xx_HAL_Driver/Src/stm32l4xx_hal_spi.c ****     {
 6285              		.loc 1 3077 9 is_stmt 0 view .LVU2115
 6286 002c 6421     		movs	r1, #100
 6287 002e 2046     		mov	r0, r4
 6288              	.LVL400:
3077:Drivers/STM32L4xx_HAL_Driver/Src/stm32l4xx_hal_spi.c ****     {
 6289              		.loc 1 3077 9 view .LVU2116
 6290 0030 FFF7FEFF 		bl	SPI_EndRxTxTransaction
 6291              	.LVL401:
3077:Drivers/STM32L4xx_HAL_Driver/Src/stm32l4xx_hal_spi.c ****     {
 6292              		.loc 1 3077 8 discriminator 1 view .LVU2117
 6293 0034 18B1     		cbz	r0, .L425
3079:Drivers/STM32L4xx_HAL_Driver/Src/stm32l4xx_hal_spi.c ****     }
 6294              		.loc 1 3079 7 is_stmt 1 view .LVU2118
 6295 0036 236E     		ldr	r3, [r4, #96]
 6296 0038 43F02003 		orr	r3, r3, #32
 6297 003c 2366     		str	r3, [r4, #96]
 6298              	.L425:
3083:Drivers/STM32L4xx_HAL_Driver/Src/stm32l4xx_hal_spi.c ****     {
 6299              		.loc 1 3083 5 view .LVU2119
3083:Drivers/STM32L4xx_HAL_Driver/Src/stm32l4xx_hal_spi.c ****     {
 6300              		.loc 1 3083 19 is_stmt 0 view .LVU2120
 6301 003e A368     		ldr	r3, [r4, #8]
3083:Drivers/STM32L4xx_HAL_Driver/Src/stm32l4xx_hal_spi.c ****     {
 6302              		.loc 1 3083 8 view .LVU2121
 6303 0040 33B9     		cbnz	r3, .L426
3085:Drivers/STM32L4xx_HAL_Driver/Src/stm32l4xx_hal_spi.c ****     }
 6304              		.loc 1 3085 7 is_stmt 1 view .LVU2122
 6305              	.LBB6:
3085:Drivers/STM32L4xx_HAL_Driver/Src/stm32l4xx_hal_spi.c ****     }
 6306              		.loc 1 3085 7 view .LVU2123
 6307 0042 0193     		str	r3, [sp, #4]
3085:Drivers/STM32L4xx_HAL_Driver/Src/stm32l4xx_hal_spi.c ****     }
 6308              		.loc 1 3085 7 view .LVU2124
 6309 0044 2368     		ldr	r3, [r4]
 6310 0046 DA68     		ldr	r2, [r3, #12]
 6311 0048 0192     		str	r2, [sp, #4]
3085:Drivers/STM32L4xx_HAL_Driver/Src/stm32l4xx_hal_spi.c ****     }
 6312              		.loc 1 3085 7 view .LVU2125
 6313 004a 9B68     		ldr	r3, [r3, #8]
 6314 004c 0193     		str	r3, [sp, #4]
3085:Drivers/STM32L4xx_HAL_Driver/Src/stm32l4xx_hal_spi.c ****     }
 6315              		.loc 1 3085 7 view .LVU2126
 6316 004e 019B     		ldr	r3, [sp, #4]
 6317              	.L426:
 6318              	.LBE6:
3085:Drivers/STM32L4xx_HAL_Driver/Src/stm32l4xx_hal_spi.c ****     }
 6319              		.loc 1 3085 7 discriminator 1 view .LVU2127
3088:Drivers/STM32L4xx_HAL_Driver/Src/stm32l4xx_hal_spi.c ****     hspi->State = HAL_SPI_STATE_READY;
 6320              		.loc 1 3088 5 view .LVU2128
3088:Drivers/STM32L4xx_HAL_Driver/Src/stm32l4xx_hal_spi.c ****     hspi->State = HAL_SPI_STATE_READY;
 6321              		.loc 1 3088 23 is_stmt 0 view .LVU2129
 6322 0050 0023     		movs	r3, #0
 6323 0052 E387     		strh	r3, [r4, #62]	@ movhi
3089:Drivers/STM32L4xx_HAL_Driver/Src/stm32l4xx_hal_spi.c **** 
 6324              		.loc 1 3089 5 is_stmt 1 view .LVU2130
ARM GAS  /tmp/ccEksN7Z.s 			page 223


3089:Drivers/STM32L4xx_HAL_Driver/Src/stm32l4xx_hal_spi.c **** 
 6325              		.loc 1 3089 17 is_stmt 0 view .LVU2131
 6326 0054 0123     		movs	r3, #1
 6327 0056 84F85D30 		strb	r3, [r4, #93]
3091:Drivers/STM32L4xx_HAL_Driver/Src/stm32l4xx_hal_spi.c ****     {
 6328              		.loc 1 3091 5 is_stmt 1 view .LVU2132
3091:Drivers/STM32L4xx_HAL_Driver/Src/stm32l4xx_hal_spi.c ****     {
 6329              		.loc 1 3091 13 is_stmt 0 view .LVU2133
 6330 005a 236E     		ldr	r3, [r4, #96]
3091:Drivers/STM32L4xx_HAL_Driver/Src/stm32l4xx_hal_spi.c ****     {
 6331              		.loc 1 3091 8 view .LVU2134
 6332 005c 23B9     		cbnz	r3, .L429
 6333              	.L424:
3106:Drivers/STM32L4xx_HAL_Driver/Src/stm32l4xx_hal_spi.c **** #endif /* USE_HAL_SPI_REGISTER_CALLBACKS */
 6334              		.loc 1 3106 3 is_stmt 1 view .LVU2135
 6335 005e 2046     		mov	r0, r4
 6336 0060 FFF7FEFF 		bl	HAL_SPI_TxCpltCallback
 6337              	.LVL402:
 6338              	.L423:
3108:Drivers/STM32L4xx_HAL_Driver/Src/stm32l4xx_hal_spi.c **** 
 6339              		.loc 1 3108 1 is_stmt 0 view .LVU2136
 6340 0064 03B0     		add	sp, sp, #12
 6341              		.cfi_remember_state
 6342              		.cfi_def_cfa_offset 12
 6343              		@ sp needed
 6344 0066 30BD     		pop	{r4, r5, pc}
 6345              	.LVL403:
 6346              	.L429:
 6347              		.cfi_restore_state
3097:Drivers/STM32L4xx_HAL_Driver/Src/stm32l4xx_hal_spi.c **** #endif /* USE_HAL_SPI_REGISTER_CALLBACKS */
 6348              		.loc 1 3097 7 is_stmt 1 view .LVU2137
 6349 0068 2046     		mov	r0, r4
 6350 006a FFF7FEFF 		bl	HAL_SPI_ErrorCallback
 6351              	.LVL404:
3099:Drivers/STM32L4xx_HAL_Driver/Src/stm32l4xx_hal_spi.c ****     }
 6352              		.loc 1 3099 7 view .LVU2138
 6353 006e F9E7     		b	.L423
 6354              		.cfi_endproc
 6355              	.LFE317:
 6357              		.section	.text.SPI_DMAReceiveCplt,"ax",%progbits
 6358              		.align	1
 6359              		.syntax unified
 6360              		.thumb
 6361              		.thumb_func
 6363              	SPI_DMAReceiveCplt:
 6364              	.LVL405:
 6365              	.LFB318:
3117:Drivers/STM32L4xx_HAL_Driver/Src/stm32l4xx_hal_spi.c ****   SPI_HandleTypeDef *hspi = (SPI_HandleTypeDef *)(((DMA_HandleTypeDef *)hdma)->Parent); /* Derogati
 6366              		.loc 1 3117 1 view -0
 6367              		.cfi_startproc
 6368              		@ args = 0, pretend = 0, frame = 0
 6369              		@ frame_needed = 0, uses_anonymous_args = 0
3117:Drivers/STM32L4xx_HAL_Driver/Src/stm32l4xx_hal_spi.c ****   SPI_HandleTypeDef *hspi = (SPI_HandleTypeDef *)(((DMA_HandleTypeDef *)hdma)->Parent); /* Derogati
 6370              		.loc 1 3117 1 is_stmt 0 view .LVU2140
 6371 0000 38B5     		push	{r3, r4, r5, lr}
 6372              		.cfi_def_cfa_offset 16
 6373              		.cfi_offset 3, -16
ARM GAS  /tmp/ccEksN7Z.s 			page 224


 6374              		.cfi_offset 4, -12
 6375              		.cfi_offset 5, -8
 6376              		.cfi_offset 14, -4
 6377 0002 0546     		mov	r5, r0
3118:Drivers/STM32L4xx_HAL_Driver/Src/stm32l4xx_hal_spi.c ****   uint32_t tickstart;
 6378              		.loc 1 3118 3 is_stmt 1 view .LVU2141
3118:Drivers/STM32L4xx_HAL_Driver/Src/stm32l4xx_hal_spi.c ****   uint32_t tickstart;
 6379              		.loc 1 3118 22 is_stmt 0 view .LVU2142
 6380 0004 846A     		ldr	r4, [r0, #40]
 6381              	.LVL406:
3119:Drivers/STM32L4xx_HAL_Driver/Src/stm32l4xx_hal_spi.c **** #if (USE_SPI_CRC != 0U)
 6382              		.loc 1 3119 3 is_stmt 1 view .LVU2143
3127:Drivers/STM32L4xx_HAL_Driver/Src/stm32l4xx_hal_spi.c **** 
 6383              		.loc 1 3127 3 view .LVU2144
3127:Drivers/STM32L4xx_HAL_Driver/Src/stm32l4xx_hal_spi.c **** 
 6384              		.loc 1 3127 15 is_stmt 0 view .LVU2145
 6385 0006 FFF7FEFF 		bl	HAL_GetTick
 6386              	.LVL407:
3130:Drivers/STM32L4xx_HAL_Driver/Src/stm32l4xx_hal_spi.c ****   {
 6387              		.loc 1 3130 3 is_stmt 1 view .LVU2146
3130:Drivers/STM32L4xx_HAL_Driver/Src/stm32l4xx_hal_spi.c ****   {
 6388              		.loc 1 3130 12 is_stmt 0 view .LVU2147
 6389 000a 2B68     		ldr	r3, [r5]
3130:Drivers/STM32L4xx_HAL_Driver/Src/stm32l4xx_hal_spi.c ****   {
 6390              		.loc 1 3130 22 view .LVU2148
 6391 000c 1B68     		ldr	r3, [r3]
3130:Drivers/STM32L4xx_HAL_Driver/Src/stm32l4xx_hal_spi.c ****   {
 6392              		.loc 1 3130 6 view .LVU2149
 6393 000e 13F0200F 		tst	r3, #32
 6394 0012 1FD1     		bne	.L431
 6395 0014 0246     		mov	r2, r0
3133:Drivers/STM32L4xx_HAL_Driver/Src/stm32l4xx_hal_spi.c **** 
 6396              		.loc 1 3133 5 is_stmt 1 view .LVU2150
 6397 0016 2168     		ldr	r1, [r4]
 6398 0018 4B68     		ldr	r3, [r1, #4]
 6399 001a 23F02003 		bic	r3, r3, #32
 6400 001e 4B60     		str	r3, [r1, #4]
3179:Drivers/STM32L4xx_HAL_Driver/Src/stm32l4xx_hal_spi.c ****     {
 6401              		.loc 1 3179 5 view .LVU2151
3179:Drivers/STM32L4xx_HAL_Driver/Src/stm32l4xx_hal_spi.c ****     {
 6402              		.loc 1 3179 20 is_stmt 0 view .LVU2152
 6403 0020 A368     		ldr	r3, [r4, #8]
3179:Drivers/STM32L4xx_HAL_Driver/Src/stm32l4xx_hal_spi.c ****     {
 6404              		.loc 1 3179 8 view .LVU2153
 6405 0022 1BB9     		cbnz	r3, .L432
3179:Drivers/STM32L4xx_HAL_Driver/Src/stm32l4xx_hal_spi.c ****     {
 6406              		.loc 1 3179 70 discriminator 1 view .LVU2154
 6407 0024 6368     		ldr	r3, [r4, #4]
3179:Drivers/STM32L4xx_HAL_Driver/Src/stm32l4xx_hal_spi.c ****     {
 6408              		.loc 1 3179 56 discriminator 1 view .LVU2155
 6409 0026 B3F5827F 		cmp	r3, #260
 6410 002a 17D0     		beq	.L437
 6411              	.L432:
3187:Drivers/STM32L4xx_HAL_Driver/Src/stm32l4xx_hal_spi.c ****     }
 6412              		.loc 1 3187 7 is_stmt 1 view .LVU2156
 6413 002c 2168     		ldr	r1, [r4]
 6414 002e 4B68     		ldr	r3, [r1, #4]
ARM GAS  /tmp/ccEksN7Z.s 			page 225


 6415 0030 23F00103 		bic	r3, r3, #1
 6416 0034 4B60     		str	r3, [r1, #4]
 6417              	.L433:
3191:Drivers/STM32L4xx_HAL_Driver/Src/stm32l4xx_hal_spi.c ****     {
 6418              		.loc 1 3191 5 view .LVU2157
3191:Drivers/STM32L4xx_HAL_Driver/Src/stm32l4xx_hal_spi.c ****     {
 6419              		.loc 1 3191 9 is_stmt 0 view .LVU2158
 6420 0036 6421     		movs	r1, #100
 6421 0038 2046     		mov	r0, r4
 6422              	.LVL408:
3191:Drivers/STM32L4xx_HAL_Driver/Src/stm32l4xx_hal_spi.c ****     {
 6423              		.loc 1 3191 9 view .LVU2159
 6424 003a FFF7FEFF 		bl	SPI_EndRxTransaction
 6425              	.LVL409:
3191:Drivers/STM32L4xx_HAL_Driver/Src/stm32l4xx_hal_spi.c ****     {
 6426              		.loc 1 3191 8 discriminator 1 view .LVU2160
 6427 003e 08B1     		cbz	r0, .L434
3193:Drivers/STM32L4xx_HAL_Driver/Src/stm32l4xx_hal_spi.c ****     }
 6428              		.loc 1 3193 7 is_stmt 1 view .LVU2161
3193:Drivers/STM32L4xx_HAL_Driver/Src/stm32l4xx_hal_spi.c ****     }
 6429              		.loc 1 3193 23 is_stmt 0 view .LVU2162
 6430 0040 2023     		movs	r3, #32
 6431 0042 2366     		str	r3, [r4, #96]
 6432              	.L434:
3196:Drivers/STM32L4xx_HAL_Driver/Src/stm32l4xx_hal_spi.c ****     hspi->State = HAL_SPI_STATE_READY;
 6433              		.loc 1 3196 5 is_stmt 1 view .LVU2163
3196:Drivers/STM32L4xx_HAL_Driver/Src/stm32l4xx_hal_spi.c ****     hspi->State = HAL_SPI_STATE_READY;
 6434              		.loc 1 3196 23 is_stmt 0 view .LVU2164
 6435 0044 0023     		movs	r3, #0
 6436 0046 A4F84630 		strh	r3, [r4, #70]	@ movhi
3197:Drivers/STM32L4xx_HAL_Driver/Src/stm32l4xx_hal_spi.c **** 
 6437              		.loc 1 3197 5 is_stmt 1 view .LVU2165
3197:Drivers/STM32L4xx_HAL_Driver/Src/stm32l4xx_hal_spi.c **** 
 6438              		.loc 1 3197 17 is_stmt 0 view .LVU2166
 6439 004a 0123     		movs	r3, #1
 6440 004c 84F85D30 		strb	r3, [r4, #93]
3208:Drivers/STM32L4xx_HAL_Driver/Src/stm32l4xx_hal_spi.c ****     {
 6441              		.loc 1 3208 5 is_stmt 1 view .LVU2167
3208:Drivers/STM32L4xx_HAL_Driver/Src/stm32l4xx_hal_spi.c ****     {
 6442              		.loc 1 3208 13 is_stmt 0 view .LVU2168
 6443 0050 236E     		ldr	r3, [r4, #96]
3208:Drivers/STM32L4xx_HAL_Driver/Src/stm32l4xx_hal_spi.c ****     {
 6444              		.loc 1 3208 8 view .LVU2169
 6445 0052 4BB9     		cbnz	r3, .L438
 6446              	.L431:
3223:Drivers/STM32L4xx_HAL_Driver/Src/stm32l4xx_hal_spi.c **** #endif /* USE_HAL_SPI_REGISTER_CALLBACKS */
 6447              		.loc 1 3223 3 is_stmt 1 view .LVU2170
 6448 0054 2046     		mov	r0, r4
 6449 0056 FFF7FEFF 		bl	HAL_SPI_RxCpltCallback
 6450              	.LVL410:
 6451              	.L430:
3225:Drivers/STM32L4xx_HAL_Driver/Src/stm32l4xx_hal_spi.c **** 
 6452              		.loc 1 3225 1 is_stmt 0 view .LVU2171
 6453 005a 38BD     		pop	{r3, r4, r5, pc}
 6454              	.LVL411:
 6455              	.L437:
3182:Drivers/STM32L4xx_HAL_Driver/Src/stm32l4xx_hal_spi.c ****     }
ARM GAS  /tmp/ccEksN7Z.s 			page 226


 6456              		.loc 1 3182 7 is_stmt 1 view .LVU2172
 6457 005c 2168     		ldr	r1, [r4]
 6458 005e 4B68     		ldr	r3, [r1, #4]
 6459 0060 23F00303 		bic	r3, r3, #3
 6460 0064 4B60     		str	r3, [r1, #4]
 6461 0066 E6E7     		b	.L433
 6462              	.LVL412:
 6463              	.L438:
3214:Drivers/STM32L4xx_HAL_Driver/Src/stm32l4xx_hal_spi.c **** #endif /* USE_HAL_SPI_REGISTER_CALLBACKS */
 6464              		.loc 1 3214 7 view .LVU2173
 6465 0068 2046     		mov	r0, r4
 6466 006a FFF7FEFF 		bl	HAL_SPI_ErrorCallback
 6467              	.LVL413:
3216:Drivers/STM32L4xx_HAL_Driver/Src/stm32l4xx_hal_spi.c ****     }
 6468              		.loc 1 3216 7 view .LVU2174
 6469 006e F4E7     		b	.L430
 6470              		.cfi_endproc
 6471              	.LFE318:
 6473              		.section	.text.SPI_DMATransmitReceiveCplt,"ax",%progbits
 6474              		.align	1
 6475              		.syntax unified
 6476              		.thumb
 6477              		.thumb_func
 6479              	SPI_DMATransmitReceiveCplt:
 6480              	.LVL414:
 6481              	.LFB319:
3234:Drivers/STM32L4xx_HAL_Driver/Src/stm32l4xx_hal_spi.c ****   SPI_HandleTypeDef *hspi = (SPI_HandleTypeDef *)(((DMA_HandleTypeDef *)hdma)->Parent); /* Derogati
 6482              		.loc 1 3234 1 view -0
 6483              		.cfi_startproc
 6484              		@ args = 0, pretend = 0, frame = 0
 6485              		@ frame_needed = 0, uses_anonymous_args = 0
3234:Drivers/STM32L4xx_HAL_Driver/Src/stm32l4xx_hal_spi.c ****   SPI_HandleTypeDef *hspi = (SPI_HandleTypeDef *)(((DMA_HandleTypeDef *)hdma)->Parent); /* Derogati
 6486              		.loc 1 3234 1 is_stmt 0 view .LVU2176
 6487 0000 38B5     		push	{r3, r4, r5, lr}
 6488              		.cfi_def_cfa_offset 16
 6489              		.cfi_offset 3, -16
 6490              		.cfi_offset 4, -12
 6491              		.cfi_offset 5, -8
 6492              		.cfi_offset 14, -4
 6493 0002 0546     		mov	r5, r0
3235:Drivers/STM32L4xx_HAL_Driver/Src/stm32l4xx_hal_spi.c ****   uint32_t tickstart;
 6494              		.loc 1 3235 3 is_stmt 1 view .LVU2177
3235:Drivers/STM32L4xx_HAL_Driver/Src/stm32l4xx_hal_spi.c ****   uint32_t tickstart;
 6495              		.loc 1 3235 22 is_stmt 0 view .LVU2178
 6496 0004 846A     		ldr	r4, [r0, #40]
 6497              	.LVL415:
3236:Drivers/STM32L4xx_HAL_Driver/Src/stm32l4xx_hal_spi.c **** #if (USE_SPI_CRC != 0U)
 6498              		.loc 1 3236 3 is_stmt 1 view .LVU2179
3244:Drivers/STM32L4xx_HAL_Driver/Src/stm32l4xx_hal_spi.c **** 
 6499              		.loc 1 3244 3 view .LVU2180
3244:Drivers/STM32L4xx_HAL_Driver/Src/stm32l4xx_hal_spi.c **** 
 6500              		.loc 1 3244 15 is_stmt 0 view .LVU2181
 6501 0006 FFF7FEFF 		bl	HAL_GetTick
 6502              	.LVL416:
3247:Drivers/STM32L4xx_HAL_Driver/Src/stm32l4xx_hal_spi.c ****   {
 6503              		.loc 1 3247 3 is_stmt 1 view .LVU2182
3247:Drivers/STM32L4xx_HAL_Driver/Src/stm32l4xx_hal_spi.c ****   {
ARM GAS  /tmp/ccEksN7Z.s 			page 227


 6504              		.loc 1 3247 12 is_stmt 0 view .LVU2183
 6505 000a 2B68     		ldr	r3, [r5]
3247:Drivers/STM32L4xx_HAL_Driver/Src/stm32l4xx_hal_spi.c ****   {
 6506              		.loc 1 3247 22 view .LVU2184
 6507 000c 1B68     		ldr	r3, [r3]
3247:Drivers/STM32L4xx_HAL_Driver/Src/stm32l4xx_hal_spi.c ****   {
 6508              		.loc 1 3247 6 view .LVU2185
 6509 000e 13F0200F 		tst	r3, #32
 6510 0012 1CD1     		bne	.L440
 6511 0014 0246     		mov	r2, r0
3250:Drivers/STM32L4xx_HAL_Driver/Src/stm32l4xx_hal_spi.c **** 
 6512              		.loc 1 3250 5 is_stmt 1 view .LVU2186
 6513 0016 2168     		ldr	r1, [r4]
 6514 0018 4B68     		ldr	r3, [r1, #4]
 6515 001a 23F02003 		bic	r3, r3, #32
 6516 001e 4B60     		str	r3, [r1, #4]
3287:Drivers/STM32L4xx_HAL_Driver/Src/stm32l4xx_hal_spi.c ****     {
 6517              		.loc 1 3287 5 view .LVU2187
3287:Drivers/STM32L4xx_HAL_Driver/Src/stm32l4xx_hal_spi.c ****     {
 6518              		.loc 1 3287 9 is_stmt 0 view .LVU2188
 6519 0020 6421     		movs	r1, #100
 6520 0022 2046     		mov	r0, r4
 6521              	.LVL417:
3287:Drivers/STM32L4xx_HAL_Driver/Src/stm32l4xx_hal_spi.c ****     {
 6522              		.loc 1 3287 9 view .LVU2189
 6523 0024 FFF7FEFF 		bl	SPI_EndRxTxTransaction
 6524              	.LVL418:
3287:Drivers/STM32L4xx_HAL_Driver/Src/stm32l4xx_hal_spi.c ****     {
 6525              		.loc 1 3287 8 discriminator 1 view .LVU2190
 6526 0028 18B1     		cbz	r0, .L441
3289:Drivers/STM32L4xx_HAL_Driver/Src/stm32l4xx_hal_spi.c ****     }
 6527              		.loc 1 3289 7 is_stmt 1 view .LVU2191
 6528 002a 236E     		ldr	r3, [r4, #96]
 6529 002c 43F02003 		orr	r3, r3, #32
 6530 0030 2366     		str	r3, [r4, #96]
 6531              	.L441:
3293:Drivers/STM32L4xx_HAL_Driver/Src/stm32l4xx_hal_spi.c **** 
 6532              		.loc 1 3293 5 view .LVU2192
 6533 0032 2268     		ldr	r2, [r4]
 6534 0034 5368     		ldr	r3, [r2, #4]
 6535 0036 23F00303 		bic	r3, r3, #3
 6536 003a 5360     		str	r3, [r2, #4]
3295:Drivers/STM32L4xx_HAL_Driver/Src/stm32l4xx_hal_spi.c ****     hspi->RxXferCount = 0U;
 6537              		.loc 1 3295 5 view .LVU2193
3295:Drivers/STM32L4xx_HAL_Driver/Src/stm32l4xx_hal_spi.c ****     hspi->RxXferCount = 0U;
 6538              		.loc 1 3295 23 is_stmt 0 view .LVU2194
 6539 003c 0023     		movs	r3, #0
 6540 003e E387     		strh	r3, [r4, #62]	@ movhi
3296:Drivers/STM32L4xx_HAL_Driver/Src/stm32l4xx_hal_spi.c ****     hspi->State = HAL_SPI_STATE_READY;
 6541              		.loc 1 3296 5 is_stmt 1 view .LVU2195
3296:Drivers/STM32L4xx_HAL_Driver/Src/stm32l4xx_hal_spi.c ****     hspi->State = HAL_SPI_STATE_READY;
 6542              		.loc 1 3296 23 is_stmt 0 view .LVU2196
 6543 0040 A4F84630 		strh	r3, [r4, #70]	@ movhi
3297:Drivers/STM32L4xx_HAL_Driver/Src/stm32l4xx_hal_spi.c **** 
 6544              		.loc 1 3297 5 is_stmt 1 view .LVU2197
3297:Drivers/STM32L4xx_HAL_Driver/Src/stm32l4xx_hal_spi.c **** 
 6545              		.loc 1 3297 17 is_stmt 0 view .LVU2198
ARM GAS  /tmp/ccEksN7Z.s 			page 228


 6546 0044 0123     		movs	r3, #1
 6547 0046 84F85D30 		strb	r3, [r4, #93]
3308:Drivers/STM32L4xx_HAL_Driver/Src/stm32l4xx_hal_spi.c ****     {
 6548              		.loc 1 3308 5 is_stmt 1 view .LVU2199
3308:Drivers/STM32L4xx_HAL_Driver/Src/stm32l4xx_hal_spi.c ****     {
 6549              		.loc 1 3308 13 is_stmt 0 view .LVU2200
 6550 004a 236E     		ldr	r3, [r4, #96]
3308:Drivers/STM32L4xx_HAL_Driver/Src/stm32l4xx_hal_spi.c ****     {
 6551              		.loc 1 3308 8 view .LVU2201
 6552 004c 1BB9     		cbnz	r3, .L444
 6553              	.L440:
3323:Drivers/STM32L4xx_HAL_Driver/Src/stm32l4xx_hal_spi.c **** #endif /* USE_HAL_SPI_REGISTER_CALLBACKS */
 6554              		.loc 1 3323 3 is_stmt 1 view .LVU2202
 6555 004e 2046     		mov	r0, r4
 6556 0050 FFF7FEFF 		bl	HAL_SPI_TxRxCpltCallback
 6557              	.LVL419:
 6558              	.L439:
3325:Drivers/STM32L4xx_HAL_Driver/Src/stm32l4xx_hal_spi.c **** 
 6559              		.loc 1 3325 1 is_stmt 0 view .LVU2203
 6560 0054 38BD     		pop	{r3, r4, r5, pc}
 6561              	.LVL420:
 6562              	.L444:
3314:Drivers/STM32L4xx_HAL_Driver/Src/stm32l4xx_hal_spi.c **** #endif /* USE_HAL_SPI_REGISTER_CALLBACKS */
 6563              		.loc 1 3314 7 is_stmt 1 view .LVU2204
 6564 0056 2046     		mov	r0, r4
 6565 0058 FFF7FEFF 		bl	HAL_SPI_ErrorCallback
 6566              	.LVL421:
3316:Drivers/STM32L4xx_HAL_Driver/Src/stm32l4xx_hal_spi.c ****     }
 6567              		.loc 1 3316 7 view .LVU2205
 6568 005c FAE7     		b	.L439
 6569              		.cfi_endproc
 6570              	.LFE319:
 6572              		.section	.text.HAL_SPI_IRQHandler,"ax",%progbits
 6573              		.align	1
 6574              		.global	HAL_SPI_IRQHandler
 6575              		.syntax unified
 6576              		.thumb
 6577              		.thumb_func
 6579              	HAL_SPI_IRQHandler:
 6580              	.LVL422:
 6581              	.LFB306:
2767:Drivers/STM32L4xx_HAL_Driver/Src/stm32l4xx_hal_spi.c ****   uint32_t itsource = hspi->Instance->CR2;
 6582              		.loc 1 2767 1 view -0
 6583              		.cfi_startproc
 6584              		@ args = 0, pretend = 0, frame = 16
 6585              		@ frame_needed = 0, uses_anonymous_args = 0
2767:Drivers/STM32L4xx_HAL_Driver/Src/stm32l4xx_hal_spi.c ****   uint32_t itsource = hspi->Instance->CR2;
 6586              		.loc 1 2767 1 is_stmt 0 view .LVU2207
 6587 0000 30B5     		push	{r4, r5, lr}
 6588              		.cfi_def_cfa_offset 12
 6589              		.cfi_offset 4, -12
 6590              		.cfi_offset 5, -8
 6591              		.cfi_offset 14, -4
 6592 0002 85B0     		sub	sp, sp, #20
 6593              		.cfi_def_cfa_offset 32
 6594 0004 0446     		mov	r4, r0
2768:Drivers/STM32L4xx_HAL_Driver/Src/stm32l4xx_hal_spi.c ****   uint32_t itflag   = hspi->Instance->SR;
ARM GAS  /tmp/ccEksN7Z.s 			page 229


 6595              		.loc 1 2768 3 is_stmt 1 view .LVU2208
2768:Drivers/STM32L4xx_HAL_Driver/Src/stm32l4xx_hal_spi.c ****   uint32_t itflag   = hspi->Instance->SR;
 6596              		.loc 1 2768 27 is_stmt 0 view .LVU2209
 6597 0006 0268     		ldr	r2, [r0]
2768:Drivers/STM32L4xx_HAL_Driver/Src/stm32l4xx_hal_spi.c ****   uint32_t itflag   = hspi->Instance->SR;
 6598              		.loc 1 2768 12 view .LVU2210
 6599 0008 5168     		ldr	r1, [r2, #4]
 6600              	.LVL423:
2769:Drivers/STM32L4xx_HAL_Driver/Src/stm32l4xx_hal_spi.c **** 
 6601              		.loc 1 2769 3 is_stmt 1 view .LVU2211
2769:Drivers/STM32L4xx_HAL_Driver/Src/stm32l4xx_hal_spi.c **** 
 6602              		.loc 1 2769 12 is_stmt 0 view .LVU2212
 6603 000a 9368     		ldr	r3, [r2, #8]
 6604              	.LVL424:
2772:Drivers/STM32L4xx_HAL_Driver/Src/stm32l4xx_hal_spi.c ****       (SPI_CHECK_FLAG(itflag, SPI_FLAG_RXNE) != RESET) && (SPI_CHECK_IT_SOURCE(itsource, SPI_IT_RXN
 6605              		.loc 1 2772 3 is_stmt 1 view .LVU2213
 6606 000c C3F38010 		ubfx	r0, r3, #6, #1
 6607              	.LVL425:
2772:Drivers/STM32L4xx_HAL_Driver/Src/stm32l4xx_hal_spi.c ****       (SPI_CHECK_FLAG(itflag, SPI_FLAG_RXNE) != RESET) && (SPI_CHECK_IT_SOURCE(itsource, SPI_IT_RXN
 6608              		.loc 1 2772 6 is_stmt 0 view .LVU2214
 6609 0010 13F0400F 		tst	r3, #64
 6610 0014 05D1     		bne	.L446
2772:Drivers/STM32L4xx_HAL_Driver/Src/stm32l4xx_hal_spi.c ****       (SPI_CHECK_FLAG(itflag, SPI_FLAG_RXNE) != RESET) && (SPI_CHECK_IT_SOURCE(itsource, SPI_IT_RXN
 6611              		.loc 1 2772 55 discriminator 1 view .LVU2215
 6612 0016 13F0010F 		tst	r3, #1
 6613 001a 02D0     		beq	.L446
2773:Drivers/STM32L4xx_HAL_Driver/Src/stm32l4xx_hal_spi.c ****   {
 6614              		.loc 1 2773 56 view .LVU2216
 6615 001c 11F0400F 		tst	r1, #64
 6616 0020 69D1     		bne	.L458
 6617              	.L446:
2780:Drivers/STM32L4xx_HAL_Driver/Src/stm32l4xx_hal_spi.c ****   {
 6618              		.loc 1 2780 3 is_stmt 1 view .LVU2217
2780:Drivers/STM32L4xx_HAL_Driver/Src/stm32l4xx_hal_spi.c ****   {
 6619              		.loc 1 2780 6 is_stmt 0 view .LVU2218
 6620 0022 13F0020F 		tst	r3, #2
 6621 0026 02D0     		beq	.L448
2780:Drivers/STM32L4xx_HAL_Driver/Src/stm32l4xx_hal_spi.c ****   {
 6622              		.loc 1 2780 55 discriminator 1 view .LVU2219
 6623 0028 11F0800F 		tst	r1, #128
 6624 002c 67D1     		bne	.L459
 6625              	.L448:
2787:Drivers/STM32L4xx_HAL_Driver/Src/stm32l4xx_hal_spi.c ****        || (SPI_CHECK_FLAG(itflag, SPI_FLAG_FRE) != RESET)) && (SPI_CHECK_IT_SOURCE(itsource, SPI_IT
 6626              		.loc 1 2787 3 is_stmt 1 view .LVU2220
 6627 002e C3F34015 		ubfx	r5, r3, #5, #1
2787:Drivers/STM32L4xx_HAL_Driver/Src/stm32l4xx_hal_spi.c ****        || (SPI_CHECK_FLAG(itflag, SPI_FLAG_FRE) != RESET)) && (SPI_CHECK_IT_SOURCE(itsource, SPI_IT
 6628              		.loc 1 2787 6 is_stmt 0 view .LVU2221
 6629 0032 13F0200F 		tst	r3, #32
 6630 0036 03D1     		bne	.L449
2787:Drivers/STM32L4xx_HAL_Driver/Src/stm32l4xx_hal_spi.c ****        || (SPI_CHECK_FLAG(itflag, SPI_FLAG_FRE) != RESET)) && (SPI_CHECK_IT_SOURCE(itsource, SPI_IT
 6631              		.loc 1 2787 57 discriminator 1 view .LVU2222
 6632 0038 10B9     		cbnz	r0, .L449
2788:Drivers/STM32L4xx_HAL_Driver/Src/stm32l4xx_hal_spi.c ****   {
 6633              		.loc 1 2788 8 view .LVU2223
 6634 003a 13F4807F 		tst	r3, #256
 6635 003e 61D0     		beq	.L445
 6636              	.L449:
ARM GAS  /tmp/ccEksN7Z.s 			page 230


2788:Drivers/STM32L4xx_HAL_Driver/Src/stm32l4xx_hal_spi.c ****   {
 6637              		.loc 1 2788 60 discriminator 1 view .LVU2224
 6638 0040 11F0200F 		tst	r1, #32
 6639 0044 5ED0     		beq	.L445
2791:Drivers/STM32L4xx_HAL_Driver/Src/stm32l4xx_hal_spi.c ****     {
 6640              		.loc 1 2791 5 is_stmt 1 view .LVU2225
2791:Drivers/STM32L4xx_HAL_Driver/Src/stm32l4xx_hal_spi.c ****     {
 6641              		.loc 1 2791 8 is_stmt 0 view .LVU2226
 6642 0046 78B1     		cbz	r0, .L450
2793:Drivers/STM32L4xx_HAL_Driver/Src/stm32l4xx_hal_spi.c ****       {
 6643              		.loc 1 2793 7 is_stmt 1 view .LVU2227
2793:Drivers/STM32L4xx_HAL_Driver/Src/stm32l4xx_hal_spi.c ****       {
 6644              		.loc 1 2793 15 is_stmt 0 view .LVU2228
 6645 0048 94F85D00 		ldrb	r0, [r4, #93]	@ zero_extendqisi2
 6646 004c C0B2     		uxtb	r0, r0
2793:Drivers/STM32L4xx_HAL_Driver/Src/stm32l4xx_hal_spi.c ****       {
 6647              		.loc 1 2793 10 view .LVU2229
 6648 004e 0328     		cmp	r0, #3
 6649 0050 5AD0     		beq	.L451
2795:Drivers/STM32L4xx_HAL_Driver/Src/stm32l4xx_hal_spi.c ****         __HAL_SPI_CLEAR_OVRFLAG(hspi);
 6650              		.loc 1 2795 9 is_stmt 1 view .LVU2230
 6651 0052 206E     		ldr	r0, [r4, #96]
 6652 0054 40F00400 		orr	r0, r0, #4
 6653 0058 2066     		str	r0, [r4, #96]
2796:Drivers/STM32L4xx_HAL_Driver/Src/stm32l4xx_hal_spi.c ****       }
 6654              		.loc 1 2796 9 view .LVU2231
 6655              	.LBB7:
2796:Drivers/STM32L4xx_HAL_Driver/Src/stm32l4xx_hal_spi.c ****       }
 6656              		.loc 1 2796 9 view .LVU2232
 6657 005a 0020     		movs	r0, #0
 6658 005c 0090     		str	r0, [sp]
2796:Drivers/STM32L4xx_HAL_Driver/Src/stm32l4xx_hal_spi.c ****       }
 6659              		.loc 1 2796 9 view .LVU2233
 6660 005e D068     		ldr	r0, [r2, #12]
 6661 0060 0090     		str	r0, [sp]
2796:Drivers/STM32L4xx_HAL_Driver/Src/stm32l4xx_hal_spi.c ****       }
 6662              		.loc 1 2796 9 view .LVU2234
 6663 0062 9068     		ldr	r0, [r2, #8]
 6664 0064 0090     		str	r0, [sp]
2796:Drivers/STM32L4xx_HAL_Driver/Src/stm32l4xx_hal_spi.c ****       }
 6665              		.loc 1 2796 9 view .LVU2235
 6666 0066 0098     		ldr	r0, [sp]
 6667              	.LBE7:
2796:Drivers/STM32L4xx_HAL_Driver/Src/stm32l4xx_hal_spi.c ****       }
 6668              		.loc 1 2796 9 view .LVU2236
 6669              	.L450:
2806:Drivers/STM32L4xx_HAL_Driver/Src/stm32l4xx_hal_spi.c ****     {
 6670              		.loc 1 2806 5 view .LVU2237
2806:Drivers/STM32L4xx_HAL_Driver/Src/stm32l4xx_hal_spi.c ****     {
 6671              		.loc 1 2806 8 is_stmt 0 view .LVU2238
 6672 0068 65B1     		cbz	r5, .L452
2808:Drivers/STM32L4xx_HAL_Driver/Src/stm32l4xx_hal_spi.c ****       __HAL_SPI_CLEAR_MODFFLAG(hspi);
 6673              		.loc 1 2808 7 is_stmt 1 view .LVU2239
 6674 006a 206E     		ldr	r0, [r4, #96]
 6675 006c 40F00100 		orr	r0, r0, #1
 6676 0070 2066     		str	r0, [r4, #96]
2809:Drivers/STM32L4xx_HAL_Driver/Src/stm32l4xx_hal_spi.c ****     }
ARM GAS  /tmp/ccEksN7Z.s 			page 231


 6677              		.loc 1 2809 7 view .LVU2240
 6678              	.LBB8:
2809:Drivers/STM32L4xx_HAL_Driver/Src/stm32l4xx_hal_spi.c ****     }
 6679              		.loc 1 2809 7 view .LVU2241
 6680 0072 0020     		movs	r0, #0
 6681 0074 0290     		str	r0, [sp, #8]
2809:Drivers/STM32L4xx_HAL_Driver/Src/stm32l4xx_hal_spi.c ****     }
 6682              		.loc 1 2809 7 view .LVU2242
 6683 0076 9068     		ldr	r0, [r2, #8]
 6684 0078 0290     		str	r0, [sp, #8]
2809:Drivers/STM32L4xx_HAL_Driver/Src/stm32l4xx_hal_spi.c ****     }
 6685              		.loc 1 2809 7 view .LVU2243
 6686 007a 1068     		ldr	r0, [r2]
 6687 007c 20F04000 		bic	r0, r0, #64
 6688 0080 1060     		str	r0, [r2]
2809:Drivers/STM32L4xx_HAL_Driver/Src/stm32l4xx_hal_spi.c ****     }
 6689              		.loc 1 2809 7 view .LVU2244
 6690 0082 029A     		ldr	r2, [sp, #8]
 6691              	.L452:
2809:Drivers/STM32L4xx_HAL_Driver/Src/stm32l4xx_hal_spi.c ****     }
 6692              		.loc 1 2809 7 is_stmt 0 view .LVU2245
 6693              	.LBE8:
2809:Drivers/STM32L4xx_HAL_Driver/Src/stm32l4xx_hal_spi.c ****     }
 6694              		.loc 1 2809 7 is_stmt 1 discriminator 1 view .LVU2246
2813:Drivers/STM32L4xx_HAL_Driver/Src/stm32l4xx_hal_spi.c ****     {
 6695              		.loc 1 2813 5 view .LVU2247
2813:Drivers/STM32L4xx_HAL_Driver/Src/stm32l4xx_hal_spi.c ****     {
 6696              		.loc 1 2813 8 is_stmt 0 view .LVU2248
 6697 0084 13F4807F 		tst	r3, #256
 6698 0088 09D0     		beq	.L453
2815:Drivers/STM32L4xx_HAL_Driver/Src/stm32l4xx_hal_spi.c ****       __HAL_SPI_CLEAR_FREFLAG(hspi);
 6699              		.loc 1 2815 7 is_stmt 1 view .LVU2249
 6700 008a 236E     		ldr	r3, [r4, #96]
 6701              	.LVL426:
2815:Drivers/STM32L4xx_HAL_Driver/Src/stm32l4xx_hal_spi.c ****       __HAL_SPI_CLEAR_FREFLAG(hspi);
 6702              		.loc 1 2815 7 is_stmt 0 view .LVU2250
 6703 008c 43F00803 		orr	r3, r3, #8
 6704 0090 2366     		str	r3, [r4, #96]
2816:Drivers/STM32L4xx_HAL_Driver/Src/stm32l4xx_hal_spi.c ****     }
 6705              		.loc 1 2816 7 is_stmt 1 view .LVU2251
 6706              	.LBB9:
2816:Drivers/STM32L4xx_HAL_Driver/Src/stm32l4xx_hal_spi.c ****     }
 6707              		.loc 1 2816 7 view .LVU2252
 6708 0092 0023     		movs	r3, #0
 6709 0094 0393     		str	r3, [sp, #12]
2816:Drivers/STM32L4xx_HAL_Driver/Src/stm32l4xx_hal_spi.c ****     }
 6710              		.loc 1 2816 7 view .LVU2253
 6711 0096 2368     		ldr	r3, [r4]
 6712 0098 9B68     		ldr	r3, [r3, #8]
 6713 009a 0393     		str	r3, [sp, #12]
2816:Drivers/STM32L4xx_HAL_Driver/Src/stm32l4xx_hal_spi.c ****     }
 6714              		.loc 1 2816 7 view .LVU2254
 6715 009c 039B     		ldr	r3, [sp, #12]
 6716              	.L453:
2816:Drivers/STM32L4xx_HAL_Driver/Src/stm32l4xx_hal_spi.c ****     }
 6717              		.loc 1 2816 7 is_stmt 0 view .LVU2255
 6718              	.LBE9:
ARM GAS  /tmp/ccEksN7Z.s 			page 232


2816:Drivers/STM32L4xx_HAL_Driver/Src/stm32l4xx_hal_spi.c ****     }
 6719              		.loc 1 2816 7 is_stmt 1 discriminator 1 view .LVU2256
2819:Drivers/STM32L4xx_HAL_Driver/Src/stm32l4xx_hal_spi.c ****     {
 6720              		.loc 1 2819 5 view .LVU2257
2819:Drivers/STM32L4xx_HAL_Driver/Src/stm32l4xx_hal_spi.c ****     {
 6721              		.loc 1 2819 13 is_stmt 0 view .LVU2258
 6722 009e 236E     		ldr	r3, [r4, #96]
2819:Drivers/STM32L4xx_HAL_Driver/Src/stm32l4xx_hal_spi.c ****     {
 6723              		.loc 1 2819 8 view .LVU2259
 6724 00a0 002B     		cmp	r3, #0
 6725 00a2 2FD0     		beq	.L445
2822:Drivers/STM32L4xx_HAL_Driver/Src/stm32l4xx_hal_spi.c **** 
 6726              		.loc 1 2822 7 is_stmt 1 view .LVU2260
 6727 00a4 2268     		ldr	r2, [r4]
 6728 00a6 5368     		ldr	r3, [r2, #4]
 6729 00a8 23F0E003 		bic	r3, r3, #224
 6730 00ac 5360     		str	r3, [r2, #4]
2824:Drivers/STM32L4xx_HAL_Driver/Src/stm32l4xx_hal_spi.c ****       /* Disable the SPI DMA requests if enabled */
 6731              		.loc 1 2824 7 view .LVU2261
2824:Drivers/STM32L4xx_HAL_Driver/Src/stm32l4xx_hal_spi.c ****       /* Disable the SPI DMA requests if enabled */
 6732              		.loc 1 2824 19 is_stmt 0 view .LVU2262
 6733 00ae 0123     		movs	r3, #1
 6734 00b0 84F85D30 		strb	r3, [r4, #93]
2826:Drivers/STM32L4xx_HAL_Driver/Src/stm32l4xx_hal_spi.c ****       {
 6735              		.loc 1 2826 7 is_stmt 1 view .LVU2263
2826:Drivers/STM32L4xx_HAL_Driver/Src/stm32l4xx_hal_spi.c ****       {
 6736              		.loc 1 2826 10 is_stmt 0 view .LVU2264
 6737 00b4 11F0030F 		tst	r1, #3
 6738 00b8 2ED0     		beq	.L455
2828:Drivers/STM32L4xx_HAL_Driver/Src/stm32l4xx_hal_spi.c **** 
 6739              		.loc 1 2828 9 is_stmt 1 view .LVU2265
 6740 00ba 2268     		ldr	r2, [r4]
 6741 00bc 5368     		ldr	r3, [r2, #4]
 6742 00be 23F00303 		bic	r3, r3, #3
 6743 00c2 5360     		str	r3, [r2, #4]
2831:Drivers/STM32L4xx_HAL_Driver/Src/stm32l4xx_hal_spi.c ****         {
 6744              		.loc 1 2831 9 view .LVU2266
2831:Drivers/STM32L4xx_HAL_Driver/Src/stm32l4xx_hal_spi.c ****         {
 6745              		.loc 1 2831 17 is_stmt 0 view .LVU2267
 6746 00c4 A36D     		ldr	r3, [r4, #88]
2831:Drivers/STM32L4xx_HAL_Driver/Src/stm32l4xx_hal_spi.c ****         {
 6747              		.loc 1 2831 12 view .LVU2268
 6748 00c6 4BB1     		cbz	r3, .L456
2835:Drivers/STM32L4xx_HAL_Driver/Src/stm32l4xx_hal_spi.c ****           if (HAL_OK != HAL_DMA_Abort_IT(hspi->hdmarx))
 6749              		.loc 1 2835 11 is_stmt 1 view .LVU2269
2835:Drivers/STM32L4xx_HAL_Driver/Src/stm32l4xx_hal_spi.c ****           if (HAL_OK != HAL_DMA_Abort_IT(hspi->hdmarx))
 6750              		.loc 1 2835 43 is_stmt 0 view .LVU2270
 6751 00c8 154A     		ldr	r2, .L460
 6752 00ca 9A63     		str	r2, [r3, #56]
2836:Drivers/STM32L4xx_HAL_Driver/Src/stm32l4xx_hal_spi.c ****           {
 6753              		.loc 1 2836 11 is_stmt 1 view .LVU2271
2836:Drivers/STM32L4xx_HAL_Driver/Src/stm32l4xx_hal_spi.c ****           {
 6754              		.loc 1 2836 25 is_stmt 0 view .LVU2272
 6755 00cc A06D     		ldr	r0, [r4, #88]
 6756 00ce FFF7FEFF 		bl	HAL_DMA_Abort_IT
 6757              	.LVL427:
2836:Drivers/STM32L4xx_HAL_Driver/Src/stm32l4xx_hal_spi.c ****           {
ARM GAS  /tmp/ccEksN7Z.s 			page 233


 6758              		.loc 1 2836 14 discriminator 1 view .LVU2273
 6759 00d2 18B1     		cbz	r0, .L456
2838:Drivers/STM32L4xx_HAL_Driver/Src/stm32l4xx_hal_spi.c ****           }
 6760              		.loc 1 2838 13 is_stmt 1 view .LVU2274
 6761 00d4 236E     		ldr	r3, [r4, #96]
 6762 00d6 43F04003 		orr	r3, r3, #64
 6763 00da 2366     		str	r3, [r4, #96]
 6764              	.L456:
2842:Drivers/STM32L4xx_HAL_Driver/Src/stm32l4xx_hal_spi.c ****         {
 6765              		.loc 1 2842 9 view .LVU2275
2842:Drivers/STM32L4xx_HAL_Driver/Src/stm32l4xx_hal_spi.c ****         {
 6766              		.loc 1 2842 17 is_stmt 0 view .LVU2276
 6767 00dc 636D     		ldr	r3, [r4, #84]
2842:Drivers/STM32L4xx_HAL_Driver/Src/stm32l4xx_hal_spi.c ****         {
 6768              		.loc 1 2842 12 view .LVU2277
 6769 00de 8BB1     		cbz	r3, .L445
2846:Drivers/STM32L4xx_HAL_Driver/Src/stm32l4xx_hal_spi.c ****           if (HAL_OK != HAL_DMA_Abort_IT(hspi->hdmatx))
 6770              		.loc 1 2846 11 is_stmt 1 view .LVU2278
2846:Drivers/STM32L4xx_HAL_Driver/Src/stm32l4xx_hal_spi.c ****           if (HAL_OK != HAL_DMA_Abort_IT(hspi->hdmatx))
 6771              		.loc 1 2846 43 is_stmt 0 view .LVU2279
 6772 00e0 0F4A     		ldr	r2, .L460
 6773 00e2 9A63     		str	r2, [r3, #56]
2847:Drivers/STM32L4xx_HAL_Driver/Src/stm32l4xx_hal_spi.c ****           {
 6774              		.loc 1 2847 11 is_stmt 1 view .LVU2280
2847:Drivers/STM32L4xx_HAL_Driver/Src/stm32l4xx_hal_spi.c ****           {
 6775              		.loc 1 2847 25 is_stmt 0 view .LVU2281
 6776 00e4 606D     		ldr	r0, [r4, #84]
 6777 00e6 FFF7FEFF 		bl	HAL_DMA_Abort_IT
 6778              	.LVL428:
2847:Drivers/STM32L4xx_HAL_Driver/Src/stm32l4xx_hal_spi.c ****           {
 6779              		.loc 1 2847 14 discriminator 1 view .LVU2282
 6780 00ea 58B1     		cbz	r0, .L445
2849:Drivers/STM32L4xx_HAL_Driver/Src/stm32l4xx_hal_spi.c ****           }
 6781              		.loc 1 2849 13 is_stmt 1 view .LVU2283
 6782 00ec 236E     		ldr	r3, [r4, #96]
 6783 00ee 43F04003 		orr	r3, r3, #64
 6784 00f2 2366     		str	r3, [r4, #96]
 6785 00f4 06E0     		b	.L445
 6786              	.LVL429:
 6787              	.L458:
2775:Drivers/STM32L4xx_HAL_Driver/Src/stm32l4xx_hal_spi.c ****     return;
 6788              		.loc 1 2775 5 view .LVU2284
2775:Drivers/STM32L4xx_HAL_Driver/Src/stm32l4xx_hal_spi.c ****     return;
 6789              		.loc 1 2775 9 is_stmt 0 view .LVU2285
 6790 00f6 E36C     		ldr	r3, [r4, #76]
 6791              	.LVL430:
2775:Drivers/STM32L4xx_HAL_Driver/Src/stm32l4xx_hal_spi.c ****     return;
 6792              		.loc 1 2775 5 view .LVU2286
 6793 00f8 2046     		mov	r0, r4
 6794 00fa 9847     		blx	r3
 6795              	.LVL431:
2776:Drivers/STM32L4xx_HAL_Driver/Src/stm32l4xx_hal_spi.c ****   }
 6796              		.loc 1 2776 5 is_stmt 1 view .LVU2287
 6797 00fc 02E0     		b	.L445
 6798              	.LVL432:
 6799              	.L459:
2782:Drivers/STM32L4xx_HAL_Driver/Src/stm32l4xx_hal_spi.c ****     return;
ARM GAS  /tmp/ccEksN7Z.s 			page 234


 6800              		.loc 1 2782 5 view .LVU2288
2782:Drivers/STM32L4xx_HAL_Driver/Src/stm32l4xx_hal_spi.c ****     return;
 6801              		.loc 1 2782 9 is_stmt 0 view .LVU2289
 6802 00fe 236D     		ldr	r3, [r4, #80]
 6803              	.LVL433:
2782:Drivers/STM32L4xx_HAL_Driver/Src/stm32l4xx_hal_spi.c ****     return;
 6804              		.loc 1 2782 5 view .LVU2290
 6805 0100 2046     		mov	r0, r4
 6806 0102 9847     		blx	r3
 6807              	.LVL434:
2783:Drivers/STM32L4xx_HAL_Driver/Src/stm32l4xx_hal_spi.c ****   }
 6808              		.loc 1 2783 5 is_stmt 1 view .LVU2291
 6809              	.L445:
2865:Drivers/STM32L4xx_HAL_Driver/Src/stm32l4xx_hal_spi.c **** 
 6810              		.loc 1 2865 1 is_stmt 0 view .LVU2292
 6811 0104 05B0     		add	sp, sp, #20
 6812              		.cfi_remember_state
 6813              		.cfi_def_cfa_offset 12
 6814              		@ sp needed
 6815 0106 30BD     		pop	{r4, r5, pc}
 6816              	.LVL435:
 6817              	.L451:
 6818              		.cfi_restore_state
2800:Drivers/STM32L4xx_HAL_Driver/Src/stm32l4xx_hal_spi.c ****         return;
 6819              		.loc 1 2800 9 is_stmt 1 view .LVU2293
 6820              	.LBB10:
2800:Drivers/STM32L4xx_HAL_Driver/Src/stm32l4xx_hal_spi.c ****         return;
 6821              		.loc 1 2800 9 view .LVU2294
 6822 0108 0023     		movs	r3, #0
 6823              	.LVL436:
2800:Drivers/STM32L4xx_HAL_Driver/Src/stm32l4xx_hal_spi.c ****         return;
 6824              		.loc 1 2800 9 is_stmt 0 view .LVU2295
 6825 010a 0193     		str	r3, [sp, #4]
2800:Drivers/STM32L4xx_HAL_Driver/Src/stm32l4xx_hal_spi.c ****         return;
 6826              		.loc 1 2800 9 is_stmt 1 view .LVU2296
 6827 010c D368     		ldr	r3, [r2, #12]
 6828 010e 0193     		str	r3, [sp, #4]
2800:Drivers/STM32L4xx_HAL_Driver/Src/stm32l4xx_hal_spi.c ****         return;
 6829              		.loc 1 2800 9 view .LVU2297
 6830 0110 9368     		ldr	r3, [r2, #8]
 6831 0112 0193     		str	r3, [sp, #4]
2800:Drivers/STM32L4xx_HAL_Driver/Src/stm32l4xx_hal_spi.c ****         return;
 6832              		.loc 1 2800 9 view .LVU2298
 6833 0114 019B     		ldr	r3, [sp, #4]
 6834              	.LBE10:
2800:Drivers/STM32L4xx_HAL_Driver/Src/stm32l4xx_hal_spi.c ****         return;
 6835              		.loc 1 2800 9 view .LVU2299
2801:Drivers/STM32L4xx_HAL_Driver/Src/stm32l4xx_hal_spi.c ****       }
 6836              		.loc 1 2801 9 view .LVU2300
 6837 0116 F5E7     		b	.L445
 6838              	.L455:
2859:Drivers/STM32L4xx_HAL_Driver/Src/stm32l4xx_hal_spi.c **** #endif /* USE_HAL_SPI_REGISTER_CALLBACKS */
 6839              		.loc 1 2859 9 view .LVU2301
 6840 0118 2046     		mov	r0, r4
 6841 011a FFF7FEFF 		bl	HAL_SPI_ErrorCallback
 6842              	.LVL437:
2863:Drivers/STM32L4xx_HAL_Driver/Src/stm32l4xx_hal_spi.c ****   }
ARM GAS  /tmp/ccEksN7Z.s 			page 235


 6843              		.loc 1 2863 5 view .LVU2302
 6844 011e F1E7     		b	.L445
 6845              	.L461:
 6846              		.align	2
 6847              	.L460:
 6848 0120 00000000 		.word	SPI_DMAAbortOnError
 6849              		.cfi_endproc
 6850              	.LFE306:
 6852              		.section	.text.SPI_DMAAbortOnError,"ax",%progbits
 6853              		.align	1
 6854              		.syntax unified
 6855              		.thumb
 6856              		.thumb_func
 6858              	SPI_DMAAbortOnError:
 6859              	.LVL438:
 6860              	.LFB324:
3411:Drivers/STM32L4xx_HAL_Driver/Src/stm32l4xx_hal_spi.c ****   SPI_HandleTypeDef *hspi = (SPI_HandleTypeDef *)(((DMA_HandleTypeDef *)hdma)->Parent); /* Derogati
 6861              		.loc 1 3411 1 view -0
 6862              		.cfi_startproc
 6863              		@ args = 0, pretend = 0, frame = 0
 6864              		@ frame_needed = 0, uses_anonymous_args = 0
3411:Drivers/STM32L4xx_HAL_Driver/Src/stm32l4xx_hal_spi.c ****   SPI_HandleTypeDef *hspi = (SPI_HandleTypeDef *)(((DMA_HandleTypeDef *)hdma)->Parent); /* Derogati
 6865              		.loc 1 3411 1 is_stmt 0 view .LVU2304
 6866 0000 08B5     		push	{r3, lr}
 6867              		.cfi_def_cfa_offset 8
 6868              		.cfi_offset 3, -8
 6869              		.cfi_offset 14, -4
3412:Drivers/STM32L4xx_HAL_Driver/Src/stm32l4xx_hal_spi.c ****   hspi->RxXferCount = 0U;
 6870              		.loc 1 3412 3 is_stmt 1 view .LVU2305
3412:Drivers/STM32L4xx_HAL_Driver/Src/stm32l4xx_hal_spi.c ****   hspi->RxXferCount = 0U;
 6871              		.loc 1 3412 22 is_stmt 0 view .LVU2306
 6872 0002 806A     		ldr	r0, [r0, #40]
 6873              	.LVL439:
3413:Drivers/STM32L4xx_HAL_Driver/Src/stm32l4xx_hal_spi.c ****   hspi->TxXferCount = 0U;
 6874              		.loc 1 3413 3 is_stmt 1 view .LVU2307
3413:Drivers/STM32L4xx_HAL_Driver/Src/stm32l4xx_hal_spi.c ****   hspi->TxXferCount = 0U;
 6875              		.loc 1 3413 21 is_stmt 0 view .LVU2308
 6876 0004 0023     		movs	r3, #0
 6877 0006 A0F84630 		strh	r3, [r0, #70]	@ movhi
3414:Drivers/STM32L4xx_HAL_Driver/Src/stm32l4xx_hal_spi.c **** 
 6878              		.loc 1 3414 3 is_stmt 1 view .LVU2309
3414:Drivers/STM32L4xx_HAL_Driver/Src/stm32l4xx_hal_spi.c **** 
 6879              		.loc 1 3414 21 is_stmt 0 view .LVU2310
 6880 000a C387     		strh	r3, [r0, #62]	@ movhi
3420:Drivers/STM32L4xx_HAL_Driver/Src/stm32l4xx_hal_spi.c **** #endif /* USE_HAL_SPI_REGISTER_CALLBACKS */
 6881              		.loc 1 3420 3 is_stmt 1 view .LVU2311
 6882 000c FFF7FEFF 		bl	HAL_SPI_ErrorCallback
 6883              	.LVL440:
3422:Drivers/STM32L4xx_HAL_Driver/Src/stm32l4xx_hal_spi.c **** 
 6884              		.loc 1 3422 1 is_stmt 0 view .LVU2312
 6885 0010 08BD     		pop	{r3, pc}
 6886              		.cfi_endproc
 6887              	.LFE324:
 6889              		.section	.text.HAL_SPI_AbortCpltCallback,"ax",%progbits
 6890              		.align	1
 6891              		.weak	HAL_SPI_AbortCpltCallback
 6892              		.syntax unified
ARM GAS  /tmp/ccEksN7Z.s 			page 236


 6893              		.thumb
 6894              		.thumb_func
 6896              	HAL_SPI_AbortCpltCallback:
 6897              	.LVL441:
 6898              	.LFB314:
2988:Drivers/STM32L4xx_HAL_Driver/Src/stm32l4xx_hal_spi.c ****   /* Prevent unused argument(s) compilation warning */
 6899              		.loc 1 2988 1 is_stmt 1 view -0
 6900              		.cfi_startproc
 6901              		@ args = 0, pretend = 0, frame = 0
 6902              		@ frame_needed = 0, uses_anonymous_args = 0
 6903              		@ link register save eliminated.
2990:Drivers/STM32L4xx_HAL_Driver/Src/stm32l4xx_hal_spi.c **** 
 6904              		.loc 1 2990 3 view .LVU2314
2995:Drivers/STM32L4xx_HAL_Driver/Src/stm32l4xx_hal_spi.c **** 
 6905              		.loc 1 2995 1 is_stmt 0 view .LVU2315
 6906 0000 7047     		bx	lr
 6907              		.cfi_endproc
 6908              	.LFE314:
 6910              		.section	.text.HAL_SPI_Abort_IT,"ax",%progbits
 6911              		.align	1
 6912              		.global	HAL_SPI_Abort_IT
 6913              		.syntax unified
 6914              		.thumb
 6915              		.thumb_func
 6917              	HAL_SPI_Abort_IT:
 6918              	.LVL442:
 6919              	.LFB302:
2526:Drivers/STM32L4xx_HAL_Driver/Src/stm32l4xx_hal_spi.c ****   HAL_StatusTypeDef errorcode;
 6920              		.loc 1 2526 1 is_stmt 1 view -0
 6921              		.cfi_startproc
 6922              		@ args = 0, pretend = 0, frame = 16
 6923              		@ frame_needed = 0, uses_anonymous_args = 0
2526:Drivers/STM32L4xx_HAL_Driver/Src/stm32l4xx_hal_spi.c ****   HAL_StatusTypeDef errorcode;
 6924              		.loc 1 2526 1 is_stmt 0 view .LVU2317
 6925 0000 70B5     		push	{r4, r5, r6, lr}
 6926              		.cfi_def_cfa_offset 16
 6927              		.cfi_offset 4, -16
 6928              		.cfi_offset 5, -12
 6929              		.cfi_offset 6, -8
 6930              		.cfi_offset 14, -4
 6931 0002 84B0     		sub	sp, sp, #16
 6932              		.cfi_def_cfa_offset 32
 6933 0004 0446     		mov	r4, r0
2527:Drivers/STM32L4xx_HAL_Driver/Src/stm32l4xx_hal_spi.c ****   uint32_t abortcplt ;
 6934              		.loc 1 2527 3 is_stmt 1 view .LVU2318
2528:Drivers/STM32L4xx_HAL_Driver/Src/stm32l4xx_hal_spi.c ****   __IO uint32_t count;
 6935              		.loc 1 2528 3 view .LVU2319
2529:Drivers/STM32L4xx_HAL_Driver/Src/stm32l4xx_hal_spi.c ****   __IO uint32_t resetcount;
 6936              		.loc 1 2529 3 view .LVU2320
2530:Drivers/STM32L4xx_HAL_Driver/Src/stm32l4xx_hal_spi.c **** 
 6937              		.loc 1 2530 3 view .LVU2321
2533:Drivers/STM32L4xx_HAL_Driver/Src/stm32l4xx_hal_spi.c ****   abortcplt = 1U;
 6938              		.loc 1 2533 3 view .LVU2322
 6939              	.LVL443:
2534:Drivers/STM32L4xx_HAL_Driver/Src/stm32l4xx_hal_spi.c ****   resetcount = SPI_DEFAULT_TIMEOUT * (SystemCoreClock / 24U / 1000U);
 6940              		.loc 1 2534 3 view .LVU2323
2535:Drivers/STM32L4xx_HAL_Driver/Src/stm32l4xx_hal_spi.c ****   count = resetcount;
ARM GAS  /tmp/ccEksN7Z.s 			page 237


 6941              		.loc 1 2535 3 view .LVU2324
2535:Drivers/STM32L4xx_HAL_Driver/Src/stm32l4xx_hal_spi.c ****   count = resetcount;
 6942              		.loc 1 2535 61 is_stmt 0 view .LVU2325
 6943 0006 504B     		ldr	r3, .L491
 6944 0008 1B68     		ldr	r3, [r3]
 6945 000a 504A     		ldr	r2, .L491+4
 6946 000c A2FB0323 		umull	r2, r3, r2, r3
 6947 0010 5B0A     		lsrs	r3, r3, #9
2535:Drivers/STM32L4xx_HAL_Driver/Src/stm32l4xx_hal_spi.c ****   count = resetcount;
 6948              		.loc 1 2535 36 view .LVU2326
 6949 0012 6422     		movs	r2, #100
 6950 0014 02FB03F3 		mul	r3, r2, r3
2535:Drivers/STM32L4xx_HAL_Driver/Src/stm32l4xx_hal_spi.c ****   count = resetcount;
 6951              		.loc 1 2535 14 view .LVU2327
 6952 0018 0293     		str	r3, [sp, #8]
2536:Drivers/STM32L4xx_HAL_Driver/Src/stm32l4xx_hal_spi.c **** 
 6953              		.loc 1 2536 3 is_stmt 1 view .LVU2328
2536:Drivers/STM32L4xx_HAL_Driver/Src/stm32l4xx_hal_spi.c **** 
 6954              		.loc 1 2536 9 is_stmt 0 view .LVU2329
 6955 001a 029B     		ldr	r3, [sp, #8]
 6956 001c 0393     		str	r3, [sp, #12]
2539:Drivers/STM32L4xx_HAL_Driver/Src/stm32l4xx_hal_spi.c **** 
 6957              		.loc 1 2539 3 is_stmt 1 view .LVU2330
 6958 001e 0268     		ldr	r2, [r0]
 6959 0020 5368     		ldr	r3, [r2, #4]
 6960 0022 23F02003 		bic	r3, r3, #32
 6961 0026 5360     		str	r3, [r2, #4]
2542:Drivers/STM32L4xx_HAL_Driver/Src/stm32l4xx_hal_spi.c ****   {
 6962              		.loc 1 2542 3 view .LVU2331
2542:Drivers/STM32L4xx_HAL_Driver/Src/stm32l4xx_hal_spi.c ****   {
 6963              		.loc 1 2542 7 is_stmt 0 view .LVU2332
 6964 0028 0268     		ldr	r2, [r0]
 6965 002a 5368     		ldr	r3, [r2, #4]
2542:Drivers/STM32L4xx_HAL_Driver/Src/stm32l4xx_hal_spi.c ****   {
 6966              		.loc 1 2542 6 view .LVU2333
 6967 002c 13F0800F 		tst	r3, #128
 6968 0030 12D0     		beq	.L466
2544:Drivers/STM32L4xx_HAL_Driver/Src/stm32l4xx_hal_spi.c ****     /* Wait HAL_SPI_STATE_ABORT state */
 6969              		.loc 1 2544 5 is_stmt 1 view .LVU2334
2544:Drivers/STM32L4xx_HAL_Driver/Src/stm32l4xx_hal_spi.c ****     /* Wait HAL_SPI_STATE_ABORT state */
 6970              		.loc 1 2544 17 is_stmt 0 view .LVU2335
 6971 0032 474B     		ldr	r3, .L491+8
 6972 0034 0365     		str	r3, [r0, #80]
 6973              	.L469:
2546:Drivers/STM32L4xx_HAL_Driver/Src/stm32l4xx_hal_spi.c ****     {
 6974              		.loc 1 2546 5 is_stmt 1 view .LVU2336
2548:Drivers/STM32L4xx_HAL_Driver/Src/stm32l4xx_hal_spi.c ****       {
 6975              		.loc 1 2548 7 view .LVU2337
2548:Drivers/STM32L4xx_HAL_Driver/Src/stm32l4xx_hal_spi.c ****       {
 6976              		.loc 1 2548 17 is_stmt 0 view .LVU2338
 6977 0036 039B     		ldr	r3, [sp, #12]
2548:Drivers/STM32L4xx_HAL_Driver/Src/stm32l4xx_hal_spi.c ****       {
 6978              		.loc 1 2548 10 view .LVU2339
 6979 0038 43B1     		cbz	r3, .L488
2553:Drivers/STM32L4xx_HAL_Driver/Src/stm32l4xx_hal_spi.c ****     } while (hspi->State != HAL_SPI_STATE_ABORT);
 6980              		.loc 1 2553 7 is_stmt 1 view .LVU2340
2553:Drivers/STM32L4xx_HAL_Driver/Src/stm32l4xx_hal_spi.c ****     } while (hspi->State != HAL_SPI_STATE_ABORT);
ARM GAS  /tmp/ccEksN7Z.s 			page 238


 6981              		.loc 1 2553 12 is_stmt 0 view .LVU2341
 6982 003a 039B     		ldr	r3, [sp, #12]
 6983 003c 013B     		subs	r3, r3, #1
 6984 003e 0393     		str	r3, [sp, #12]
2554:Drivers/STM32L4xx_HAL_Driver/Src/stm32l4xx_hal_spi.c ****     /* Reset Timeout Counter */
 6985              		.loc 1 2554 26 is_stmt 1 view .LVU2342
2554:Drivers/STM32L4xx_HAL_Driver/Src/stm32l4xx_hal_spi.c ****     /* Reset Timeout Counter */
 6986              		.loc 1 2554 18 is_stmt 0 view .LVU2343
 6987 0040 94F85D30 		ldrb	r3, [r4, #93]	@ zero_extendqisi2
 6988 0044 DBB2     		uxtb	r3, r3
2554:Drivers/STM32L4xx_HAL_Driver/Src/stm32l4xx_hal_spi.c ****     /* Reset Timeout Counter */
 6989              		.loc 1 2554 26 view .LVU2344
 6990 0046 072B     		cmp	r3, #7
 6991 0048 F5D1     		bne	.L469
 6992 004a 03E0     		b	.L468
 6993              	.L488:
2550:Drivers/STM32L4xx_HAL_Driver/Src/stm32l4xx_hal_spi.c ****         break;
 6994              		.loc 1 2550 9 is_stmt 1 view .LVU2345
 6995 004c 236E     		ldr	r3, [r4, #96]
 6996 004e 43F04003 		orr	r3, r3, #64
 6997 0052 2366     		str	r3, [r4, #96]
2551:Drivers/STM32L4xx_HAL_Driver/Src/stm32l4xx_hal_spi.c ****       }
 6998              		.loc 1 2551 9 view .LVU2346
 6999              	.L468:
2556:Drivers/STM32L4xx_HAL_Driver/Src/stm32l4xx_hal_spi.c ****   }
 7000              		.loc 1 2556 5 view .LVU2347
2556:Drivers/STM32L4xx_HAL_Driver/Src/stm32l4xx_hal_spi.c ****   }
 7001              		.loc 1 2556 11 is_stmt 0 view .LVU2348
 7002 0054 029B     		ldr	r3, [sp, #8]
 7003 0056 0393     		str	r3, [sp, #12]
 7004              	.L466:
2559:Drivers/STM32L4xx_HAL_Driver/Src/stm32l4xx_hal_spi.c ****   {
 7005              		.loc 1 2559 3 is_stmt 1 view .LVU2349
2559:Drivers/STM32L4xx_HAL_Driver/Src/stm32l4xx_hal_spi.c ****   {
 7006              		.loc 1 2559 7 is_stmt 0 view .LVU2350
 7007 0058 5368     		ldr	r3, [r2, #4]
2559:Drivers/STM32L4xx_HAL_Driver/Src/stm32l4xx_hal_spi.c ****   {
 7008              		.loc 1 2559 6 view .LVU2351
 7009 005a 13F0400F 		tst	r3, #64
 7010 005e 12D0     		beq	.L470
2561:Drivers/STM32L4xx_HAL_Driver/Src/stm32l4xx_hal_spi.c ****     /* Wait HAL_SPI_STATE_ABORT state */
 7011              		.loc 1 2561 5 is_stmt 1 view .LVU2352
2561:Drivers/STM32L4xx_HAL_Driver/Src/stm32l4xx_hal_spi.c ****     /* Wait HAL_SPI_STATE_ABORT state */
 7012              		.loc 1 2561 17 is_stmt 0 view .LVU2353
 7013 0060 3C4B     		ldr	r3, .L491+12
 7014 0062 E364     		str	r3, [r4, #76]
 7015              	.L473:
2563:Drivers/STM32L4xx_HAL_Driver/Src/stm32l4xx_hal_spi.c ****     {
 7016              		.loc 1 2563 5 is_stmt 1 view .LVU2354
2565:Drivers/STM32L4xx_HAL_Driver/Src/stm32l4xx_hal_spi.c ****       {
 7017              		.loc 1 2565 7 view .LVU2355
2565:Drivers/STM32L4xx_HAL_Driver/Src/stm32l4xx_hal_spi.c ****       {
 7018              		.loc 1 2565 17 is_stmt 0 view .LVU2356
 7019 0064 039B     		ldr	r3, [sp, #12]
2565:Drivers/STM32L4xx_HAL_Driver/Src/stm32l4xx_hal_spi.c ****       {
 7020              		.loc 1 2565 10 view .LVU2357
 7021 0066 43B1     		cbz	r3, .L489
ARM GAS  /tmp/ccEksN7Z.s 			page 239


2570:Drivers/STM32L4xx_HAL_Driver/Src/stm32l4xx_hal_spi.c ****     } while (hspi->State != HAL_SPI_STATE_ABORT);
 7022              		.loc 1 2570 7 is_stmt 1 view .LVU2358
2570:Drivers/STM32L4xx_HAL_Driver/Src/stm32l4xx_hal_spi.c ****     } while (hspi->State != HAL_SPI_STATE_ABORT);
 7023              		.loc 1 2570 12 is_stmt 0 view .LVU2359
 7024 0068 039B     		ldr	r3, [sp, #12]
 7025 006a 013B     		subs	r3, r3, #1
 7026 006c 0393     		str	r3, [sp, #12]
2571:Drivers/STM32L4xx_HAL_Driver/Src/stm32l4xx_hal_spi.c ****     /* Reset Timeout Counter */
 7027              		.loc 1 2571 26 is_stmt 1 view .LVU2360
2571:Drivers/STM32L4xx_HAL_Driver/Src/stm32l4xx_hal_spi.c ****     /* Reset Timeout Counter */
 7028              		.loc 1 2571 18 is_stmt 0 view .LVU2361
 7029 006e 94F85D30 		ldrb	r3, [r4, #93]	@ zero_extendqisi2
 7030 0072 DBB2     		uxtb	r3, r3
2571:Drivers/STM32L4xx_HAL_Driver/Src/stm32l4xx_hal_spi.c ****     /* Reset Timeout Counter */
 7031              		.loc 1 2571 26 view .LVU2362
 7032 0074 072B     		cmp	r3, #7
 7033 0076 F5D1     		bne	.L473
 7034 0078 03E0     		b	.L472
 7035              	.L489:
2567:Drivers/STM32L4xx_HAL_Driver/Src/stm32l4xx_hal_spi.c ****         break;
 7036              		.loc 1 2567 9 is_stmt 1 view .LVU2363
 7037 007a 236E     		ldr	r3, [r4, #96]
 7038 007c 43F04003 		orr	r3, r3, #64
 7039 0080 2366     		str	r3, [r4, #96]
2568:Drivers/STM32L4xx_HAL_Driver/Src/stm32l4xx_hal_spi.c ****       }
 7040              		.loc 1 2568 9 view .LVU2364
 7041              	.L472:
2573:Drivers/STM32L4xx_HAL_Driver/Src/stm32l4xx_hal_spi.c ****   }
 7042              		.loc 1 2573 5 view .LVU2365
2573:Drivers/STM32L4xx_HAL_Driver/Src/stm32l4xx_hal_spi.c ****   }
 7043              		.loc 1 2573 11 is_stmt 0 view .LVU2366
 7044 0082 029B     		ldr	r3, [sp, #8]
 7045 0084 0393     		str	r3, [sp, #12]
 7046              	.L470:
2579:Drivers/STM32L4xx_HAL_Driver/Src/stm32l4xx_hal_spi.c ****   {
 7047              		.loc 1 2579 3 is_stmt 1 view .LVU2367
2579:Drivers/STM32L4xx_HAL_Driver/Src/stm32l4xx_hal_spi.c ****   {
 7048              		.loc 1 2579 11 is_stmt 0 view .LVU2368
 7049 0086 636D     		ldr	r3, [r4, #84]
2579:Drivers/STM32L4xx_HAL_Driver/Src/stm32l4xx_hal_spi.c ****   {
 7050              		.loc 1 2579 6 view .LVU2369
 7051 0088 2BB1     		cbz	r3, .L474
2583:Drivers/STM32L4xx_HAL_Driver/Src/stm32l4xx_hal_spi.c ****     {
 7052              		.loc 1 2583 5 is_stmt 1 view .LVU2370
2583:Drivers/STM32L4xx_HAL_Driver/Src/stm32l4xx_hal_spi.c ****     {
 7053              		.loc 1 2583 9 is_stmt 0 view .LVU2371
 7054 008a 5268     		ldr	r2, [r2, #4]
2583:Drivers/STM32L4xx_HAL_Driver/Src/stm32l4xx_hal_spi.c ****     {
 7055              		.loc 1 2583 8 view .LVU2372
 7056 008c 12F0020F 		tst	r2, #2
 7057 0090 1BD0     		beq	.L475
2585:Drivers/STM32L4xx_HAL_Driver/Src/stm32l4xx_hal_spi.c ****     }
 7058              		.loc 1 2585 7 is_stmt 1 view .LVU2373
2585:Drivers/STM32L4xx_HAL_Driver/Src/stm32l4xx_hal_spi.c ****     }
 7059              		.loc 1 2585 39 is_stmt 0 view .LVU2374
 7060 0092 314A     		ldr	r2, .L491+16
 7061 0094 9A63     		str	r2, [r3, #56]
ARM GAS  /tmp/ccEksN7Z.s 			page 240


 7062              	.L474:
2593:Drivers/STM32L4xx_HAL_Driver/Src/stm32l4xx_hal_spi.c ****   {
 7063              		.loc 1 2593 3 is_stmt 1 view .LVU2375
2593:Drivers/STM32L4xx_HAL_Driver/Src/stm32l4xx_hal_spi.c ****   {
 7064              		.loc 1 2593 11 is_stmt 0 view .LVU2376
 7065 0096 A36D     		ldr	r3, [r4, #88]
2593:Drivers/STM32L4xx_HAL_Driver/Src/stm32l4xx_hal_spi.c ****   {
 7066              		.loc 1 2593 6 view .LVU2377
 7067 0098 33B1     		cbz	r3, .L476
2597:Drivers/STM32L4xx_HAL_Driver/Src/stm32l4xx_hal_spi.c ****     {
 7068              		.loc 1 2597 5 is_stmt 1 view .LVU2378
2597:Drivers/STM32L4xx_HAL_Driver/Src/stm32l4xx_hal_spi.c ****     {
 7069              		.loc 1 2597 9 is_stmt 0 view .LVU2379
 7070 009a 2268     		ldr	r2, [r4]
 7071 009c 5268     		ldr	r2, [r2, #4]
2597:Drivers/STM32L4xx_HAL_Driver/Src/stm32l4xx_hal_spi.c ****     {
 7072              		.loc 1 2597 8 view .LVU2380
 7073 009e 12F0010F 		tst	r2, #1
 7074 00a2 15D0     		beq	.L477
2599:Drivers/STM32L4xx_HAL_Driver/Src/stm32l4xx_hal_spi.c ****     }
 7075              		.loc 1 2599 7 is_stmt 1 view .LVU2381
2599:Drivers/STM32L4xx_HAL_Driver/Src/stm32l4xx_hal_spi.c ****     }
 7076              		.loc 1 2599 39 is_stmt 0 view .LVU2382
 7077 00a4 2D4A     		ldr	r2, .L491+20
 7078 00a6 9A63     		str	r2, [r3, #56]
 7079              	.L476:
2608:Drivers/STM32L4xx_HAL_Driver/Src/stm32l4xx_hal_spi.c ****   {
 7080              		.loc 1 2608 3 is_stmt 1 view .LVU2383
2608:Drivers/STM32L4xx_HAL_Driver/Src/stm32l4xx_hal_spi.c ****   {
 7081              		.loc 1 2608 7 is_stmt 0 view .LVU2384
 7082 00a8 2368     		ldr	r3, [r4]
 7083 00aa 5B68     		ldr	r3, [r3, #4]
2608:Drivers/STM32L4xx_HAL_Driver/Src/stm32l4xx_hal_spi.c ****   {
 7084              		.loc 1 2608 6 view .LVU2385
 7085 00ac 13F0020F 		tst	r3, #2
 7086 00b0 11D0     		beq	.L482
2611:Drivers/STM32L4xx_HAL_Driver/Src/stm32l4xx_hal_spi.c ****     {
 7087              		.loc 1 2611 5 is_stmt 1 view .LVU2386
2611:Drivers/STM32L4xx_HAL_Driver/Src/stm32l4xx_hal_spi.c ****     {
 7088              		.loc 1 2611 13 is_stmt 0 view .LVU2387
 7089 00b2 606D     		ldr	r0, [r4, #84]
 7090              	.LVL444:
2611:Drivers/STM32L4xx_HAL_Driver/Src/stm32l4xx_hal_spi.c ****     {
 7091              		.loc 1 2611 8 view .LVU2388
 7092 00b4 28B3     		cbz	r0, .L483
2614:Drivers/STM32L4xx_HAL_Driver/Src/stm32l4xx_hal_spi.c ****       {
 7093              		.loc 1 2614 7 is_stmt 1 view .LVU2389
2614:Drivers/STM32L4xx_HAL_Driver/Src/stm32l4xx_hal_spi.c ****       {
 7094              		.loc 1 2614 11 is_stmt 0 view .LVU2390
 7095 00b6 FFF7FEFF 		bl	HAL_DMA_Abort_IT
 7096              	.LVL445:
2614:Drivers/STM32L4xx_HAL_Driver/Src/stm32l4xx_hal_spi.c ****       {
 7097              		.loc 1 2614 10 discriminator 1 view .LVU2391
 7098 00ba 20B3     		cbz	r0, .L484
2616:Drivers/STM32L4xx_HAL_Driver/Src/stm32l4xx_hal_spi.c ****         hspi->ErrorCode = HAL_SPI_ERROR_ABORT;
 7099              		.loc 1 2616 9 is_stmt 1 view .LVU2392
2616:Drivers/STM32L4xx_HAL_Driver/Src/stm32l4xx_hal_spi.c ****         hspi->ErrorCode = HAL_SPI_ERROR_ABORT;
ARM GAS  /tmp/ccEksN7Z.s 			page 241


 7100              		.loc 1 2616 13 is_stmt 0 view .LVU2393
 7101 00bc 636D     		ldr	r3, [r4, #84]
2616:Drivers/STM32L4xx_HAL_Driver/Src/stm32l4xx_hal_spi.c ****         hspi->ErrorCode = HAL_SPI_ERROR_ABORT;
 7102              		.loc 1 2616 41 view .LVU2394
 7103 00be 0022     		movs	r2, #0
 7104 00c0 9A63     		str	r2, [r3, #56]
2617:Drivers/STM32L4xx_HAL_Driver/Src/stm32l4xx_hal_spi.c ****       }
 7105              		.loc 1 2617 9 is_stmt 1 view .LVU2395
2617:Drivers/STM32L4xx_HAL_Driver/Src/stm32l4xx_hal_spi.c ****       }
 7106              		.loc 1 2617 25 is_stmt 0 view .LVU2396
 7107 00c2 4023     		movs	r3, #64
 7108 00c4 2366     		str	r3, [r4, #96]
2534:Drivers/STM32L4xx_HAL_Driver/Src/stm32l4xx_hal_spi.c ****   resetcount = SPI_DEFAULT_TIMEOUT * (SystemCoreClock / 24U / 1000U);
 7109              		.loc 1 2534 13 view .LVU2397
 7110 00c6 0126     		movs	r6, #1
 7111 00c8 06E0     		b	.L478
 7112              	.LVL446:
 7113              	.L475:
2589:Drivers/STM32L4xx_HAL_Driver/Src/stm32l4xx_hal_spi.c ****     }
 7114              		.loc 1 2589 7 is_stmt 1 view .LVU2398
2589:Drivers/STM32L4xx_HAL_Driver/Src/stm32l4xx_hal_spi.c ****     }
 7115              		.loc 1 2589 39 is_stmt 0 view .LVU2399
 7116 00ca 0022     		movs	r2, #0
 7117 00cc 9A63     		str	r2, [r3, #56]
 7118 00ce E2E7     		b	.L474
 7119              	.L477:
2603:Drivers/STM32L4xx_HAL_Driver/Src/stm32l4xx_hal_spi.c ****     }
 7120              		.loc 1 2603 7 is_stmt 1 view .LVU2400
2603:Drivers/STM32L4xx_HAL_Driver/Src/stm32l4xx_hal_spi.c ****     }
 7121              		.loc 1 2603 39 is_stmt 0 view .LVU2401
 7122 00d0 0022     		movs	r2, #0
 7123 00d2 9A63     		str	r2, [r3, #56]
 7124 00d4 E8E7     		b	.L476
 7125              	.L482:
2534:Drivers/STM32L4xx_HAL_Driver/Src/stm32l4xx_hal_spi.c ****   resetcount = SPI_DEFAULT_TIMEOUT * (SystemCoreClock / 24U / 1000U);
 7126              		.loc 1 2534 13 view .LVU2402
 7127 00d6 0126     		movs	r6, #1
 7128              	.LVL447:
 7129              	.L478:
2626:Drivers/STM32L4xx_HAL_Driver/Src/stm32l4xx_hal_spi.c ****   {
 7130              		.loc 1 2626 3 is_stmt 1 view .LVU2403
2626:Drivers/STM32L4xx_HAL_Driver/Src/stm32l4xx_hal_spi.c ****   {
 7131              		.loc 1 2626 7 is_stmt 0 view .LVU2404
 7132 00d8 2368     		ldr	r3, [r4]
 7133 00da 5B68     		ldr	r3, [r3, #4]
2626:Drivers/STM32L4xx_HAL_Driver/Src/stm32l4xx_hal_spi.c ****   {
 7134              		.loc 1 2626 6 view .LVU2405
 7135 00dc 13F0010F 		tst	r3, #1
 7136 00e0 0AD0     		beq	.L479
2629:Drivers/STM32L4xx_HAL_Driver/Src/stm32l4xx_hal_spi.c ****     {
 7137              		.loc 1 2629 5 is_stmt 1 view .LVU2406
2629:Drivers/STM32L4xx_HAL_Driver/Src/stm32l4xx_hal_spi.c ****     {
 7138              		.loc 1 2629 13 is_stmt 0 view .LVU2407
 7139 00e2 A06D     		ldr	r0, [r4, #88]
2629:Drivers/STM32L4xx_HAL_Driver/Src/stm32l4xx_hal_spi.c ****     {
 7140              		.loc 1 2629 8 view .LVU2408
 7141 00e4 40B1     		cbz	r0, .L479
ARM GAS  /tmp/ccEksN7Z.s 			page 242


2632:Drivers/STM32L4xx_HAL_Driver/Src/stm32l4xx_hal_spi.c ****       {
 7142              		.loc 1 2632 7 is_stmt 1 view .LVU2409
2632:Drivers/STM32L4xx_HAL_Driver/Src/stm32l4xx_hal_spi.c ****       {
 7143              		.loc 1 2632 11 is_stmt 0 view .LVU2410
 7144 00e6 FFF7FEFF 		bl	HAL_DMA_Abort_IT
 7145              	.LVL448:
2632:Drivers/STM32L4xx_HAL_Driver/Src/stm32l4xx_hal_spi.c ****       {
 7146              		.loc 1 2632 10 discriminator 1 view .LVU2411
 7147 00ea 0546     		mov	r5, r0
 7148 00ec 30B1     		cbz	r0, .L480
2634:Drivers/STM32L4xx_HAL_Driver/Src/stm32l4xx_hal_spi.c ****         hspi->ErrorCode = HAL_SPI_ERROR_ABORT;
 7149              		.loc 1 2634 9 is_stmt 1 view .LVU2412
2634:Drivers/STM32L4xx_HAL_Driver/Src/stm32l4xx_hal_spi.c ****         hspi->ErrorCode = HAL_SPI_ERROR_ABORT;
 7150              		.loc 1 2634 13 is_stmt 0 view .LVU2413
 7151 00ee A36D     		ldr	r3, [r4, #88]
2634:Drivers/STM32L4xx_HAL_Driver/Src/stm32l4xx_hal_spi.c ****         hspi->ErrorCode = HAL_SPI_ERROR_ABORT;
 7152              		.loc 1 2634 41 view .LVU2414
 7153 00f0 0022     		movs	r2, #0
 7154 00f2 9A63     		str	r2, [r3, #56]
2635:Drivers/STM32L4xx_HAL_Driver/Src/stm32l4xx_hal_spi.c ****       }
 7155              		.loc 1 2635 9 is_stmt 1 view .LVU2415
2635:Drivers/STM32L4xx_HAL_Driver/Src/stm32l4xx_hal_spi.c ****       }
 7156              		.loc 1 2635 25 is_stmt 0 view .LVU2416
 7157 00f4 4023     		movs	r3, #64
 7158 00f6 2366     		str	r3, [r4, #96]
 7159              	.L479:
2644:Drivers/STM32L4xx_HAL_Driver/Src/stm32l4xx_hal_spi.c ****   {
 7160              		.loc 1 2644 3 is_stmt 1 view .LVU2417
2644:Drivers/STM32L4xx_HAL_Driver/Src/stm32l4xx_hal_spi.c ****   {
 7161              		.loc 1 2644 6 is_stmt 0 view .LVU2418
 7162 00f8 3EB9     		cbnz	r6, .L490
2533:Drivers/STM32L4xx_HAL_Driver/Src/stm32l4xx_hal_spi.c ****   abortcplt = 1U;
 7163              		.loc 1 2533 13 view .LVU2419
 7164 00fa 0025     		movs	r5, #0
 7165              	.LVL449:
 7166              	.L480:
2677:Drivers/STM32L4xx_HAL_Driver/Src/stm32l4xx_hal_spi.c **** }
 7167              		.loc 1 2677 3 is_stmt 1 view .LVU2420
2678:Drivers/STM32L4xx_HAL_Driver/Src/stm32l4xx_hal_spi.c **** 
 7168              		.loc 1 2678 1 is_stmt 0 view .LVU2421
 7169 00fc 2846     		mov	r0, r5
 7170 00fe 04B0     		add	sp, sp, #16
 7171              		.cfi_remember_state
 7172              		.cfi_def_cfa_offset 16
 7173              		@ sp needed
 7174 0100 70BD     		pop	{r4, r5, r6, pc}
 7175              	.LVL450:
 7176              	.L483:
 7177              		.cfi_restore_state
2534:Drivers/STM32L4xx_HAL_Driver/Src/stm32l4xx_hal_spi.c ****   resetcount = SPI_DEFAULT_TIMEOUT * (SystemCoreClock / 24U / 1000U);
 7178              		.loc 1 2534 13 view .LVU2422
 7179 0102 0126     		movs	r6, #1
 7180 0104 E8E7     		b	.L478
 7181              	.L484:
2621:Drivers/STM32L4xx_HAL_Driver/Src/stm32l4xx_hal_spi.c ****       }
 7182              		.loc 1 2621 19 view .LVU2423
 7183 0106 0026     		movs	r6, #0
ARM GAS  /tmp/ccEksN7Z.s 			page 243


 7184 0108 E6E7     		b	.L478
 7185              	.LVL451:
 7186              	.L490:
2647:Drivers/STM32L4xx_HAL_Driver/Src/stm32l4xx_hal_spi.c ****     hspi->TxXferCount = 0U;
 7187              		.loc 1 2647 5 is_stmt 1 view .LVU2424
2647:Drivers/STM32L4xx_HAL_Driver/Src/stm32l4xx_hal_spi.c ****     hspi->TxXferCount = 0U;
 7188              		.loc 1 2647 23 is_stmt 0 view .LVU2425
 7189 010a 0023     		movs	r3, #0
 7190 010c A4F84630 		strh	r3, [r4, #70]	@ movhi
2648:Drivers/STM32L4xx_HAL_Driver/Src/stm32l4xx_hal_spi.c **** 
 7191              		.loc 1 2648 5 is_stmt 1 view .LVU2426
2648:Drivers/STM32L4xx_HAL_Driver/Src/stm32l4xx_hal_spi.c **** 
 7192              		.loc 1 2648 23 is_stmt 0 view .LVU2427
 7193 0110 E387     		strh	r3, [r4, #62]	@ movhi
2651:Drivers/STM32L4xx_HAL_Driver/Src/stm32l4xx_hal_spi.c ****     {
 7194              		.loc 1 2651 5 is_stmt 1 view .LVU2428
2651:Drivers/STM32L4xx_HAL_Driver/Src/stm32l4xx_hal_spi.c ****     {
 7195              		.loc 1 2651 13 is_stmt 0 view .LVU2429
 7196 0112 236E     		ldr	r3, [r4, #96]
2651:Drivers/STM32L4xx_HAL_Driver/Src/stm32l4xx_hal_spi.c ****     {
 7197              		.loc 1 2651 8 view .LVU2430
 7198 0114 402B     		cmp	r3, #64
 7199 0116 14D0     		beq	.L486
2659:Drivers/STM32L4xx_HAL_Driver/Src/stm32l4xx_hal_spi.c ****     }
 7200              		.loc 1 2659 7 is_stmt 1 view .LVU2431
2659:Drivers/STM32L4xx_HAL_Driver/Src/stm32l4xx_hal_spi.c ****     }
 7201              		.loc 1 2659 23 is_stmt 0 view .LVU2432
 7202 0118 0025     		movs	r5, #0
 7203 011a 2566     		str	r5, [r4, #96]
 7204              	.L481:
 7205              	.LVL452:
2663:Drivers/STM32L4xx_HAL_Driver/Src/stm32l4xx_hal_spi.c ****     __HAL_SPI_CLEAR_FREFLAG(hspi);
 7206              		.loc 1 2663 5 is_stmt 1 view .LVU2433
 7207              	.LBB11:
2663:Drivers/STM32L4xx_HAL_Driver/Src/stm32l4xx_hal_spi.c ****     __HAL_SPI_CLEAR_FREFLAG(hspi);
 7208              		.loc 1 2663 5 view .LVU2434
 7209 011c 0022     		movs	r2, #0
 7210 011e 0092     		str	r2, [sp]
2663:Drivers/STM32L4xx_HAL_Driver/Src/stm32l4xx_hal_spi.c ****     __HAL_SPI_CLEAR_FREFLAG(hspi);
 7211              		.loc 1 2663 5 view .LVU2435
 7212 0120 2368     		ldr	r3, [r4]
 7213 0122 D968     		ldr	r1, [r3, #12]
 7214 0124 0091     		str	r1, [sp]
2663:Drivers/STM32L4xx_HAL_Driver/Src/stm32l4xx_hal_spi.c ****     __HAL_SPI_CLEAR_FREFLAG(hspi);
 7215              		.loc 1 2663 5 view .LVU2436
 7216 0126 9968     		ldr	r1, [r3, #8]
 7217 0128 0091     		str	r1, [sp]
2663:Drivers/STM32L4xx_HAL_Driver/Src/stm32l4xx_hal_spi.c ****     __HAL_SPI_CLEAR_FREFLAG(hspi);
 7218              		.loc 1 2663 5 view .LVU2437
 7219 012a 0099     		ldr	r1, [sp]
 7220              	.LBE11:
2663:Drivers/STM32L4xx_HAL_Driver/Src/stm32l4xx_hal_spi.c ****     __HAL_SPI_CLEAR_FREFLAG(hspi);
 7221              		.loc 1 2663 5 view .LVU2438
2664:Drivers/STM32L4xx_HAL_Driver/Src/stm32l4xx_hal_spi.c **** 
 7222              		.loc 1 2664 5 view .LVU2439
 7223              	.LBB12:
2664:Drivers/STM32L4xx_HAL_Driver/Src/stm32l4xx_hal_spi.c **** 
ARM GAS  /tmp/ccEksN7Z.s 			page 244


 7224              		.loc 1 2664 5 view .LVU2440
 7225 012c 0192     		str	r2, [sp, #4]
2664:Drivers/STM32L4xx_HAL_Driver/Src/stm32l4xx_hal_spi.c **** 
 7226              		.loc 1 2664 5 view .LVU2441
 7227 012e 9B68     		ldr	r3, [r3, #8]
 7228 0130 0193     		str	r3, [sp, #4]
2664:Drivers/STM32L4xx_HAL_Driver/Src/stm32l4xx_hal_spi.c **** 
 7229              		.loc 1 2664 5 view .LVU2442
 7230 0132 019B     		ldr	r3, [sp, #4]
 7231              	.LBE12:
2664:Drivers/STM32L4xx_HAL_Driver/Src/stm32l4xx_hal_spi.c **** 
 7232              		.loc 1 2664 5 view .LVU2443
2667:Drivers/STM32L4xx_HAL_Driver/Src/stm32l4xx_hal_spi.c **** 
 7233              		.loc 1 2667 5 view .LVU2444
2667:Drivers/STM32L4xx_HAL_Driver/Src/stm32l4xx_hal_spi.c **** 
 7234              		.loc 1 2667 17 is_stmt 0 view .LVU2445
 7235 0134 0123     		movs	r3, #1
 7236 0136 84F85D30 		strb	r3, [r4, #93]
2673:Drivers/STM32L4xx_HAL_Driver/Src/stm32l4xx_hal_spi.c **** #endif /* USE_HAL_SPI_REGISTER_CALLBACKS */
 7237              		.loc 1 2673 5 is_stmt 1 view .LVU2446
 7238 013a 2046     		mov	r0, r4
 7239 013c FFF7FEFF 		bl	HAL_SPI_AbortCpltCallback
 7240              	.LVL453:
 7241 0140 DCE7     		b	.L480
 7242              	.LVL454:
 7243              	.L486:
2654:Drivers/STM32L4xx_HAL_Driver/Src/stm32l4xx_hal_spi.c ****     }
 7244              		.loc 1 2654 17 is_stmt 0 view .LVU2447
 7245 0142 0125     		movs	r5, #1
 7246 0144 EAE7     		b	.L481
 7247              	.L492:
 7248 0146 00BF     		.align	2
 7249              	.L491:
 7250 0148 00000000 		.word	SystemCoreClock
 7251 014c F1197605 		.word	91625969
 7252 0150 00000000 		.word	SPI_AbortTx_ISR
 7253 0154 00000000 		.word	SPI_AbortRx_ISR
 7254 0158 00000000 		.word	SPI_DMATxAbortCallback
 7255 015c 00000000 		.word	SPI_DMARxAbortCallback
 7256              		.cfi_endproc
 7257              	.LFE302:
 7259              		.section	.text.SPI_DMARxAbortCallback,"ax",%progbits
 7260              		.align	1
 7261              		.syntax unified
 7262              		.thumb
 7263              		.thumb_func
 7265              	SPI_DMARxAbortCallback:
 7266              	.LVL455:
 7267              	.LFB326:
3499:Drivers/STM32L4xx_HAL_Driver/Src/stm32l4xx_hal_spi.c ****   SPI_HandleTypeDef *hspi = (SPI_HandleTypeDef *)(((DMA_HandleTypeDef *)hdma)->Parent); /* Derogati
 7268              		.loc 1 3499 1 is_stmt 1 view -0
 7269              		.cfi_startproc
 7270              		@ args = 0, pretend = 0, frame = 8
 7271              		@ frame_needed = 0, uses_anonymous_args = 0
3499:Drivers/STM32L4xx_HAL_Driver/Src/stm32l4xx_hal_spi.c ****   SPI_HandleTypeDef *hspi = (SPI_HandleTypeDef *)(((DMA_HandleTypeDef *)hdma)->Parent); /* Derogati
 7272              		.loc 1 3499 1 is_stmt 0 view .LVU2449
 7273 0000 30B5     		push	{r4, r5, lr}
ARM GAS  /tmp/ccEksN7Z.s 			page 245


 7274              		.cfi_def_cfa_offset 12
 7275              		.cfi_offset 4, -12
 7276              		.cfi_offset 5, -8
 7277              		.cfi_offset 14, -4
 7278 0002 85B0     		sub	sp, sp, #20
 7279              		.cfi_def_cfa_offset 32
3500:Drivers/STM32L4xx_HAL_Driver/Src/stm32l4xx_hal_spi.c **** 
 7280              		.loc 1 3500 3 is_stmt 1 view .LVU2450
3500:Drivers/STM32L4xx_HAL_Driver/Src/stm32l4xx_hal_spi.c **** 
 7281              		.loc 1 3500 22 is_stmt 0 view .LVU2451
 7282 0004 846A     		ldr	r4, [r0, #40]
 7283              	.LVL456:
3503:Drivers/STM32L4xx_HAL_Driver/Src/stm32l4xx_hal_spi.c **** 
 7284              		.loc 1 3503 3 is_stmt 1 view .LVU2452
 7285 0006 2268     		ldr	r2, [r4]
 7286 0008 1368     		ldr	r3, [r2]
 7287 000a 23F04003 		bic	r3, r3, #64
 7288 000e 1360     		str	r3, [r2]
3505:Drivers/STM32L4xx_HAL_Driver/Src/stm32l4xx_hal_spi.c **** 
 7289              		.loc 1 3505 3 view .LVU2453
3505:Drivers/STM32L4xx_HAL_Driver/Src/stm32l4xx_hal_spi.c **** 
 7290              		.loc 1 3505 7 is_stmt 0 view .LVU2454
 7291 0010 A36D     		ldr	r3, [r4, #88]
3505:Drivers/STM32L4xx_HAL_Driver/Src/stm32l4xx_hal_spi.c **** 
 7292              		.loc 1 3505 35 view .LVU2455
 7293 0012 0025     		movs	r5, #0
 7294 0014 9D63     		str	r5, [r3, #56]
3508:Drivers/STM32L4xx_HAL_Driver/Src/stm32l4xx_hal_spi.c **** 
 7295              		.loc 1 3508 3 is_stmt 1 view .LVU2456
 7296 0016 2268     		ldr	r2, [r4]
 7297 0018 5368     		ldr	r3, [r2, #4]
 7298 001a 23F00103 		bic	r3, r3, #1
 7299 001e 5360     		str	r3, [r2, #4]
3511:Drivers/STM32L4xx_HAL_Driver/Src/stm32l4xx_hal_spi.c ****   {
 7300              		.loc 1 3511 3 view .LVU2457
3511:Drivers/STM32L4xx_HAL_Driver/Src/stm32l4xx_hal_spi.c ****   {
 7301              		.loc 1 3511 7 is_stmt 0 view .LVU2458
 7302 0020 FFF7FEFF 		bl	HAL_GetTick
 7303              	.LVL457:
3511:Drivers/STM32L4xx_HAL_Driver/Src/stm32l4xx_hal_spi.c ****   {
 7304              		.loc 1 3511 7 discriminator 1 view .LVU2459
 7305 0024 0090     		str	r0, [sp]
 7306 0026 6423     		movs	r3, #100
 7307 0028 2A46     		mov	r2, r5
 7308 002a 8021     		movs	r1, #128
 7309 002c 2046     		mov	r0, r4
 7310 002e FFF7FEFF 		bl	SPI_WaitFlagStateUntilTimeout
 7311              	.LVL458:
3511:Drivers/STM32L4xx_HAL_Driver/Src/stm32l4xx_hal_spi.c ****   {
 7312              		.loc 1 3511 6 discriminator 2 view .LVU2460
 7313 0032 08B1     		cbz	r0, .L494
3513:Drivers/STM32L4xx_HAL_Driver/Src/stm32l4xx_hal_spi.c ****   }
 7314              		.loc 1 3513 5 is_stmt 1 view .LVU2461
3513:Drivers/STM32L4xx_HAL_Driver/Src/stm32l4xx_hal_spi.c ****   }
 7315              		.loc 1 3513 21 is_stmt 0 view .LVU2462
 7316 0034 4023     		movs	r3, #64
 7317 0036 2366     		str	r3, [r4, #96]
ARM GAS  /tmp/ccEksN7Z.s 			page 246


 7318              	.L494:
3517:Drivers/STM32L4xx_HAL_Driver/Src/stm32l4xx_hal_spi.c ****   {
 7319              		.loc 1 3517 3 is_stmt 1 view .LVU2463
3517:Drivers/STM32L4xx_HAL_Driver/Src/stm32l4xx_hal_spi.c ****   {
 7320              		.loc 1 3517 7 is_stmt 0 view .LVU2464
 7321 0038 FFF7FEFF 		bl	HAL_GetTick
 7322              	.LVL459:
3517:Drivers/STM32L4xx_HAL_Driver/Src/stm32l4xx_hal_spi.c ****   {
 7323              		.loc 1 3517 7 discriminator 1 view .LVU2465
 7324 003c 0090     		str	r0, [sp]
 7325 003e 6423     		movs	r3, #100
 7326 0040 0022     		movs	r2, #0
 7327 0042 4FF4C061 		mov	r1, #1536
 7328 0046 2046     		mov	r0, r4
 7329 0048 FFF7FEFF 		bl	SPI_WaitFifoStateUntilTimeout
 7330              	.LVL460:
3517:Drivers/STM32L4xx_HAL_Driver/Src/stm32l4xx_hal_spi.c ****   {
 7331              		.loc 1 3517 6 discriminator 2 view .LVU2466
 7332 004c 08B1     		cbz	r0, .L495
3519:Drivers/STM32L4xx_HAL_Driver/Src/stm32l4xx_hal_spi.c ****   }
 7333              		.loc 1 3519 5 is_stmt 1 view .LVU2467
3519:Drivers/STM32L4xx_HAL_Driver/Src/stm32l4xx_hal_spi.c ****   }
 7334              		.loc 1 3519 21 is_stmt 0 view .LVU2468
 7335 004e 4023     		movs	r3, #64
 7336 0050 2366     		str	r3, [r4, #96]
 7337              	.L495:
3523:Drivers/STM32L4xx_HAL_Driver/Src/stm32l4xx_hal_spi.c ****   {
 7338              		.loc 1 3523 3 is_stmt 1 view .LVU2469
3523:Drivers/STM32L4xx_HAL_Driver/Src/stm32l4xx_hal_spi.c ****   {
 7339              		.loc 1 3523 11 is_stmt 0 view .LVU2470
 7340 0052 636D     		ldr	r3, [r4, #84]
3523:Drivers/STM32L4xx_HAL_Driver/Src/stm32l4xx_hal_spi.c ****   {
 7341              		.loc 1 3523 6 view .LVU2471
 7342 0054 0BB1     		cbz	r3, .L496
3525:Drivers/STM32L4xx_HAL_Driver/Src/stm32l4xx_hal_spi.c ****     {
 7343              		.loc 1 3525 5 is_stmt 1 view .LVU2472
3525:Drivers/STM32L4xx_HAL_Driver/Src/stm32l4xx_hal_spi.c ****     {
 7344              		.loc 1 3525 21 is_stmt 0 view .LVU2473
 7345 0056 9B6B     		ldr	r3, [r3, #56]
3525:Drivers/STM32L4xx_HAL_Driver/Src/stm32l4xx_hal_spi.c ****     {
 7346              		.loc 1 3525 8 view .LVU2474
 7347 0058 D3B9     		cbnz	r3, .L493
 7348              	.L496:
3532:Drivers/STM32L4xx_HAL_Driver/Src/stm32l4xx_hal_spi.c ****   hspi->TxXferCount = 0U;
 7349              		.loc 1 3532 3 is_stmt 1 view .LVU2475
3532:Drivers/STM32L4xx_HAL_Driver/Src/stm32l4xx_hal_spi.c ****   hspi->TxXferCount = 0U;
 7350              		.loc 1 3532 21 is_stmt 0 view .LVU2476
 7351 005a 0023     		movs	r3, #0
 7352 005c A4F84630 		strh	r3, [r4, #70]	@ movhi
3533:Drivers/STM32L4xx_HAL_Driver/Src/stm32l4xx_hal_spi.c **** 
 7353              		.loc 1 3533 3 is_stmt 1 view .LVU2477
3533:Drivers/STM32L4xx_HAL_Driver/Src/stm32l4xx_hal_spi.c **** 
 7354              		.loc 1 3533 21 is_stmt 0 view .LVU2478
 7355 0060 E387     		strh	r3, [r4, #62]	@ movhi
3536:Drivers/STM32L4xx_HAL_Driver/Src/stm32l4xx_hal_spi.c ****   {
 7356              		.loc 1 3536 3 is_stmt 1 view .LVU2479
3536:Drivers/STM32L4xx_HAL_Driver/Src/stm32l4xx_hal_spi.c ****   {
ARM GAS  /tmp/ccEksN7Z.s 			page 247


 7357              		.loc 1 3536 11 is_stmt 0 view .LVU2480
 7358 0062 236E     		ldr	r3, [r4, #96]
3536:Drivers/STM32L4xx_HAL_Driver/Src/stm32l4xx_hal_spi.c ****   {
 7359              		.loc 1 3536 6 view .LVU2481
 7360 0064 402B     		cmp	r3, #64
 7361 0066 01D0     		beq	.L498
3539:Drivers/STM32L4xx_HAL_Driver/Src/stm32l4xx_hal_spi.c ****   }
 7362              		.loc 1 3539 5 is_stmt 1 view .LVU2482
3539:Drivers/STM32L4xx_HAL_Driver/Src/stm32l4xx_hal_spi.c ****   }
 7363              		.loc 1 3539 21 is_stmt 0 view .LVU2483
 7364 0068 0023     		movs	r3, #0
 7365 006a 2366     		str	r3, [r4, #96]
 7366              	.L498:
3543:Drivers/STM32L4xx_HAL_Driver/Src/stm32l4xx_hal_spi.c ****   __HAL_SPI_CLEAR_FREFLAG(hspi);
 7367              		.loc 1 3543 3 is_stmt 1 view .LVU2484
 7368              	.LBB13:
3543:Drivers/STM32L4xx_HAL_Driver/Src/stm32l4xx_hal_spi.c ****   __HAL_SPI_CLEAR_FREFLAG(hspi);
 7369              		.loc 1 3543 3 view .LVU2485
 7370 006c 0022     		movs	r2, #0
 7371 006e 0292     		str	r2, [sp, #8]
3543:Drivers/STM32L4xx_HAL_Driver/Src/stm32l4xx_hal_spi.c ****   __HAL_SPI_CLEAR_FREFLAG(hspi);
 7372              		.loc 1 3543 3 view .LVU2486
 7373 0070 2368     		ldr	r3, [r4]
 7374 0072 D968     		ldr	r1, [r3, #12]
 7375 0074 0291     		str	r1, [sp, #8]
3543:Drivers/STM32L4xx_HAL_Driver/Src/stm32l4xx_hal_spi.c ****   __HAL_SPI_CLEAR_FREFLAG(hspi);
 7376              		.loc 1 3543 3 view .LVU2487
 7377 0076 9968     		ldr	r1, [r3, #8]
 7378 0078 0291     		str	r1, [sp, #8]
3543:Drivers/STM32L4xx_HAL_Driver/Src/stm32l4xx_hal_spi.c ****   __HAL_SPI_CLEAR_FREFLAG(hspi);
 7379              		.loc 1 3543 3 view .LVU2488
 7380 007a 0299     		ldr	r1, [sp, #8]
 7381              	.LBE13:
3543:Drivers/STM32L4xx_HAL_Driver/Src/stm32l4xx_hal_spi.c ****   __HAL_SPI_CLEAR_FREFLAG(hspi);
 7382              		.loc 1 3543 3 view .LVU2489
3544:Drivers/STM32L4xx_HAL_Driver/Src/stm32l4xx_hal_spi.c **** 
 7383              		.loc 1 3544 3 view .LVU2490
 7384              	.LBB14:
3544:Drivers/STM32L4xx_HAL_Driver/Src/stm32l4xx_hal_spi.c **** 
 7385              		.loc 1 3544 3 view .LVU2491
 7386 007c 0392     		str	r2, [sp, #12]
3544:Drivers/STM32L4xx_HAL_Driver/Src/stm32l4xx_hal_spi.c **** 
 7387              		.loc 1 3544 3 view .LVU2492
 7388 007e 9B68     		ldr	r3, [r3, #8]
 7389 0080 0393     		str	r3, [sp, #12]
3544:Drivers/STM32L4xx_HAL_Driver/Src/stm32l4xx_hal_spi.c **** 
 7390              		.loc 1 3544 3 view .LVU2493
 7391 0082 039B     		ldr	r3, [sp, #12]
 7392              	.LBE14:
3544:Drivers/STM32L4xx_HAL_Driver/Src/stm32l4xx_hal_spi.c **** 
 7393              		.loc 1 3544 3 view .LVU2494
3547:Drivers/STM32L4xx_HAL_Driver/Src/stm32l4xx_hal_spi.c **** 
 7394              		.loc 1 3547 3 view .LVU2495
3547:Drivers/STM32L4xx_HAL_Driver/Src/stm32l4xx_hal_spi.c **** 
 7395              		.loc 1 3547 16 is_stmt 0 view .LVU2496
 7396 0084 0123     		movs	r3, #1
 7397 0086 84F85D30 		strb	r3, [r4, #93]
ARM GAS  /tmp/ccEksN7Z.s 			page 248


3553:Drivers/STM32L4xx_HAL_Driver/Src/stm32l4xx_hal_spi.c **** #endif /* USE_HAL_SPI_REGISTER_CALLBACKS */
 7398              		.loc 1 3553 3 is_stmt 1 view .LVU2497
 7399 008a 2046     		mov	r0, r4
 7400 008c FFF7FEFF 		bl	HAL_SPI_AbortCpltCallback
 7401              	.LVL461:
 7402              	.L493:
3555:Drivers/STM32L4xx_HAL_Driver/Src/stm32l4xx_hal_spi.c **** 
 7403              		.loc 1 3555 1 is_stmt 0 view .LVU2498
 7404 0090 05B0     		add	sp, sp, #20
 7405              		.cfi_def_cfa_offset 12
 7406              		@ sp needed
 7407 0092 30BD     		pop	{r4, r5, pc}
3555:Drivers/STM32L4xx_HAL_Driver/Src/stm32l4xx_hal_spi.c **** 
 7408              		.loc 1 3555 1 view .LVU2499
 7409              		.cfi_endproc
 7410              	.LFE326:
 7412              		.section	.text.SPI_DMATxAbortCallback,"ax",%progbits
 7413              		.align	1
 7414              		.syntax unified
 7415              		.thumb
 7416              		.thumb_func
 7418              	SPI_DMATxAbortCallback:
 7419              	.LVL462:
 7420              	.LFB325:
3433:Drivers/STM32L4xx_HAL_Driver/Src/stm32l4xx_hal_spi.c ****   SPI_HandleTypeDef *hspi = (SPI_HandleTypeDef *)(((DMA_HandleTypeDef *)hdma)->Parent); /* Derogati
 7421              		.loc 1 3433 1 is_stmt 1 view -0
 7422              		.cfi_startproc
 7423              		@ args = 0, pretend = 0, frame = 8
 7424              		@ frame_needed = 0, uses_anonymous_args = 0
3433:Drivers/STM32L4xx_HAL_Driver/Src/stm32l4xx_hal_spi.c ****   SPI_HandleTypeDef *hspi = (SPI_HandleTypeDef *)(((DMA_HandleTypeDef *)hdma)->Parent); /* Derogati
 7425              		.loc 1 3433 1 is_stmt 0 view .LVU2501
 7426 0000 10B5     		push	{r4, lr}
 7427              		.cfi_def_cfa_offset 8
 7428              		.cfi_offset 4, -8
 7429              		.cfi_offset 14, -4
 7430 0002 84B0     		sub	sp, sp, #16
 7431              		.cfi_def_cfa_offset 24
3434:Drivers/STM32L4xx_HAL_Driver/Src/stm32l4xx_hal_spi.c **** 
 7432              		.loc 1 3434 3 is_stmt 1 view .LVU2502
3434:Drivers/STM32L4xx_HAL_Driver/Src/stm32l4xx_hal_spi.c **** 
 7433              		.loc 1 3434 22 is_stmt 0 view .LVU2503
 7434 0004 846A     		ldr	r4, [r0, #40]
 7435              	.LVL463:
3436:Drivers/STM32L4xx_HAL_Driver/Src/stm32l4xx_hal_spi.c **** 
 7436              		.loc 1 3436 3 is_stmt 1 view .LVU2504
3436:Drivers/STM32L4xx_HAL_Driver/Src/stm32l4xx_hal_spi.c **** 
 7437              		.loc 1 3436 7 is_stmt 0 view .LVU2505
 7438 0006 636D     		ldr	r3, [r4, #84]
3436:Drivers/STM32L4xx_HAL_Driver/Src/stm32l4xx_hal_spi.c **** 
 7439              		.loc 1 3436 35 view .LVU2506
 7440 0008 0022     		movs	r2, #0
 7441 000a 9A63     		str	r2, [r3, #56]
3439:Drivers/STM32L4xx_HAL_Driver/Src/stm32l4xx_hal_spi.c **** 
 7442              		.loc 1 3439 3 is_stmt 1 view .LVU2507
 7443 000c 2268     		ldr	r2, [r4]
 7444 000e 5368     		ldr	r3, [r2, #4]
 7445 0010 23F00203 		bic	r3, r3, #2
ARM GAS  /tmp/ccEksN7Z.s 			page 249


 7446 0014 5360     		str	r3, [r2, #4]
3441:Drivers/STM32L4xx_HAL_Driver/Src/stm32l4xx_hal_spi.c ****   {
 7447              		.loc 1 3441 3 view .LVU2508
3441:Drivers/STM32L4xx_HAL_Driver/Src/stm32l4xx_hal_spi.c ****   {
 7448              		.loc 1 3441 7 is_stmt 0 view .LVU2509
 7449 0016 FFF7FEFF 		bl	HAL_GetTick
 7450              	.LVL464:
3441:Drivers/STM32L4xx_HAL_Driver/Src/stm32l4xx_hal_spi.c ****   {
 7451              		.loc 1 3441 7 view .LVU2510
 7452 001a 0246     		mov	r2, r0
3441:Drivers/STM32L4xx_HAL_Driver/Src/stm32l4xx_hal_spi.c ****   {
 7453              		.loc 1 3441 7 discriminator 1 view .LVU2511
 7454 001c 6421     		movs	r1, #100
 7455 001e 2046     		mov	r0, r4
 7456 0020 FFF7FEFF 		bl	SPI_EndRxTxTransaction
 7457              	.LVL465:
3441:Drivers/STM32L4xx_HAL_Driver/Src/stm32l4xx_hal_spi.c ****   {
 7458              		.loc 1 3441 6 discriminator 2 view .LVU2512
 7459 0024 08B1     		cbz	r0, .L501
3443:Drivers/STM32L4xx_HAL_Driver/Src/stm32l4xx_hal_spi.c ****   }
 7460              		.loc 1 3443 5 is_stmt 1 view .LVU2513
3443:Drivers/STM32L4xx_HAL_Driver/Src/stm32l4xx_hal_spi.c ****   }
 7461              		.loc 1 3443 21 is_stmt 0 view .LVU2514
 7462 0026 4023     		movs	r3, #64
 7463 0028 2366     		str	r3, [r4, #96]
 7464              	.L501:
3447:Drivers/STM32L4xx_HAL_Driver/Src/stm32l4xx_hal_spi.c **** 
 7465              		.loc 1 3447 3 is_stmt 1 view .LVU2515
 7466 002a 2268     		ldr	r2, [r4]
 7467 002c 1368     		ldr	r3, [r2]
 7468 002e 23F04003 		bic	r3, r3, #64
 7469 0032 1360     		str	r3, [r2]
3450:Drivers/STM32L4xx_HAL_Driver/Src/stm32l4xx_hal_spi.c ****   {
 7470              		.loc 1 3450 3 view .LVU2516
3450:Drivers/STM32L4xx_HAL_Driver/Src/stm32l4xx_hal_spi.c ****   {
 7471              		.loc 1 3450 7 is_stmt 0 view .LVU2517
 7472 0034 FFF7FEFF 		bl	HAL_GetTick
 7473              	.LVL466:
3450:Drivers/STM32L4xx_HAL_Driver/Src/stm32l4xx_hal_spi.c ****   {
 7474              		.loc 1 3450 7 discriminator 1 view .LVU2518
 7475 0038 0090     		str	r0, [sp]
 7476 003a 6423     		movs	r3, #100
 7477 003c 0022     		movs	r2, #0
 7478 003e 4FF4C061 		mov	r1, #1536
 7479 0042 2046     		mov	r0, r4
 7480 0044 FFF7FEFF 		bl	SPI_WaitFifoStateUntilTimeout
 7481              	.LVL467:
3450:Drivers/STM32L4xx_HAL_Driver/Src/stm32l4xx_hal_spi.c ****   {
 7482              		.loc 1 3450 6 discriminator 2 view .LVU2519
 7483 0048 08B1     		cbz	r0, .L502
3452:Drivers/STM32L4xx_HAL_Driver/Src/stm32l4xx_hal_spi.c ****   }
 7484              		.loc 1 3452 5 is_stmt 1 view .LVU2520
3452:Drivers/STM32L4xx_HAL_Driver/Src/stm32l4xx_hal_spi.c ****   }
 7485              		.loc 1 3452 21 is_stmt 0 view .LVU2521
 7486 004a 4023     		movs	r3, #64
 7487 004c 2366     		str	r3, [r4, #96]
 7488              	.L502:
ARM GAS  /tmp/ccEksN7Z.s 			page 250


3456:Drivers/STM32L4xx_HAL_Driver/Src/stm32l4xx_hal_spi.c ****   {
 7489              		.loc 1 3456 3 is_stmt 1 view .LVU2522
3456:Drivers/STM32L4xx_HAL_Driver/Src/stm32l4xx_hal_spi.c ****   {
 7490              		.loc 1 3456 11 is_stmt 0 view .LVU2523
 7491 004e A36D     		ldr	r3, [r4, #88]
3456:Drivers/STM32L4xx_HAL_Driver/Src/stm32l4xx_hal_spi.c ****   {
 7492              		.loc 1 3456 6 view .LVU2524
 7493 0050 0BB1     		cbz	r3, .L503
3458:Drivers/STM32L4xx_HAL_Driver/Src/stm32l4xx_hal_spi.c ****     {
 7494              		.loc 1 3458 5 is_stmt 1 view .LVU2525
3458:Drivers/STM32L4xx_HAL_Driver/Src/stm32l4xx_hal_spi.c ****     {
 7495              		.loc 1 3458 21 is_stmt 0 view .LVU2526
 7496 0052 9B6B     		ldr	r3, [r3, #56]
3458:Drivers/STM32L4xx_HAL_Driver/Src/stm32l4xx_hal_spi.c ****     {
 7497              		.loc 1 3458 8 view .LVU2527
 7498 0054 D3B9     		cbnz	r3, .L500
 7499              	.L503:
3465:Drivers/STM32L4xx_HAL_Driver/Src/stm32l4xx_hal_spi.c ****   hspi->TxXferCount = 0U;
 7500              		.loc 1 3465 3 is_stmt 1 view .LVU2528
3465:Drivers/STM32L4xx_HAL_Driver/Src/stm32l4xx_hal_spi.c ****   hspi->TxXferCount = 0U;
 7501              		.loc 1 3465 21 is_stmt 0 view .LVU2529
 7502 0056 0023     		movs	r3, #0
 7503 0058 A4F84630 		strh	r3, [r4, #70]	@ movhi
3466:Drivers/STM32L4xx_HAL_Driver/Src/stm32l4xx_hal_spi.c **** 
 7504              		.loc 1 3466 3 is_stmt 1 view .LVU2530
3466:Drivers/STM32L4xx_HAL_Driver/Src/stm32l4xx_hal_spi.c **** 
 7505              		.loc 1 3466 21 is_stmt 0 view .LVU2531
 7506 005c E387     		strh	r3, [r4, #62]	@ movhi
3469:Drivers/STM32L4xx_HAL_Driver/Src/stm32l4xx_hal_spi.c ****   {
 7507              		.loc 1 3469 3 is_stmt 1 view .LVU2532
3469:Drivers/STM32L4xx_HAL_Driver/Src/stm32l4xx_hal_spi.c ****   {
 7508              		.loc 1 3469 11 is_stmt 0 view .LVU2533
 7509 005e 236E     		ldr	r3, [r4, #96]
3469:Drivers/STM32L4xx_HAL_Driver/Src/stm32l4xx_hal_spi.c ****   {
 7510              		.loc 1 3469 6 view .LVU2534
 7511 0060 402B     		cmp	r3, #64
 7512 0062 01D0     		beq	.L505
3472:Drivers/STM32L4xx_HAL_Driver/Src/stm32l4xx_hal_spi.c ****   }
 7513              		.loc 1 3472 5 is_stmt 1 view .LVU2535
3472:Drivers/STM32L4xx_HAL_Driver/Src/stm32l4xx_hal_spi.c ****   }
 7514              		.loc 1 3472 21 is_stmt 0 view .LVU2536
 7515 0064 0023     		movs	r3, #0
 7516 0066 2366     		str	r3, [r4, #96]
 7517              	.L505:
3476:Drivers/STM32L4xx_HAL_Driver/Src/stm32l4xx_hal_spi.c ****   __HAL_SPI_CLEAR_FREFLAG(hspi);
 7518              		.loc 1 3476 3 is_stmt 1 view .LVU2537
 7519              	.LBB15:
3476:Drivers/STM32L4xx_HAL_Driver/Src/stm32l4xx_hal_spi.c ****   __HAL_SPI_CLEAR_FREFLAG(hspi);
 7520              		.loc 1 3476 3 view .LVU2538
 7521 0068 0022     		movs	r2, #0
 7522 006a 0292     		str	r2, [sp, #8]
3476:Drivers/STM32L4xx_HAL_Driver/Src/stm32l4xx_hal_spi.c ****   __HAL_SPI_CLEAR_FREFLAG(hspi);
 7523              		.loc 1 3476 3 view .LVU2539
 7524 006c 2368     		ldr	r3, [r4]
 7525 006e D968     		ldr	r1, [r3, #12]
 7526 0070 0291     		str	r1, [sp, #8]
3476:Drivers/STM32L4xx_HAL_Driver/Src/stm32l4xx_hal_spi.c ****   __HAL_SPI_CLEAR_FREFLAG(hspi);
ARM GAS  /tmp/ccEksN7Z.s 			page 251


 7527              		.loc 1 3476 3 view .LVU2540
 7528 0072 9968     		ldr	r1, [r3, #8]
 7529 0074 0291     		str	r1, [sp, #8]
3476:Drivers/STM32L4xx_HAL_Driver/Src/stm32l4xx_hal_spi.c ****   __HAL_SPI_CLEAR_FREFLAG(hspi);
 7530              		.loc 1 3476 3 view .LVU2541
 7531 0076 0299     		ldr	r1, [sp, #8]
 7532              	.LBE15:
3476:Drivers/STM32L4xx_HAL_Driver/Src/stm32l4xx_hal_spi.c ****   __HAL_SPI_CLEAR_FREFLAG(hspi);
 7533              		.loc 1 3476 3 view .LVU2542
3477:Drivers/STM32L4xx_HAL_Driver/Src/stm32l4xx_hal_spi.c **** 
 7534              		.loc 1 3477 3 view .LVU2543
 7535              	.LBB16:
3477:Drivers/STM32L4xx_HAL_Driver/Src/stm32l4xx_hal_spi.c **** 
 7536              		.loc 1 3477 3 view .LVU2544
 7537 0078 0392     		str	r2, [sp, #12]
3477:Drivers/STM32L4xx_HAL_Driver/Src/stm32l4xx_hal_spi.c **** 
 7538              		.loc 1 3477 3 view .LVU2545
 7539 007a 9B68     		ldr	r3, [r3, #8]
 7540 007c 0393     		str	r3, [sp, #12]
3477:Drivers/STM32L4xx_HAL_Driver/Src/stm32l4xx_hal_spi.c **** 
 7541              		.loc 1 3477 3 view .LVU2546
 7542 007e 039B     		ldr	r3, [sp, #12]
 7543              	.LBE16:
3477:Drivers/STM32L4xx_HAL_Driver/Src/stm32l4xx_hal_spi.c **** 
 7544              		.loc 1 3477 3 view .LVU2547
3480:Drivers/STM32L4xx_HAL_Driver/Src/stm32l4xx_hal_spi.c **** 
 7545              		.loc 1 3480 3 view .LVU2548
3480:Drivers/STM32L4xx_HAL_Driver/Src/stm32l4xx_hal_spi.c **** 
 7546              		.loc 1 3480 16 is_stmt 0 view .LVU2549
 7547 0080 0123     		movs	r3, #1
 7548 0082 84F85D30 		strb	r3, [r4, #93]
3486:Drivers/STM32L4xx_HAL_Driver/Src/stm32l4xx_hal_spi.c **** #endif /* USE_HAL_SPI_REGISTER_CALLBACKS */
 7549              		.loc 1 3486 3 is_stmt 1 view .LVU2550
 7550 0086 2046     		mov	r0, r4
 7551 0088 FFF7FEFF 		bl	HAL_SPI_AbortCpltCallback
 7552              	.LVL468:
 7553              	.L500:
3488:Drivers/STM32L4xx_HAL_Driver/Src/stm32l4xx_hal_spi.c **** 
 7554              		.loc 1 3488 1 is_stmt 0 view .LVU2551
 7555 008c 04B0     		add	sp, sp, #16
 7556              		.cfi_def_cfa_offset 8
 7557              		@ sp needed
 7558 008e 10BD     		pop	{r4, pc}
3488:Drivers/STM32L4xx_HAL_Driver/Src/stm32l4xx_hal_spi.c **** 
 7559              		.loc 1 3488 1 view .LVU2552
 7560              		.cfi_endproc
 7561              	.LFE325:
 7563              		.section	.text.HAL_SPI_GetState,"ax",%progbits
 7564              		.align	1
 7565              		.global	HAL_SPI_GetState
 7566              		.syntax unified
 7567              		.thumb
 7568              		.thumb_func
 7570              	HAL_SPI_GetState:
 7571              	.LVL469:
 7572              	.LFB315:
3023:Drivers/STM32L4xx_HAL_Driver/Src/stm32l4xx_hal_spi.c ****   /* Return SPI handle state */
ARM GAS  /tmp/ccEksN7Z.s 			page 252


 7573              		.loc 1 3023 1 is_stmt 1 view -0
 7574              		.cfi_startproc
 7575              		@ args = 0, pretend = 0, frame = 0
 7576              		@ frame_needed = 0, uses_anonymous_args = 0
 7577              		@ link register save eliminated.
3025:Drivers/STM32L4xx_HAL_Driver/Src/stm32l4xx_hal_spi.c **** }
 7578              		.loc 1 3025 3 view .LVU2554
3025:Drivers/STM32L4xx_HAL_Driver/Src/stm32l4xx_hal_spi.c **** }
 7579              		.loc 1 3025 14 is_stmt 0 view .LVU2555
 7580 0000 90F85D00 		ldrb	r0, [r0, #93]	@ zero_extendqisi2
 7581              	.LVL470:
3026:Drivers/STM32L4xx_HAL_Driver/Src/stm32l4xx_hal_spi.c **** 
 7582              		.loc 1 3026 1 view .LVU2556
 7583 0004 7047     		bx	lr
 7584              		.cfi_endproc
 7585              	.LFE315:
 7587              		.section	.text.HAL_SPI_GetError,"ax",%progbits
 7588              		.align	1
 7589              		.global	HAL_SPI_GetError
 7590              		.syntax unified
 7591              		.thumb
 7592              		.thumb_func
 7594              	HAL_SPI_GetError:
 7595              	.LVL471:
 7596              	.LFB316:
3035:Drivers/STM32L4xx_HAL_Driver/Src/stm32l4xx_hal_spi.c ****   /* Return SPI ErrorCode */
 7597              		.loc 1 3035 1 is_stmt 1 view -0
 7598              		.cfi_startproc
 7599              		@ args = 0, pretend = 0, frame = 0
 7600              		@ frame_needed = 0, uses_anonymous_args = 0
 7601              		@ link register save eliminated.
3037:Drivers/STM32L4xx_HAL_Driver/Src/stm32l4xx_hal_spi.c **** }
 7602              		.loc 1 3037 3 view .LVU2558
3037:Drivers/STM32L4xx_HAL_Driver/Src/stm32l4xx_hal_spi.c **** }
 7603              		.loc 1 3037 14 is_stmt 0 view .LVU2559
 7604 0000 006E     		ldr	r0, [r0, #96]
 7605              	.LVL472:
3038:Drivers/STM32L4xx_HAL_Driver/Src/stm32l4xx_hal_spi.c **** 
 7606              		.loc 1 3038 1 view .LVU2560
 7607 0002 7047     		bx	lr
 7608              		.cfi_endproc
 7609              	.LFE316:
 7611              		.text
 7612              	.Letext0:
 7613              		.file 2 "/home/d-zaretski/.config/Code/User/globalStorage/bmd.stm32-for-vscode/@xpack-dev-tools/ar
 7614              		.file 3 "/home/d-zaretski/.config/Code/User/globalStorage/bmd.stm32-for-vscode/@xpack-dev-tools/ar
 7615              		.file 4 "Drivers/CMSIS/Device/ST/STM32L4xx/Include/stm32l431xx.h"
 7616              		.file 5 "Drivers/CMSIS/Device/ST/STM32L4xx/Include/stm32l4xx.h"
 7617              		.file 6 "Drivers/STM32L4xx_HAL_Driver/Inc/stm32l4xx_hal_def.h"
 7618              		.file 7 "Drivers/STM32L4xx_HAL_Driver/Inc/stm32l4xx_hal_dma.h"
 7619              		.file 8 "Drivers/STM32L4xx_HAL_Driver/Inc/stm32l4xx_hal_spi.h"
 7620              		.file 9 "Drivers/CMSIS/Device/ST/STM32L4xx/Include/system_stm32l4xx.h"
 7621              		.file 10 "Drivers/STM32L4xx_HAL_Driver/Inc/stm32l4xx_hal.h"
ARM GAS  /tmp/ccEksN7Z.s 			page 253


DEFINED SYMBOLS
                            *ABS*:00000000 stm32l4xx_hal_spi.c
     /tmp/ccEksN7Z.s:21     .text.SPI_WaitFlagStateUntilTimeout:00000000 $t
     /tmp/ccEksN7Z.s:26     .text.SPI_WaitFlagStateUntilTimeout:00000000 SPI_WaitFlagStateUntilTimeout
     /tmp/ccEksN7Z.s:200    .text.SPI_WaitFlagStateUntilTimeout:000000c4 $d
     /tmp/ccEksN7Z.s:205    .text.SPI_WaitFifoStateUntilTimeout:00000000 $t
     /tmp/ccEksN7Z.s:210    .text.SPI_WaitFifoStateUntilTimeout:00000000 SPI_WaitFifoStateUntilTimeout
     /tmp/ccEksN7Z.s:415    .text.SPI_WaitFifoStateUntilTimeout:000000ec $d
     /tmp/ccEksN7Z.s:420    .text.SPI_EndRxTxTransaction:00000000 $t
     /tmp/ccEksN7Z.s:425    .text.SPI_EndRxTxTransaction:00000000 SPI_EndRxTxTransaction
     /tmp/ccEksN7Z.s:518    .text.SPI_EndRxTransaction:00000000 $t
     /tmp/ccEksN7Z.s:523    .text.SPI_EndRxTransaction:00000000 SPI_EndRxTransaction
     /tmp/ccEksN7Z.s:642    .text.SPI_AbortRx_ISR:00000000 $t
     /tmp/ccEksN7Z.s:647    .text.SPI_AbortRx_ISR:00000000 SPI_AbortRx_ISR
     /tmp/ccEksN7Z.s:762    .text.SPI_AbortRx_ISR:00000088 $d
     /tmp/ccEksN7Z.s:768    .text.SPI_AbortTx_ISR:00000000 $t
     /tmp/ccEksN7Z.s:773    .text.SPI_AbortTx_ISR:00000000 SPI_AbortTx_ISR
     /tmp/ccEksN7Z.s:961    .text.SPI_AbortTx_ISR:000000e8 $d
     /tmp/ccEksN7Z.s:967    .text.HAL_SPI_MspInit:00000000 $t
     /tmp/ccEksN7Z.s:973    .text.HAL_SPI_MspInit:00000000 HAL_SPI_MspInit
     /tmp/ccEksN7Z.s:988    .text.HAL_SPI_Init:00000000 $t
     /tmp/ccEksN7Z.s:994    .text.HAL_SPI_Init:00000000 HAL_SPI_Init
     /tmp/ccEksN7Z.s:1174   .text.HAL_SPI_MspDeInit:00000000 $t
     /tmp/ccEksN7Z.s:1180   .text.HAL_SPI_MspDeInit:00000000 HAL_SPI_MspDeInit
     /tmp/ccEksN7Z.s:1195   .text.HAL_SPI_DeInit:00000000 $t
     /tmp/ccEksN7Z.s:1201   .text.HAL_SPI_DeInit:00000000 HAL_SPI_DeInit
     /tmp/ccEksN7Z.s:1258   .text.HAL_SPI_Transmit:00000000 $t
     /tmp/ccEksN7Z.s:1264   .text.HAL_SPI_Transmit:00000000 HAL_SPI_Transmit
     /tmp/ccEksN7Z.s:1736   .text.HAL_SPI_TransmitReceive:00000000 $t
     /tmp/ccEksN7Z.s:1742   .text.HAL_SPI_TransmitReceive:00000000 HAL_SPI_TransmitReceive
     /tmp/ccEksN7Z.s:2468   .text.HAL_SPI_Receive:00000000 $t
     /tmp/ccEksN7Z.s:2474   .text.HAL_SPI_Receive:00000000 HAL_SPI_Receive
     /tmp/ccEksN7Z.s:2842   .text.HAL_SPI_Transmit_IT:00000000 $t
     /tmp/ccEksN7Z.s:2848   .text.HAL_SPI_Transmit_IT:00000000 HAL_SPI_Transmit_IT
     /tmp/ccEksN7Z.s:3026   .text.HAL_SPI_Transmit_IT:000000a8 $d
     /tmp/ccEksN7Z.s:5484   .text.SPI_TxISR_16BIT:00000000 SPI_TxISR_16BIT
     /tmp/ccEksN7Z.s:5423   .text.SPI_TxISR_8BIT:00000000 SPI_TxISR_8BIT
     /tmp/ccEksN7Z.s:3032   .text.HAL_SPI_TransmitReceive_IT:00000000 $t
     /tmp/ccEksN7Z.s:3038   .text.HAL_SPI_TransmitReceive_IT:00000000 HAL_SPI_TransmitReceive_IT
     /tmp/ccEksN7Z.s:3279   .text.HAL_SPI_TransmitReceive_IT:000000e4 $d
     /tmp/ccEksN7Z.s:6125   .text.SPI_2linesRxISR_16BIT:00000000 SPI_2linesRxISR_16BIT
     /tmp/ccEksN7Z.s:6053   .text.SPI_2linesTxISR_16BIT:00000000 SPI_2linesTxISR_16BIT
     /tmp/ccEksN7Z.s:5936   .text.SPI_2linesRxISR_8BIT:00000000 SPI_2linesRxISR_8BIT
     /tmp/ccEksN7Z.s:5831   .text.SPI_2linesTxISR_8BIT:00000000 SPI_2linesTxISR_8BIT
     /tmp/ccEksN7Z.s:3287   .text.HAL_SPI_Receive_IT:00000000 $t
     /tmp/ccEksN7Z.s:3293   .text.HAL_SPI_Receive_IT:00000000 HAL_SPI_Receive_IT
     /tmp/ccEksN7Z.s:3492   .text.HAL_SPI_Receive_IT:000000f4 $d
     /tmp/ccEksN7Z.s:5675   .text.SPI_RxISR_16BIT:00000000 SPI_RxISR_16BIT
     /tmp/ccEksN7Z.s:5614   .text.SPI_RxISR_8BIT:00000000 SPI_RxISR_8BIT
     /tmp/ccEksN7Z.s:3498   .text.HAL_SPI_Transmit_DMA:00000000 $t
     /tmp/ccEksN7Z.s:3504   .text.HAL_SPI_Transmit_DMA:00000000 HAL_SPI_Transmit_DMA
     /tmp/ccEksN7Z.s:3760   .text.HAL_SPI_Transmit_DMA:00000124 $d
     /tmp/ccEksN7Z.s:5165   .text.SPI_DMAHalfTransmitCplt:00000000 SPI_DMAHalfTransmitCplt
     /tmp/ccEksN7Z.s:6240   .text.SPI_DMATransmitCplt:00000000 SPI_DMATransmitCplt
     /tmp/ccEksN7Z.s:6197   .text.SPI_DMAError:00000000 SPI_DMAError
     /tmp/ccEksN7Z.s:3767   .text.HAL_SPI_TransmitReceive_DMA:00000000 $t
     /tmp/ccEksN7Z.s:3773   .text.HAL_SPI_TransmitReceive_DMA:00000000 HAL_SPI_TransmitReceive_DMA
ARM GAS  /tmp/ccEksN7Z.s 			page 254


     /tmp/ccEksN7Z.s:4212   .text.HAL_SPI_TransmitReceive_DMA:000001f8 $d
     /tmp/ccEksN7Z.s:5269   .text.SPI_DMAHalfTransmitReceiveCplt:00000000 SPI_DMAHalfTransmitReceiveCplt
     /tmp/ccEksN7Z.s:6479   .text.SPI_DMATransmitReceiveCplt:00000000 SPI_DMATransmitReceiveCplt
     /tmp/ccEksN7Z.s:5217   .text.SPI_DMAHalfReceiveCplt:00000000 SPI_DMAHalfReceiveCplt
     /tmp/ccEksN7Z.s:6363   .text.SPI_DMAReceiveCplt:00000000 SPI_DMAReceiveCplt
     /tmp/ccEksN7Z.s:4221   .text.HAL_SPI_Receive_DMA:00000000 $t
     /tmp/ccEksN7Z.s:4227   .text.HAL_SPI_Receive_DMA:00000000 HAL_SPI_Receive_DMA
     /tmp/ccEksN7Z.s:4521   .text.HAL_SPI_Receive_DMA:00000170 $d
     /tmp/ccEksN7Z.s:4528   .text.HAL_SPI_Abort:00000000 $t
     /tmp/ccEksN7Z.s:4534   .text.HAL_SPI_Abort:00000000 HAL_SPI_Abort
     /tmp/ccEksN7Z.s:4878   .text.HAL_SPI_Abort:00000180 $d
     /tmp/ccEksN7Z.s:4886   .text.HAL_SPI_DMAPause:00000000 $t
     /tmp/ccEksN7Z.s:4892   .text.HAL_SPI_DMAPause:00000000 HAL_SPI_DMAPause
     /tmp/ccEksN7Z.s:4936   .text.HAL_SPI_DMAResume:00000000 $t
     /tmp/ccEksN7Z.s:4942   .text.HAL_SPI_DMAResume:00000000 HAL_SPI_DMAResume
     /tmp/ccEksN7Z.s:4986   .text.HAL_SPI_DMAStop:00000000 $t
     /tmp/ccEksN7Z.s:4992   .text.HAL_SPI_DMAStop:00000000 HAL_SPI_DMAStop
     /tmp/ccEksN7Z.s:5076   .text.HAL_SPI_TxCpltCallback:00000000 $t
     /tmp/ccEksN7Z.s:5082   .text.HAL_SPI_TxCpltCallback:00000000 HAL_SPI_TxCpltCallback
     /tmp/ccEksN7Z.s:5097   .text.HAL_SPI_RxCpltCallback:00000000 $t
     /tmp/ccEksN7Z.s:5103   .text.HAL_SPI_RxCpltCallback:00000000 HAL_SPI_RxCpltCallback
     /tmp/ccEksN7Z.s:5118   .text.HAL_SPI_TxRxCpltCallback:00000000 $t
     /tmp/ccEksN7Z.s:5124   .text.HAL_SPI_TxRxCpltCallback:00000000 HAL_SPI_TxRxCpltCallback
     /tmp/ccEksN7Z.s:5139   .text.HAL_SPI_TxHalfCpltCallback:00000000 $t
     /tmp/ccEksN7Z.s:5145   .text.HAL_SPI_TxHalfCpltCallback:00000000 HAL_SPI_TxHalfCpltCallback
     /tmp/ccEksN7Z.s:5160   .text.SPI_DMAHalfTransmitCplt:00000000 $t
     /tmp/ccEksN7Z.s:5191   .text.HAL_SPI_RxHalfCpltCallback:00000000 $t
     /tmp/ccEksN7Z.s:5197   .text.HAL_SPI_RxHalfCpltCallback:00000000 HAL_SPI_RxHalfCpltCallback
     /tmp/ccEksN7Z.s:5212   .text.SPI_DMAHalfReceiveCplt:00000000 $t
     /tmp/ccEksN7Z.s:5243   .text.HAL_SPI_TxRxHalfCpltCallback:00000000 $t
     /tmp/ccEksN7Z.s:5249   .text.HAL_SPI_TxRxHalfCpltCallback:00000000 HAL_SPI_TxRxHalfCpltCallback
     /tmp/ccEksN7Z.s:5264   .text.SPI_DMAHalfTransmitReceiveCplt:00000000 $t
     /tmp/ccEksN7Z.s:5295   .text.HAL_SPI_ErrorCallback:00000000 $t
     /tmp/ccEksN7Z.s:5301   .text.HAL_SPI_ErrorCallback:00000000 HAL_SPI_ErrorCallback
     /tmp/ccEksN7Z.s:5316   .text.SPI_CloseTx_ISR:00000000 $t
     /tmp/ccEksN7Z.s:5321   .text.SPI_CloseTx_ISR:00000000 SPI_CloseTx_ISR
     /tmp/ccEksN7Z.s:5418   .text.SPI_TxISR_8BIT:00000000 $t
     /tmp/ccEksN7Z.s:5479   .text.SPI_TxISR_16BIT:00000000 $t
     /tmp/ccEksN7Z.s:5540   .text.SPI_CloseRx_ISR:00000000 $t
     /tmp/ccEksN7Z.s:5545   .text.SPI_CloseRx_ISR:00000000 SPI_CloseRx_ISR
     /tmp/ccEksN7Z.s:5609   .text.SPI_RxISR_8BIT:00000000 $t
     /tmp/ccEksN7Z.s:5670   .text.SPI_RxISR_16BIT:00000000 $t
     /tmp/ccEksN7Z.s:5731   .text.SPI_CloseRxTx_ISR:00000000 $t
     /tmp/ccEksN7Z.s:5736   .text.SPI_CloseRxTx_ISR:00000000 SPI_CloseRxTx_ISR
     /tmp/ccEksN7Z.s:5826   .text.SPI_2linesTxISR_8BIT:00000000 $t
     /tmp/ccEksN7Z.s:5931   .text.SPI_2linesRxISR_8BIT:00000000 $t
     /tmp/ccEksN7Z.s:6048   .text.SPI_2linesTxISR_16BIT:00000000 $t
     /tmp/ccEksN7Z.s:6120   .text.SPI_2linesRxISR_16BIT:00000000 $t
     /tmp/ccEksN7Z.s:6192   .text.SPI_DMAError:00000000 $t
     /tmp/ccEksN7Z.s:6235   .text.SPI_DMATransmitCplt:00000000 $t
     /tmp/ccEksN7Z.s:6358   .text.SPI_DMAReceiveCplt:00000000 $t
     /tmp/ccEksN7Z.s:6474   .text.SPI_DMATransmitReceiveCplt:00000000 $t
     /tmp/ccEksN7Z.s:6573   .text.HAL_SPI_IRQHandler:00000000 $t
     /tmp/ccEksN7Z.s:6579   .text.HAL_SPI_IRQHandler:00000000 HAL_SPI_IRQHandler
     /tmp/ccEksN7Z.s:6848   .text.HAL_SPI_IRQHandler:00000120 $d
     /tmp/ccEksN7Z.s:6858   .text.SPI_DMAAbortOnError:00000000 SPI_DMAAbortOnError
     /tmp/ccEksN7Z.s:6853   .text.SPI_DMAAbortOnError:00000000 $t
ARM GAS  /tmp/ccEksN7Z.s 			page 255


     /tmp/ccEksN7Z.s:6890   .text.HAL_SPI_AbortCpltCallback:00000000 $t
     /tmp/ccEksN7Z.s:6896   .text.HAL_SPI_AbortCpltCallback:00000000 HAL_SPI_AbortCpltCallback
     /tmp/ccEksN7Z.s:6911   .text.HAL_SPI_Abort_IT:00000000 $t
     /tmp/ccEksN7Z.s:6917   .text.HAL_SPI_Abort_IT:00000000 HAL_SPI_Abort_IT
     /tmp/ccEksN7Z.s:7250   .text.HAL_SPI_Abort_IT:00000148 $d
     /tmp/ccEksN7Z.s:7418   .text.SPI_DMATxAbortCallback:00000000 SPI_DMATxAbortCallback
     /tmp/ccEksN7Z.s:7265   .text.SPI_DMARxAbortCallback:00000000 SPI_DMARxAbortCallback
     /tmp/ccEksN7Z.s:7260   .text.SPI_DMARxAbortCallback:00000000 $t
     /tmp/ccEksN7Z.s:7413   .text.SPI_DMATxAbortCallback:00000000 $t
     /tmp/ccEksN7Z.s:7564   .text.HAL_SPI_GetState:00000000 $t
     /tmp/ccEksN7Z.s:7570   .text.HAL_SPI_GetState:00000000 HAL_SPI_GetState
     /tmp/ccEksN7Z.s:7588   .text.HAL_SPI_GetError:00000000 $t
     /tmp/ccEksN7Z.s:7594   .text.HAL_SPI_GetError:00000000 HAL_SPI_GetError

UNDEFINED SYMBOLS
HAL_GetTick
SystemCoreClock
HAL_DMA_Start_IT
HAL_DMA_Abort
HAL_DMA_Abort_IT
