
build/debug/tatookit.elf:     file format elf32-littlearm

Sections:
Idx Name          Size      VMA       LMA       File off  Algn
  0 .isr_vector   00000190  08000000  08000000  00001000  2**0
                  CONTENTS, ALLOC, LOAD, READONLY, DATA
  1 .text         000044e8  08000190  08000190  00001190  2**3
                  CONTENTS, ALLOC, LOAD, READONLY, CODE
  2 .rodata       00001b08  08004678  08004678  00005678  2**2
                  CONTENTS, ALLOC, LOAD, READONLY, DATA
  3 .ARM.extab    00000000  08006180  08006180  00008020  2**0
                  CONTENTS
  4 .ARM          00000000  08006180  08006180  00008020  2**0
                  CONTENTS
  5 .preinit_array 00000000  08006180  08006180  00008020  2**0
                  CONTENTS, ALLOC, LOAD, DATA
  6 .init_array   00000008  08006180  08006180  00007180  2**2
                  CONTENTS, ALLOC, LOAD, DATA
  7 .fini_array   00000008  08006188  08006188  00007188  2**2
                  CONTENTS, ALLOC, LOAD, DATA
  8 .data         00000020  20000000  08006190  00008000  2**2
                  CONTENTS, ALLOC, LOAD, DATA
  9 .bss          00000354  20000020  080061b0  00008020  2**2
                  ALLOC
 10 ._user_heap_stack 00000604  20000374  080061b0  00008374  2**0
                  ALLOC
 11 .ARM.attributes 00000030  00000000  00000000  00008020  2**0
                  CONTENTS, READONLY
 12 .comment      00000039  00000000  00000000  00008050  2**0
                  CONTENTS, READONLY
 13 .debug_info   0001a0d5  00000000  00000000  00008089  2**0
                  CONTENTS, READONLY, DEBUGGING, OCTETS
 14 .debug_abbrev 0000379c  00000000  00000000  0002215e  2**0
                  CONTENTS, READONLY, DEBUGGING, OCTETS
 15 .debug_loclists 0000b5fd  00000000  00000000  000258fa  2**0
                  CONTENTS, READONLY, DEBUGGING, OCTETS
 16 .debug_aranges 00000fa8  00000000  00000000  00030ef8  2**3
                  CONTENTS, READONLY, DEBUGGING, OCTETS
 17 .debug_rnglists 00000d96  00000000  00000000  00031ea0  2**0
                  CONTENTS, READONLY, DEBUGGING, OCTETS
 18 .debug_line   00013cc8  00000000  00000000  00032c36  2**0
                  CONTENTS, READONLY, DEBUGGING, OCTETS
 19 .debug_str    00005112  00000000  00000000  000468fe  2**0
                  CONTENTS, READONLY, DEBUGGING, OCTETS
 20 .debug_frame  000029b0  00000000  00000000  0004ba10  2**2
                  CONTENTS, READONLY, DEBUGGING, OCTETS
 21 .debug_line_str 00000048  00000000  00000000  0004e3c0  2**0
                  CONTENTS, READONLY, DEBUGGING, OCTETS

Disassembly of section .text:

08000190 <__aeabi_drsub>:
 8000190:	f081 4100 	eor.w	r1, r1, #2147483648	@ 0x80000000
 8000194:	e002      	b.n	800019c <__adddf3>
 8000196:	bf00      	nop

08000198 <__aeabi_dsub>:
 8000198:	f083 4300 	eor.w	r3, r3, #2147483648	@ 0x80000000

0800019c <__adddf3>:
 800019c:	b530      	push	{r4, r5, lr}
 800019e:	ea4f 0441 	mov.w	r4, r1, lsl #1
 80001a2:	ea4f 0543 	mov.w	r5, r3, lsl #1
 80001a6:	ea94 0f05 	teq	r4, r5
 80001aa:	bf08      	it	eq
 80001ac:	ea90 0f02 	teqeq	r0, r2
 80001b0:	bf1f      	itttt	ne
 80001b2:	ea54 0c00 	orrsne.w	ip, r4, r0
 80001b6:	ea55 0c02 	orrsne.w	ip, r5, r2
 80001ba:	ea7f 5c64 	mvnsne.w	ip, r4, asr #21
 80001be:	ea7f 5c65 	mvnsne.w	ip, r5, asr #21
 80001c2:	f000 80e2 	beq.w	800038a <__adddf3+0x1ee>
 80001c6:	ea4f 5454 	mov.w	r4, r4, lsr #21
 80001ca:	ebd4 5555 	rsbs	r5, r4, r5, lsr #21
 80001ce:	bfb8      	it	lt
 80001d0:	426d      	neglt	r5, r5
 80001d2:	dd0c      	ble.n	80001ee <__adddf3+0x52>
 80001d4:	442c      	add	r4, r5
 80001d6:	ea80 0202 	eor.w	r2, r0, r2
 80001da:	ea81 0303 	eor.w	r3, r1, r3
 80001de:	ea82 0000 	eor.w	r0, r2, r0
 80001e2:	ea83 0101 	eor.w	r1, r3, r1
 80001e6:	ea80 0202 	eor.w	r2, r0, r2
 80001ea:	ea81 0303 	eor.w	r3, r1, r3
 80001ee:	2d36      	cmp	r5, #54	@ 0x36
 80001f0:	bf88      	it	hi
 80001f2:	bd30      	pophi	{r4, r5, pc}
 80001f4:	f011 4f00 	tst.w	r1, #2147483648	@ 0x80000000
 80001f8:	ea4f 3101 	mov.w	r1, r1, lsl #12
 80001fc:	f44f 1c80 	mov.w	ip, #1048576	@ 0x100000
 8000200:	ea4c 3111 	orr.w	r1, ip, r1, lsr #12
 8000204:	d002      	beq.n	800020c <__adddf3+0x70>
 8000206:	4240      	negs	r0, r0
 8000208:	eb61 0141 	sbc.w	r1, r1, r1, lsl #1
 800020c:	f013 4f00 	tst.w	r3, #2147483648	@ 0x80000000
 8000210:	ea4f 3303 	mov.w	r3, r3, lsl #12
 8000214:	ea4c 3313 	orr.w	r3, ip, r3, lsr #12
 8000218:	d002      	beq.n	8000220 <__adddf3+0x84>
 800021a:	4252      	negs	r2, r2
 800021c:	eb63 0343 	sbc.w	r3, r3, r3, lsl #1
 8000220:	ea94 0f05 	teq	r4, r5
 8000224:	f000 80a7 	beq.w	8000376 <__adddf3+0x1da>
 8000228:	f1a4 0401 	sub.w	r4, r4, #1
 800022c:	f1d5 0e20 	rsbs	lr, r5, #32
 8000230:	db0d      	blt.n	800024e <__adddf3+0xb2>
 8000232:	fa02 fc0e 	lsl.w	ip, r2, lr
 8000236:	fa22 f205 	lsr.w	r2, r2, r5
 800023a:	1880      	adds	r0, r0, r2
 800023c:	f141 0100 	adc.w	r1, r1, #0
 8000240:	fa03 f20e 	lsl.w	r2, r3, lr
 8000244:	1880      	adds	r0, r0, r2
 8000246:	fa43 f305 	asr.w	r3, r3, r5
 800024a:	4159      	adcs	r1, r3
 800024c:	e00e      	b.n	800026c <__adddf3+0xd0>
 800024e:	f1a5 0520 	sub.w	r5, r5, #32
 8000252:	f10e 0e20 	add.w	lr, lr, #32
 8000256:	2a01      	cmp	r2, #1
 8000258:	fa03 fc0e 	lsl.w	ip, r3, lr
 800025c:	bf28      	it	cs
 800025e:	f04c 0c02 	orrcs.w	ip, ip, #2
 8000262:	fa43 f305 	asr.w	r3, r3, r5
 8000266:	18c0      	adds	r0, r0, r3
 8000268:	eb51 71e3 	adcs.w	r1, r1, r3, asr #31
 800026c:	f001 4500 	and.w	r5, r1, #2147483648	@ 0x80000000
 8000270:	d507      	bpl.n	8000282 <__adddf3+0xe6>
 8000272:	f04f 0e00 	mov.w	lr, #0
 8000276:	f1dc 0c00 	rsbs	ip, ip, #0
 800027a:	eb7e 0000 	sbcs.w	r0, lr, r0
 800027e:	eb6e 0101 	sbc.w	r1, lr, r1
 8000282:	f5b1 1f80 	cmp.w	r1, #1048576	@ 0x100000
 8000286:	d31b      	bcc.n	80002c0 <__adddf3+0x124>
 8000288:	f5b1 1f00 	cmp.w	r1, #2097152	@ 0x200000
 800028c:	d30c      	bcc.n	80002a8 <__adddf3+0x10c>
 800028e:	0849      	lsrs	r1, r1, #1
 8000290:	ea5f 0030 	movs.w	r0, r0, rrx
 8000294:	ea4f 0c3c 	mov.w	ip, ip, rrx
 8000298:	f104 0401 	add.w	r4, r4, #1
 800029c:	ea4f 5244 	mov.w	r2, r4, lsl #21
 80002a0:	f512 0f80 	cmn.w	r2, #4194304	@ 0x400000
 80002a4:	f080 809a 	bcs.w	80003dc <__adddf3+0x240>
 80002a8:	f1bc 4f00 	cmp.w	ip, #2147483648	@ 0x80000000
 80002ac:	bf08      	it	eq
 80002ae:	ea5f 0c50 	movseq.w	ip, r0, lsr #1
 80002b2:	f150 0000 	adcs.w	r0, r0, #0
 80002b6:	eb41 5104 	adc.w	r1, r1, r4, lsl #20
 80002ba:	ea41 0105 	orr.w	r1, r1, r5
 80002be:	bd30      	pop	{r4, r5, pc}
 80002c0:	ea5f 0c4c 	movs.w	ip, ip, lsl #1
 80002c4:	4140      	adcs	r0, r0
 80002c6:	eb41 0101 	adc.w	r1, r1, r1
 80002ca:	3c01      	subs	r4, #1
 80002cc:	bf28      	it	cs
 80002ce:	f5b1 1f80 	cmpcs.w	r1, #1048576	@ 0x100000
 80002d2:	d2e9      	bcs.n	80002a8 <__adddf3+0x10c>
 80002d4:	f091 0f00 	teq	r1, #0
 80002d8:	bf04      	itt	eq
 80002da:	4601      	moveq	r1, r0
 80002dc:	2000      	moveq	r0, #0
 80002de:	fab1 f381 	clz	r3, r1
 80002e2:	bf08      	it	eq
 80002e4:	3320      	addeq	r3, #32
 80002e6:	f1a3 030b 	sub.w	r3, r3, #11
 80002ea:	f1b3 0220 	subs.w	r2, r3, #32
 80002ee:	da0c      	bge.n	800030a <__adddf3+0x16e>
 80002f0:	320c      	adds	r2, #12
 80002f2:	dd08      	ble.n	8000306 <__adddf3+0x16a>
 80002f4:	f102 0c14 	add.w	ip, r2, #20
 80002f8:	f1c2 020c 	rsb	r2, r2, #12
 80002fc:	fa01 f00c 	lsl.w	r0, r1, ip
 8000300:	fa21 f102 	lsr.w	r1, r1, r2
 8000304:	e00c      	b.n	8000320 <__adddf3+0x184>
 8000306:	f102 0214 	add.w	r2, r2, #20
 800030a:	bfd8      	it	le
 800030c:	f1c2 0c20 	rsble	ip, r2, #32
 8000310:	fa01 f102 	lsl.w	r1, r1, r2
 8000314:	fa20 fc0c 	lsr.w	ip, r0, ip
 8000318:	bfdc      	itt	le
 800031a:	ea41 010c 	orrle.w	r1, r1, ip
 800031e:	4090      	lslle	r0, r2
 8000320:	1ae4      	subs	r4, r4, r3
 8000322:	bfa2      	ittt	ge
 8000324:	eb01 5104 	addge.w	r1, r1, r4, lsl #20
 8000328:	4329      	orrge	r1, r5
 800032a:	bd30      	popge	{r4, r5, pc}
 800032c:	ea6f 0404 	mvn.w	r4, r4
 8000330:	3c1f      	subs	r4, #31
 8000332:	da1c      	bge.n	800036e <__adddf3+0x1d2>
 8000334:	340c      	adds	r4, #12
 8000336:	dc0e      	bgt.n	8000356 <__adddf3+0x1ba>
 8000338:	f104 0414 	add.w	r4, r4, #20
 800033c:	f1c4 0220 	rsb	r2, r4, #32
 8000340:	fa20 f004 	lsr.w	r0, r0, r4
 8000344:	fa01 f302 	lsl.w	r3, r1, r2
 8000348:	ea40 0003 	orr.w	r0, r0, r3
 800034c:	fa21 f304 	lsr.w	r3, r1, r4
 8000350:	ea45 0103 	orr.w	r1, r5, r3
 8000354:	bd30      	pop	{r4, r5, pc}
 8000356:	f1c4 040c 	rsb	r4, r4, #12
 800035a:	f1c4 0220 	rsb	r2, r4, #32
 800035e:	fa20 f002 	lsr.w	r0, r0, r2
 8000362:	fa01 f304 	lsl.w	r3, r1, r4
 8000366:	ea40 0003 	orr.w	r0, r0, r3
 800036a:	4629      	mov	r1, r5
 800036c:	bd30      	pop	{r4, r5, pc}
 800036e:	fa21 f004 	lsr.w	r0, r1, r4
 8000372:	4629      	mov	r1, r5
 8000374:	bd30      	pop	{r4, r5, pc}
 8000376:	f094 0f00 	teq	r4, #0
 800037a:	f483 1380 	eor.w	r3, r3, #1048576	@ 0x100000
 800037e:	bf06      	itte	eq
 8000380:	f481 1180 	eoreq.w	r1, r1, #1048576	@ 0x100000
 8000384:	3401      	addeq	r4, #1
 8000386:	3d01      	subne	r5, #1
 8000388:	e74e      	b.n	8000228 <__adddf3+0x8c>
 800038a:	ea7f 5c64 	mvns.w	ip, r4, asr #21
 800038e:	bf18      	it	ne
 8000390:	ea7f 5c65 	mvnsne.w	ip, r5, asr #21
 8000394:	d029      	beq.n	80003ea <__adddf3+0x24e>
 8000396:	ea94 0f05 	teq	r4, r5
 800039a:	bf08      	it	eq
 800039c:	ea90 0f02 	teqeq	r0, r2
 80003a0:	d005      	beq.n	80003ae <__adddf3+0x212>
 80003a2:	ea54 0c00 	orrs.w	ip, r4, r0
 80003a6:	bf04      	itt	eq
 80003a8:	4619      	moveq	r1, r3
 80003aa:	4610      	moveq	r0, r2
 80003ac:	bd30      	pop	{r4, r5, pc}
 80003ae:	ea91 0f03 	teq	r1, r3
 80003b2:	bf1e      	ittt	ne
 80003b4:	2100      	movne	r1, #0
 80003b6:	2000      	movne	r0, #0
 80003b8:	bd30      	popne	{r4, r5, pc}
 80003ba:	ea5f 5c54 	movs.w	ip, r4, lsr #21
 80003be:	d105      	bne.n	80003cc <__adddf3+0x230>
 80003c0:	0040      	lsls	r0, r0, #1
 80003c2:	4149      	adcs	r1, r1
 80003c4:	bf28      	it	cs
 80003c6:	f041 4100 	orrcs.w	r1, r1, #2147483648	@ 0x80000000
 80003ca:	bd30      	pop	{r4, r5, pc}
 80003cc:	f514 0480 	adds.w	r4, r4, #4194304	@ 0x400000
 80003d0:	bf3c      	itt	cc
 80003d2:	f501 1180 	addcc.w	r1, r1, #1048576	@ 0x100000
 80003d6:	bd30      	popcc	{r4, r5, pc}
 80003d8:	f001 4500 	and.w	r5, r1, #2147483648	@ 0x80000000
 80003dc:	f045 41fe 	orr.w	r1, r5, #2130706432	@ 0x7f000000
 80003e0:	f441 0170 	orr.w	r1, r1, #15728640	@ 0xf00000
 80003e4:	f04f 0000 	mov.w	r0, #0
 80003e8:	bd30      	pop	{r4, r5, pc}
 80003ea:	ea7f 5c64 	mvns.w	ip, r4, asr #21
 80003ee:	bf1a      	itte	ne
 80003f0:	4619      	movne	r1, r3
 80003f2:	4610      	movne	r0, r2
 80003f4:	ea7f 5c65 	mvnseq.w	ip, r5, asr #21
 80003f8:	bf1c      	itt	ne
 80003fa:	460b      	movne	r3, r1
 80003fc:	4602      	movne	r2, r0
 80003fe:	ea50 3401 	orrs.w	r4, r0, r1, lsl #12
 8000402:	bf06      	itte	eq
 8000404:	ea52 3503 	orrseq.w	r5, r2, r3, lsl #12
 8000408:	ea91 0f03 	teqeq	r1, r3
 800040c:	f441 2100 	orrne.w	r1, r1, #524288	@ 0x80000
 8000410:	bd30      	pop	{r4, r5, pc}
 8000412:	bf00      	nop

08000414 <__aeabi_ui2d>:
 8000414:	f090 0f00 	teq	r0, #0
 8000418:	bf04      	itt	eq
 800041a:	2100      	moveq	r1, #0
 800041c:	4770      	bxeq	lr
 800041e:	b530      	push	{r4, r5, lr}
 8000420:	f44f 6480 	mov.w	r4, #1024	@ 0x400
 8000424:	f104 0432 	add.w	r4, r4, #50	@ 0x32
 8000428:	f04f 0500 	mov.w	r5, #0
 800042c:	f04f 0100 	mov.w	r1, #0
 8000430:	e750      	b.n	80002d4 <__adddf3+0x138>
 8000432:	bf00      	nop

08000434 <__aeabi_i2d>:
 8000434:	f090 0f00 	teq	r0, #0
 8000438:	bf04      	itt	eq
 800043a:	2100      	moveq	r1, #0
 800043c:	4770      	bxeq	lr
 800043e:	b530      	push	{r4, r5, lr}
 8000440:	f44f 6480 	mov.w	r4, #1024	@ 0x400
 8000444:	f104 0432 	add.w	r4, r4, #50	@ 0x32
 8000448:	f010 4500 	ands.w	r5, r0, #2147483648	@ 0x80000000
 800044c:	bf48      	it	mi
 800044e:	4240      	negmi	r0, r0
 8000450:	f04f 0100 	mov.w	r1, #0
 8000454:	e73e      	b.n	80002d4 <__adddf3+0x138>
 8000456:	bf00      	nop

08000458 <__aeabi_f2d>:
 8000458:	0042      	lsls	r2, r0, #1
 800045a:	ea4f 01e2 	mov.w	r1, r2, asr #3
 800045e:	ea4f 0131 	mov.w	r1, r1, rrx
 8000462:	ea4f 7002 	mov.w	r0, r2, lsl #28
 8000466:	bf1f      	itttt	ne
 8000468:	f012 437f 	andsne.w	r3, r2, #4278190080	@ 0xff000000
 800046c:	f093 4f7f 	teqne	r3, #4278190080	@ 0xff000000
 8000470:	f081 5160 	eorne.w	r1, r1, #939524096	@ 0x38000000
 8000474:	4770      	bxne	lr
 8000476:	f032 427f 	bics.w	r2, r2, #4278190080	@ 0xff000000
 800047a:	bf08      	it	eq
 800047c:	4770      	bxeq	lr
 800047e:	f093 4f7f 	teq	r3, #4278190080	@ 0xff000000
 8000482:	bf04      	itt	eq
 8000484:	f441 2100 	orreq.w	r1, r1, #524288	@ 0x80000
 8000488:	4770      	bxeq	lr
 800048a:	b530      	push	{r4, r5, lr}
 800048c:	f44f 7460 	mov.w	r4, #896	@ 0x380
 8000490:	f001 4500 	and.w	r5, r1, #2147483648	@ 0x80000000
 8000494:	f021 4100 	bic.w	r1, r1, #2147483648	@ 0x80000000
 8000498:	e71c      	b.n	80002d4 <__adddf3+0x138>
 800049a:	bf00      	nop

0800049c <__aeabi_ul2d>:
 800049c:	ea50 0201 	orrs.w	r2, r0, r1
 80004a0:	bf08      	it	eq
 80004a2:	4770      	bxeq	lr
 80004a4:	b530      	push	{r4, r5, lr}
 80004a6:	f04f 0500 	mov.w	r5, #0
 80004aa:	e00a      	b.n	80004c2 <__aeabi_l2d+0x16>

080004ac <__aeabi_l2d>:
 80004ac:	ea50 0201 	orrs.w	r2, r0, r1
 80004b0:	bf08      	it	eq
 80004b2:	4770      	bxeq	lr
 80004b4:	b530      	push	{r4, r5, lr}
 80004b6:	f011 4500 	ands.w	r5, r1, #2147483648	@ 0x80000000
 80004ba:	d502      	bpl.n	80004c2 <__aeabi_l2d+0x16>
 80004bc:	4240      	negs	r0, r0
 80004be:	eb61 0141 	sbc.w	r1, r1, r1, lsl #1
 80004c2:	f44f 6480 	mov.w	r4, #1024	@ 0x400
 80004c6:	f104 0432 	add.w	r4, r4, #50	@ 0x32
 80004ca:	ea5f 5c91 	movs.w	ip, r1, lsr #22
 80004ce:	f43f aed8 	beq.w	8000282 <__adddf3+0xe6>
 80004d2:	f04f 0203 	mov.w	r2, #3
 80004d6:	ea5f 0cdc 	movs.w	ip, ip, lsr #3
 80004da:	bf18      	it	ne
 80004dc:	3203      	addne	r2, #3
 80004de:	ea5f 0cdc 	movs.w	ip, ip, lsr #3
 80004e2:	bf18      	it	ne
 80004e4:	3203      	addne	r2, #3
 80004e6:	eb02 02dc 	add.w	r2, r2, ip, lsr #3
 80004ea:	f1c2 0320 	rsb	r3, r2, #32
 80004ee:	fa00 fc03 	lsl.w	ip, r0, r3
 80004f2:	fa20 f002 	lsr.w	r0, r0, r2
 80004f6:	fa01 fe03 	lsl.w	lr, r1, r3
 80004fa:	ea40 000e 	orr.w	r0, r0, lr
 80004fe:	fa21 f102 	lsr.w	r1, r1, r2
 8000502:	4414      	add	r4, r2
 8000504:	e6bd      	b.n	8000282 <__adddf3+0xe6>
 8000506:	bf00      	nop

08000508 <__aeabi_dmul>:
 8000508:	b570      	push	{r4, r5, r6, lr}
 800050a:	f04f 0cff 	mov.w	ip, #255	@ 0xff
 800050e:	f44c 6ce0 	orr.w	ip, ip, #1792	@ 0x700
 8000512:	ea1c 5411 	ands.w	r4, ip, r1, lsr #20
 8000516:	bf1d      	ittte	ne
 8000518:	ea1c 5513 	andsne.w	r5, ip, r3, lsr #20
 800051c:	ea94 0f0c 	teqne	r4, ip
 8000520:	ea95 0f0c 	teqne	r5, ip
 8000524:	f000 f8de 	bleq	80006e4 <__aeabi_dmul+0x1dc>
 8000528:	442c      	add	r4, r5
 800052a:	ea81 0603 	eor.w	r6, r1, r3
 800052e:	ea21 514c 	bic.w	r1, r1, ip, lsl #21
 8000532:	ea23 534c 	bic.w	r3, r3, ip, lsl #21
 8000536:	ea50 3501 	orrs.w	r5, r0, r1, lsl #12
 800053a:	bf18      	it	ne
 800053c:	ea52 3503 	orrsne.w	r5, r2, r3, lsl #12
 8000540:	f441 1180 	orr.w	r1, r1, #1048576	@ 0x100000
 8000544:	f443 1380 	orr.w	r3, r3, #1048576	@ 0x100000
 8000548:	d038      	beq.n	80005bc <__aeabi_dmul+0xb4>
 800054a:	fba0 ce02 	umull	ip, lr, r0, r2
 800054e:	f04f 0500 	mov.w	r5, #0
 8000552:	fbe1 e502 	umlal	lr, r5, r1, r2
 8000556:	f006 4200 	and.w	r2, r6, #2147483648	@ 0x80000000
 800055a:	fbe0 e503 	umlal	lr, r5, r0, r3
 800055e:	f04f 0600 	mov.w	r6, #0
 8000562:	fbe1 5603 	umlal	r5, r6, r1, r3
 8000566:	f09c 0f00 	teq	ip, #0
 800056a:	bf18      	it	ne
 800056c:	f04e 0e01 	orrne.w	lr, lr, #1
 8000570:	f1a4 04ff 	sub.w	r4, r4, #255	@ 0xff
 8000574:	f5b6 7f00 	cmp.w	r6, #512	@ 0x200
 8000578:	f564 7440 	sbc.w	r4, r4, #768	@ 0x300
 800057c:	d204      	bcs.n	8000588 <__aeabi_dmul+0x80>
 800057e:	ea5f 0e4e 	movs.w	lr, lr, lsl #1
 8000582:	416d      	adcs	r5, r5
 8000584:	eb46 0606 	adc.w	r6, r6, r6
 8000588:	ea42 21c6 	orr.w	r1, r2, r6, lsl #11
 800058c:	ea41 5155 	orr.w	r1, r1, r5, lsr #21
 8000590:	ea4f 20c5 	mov.w	r0, r5, lsl #11
 8000594:	ea40 505e 	orr.w	r0, r0, lr, lsr #21
 8000598:	ea4f 2ece 	mov.w	lr, lr, lsl #11
 800059c:	f1b4 0cfd 	subs.w	ip, r4, #253	@ 0xfd
 80005a0:	bf88      	it	hi
 80005a2:	f5bc 6fe0 	cmphi.w	ip, #1792	@ 0x700
 80005a6:	d81e      	bhi.n	80005e6 <__aeabi_dmul+0xde>
 80005a8:	f1be 4f00 	cmp.w	lr, #2147483648	@ 0x80000000
 80005ac:	bf08      	it	eq
 80005ae:	ea5f 0e50 	movseq.w	lr, r0, lsr #1
 80005b2:	f150 0000 	adcs.w	r0, r0, #0
 80005b6:	eb41 5104 	adc.w	r1, r1, r4, lsl #20
 80005ba:	bd70      	pop	{r4, r5, r6, pc}
 80005bc:	f006 4600 	and.w	r6, r6, #2147483648	@ 0x80000000
 80005c0:	ea46 0101 	orr.w	r1, r6, r1
 80005c4:	ea40 0002 	orr.w	r0, r0, r2
 80005c8:	ea81 0103 	eor.w	r1, r1, r3
 80005cc:	ebb4 045c 	subs.w	r4, r4, ip, lsr #1
 80005d0:	bfc2      	ittt	gt
 80005d2:	ebd4 050c 	rsbsgt	r5, r4, ip
 80005d6:	ea41 5104 	orrgt.w	r1, r1, r4, lsl #20
 80005da:	bd70      	popgt	{r4, r5, r6, pc}
 80005dc:	f441 1180 	orr.w	r1, r1, #1048576	@ 0x100000
 80005e0:	f04f 0e00 	mov.w	lr, #0
 80005e4:	3c01      	subs	r4, #1
 80005e6:	f300 80ab 	bgt.w	8000740 <__aeabi_dmul+0x238>
 80005ea:	f114 0f36 	cmn.w	r4, #54	@ 0x36
 80005ee:	bfde      	ittt	le
 80005f0:	2000      	movle	r0, #0
 80005f2:	f001 4100 	andle.w	r1, r1, #2147483648	@ 0x80000000
 80005f6:	bd70      	pople	{r4, r5, r6, pc}
 80005f8:	f1c4 0400 	rsb	r4, r4, #0
 80005fc:	3c20      	subs	r4, #32
 80005fe:	da35      	bge.n	800066c <__aeabi_dmul+0x164>
 8000600:	340c      	adds	r4, #12
 8000602:	dc1b      	bgt.n	800063c <__aeabi_dmul+0x134>
 8000604:	f104 0414 	add.w	r4, r4, #20
 8000608:	f1c4 0520 	rsb	r5, r4, #32
 800060c:	fa00 f305 	lsl.w	r3, r0, r5
 8000610:	fa20 f004 	lsr.w	r0, r0, r4
 8000614:	fa01 f205 	lsl.w	r2, r1, r5
 8000618:	ea40 0002 	orr.w	r0, r0, r2
 800061c:	f001 4200 	and.w	r2, r1, #2147483648	@ 0x80000000
 8000620:	f021 4100 	bic.w	r1, r1, #2147483648	@ 0x80000000
 8000624:	eb10 70d3 	adds.w	r0, r0, r3, lsr #31
 8000628:	fa21 f604 	lsr.w	r6, r1, r4
 800062c:	eb42 0106 	adc.w	r1, r2, r6
 8000630:	ea5e 0e43 	orrs.w	lr, lr, r3, lsl #1
 8000634:	bf08      	it	eq
 8000636:	ea20 70d3 	biceq.w	r0, r0, r3, lsr #31
 800063a:	bd70      	pop	{r4, r5, r6, pc}
 800063c:	f1c4 040c 	rsb	r4, r4, #12
 8000640:	f1c4 0520 	rsb	r5, r4, #32
 8000644:	fa00 f304 	lsl.w	r3, r0, r4
 8000648:	fa20 f005 	lsr.w	r0, r0, r5
 800064c:	fa01 f204 	lsl.w	r2, r1, r4
 8000650:	ea40 0002 	orr.w	r0, r0, r2
 8000654:	f001 4100 	and.w	r1, r1, #2147483648	@ 0x80000000
 8000658:	eb10 70d3 	adds.w	r0, r0, r3, lsr #31
 800065c:	f141 0100 	adc.w	r1, r1, #0
 8000660:	ea5e 0e43 	orrs.w	lr, lr, r3, lsl #1
 8000664:	bf08      	it	eq
 8000666:	ea20 70d3 	biceq.w	r0, r0, r3, lsr #31
 800066a:	bd70      	pop	{r4, r5, r6, pc}
 800066c:	f1c4 0520 	rsb	r5, r4, #32
 8000670:	fa00 f205 	lsl.w	r2, r0, r5
 8000674:	ea4e 0e02 	orr.w	lr, lr, r2
 8000678:	fa20 f304 	lsr.w	r3, r0, r4
 800067c:	fa01 f205 	lsl.w	r2, r1, r5
 8000680:	ea43 0302 	orr.w	r3, r3, r2
 8000684:	fa21 f004 	lsr.w	r0, r1, r4
 8000688:	f001 4100 	and.w	r1, r1, #2147483648	@ 0x80000000
 800068c:	fa21 f204 	lsr.w	r2, r1, r4
 8000690:	ea20 0002 	bic.w	r0, r0, r2
 8000694:	eb00 70d3 	add.w	r0, r0, r3, lsr #31
 8000698:	ea5e 0e43 	orrs.w	lr, lr, r3, lsl #1
 800069c:	bf08      	it	eq
 800069e:	ea20 70d3 	biceq.w	r0, r0, r3, lsr #31
 80006a2:	bd70      	pop	{r4, r5, r6, pc}
 80006a4:	f094 0f00 	teq	r4, #0
 80006a8:	d10f      	bne.n	80006ca <__aeabi_dmul+0x1c2>
 80006aa:	f001 4600 	and.w	r6, r1, #2147483648	@ 0x80000000
 80006ae:	0040      	lsls	r0, r0, #1
 80006b0:	eb41 0101 	adc.w	r1, r1, r1
 80006b4:	f411 1f80 	tst.w	r1, #1048576	@ 0x100000
 80006b8:	bf08      	it	eq
 80006ba:	3c01      	subeq	r4, #1
 80006bc:	d0f7      	beq.n	80006ae <__aeabi_dmul+0x1a6>
 80006be:	ea41 0106 	orr.w	r1, r1, r6
 80006c2:	f095 0f00 	teq	r5, #0
 80006c6:	bf18      	it	ne
 80006c8:	4770      	bxne	lr
 80006ca:	f003 4600 	and.w	r6, r3, #2147483648	@ 0x80000000
 80006ce:	0052      	lsls	r2, r2, #1
 80006d0:	eb43 0303 	adc.w	r3, r3, r3
 80006d4:	f413 1f80 	tst.w	r3, #1048576	@ 0x100000
 80006d8:	bf08      	it	eq
 80006da:	3d01      	subeq	r5, #1
 80006dc:	d0f7      	beq.n	80006ce <__aeabi_dmul+0x1c6>
 80006de:	ea43 0306 	orr.w	r3, r3, r6
 80006e2:	4770      	bx	lr
 80006e4:	ea94 0f0c 	teq	r4, ip
 80006e8:	ea0c 5513 	and.w	r5, ip, r3, lsr #20
 80006ec:	bf18      	it	ne
 80006ee:	ea95 0f0c 	teqne	r5, ip
 80006f2:	d00c      	beq.n	800070e <__aeabi_dmul+0x206>
 80006f4:	ea50 0641 	orrs.w	r6, r0, r1, lsl #1
 80006f8:	bf18      	it	ne
 80006fa:	ea52 0643 	orrsne.w	r6, r2, r3, lsl #1
 80006fe:	d1d1      	bne.n	80006a4 <__aeabi_dmul+0x19c>
 8000700:	ea81 0103 	eor.w	r1, r1, r3
 8000704:	f001 4100 	and.w	r1, r1, #2147483648	@ 0x80000000
 8000708:	f04f 0000 	mov.w	r0, #0
 800070c:	bd70      	pop	{r4, r5, r6, pc}
 800070e:	ea50 0641 	orrs.w	r6, r0, r1, lsl #1
 8000712:	bf06      	itte	eq
 8000714:	4610      	moveq	r0, r2
 8000716:	4619      	moveq	r1, r3
 8000718:	ea52 0643 	orrsne.w	r6, r2, r3, lsl #1
 800071c:	d019      	beq.n	8000752 <__aeabi_dmul+0x24a>
 800071e:	ea94 0f0c 	teq	r4, ip
 8000722:	d102      	bne.n	800072a <__aeabi_dmul+0x222>
 8000724:	ea50 3601 	orrs.w	r6, r0, r1, lsl #12
 8000728:	d113      	bne.n	8000752 <__aeabi_dmul+0x24a>
 800072a:	ea95 0f0c 	teq	r5, ip
 800072e:	d105      	bne.n	800073c <__aeabi_dmul+0x234>
 8000730:	ea52 3603 	orrs.w	r6, r2, r3, lsl #12
 8000734:	bf1c      	itt	ne
 8000736:	4610      	movne	r0, r2
 8000738:	4619      	movne	r1, r3
 800073a:	d10a      	bne.n	8000752 <__aeabi_dmul+0x24a>
 800073c:	ea81 0103 	eor.w	r1, r1, r3
 8000740:	f001 4100 	and.w	r1, r1, #2147483648	@ 0x80000000
 8000744:	f041 41fe 	orr.w	r1, r1, #2130706432	@ 0x7f000000
 8000748:	f441 0170 	orr.w	r1, r1, #15728640	@ 0xf00000
 800074c:	f04f 0000 	mov.w	r0, #0
 8000750:	bd70      	pop	{r4, r5, r6, pc}
 8000752:	f041 41fe 	orr.w	r1, r1, #2130706432	@ 0x7f000000
 8000756:	f441 0178 	orr.w	r1, r1, #16252928	@ 0xf80000
 800075a:	bd70      	pop	{r4, r5, r6, pc}

0800075c <__aeabi_ddiv>:
 800075c:	b570      	push	{r4, r5, r6, lr}
 800075e:	f04f 0cff 	mov.w	ip, #255	@ 0xff
 8000762:	f44c 6ce0 	orr.w	ip, ip, #1792	@ 0x700
 8000766:	ea1c 5411 	ands.w	r4, ip, r1, lsr #20
 800076a:	bf1d      	ittte	ne
 800076c:	ea1c 5513 	andsne.w	r5, ip, r3, lsr #20
 8000770:	ea94 0f0c 	teqne	r4, ip
 8000774:	ea95 0f0c 	teqne	r5, ip
 8000778:	f000 f8a7 	bleq	80008ca <__aeabi_ddiv+0x16e>
 800077c:	eba4 0405 	sub.w	r4, r4, r5
 8000780:	ea81 0e03 	eor.w	lr, r1, r3
 8000784:	ea52 3503 	orrs.w	r5, r2, r3, lsl #12
 8000788:	ea4f 3101 	mov.w	r1, r1, lsl #12
 800078c:	f000 8088 	beq.w	80008a0 <__aeabi_ddiv+0x144>
 8000790:	ea4f 3303 	mov.w	r3, r3, lsl #12
 8000794:	f04f 5580 	mov.w	r5, #268435456	@ 0x10000000
 8000798:	ea45 1313 	orr.w	r3, r5, r3, lsr #4
 800079c:	ea43 6312 	orr.w	r3, r3, r2, lsr #24
 80007a0:	ea4f 2202 	mov.w	r2, r2, lsl #8
 80007a4:	ea45 1511 	orr.w	r5, r5, r1, lsr #4
 80007a8:	ea45 6510 	orr.w	r5, r5, r0, lsr #24
 80007ac:	ea4f 2600 	mov.w	r6, r0, lsl #8
 80007b0:	f00e 4100 	and.w	r1, lr, #2147483648	@ 0x80000000
 80007b4:	429d      	cmp	r5, r3
 80007b6:	bf08      	it	eq
 80007b8:	4296      	cmpeq	r6, r2
 80007ba:	f144 04fd 	adc.w	r4, r4, #253	@ 0xfd
 80007be:	f504 7440 	add.w	r4, r4, #768	@ 0x300
 80007c2:	d202      	bcs.n	80007ca <__aeabi_ddiv+0x6e>
 80007c4:	085b      	lsrs	r3, r3, #1
 80007c6:	ea4f 0232 	mov.w	r2, r2, rrx
 80007ca:	1ab6      	subs	r6, r6, r2
 80007cc:	eb65 0503 	sbc.w	r5, r5, r3
 80007d0:	085b      	lsrs	r3, r3, #1
 80007d2:	ea4f 0232 	mov.w	r2, r2, rrx
 80007d6:	f44f 1080 	mov.w	r0, #1048576	@ 0x100000
 80007da:	f44f 2c00 	mov.w	ip, #524288	@ 0x80000
 80007de:	ebb6 0e02 	subs.w	lr, r6, r2
 80007e2:	eb75 0e03 	sbcs.w	lr, r5, r3
 80007e6:	bf22      	ittt	cs
 80007e8:	1ab6      	subcs	r6, r6, r2
 80007ea:	4675      	movcs	r5, lr
 80007ec:	ea40 000c 	orrcs.w	r0, r0, ip
 80007f0:	085b      	lsrs	r3, r3, #1
 80007f2:	ea4f 0232 	mov.w	r2, r2, rrx
 80007f6:	ebb6 0e02 	subs.w	lr, r6, r2
 80007fa:	eb75 0e03 	sbcs.w	lr, r5, r3
 80007fe:	bf22      	ittt	cs
 8000800:	1ab6      	subcs	r6, r6, r2
 8000802:	4675      	movcs	r5, lr
 8000804:	ea40 005c 	orrcs.w	r0, r0, ip, lsr #1
 8000808:	085b      	lsrs	r3, r3, #1
 800080a:	ea4f 0232 	mov.w	r2, r2, rrx
 800080e:	ebb6 0e02 	subs.w	lr, r6, r2
 8000812:	eb75 0e03 	sbcs.w	lr, r5, r3
 8000816:	bf22      	ittt	cs
 8000818:	1ab6      	subcs	r6, r6, r2
 800081a:	4675      	movcs	r5, lr
 800081c:	ea40 009c 	orrcs.w	r0, r0, ip, lsr #2
 8000820:	085b      	lsrs	r3, r3, #1
 8000822:	ea4f 0232 	mov.w	r2, r2, rrx
 8000826:	ebb6 0e02 	subs.w	lr, r6, r2
 800082a:	eb75 0e03 	sbcs.w	lr, r5, r3
 800082e:	bf22      	ittt	cs
 8000830:	1ab6      	subcs	r6, r6, r2
 8000832:	4675      	movcs	r5, lr
 8000834:	ea40 00dc 	orrcs.w	r0, r0, ip, lsr #3
 8000838:	ea55 0e06 	orrs.w	lr, r5, r6
 800083c:	d018      	beq.n	8000870 <__aeabi_ddiv+0x114>
 800083e:	ea4f 1505 	mov.w	r5, r5, lsl #4
 8000842:	ea45 7516 	orr.w	r5, r5, r6, lsr #28
 8000846:	ea4f 1606 	mov.w	r6, r6, lsl #4
 800084a:	ea4f 03c3 	mov.w	r3, r3, lsl #3
 800084e:	ea43 7352 	orr.w	r3, r3, r2, lsr #29
 8000852:	ea4f 02c2 	mov.w	r2, r2, lsl #3
 8000856:	ea5f 1c1c 	movs.w	ip, ip, lsr #4
 800085a:	d1c0      	bne.n	80007de <__aeabi_ddiv+0x82>
 800085c:	f411 1f80 	tst.w	r1, #1048576	@ 0x100000
 8000860:	d10b      	bne.n	800087a <__aeabi_ddiv+0x11e>
 8000862:	ea41 0100 	orr.w	r1, r1, r0
 8000866:	f04f 0000 	mov.w	r0, #0
 800086a:	f04f 4c00 	mov.w	ip, #2147483648	@ 0x80000000
 800086e:	e7b6      	b.n	80007de <__aeabi_ddiv+0x82>
 8000870:	f411 1f80 	tst.w	r1, #1048576	@ 0x100000
 8000874:	bf04      	itt	eq
 8000876:	4301      	orreq	r1, r0
 8000878:	2000      	moveq	r0, #0
 800087a:	f1b4 0cfd 	subs.w	ip, r4, #253	@ 0xfd
 800087e:	bf88      	it	hi
 8000880:	f5bc 6fe0 	cmphi.w	ip, #1792	@ 0x700
 8000884:	f63f aeaf 	bhi.w	80005e6 <__aeabi_dmul+0xde>
 8000888:	ebb5 0c03 	subs.w	ip, r5, r3
 800088c:	bf04      	itt	eq
 800088e:	ebb6 0c02 	subseq.w	ip, r6, r2
 8000892:	ea5f 0c50 	movseq.w	ip, r0, lsr #1
 8000896:	f150 0000 	adcs.w	r0, r0, #0
 800089a:	eb41 5104 	adc.w	r1, r1, r4, lsl #20
 800089e:	bd70      	pop	{r4, r5, r6, pc}
 80008a0:	f00e 4e00 	and.w	lr, lr, #2147483648	@ 0x80000000
 80008a4:	ea4e 3111 	orr.w	r1, lr, r1, lsr #12
 80008a8:	eb14 045c 	adds.w	r4, r4, ip, lsr #1
 80008ac:	bfc2      	ittt	gt
 80008ae:	ebd4 050c 	rsbsgt	r5, r4, ip
 80008b2:	ea41 5104 	orrgt.w	r1, r1, r4, lsl #20
 80008b6:	bd70      	popgt	{r4, r5, r6, pc}
 80008b8:	f441 1180 	orr.w	r1, r1, #1048576	@ 0x100000
 80008bc:	f04f 0e00 	mov.w	lr, #0
 80008c0:	3c01      	subs	r4, #1
 80008c2:	e690      	b.n	80005e6 <__aeabi_dmul+0xde>
 80008c4:	ea45 0e06 	orr.w	lr, r5, r6
 80008c8:	e68d      	b.n	80005e6 <__aeabi_dmul+0xde>
 80008ca:	ea0c 5513 	and.w	r5, ip, r3, lsr #20
 80008ce:	ea94 0f0c 	teq	r4, ip
 80008d2:	bf08      	it	eq
 80008d4:	ea95 0f0c 	teqeq	r5, ip
 80008d8:	f43f af3b 	beq.w	8000752 <__aeabi_dmul+0x24a>
 80008dc:	ea94 0f0c 	teq	r4, ip
 80008e0:	d10a      	bne.n	80008f8 <__aeabi_ddiv+0x19c>
 80008e2:	ea50 3401 	orrs.w	r4, r0, r1, lsl #12
 80008e6:	f47f af34 	bne.w	8000752 <__aeabi_dmul+0x24a>
 80008ea:	ea95 0f0c 	teq	r5, ip
 80008ee:	f47f af25 	bne.w	800073c <__aeabi_dmul+0x234>
 80008f2:	4610      	mov	r0, r2
 80008f4:	4619      	mov	r1, r3
 80008f6:	e72c      	b.n	8000752 <__aeabi_dmul+0x24a>
 80008f8:	ea95 0f0c 	teq	r5, ip
 80008fc:	d106      	bne.n	800090c <__aeabi_ddiv+0x1b0>
 80008fe:	ea52 3503 	orrs.w	r5, r2, r3, lsl #12
 8000902:	f43f aefd 	beq.w	8000700 <__aeabi_dmul+0x1f8>
 8000906:	4610      	mov	r0, r2
 8000908:	4619      	mov	r1, r3
 800090a:	e722      	b.n	8000752 <__aeabi_dmul+0x24a>
 800090c:	ea50 0641 	orrs.w	r6, r0, r1, lsl #1
 8000910:	bf18      	it	ne
 8000912:	ea52 0643 	orrsne.w	r6, r2, r3, lsl #1
 8000916:	f47f aec5 	bne.w	80006a4 <__aeabi_dmul+0x19c>
 800091a:	ea50 0441 	orrs.w	r4, r0, r1, lsl #1
 800091e:	f47f af0d 	bne.w	800073c <__aeabi_dmul+0x234>
 8000922:	ea52 0543 	orrs.w	r5, r2, r3, lsl #1
 8000926:	f47f aeeb 	bne.w	8000700 <__aeabi_dmul+0x1f8>
 800092a:	e712      	b.n	8000752 <__aeabi_dmul+0x24a>

0800092c <__gedf2>:
 800092c:	f04f 3cff 	mov.w	ip, #4294967295	@ 0xffffffff
 8000930:	e006      	b.n	8000940 <__cmpdf2+0x4>
 8000932:	bf00      	nop

08000934 <__ledf2>:
 8000934:	f04f 0c01 	mov.w	ip, #1
 8000938:	e002      	b.n	8000940 <__cmpdf2+0x4>
 800093a:	bf00      	nop

0800093c <__cmpdf2>:
 800093c:	f04f 0c01 	mov.w	ip, #1
 8000940:	f84d cd04 	str.w	ip, [sp, #-4]!
 8000944:	ea4f 0c41 	mov.w	ip, r1, lsl #1
 8000948:	ea7f 5c6c 	mvns.w	ip, ip, asr #21
 800094c:	ea4f 0c43 	mov.w	ip, r3, lsl #1
 8000950:	bf18      	it	ne
 8000952:	ea7f 5c6c 	mvnsne.w	ip, ip, asr #21
 8000956:	d01b      	beq.n	8000990 <__cmpdf2+0x54>
 8000958:	b001      	add	sp, #4
 800095a:	ea50 0c41 	orrs.w	ip, r0, r1, lsl #1
 800095e:	bf0c      	ite	eq
 8000960:	ea52 0c43 	orrseq.w	ip, r2, r3, lsl #1
 8000964:	ea91 0f03 	teqne	r1, r3
 8000968:	bf02      	ittt	eq
 800096a:	ea90 0f02 	teqeq	r0, r2
 800096e:	2000      	moveq	r0, #0
 8000970:	4770      	bxeq	lr
 8000972:	f110 0f00 	cmn.w	r0, #0
 8000976:	ea91 0f03 	teq	r1, r3
 800097a:	bf58      	it	pl
 800097c:	4299      	cmppl	r1, r3
 800097e:	bf08      	it	eq
 8000980:	4290      	cmpeq	r0, r2
 8000982:	bf2c      	ite	cs
 8000984:	17d8      	asrcs	r0, r3, #31
 8000986:	ea6f 70e3 	mvncc.w	r0, r3, asr #31
 800098a:	f040 0001 	orr.w	r0, r0, #1
 800098e:	4770      	bx	lr
 8000990:	ea4f 0c41 	mov.w	ip, r1, lsl #1
 8000994:	ea7f 5c6c 	mvns.w	ip, ip, asr #21
 8000998:	d102      	bne.n	80009a0 <__cmpdf2+0x64>
 800099a:	ea50 3c01 	orrs.w	ip, r0, r1, lsl #12
 800099e:	d107      	bne.n	80009b0 <__cmpdf2+0x74>
 80009a0:	ea4f 0c43 	mov.w	ip, r3, lsl #1
 80009a4:	ea7f 5c6c 	mvns.w	ip, ip, asr #21
 80009a8:	d1d6      	bne.n	8000958 <__cmpdf2+0x1c>
 80009aa:	ea52 3c03 	orrs.w	ip, r2, r3, lsl #12
 80009ae:	d0d3      	beq.n	8000958 <__cmpdf2+0x1c>
 80009b0:	f85d 0b04 	ldr.w	r0, [sp], #4
 80009b4:	4770      	bx	lr
 80009b6:	bf00      	nop

080009b8 <__aeabi_cdrcmple>:
 80009b8:	4684      	mov	ip, r0
 80009ba:	4610      	mov	r0, r2
 80009bc:	4662      	mov	r2, ip
 80009be:	468c      	mov	ip, r1
 80009c0:	4619      	mov	r1, r3
 80009c2:	4663      	mov	r3, ip
 80009c4:	e000      	b.n	80009c8 <__aeabi_cdcmpeq>
 80009c6:	bf00      	nop

080009c8 <__aeabi_cdcmpeq>:
 80009c8:	b501      	push	{r0, lr}
 80009ca:	f7ff ffb7 	bl	800093c <__cmpdf2>
 80009ce:	2800      	cmp	r0, #0
 80009d0:	bf48      	it	mi
 80009d2:	f110 0f00 	cmnmi.w	r0, #0
 80009d6:	bd01      	pop	{r0, pc}

080009d8 <__aeabi_dcmpeq>:
 80009d8:	f84d ed08 	str.w	lr, [sp, #-8]!
 80009dc:	f7ff fff4 	bl	80009c8 <__aeabi_cdcmpeq>
 80009e0:	bf0c      	ite	eq
 80009e2:	2001      	moveq	r0, #1
 80009e4:	2000      	movne	r0, #0
 80009e6:	f85d fb08 	ldr.w	pc, [sp], #8
 80009ea:	bf00      	nop

080009ec <__aeabi_dcmplt>:
 80009ec:	f84d ed08 	str.w	lr, [sp, #-8]!
 80009f0:	f7ff ffea 	bl	80009c8 <__aeabi_cdcmpeq>
 80009f4:	bf34      	ite	cc
 80009f6:	2001      	movcc	r0, #1
 80009f8:	2000      	movcs	r0, #0
 80009fa:	f85d fb08 	ldr.w	pc, [sp], #8
 80009fe:	bf00      	nop

08000a00 <__aeabi_dcmple>:
 8000a00:	f84d ed08 	str.w	lr, [sp, #-8]!
 8000a04:	f7ff ffe0 	bl	80009c8 <__aeabi_cdcmpeq>
 8000a08:	bf94      	ite	ls
 8000a0a:	2001      	movls	r0, #1
 8000a0c:	2000      	movhi	r0, #0
 8000a0e:	f85d fb08 	ldr.w	pc, [sp], #8
 8000a12:	bf00      	nop

08000a14 <__aeabi_dcmpge>:
 8000a14:	f84d ed08 	str.w	lr, [sp, #-8]!
 8000a18:	f7ff ffce 	bl	80009b8 <__aeabi_cdrcmple>
 8000a1c:	bf94      	ite	ls
 8000a1e:	2001      	movls	r0, #1
 8000a20:	2000      	movhi	r0, #0
 8000a22:	f85d fb08 	ldr.w	pc, [sp], #8
 8000a26:	bf00      	nop

08000a28 <__aeabi_dcmpgt>:
 8000a28:	f84d ed08 	str.w	lr, [sp, #-8]!
 8000a2c:	f7ff ffc4 	bl	80009b8 <__aeabi_cdrcmple>
 8000a30:	bf34      	ite	cc
 8000a32:	2001      	movcc	r0, #1
 8000a34:	2000      	movcs	r0, #0
 8000a36:	f85d fb08 	ldr.w	pc, [sp], #8
 8000a3a:	bf00      	nop

08000a3c <__aeabi_d2uiz>:
 8000a3c:	004a      	lsls	r2, r1, #1
 8000a3e:	d211      	bcs.n	8000a64 <__aeabi_d2uiz+0x28>
 8000a40:	f512 1200 	adds.w	r2, r2, #2097152	@ 0x200000
 8000a44:	d211      	bcs.n	8000a6a <__aeabi_d2uiz+0x2e>
 8000a46:	d50d      	bpl.n	8000a64 <__aeabi_d2uiz+0x28>
 8000a48:	f46f 7378 	mvn.w	r3, #992	@ 0x3e0
 8000a4c:	ebb3 5262 	subs.w	r2, r3, r2, asr #21
 8000a50:	d40e      	bmi.n	8000a70 <__aeabi_d2uiz+0x34>
 8000a52:	ea4f 23c1 	mov.w	r3, r1, lsl #11
 8000a56:	f043 4300 	orr.w	r3, r3, #2147483648	@ 0x80000000
 8000a5a:	ea43 5350 	orr.w	r3, r3, r0, lsr #21
 8000a5e:	fa23 f002 	lsr.w	r0, r3, r2
 8000a62:	4770      	bx	lr
 8000a64:	f04f 0000 	mov.w	r0, #0
 8000a68:	4770      	bx	lr
 8000a6a:	ea50 3001 	orrs.w	r0, r0, r1, lsl #12
 8000a6e:	d102      	bne.n	8000a76 <__aeabi_d2uiz+0x3a>
 8000a70:	f04f 30ff 	mov.w	r0, #4294967295	@ 0xffffffff
 8000a74:	4770      	bx	lr
 8000a76:	f04f 0000 	mov.w	r0, #0
 8000a7a:	4770      	bx	lr

08000a7c <__aeabi_d2f>:
 8000a7c:	ea4f 0241 	mov.w	r2, r1, lsl #1
 8000a80:	f1b2 43e0 	subs.w	r3, r2, #1879048192	@ 0x70000000
 8000a84:	bf24      	itt	cs
 8000a86:	f5b3 1c00 	subscs.w	ip, r3, #2097152	@ 0x200000
 8000a8a:	f1dc 5cfe 	rsbscs	ip, ip, #532676608	@ 0x1fc00000
 8000a8e:	d90d      	bls.n	8000aac <__aeabi_d2f+0x30>
 8000a90:	f001 4c00 	and.w	ip, r1, #2147483648	@ 0x80000000
 8000a94:	ea4f 02c0 	mov.w	r2, r0, lsl #3
 8000a98:	ea4c 7050 	orr.w	r0, ip, r0, lsr #29
 8000a9c:	f1b2 4f00 	cmp.w	r2, #2147483648	@ 0x80000000
 8000aa0:	eb40 0083 	adc.w	r0, r0, r3, lsl #2
 8000aa4:	bf08      	it	eq
 8000aa6:	f020 0001 	biceq.w	r0, r0, #1
 8000aaa:	4770      	bx	lr
 8000aac:	f011 4f80 	tst.w	r1, #1073741824	@ 0x40000000
 8000ab0:	d121      	bne.n	8000af6 <__aeabi_d2f+0x7a>
 8000ab2:	f113 7238 	adds.w	r2, r3, #48234496	@ 0x2e00000
 8000ab6:	bfbc      	itt	lt
 8000ab8:	f001 4000 	andlt.w	r0, r1, #2147483648	@ 0x80000000
 8000abc:	4770      	bxlt	lr
 8000abe:	f441 1180 	orr.w	r1, r1, #1048576	@ 0x100000
 8000ac2:	ea4f 5252 	mov.w	r2, r2, lsr #21
 8000ac6:	f1c2 0218 	rsb	r2, r2, #24
 8000aca:	f1c2 0c20 	rsb	ip, r2, #32
 8000ace:	fa10 f30c 	lsls.w	r3, r0, ip
 8000ad2:	fa20 f002 	lsr.w	r0, r0, r2
 8000ad6:	bf18      	it	ne
 8000ad8:	f040 0001 	orrne.w	r0, r0, #1
 8000adc:	ea4f 23c1 	mov.w	r3, r1, lsl #11
 8000ae0:	ea4f 23d3 	mov.w	r3, r3, lsr #11
 8000ae4:	fa03 fc0c 	lsl.w	ip, r3, ip
 8000ae8:	ea40 000c 	orr.w	r0, r0, ip
 8000aec:	fa23 f302 	lsr.w	r3, r3, r2
 8000af0:	ea4f 0343 	mov.w	r3, r3, lsl #1
 8000af4:	e7cc      	b.n	8000a90 <__aeabi_d2f+0x14>
 8000af6:	ea7f 5362 	mvns.w	r3, r2, asr #21
 8000afa:	d107      	bne.n	8000b0c <__aeabi_d2f+0x90>
 8000afc:	ea50 3301 	orrs.w	r3, r0, r1, lsl #12
 8000b00:	bf1e      	ittt	ne
 8000b02:	f04f 40fe 	movne.w	r0, #2130706432	@ 0x7f000000
 8000b06:	f440 0040 	orrne.w	r0, r0, #12582912	@ 0xc00000
 8000b0a:	4770      	bxne	lr
 8000b0c:	f001 4000 	and.w	r0, r1, #2147483648	@ 0x80000000
 8000b10:	f040 40fe 	orr.w	r0, r0, #2130706432	@ 0x7f000000
 8000b14:	f440 0000 	orr.w	r0, r0, #8388608	@ 0x800000
 8000b18:	4770      	bx	lr
 8000b1a:	bf00      	nop

08000b1c <__do_global_dtors_aux>:
 8000b1c:	b510      	push	{r4, lr}
 8000b1e:	4c05      	ldr	r4, [pc, #20]	@ (8000b34 <__do_global_dtors_aux+0x18>)
 8000b20:	7823      	ldrb	r3, [r4, #0]
 8000b22:	b933      	cbnz	r3, 8000b32 <__do_global_dtors_aux+0x16>
 8000b24:	4b04      	ldr	r3, [pc, #16]	@ (8000b38 <__do_global_dtors_aux+0x1c>)
 8000b26:	b113      	cbz	r3, 8000b2e <__do_global_dtors_aux+0x12>
 8000b28:	4804      	ldr	r0, [pc, #16]	@ (8000b3c <__do_global_dtors_aux+0x20>)
 8000b2a:	f3af 8000 	nop.w
 8000b2e:	2301      	movs	r3, #1
 8000b30:	7023      	strb	r3, [r4, #0]
 8000b32:	bd10      	pop	{r4, pc}
 8000b34:	20000020 	.word	0x20000020
 8000b38:	00000000 	.word	0x00000000
 8000b3c:	08004660 	.word	0x08004660

08000b40 <frame_dummy>:
 8000b40:	b508      	push	{r3, lr}
 8000b42:	4b03      	ldr	r3, [pc, #12]	@ (8000b50 <frame_dummy+0x10>)
 8000b44:	b11b      	cbz	r3, 8000b4e <frame_dummy+0xe>
 8000b46:	4903      	ldr	r1, [pc, #12]	@ (8000b54 <frame_dummy+0x14>)
 8000b48:	4803      	ldr	r0, [pc, #12]	@ (8000b58 <frame_dummy+0x18>)
 8000b4a:	f3af 8000 	nop.w
 8000b4e:	bd08      	pop	{r3, pc}
 8000b50:	00000000 	.word	0x00000000
 8000b54:	20000024 	.word	0x20000024
 8000b58:	08004660 	.word	0x08004660

08000b5c <adc_init>:
  PA1 IN6 VBAT 10k - 10k 
  PA6 IN11 MOTOR ... - 10k 
  PB0 IN15 POWER 180k - 39k
  */ 

{
 8000b5c:	b510      	push	{r4, lr}
    RCC->AHB2ENR |= RCC_AHB2ENR_ADCEN;
 8000b5e:	4b4a      	ldr	r3, [pc, #296]	@ (8000c88 <adc_init+0x12c>)
 8000b60:	6cda      	ldr	r2, [r3, #76]	@ 0x4c
 8000b62:	f442 5200 	orr.w	r2, r2, #8192	@ 0x2000
 8000b66:	64da      	str	r2, [r3, #76]	@ 0x4c
    RCC->CCIPR |= RCC_CCIPR_ADCSEL_0 | RCC_CCIPR_ADCSEL_1; //CLOCK FROM SYSCLK
 8000b68:	f8d3 2088 	ldr.w	r2, [r3, #136]	@ 0x88
 8000b6c:	f042 5240 	orr.w	r2, r2, #805306368	@ 0x30000000
 8000b70:	f8c3 2088 	str.w	r2, [r3, #136]	@ 0x88

    RCC->AHB1ENR |= RCC_AHB1ENR_DMA1EN; 
 8000b74:	6c9a      	ldr	r2, [r3, #72]	@ 0x48
 8000b76:	f042 0201 	orr.w	r2, r2, #1
 8000b7a:	649a      	str	r2, [r3, #72]	@ 0x48
    DMA1_Channel1->CPAR = (uint32_t)&(ADC1->DR);
 8000b7c:	f5a3 5380 	sub.w	r3, r3, #4096	@ 0x1000
 8000b80:	4a42      	ldr	r2, [pc, #264]	@ (8000c8c <adc_init+0x130>)
 8000b82:	611a      	str	r2, [r3, #16]
    DMA1_Channel1->CMAR = (uint32_t)ADC_Data;
 8000b84:	4a42      	ldr	r2, [pc, #264]	@ (8000c90 <adc_init+0x134>)
 8000b86:	615a      	str	r2, [r3, #20]
    DMA1_Channel1->CNDTR = 3;
 8000b88:	2203      	movs	r2, #3
 8000b8a:	60da      	str	r2, [r3, #12]
    DMA1_Channel1->CCR &= ~DMA_CCR_DIR; //Direction from peripheral to memory
 8000b8c:	689a      	ldr	r2, [r3, #8]
 8000b8e:	f022 0210 	bic.w	r2, r2, #16
 8000b92:	609a      	str	r2, [r3, #8]
    DMA1_Channel1->CCR |= DMA_CCR_CIRC; //circular mode
 8000b94:	689a      	ldr	r2, [r3, #8]
 8000b96:	f042 0220 	orr.w	r2, r2, #32
 8000b9a:	609a      	str	r2, [r3, #8]
    DMA1_Channel1->CCR |= (DMA_CCR_PSIZE_0 | DMA_CCR_MSIZE_0); //Memory and peripheral 16 bits
 8000b9c:	689a      	ldr	r2, [r3, #8]
 8000b9e:	f442 62a0 	orr.w	r2, r2, #1280	@ 0x500
 8000ba2:	609a      	str	r2, [r3, #8]
    DMA1_Channel1->CCR |= DMA_CCR_TCIE; //interrupt transmission complete
 8000ba4:	689a      	ldr	r2, [r3, #8]
 8000ba6:	f042 0202 	orr.w	r2, r2, #2
 8000baa:	609a      	str	r2, [r3, #8]
    DMA1_Channel1->CCR |= DMA_CCR_PL;
 8000bac:	689a      	ldr	r2, [r3, #8]
 8000bae:	f442 5240 	orr.w	r2, r2, #12288	@ 0x3000
 8000bb2:	609a      	str	r2, [r3, #8]
    DMA1_Channel1->CCR |= DMA_CCR_MINC; //memory increment
 8000bb4:	689a      	ldr	r2, [r3, #8]
 8000bb6:	f042 0280 	orr.w	r2, r2, #128	@ 0x80
 8000bba:	609a      	str	r2, [r3, #8]
__STATIC_INLINE void __NVIC_EnableIRQ(IRQn_Type IRQn)
{
  if ((int32_t)(IRQn) >= 0)
  {
    __COMPILER_BARRIER();
    NVIC->ISER[(((uint32_t)IRQn) >> 5UL)] = (uint32_t)(1UL << (((uint32_t)IRQn) & 0x1FUL));
 8000bbc:	4a35      	ldr	r2, [pc, #212]	@ (8000c94 <adc_init+0x138>)
 8000bbe:	f44f 6100 	mov.w	r1, #2048	@ 0x800
 8000bc2:	6011      	str	r1, [r2, #0]
    NVIC_EnableIRQ(DMA1_Channel1_IRQn);
    DMA1_Channel1->CCR |= DMA_CCR_EN;
 8000bc4:	689a      	ldr	r2, [r3, #8]
 8000bc6:	f042 0201 	orr.w	r2, r2, #1
 8000bca:	609a      	str	r2, [r3, #8]




    ADC1->CR &= ~ADC_CR_ADEN; // ADC off
 8000bcc:	4a32      	ldr	r2, [pc, #200]	@ (8000c98 <adc_init+0x13c>)
 8000bce:	6893      	ldr	r3, [r2, #8]
 8000bd0:	f023 0301 	bic.w	r3, r3, #1
 8000bd4:	6093      	str	r3, [r2, #8]
    while (ADC1->CR & ADC_CR_ADEN); //
 8000bd6:	4b30      	ldr	r3, [pc, #192]	@ (8000c98 <adc_init+0x13c>)
 8000bd8:	689b      	ldr	r3, [r3, #8]
 8000bda:	f013 0f01 	tst.w	r3, #1
 8000bde:	d1fa      	bne.n	8000bd6 <adc_init+0x7a>
    ADC1_COMMON->CCR |= 0xB << 18; //ADC Prescaler
 8000be0:	4a2e      	ldr	r2, [pc, #184]	@ (8000c9c <adc_init+0x140>)
 8000be2:	6893      	ldr	r3, [r2, #8]
 8000be4:	f443 1330 	orr.w	r3, r3, #2883584	@ 0x2c0000
 8000be8:	6093      	str	r3, [r2, #8]
    HAL_ADCEx_Calibration_Start(&hadc1, ADC_SINGLE_ENDED);
 8000bea:	217f      	movs	r1, #127	@ 0x7f
 8000bec:	482c      	ldr	r0, [pc, #176]	@ (8000ca0 <adc_init+0x144>)
 8000bee:	f001 f8ef 	bl	8001dd0 <HAL_ADCEx_Calibration_Start>
    // Настройка разрешения и режима работы
    ADC1->CFGR |= ADC_CFGR_CONT | ADC_CFGR_DMAEN | ADC_CFGR_DMACFG; // Continious mode, DMA ON, DMA Circular mode
 8000bf2:	4b29      	ldr	r3, [pc, #164]	@ (8000c98 <adc_init+0x13c>)
 8000bf4:	68da      	ldr	r2, [r3, #12]
 8000bf6:	f442 5200 	orr.w	r2, r2, #8192	@ 0x2000
 8000bfa:	f042 0203 	orr.w	r2, r2, #3
 8000bfe:	60da      	str	r2, [r3, #12]
    ADC1->SMPR2 |= 7 << 15; // 640.5 ADC clock cycles
 8000c00:	699a      	ldr	r2, [r3, #24]
 8000c02:	f442 3260 	orr.w	r2, r2, #229376	@ 0x38000
 8000c06:	619a      	str	r2, [r3, #24]
    ADC1->SQR1 |= 2 << ADC_SQR1_L_Pos; // 3 conversions: VBAT ADC, POWER, MOTOR CURRENT
 8000c08:	6b1a      	ldr	r2, [r3, #48]	@ 0x30
 8000c0a:	f042 0202 	orr.w	r2, r2, #2
 8000c0e:	631a      	str	r2, [r3, #48]	@ 0x30
    ADC1->SQR1 |= (6 << ADC_SQR1_SQ1_Pos | 11 << ADC_SQR1_SQ2_Pos | 15 << ADC_SQR1_SQ3_Pos); // Set channels
 8000c10:	6b1a      	ldr	r2, [r3, #48]	@ 0x30
 8000c12:	f442 1272 	orr.w	r2, r2, #3964928	@ 0x3c8000
 8000c16:	f442 5246 	orr.w	r2, r2, #12672	@ 0x3180
 8000c1a:	631a      	str	r2, [r3, #48]	@ 0x30

    
    // 
    ADC1->IER |= ADC_IER_EOCIE; //enable interrupt bit
 8000c1c:	685a      	ldr	r2, [r3, #4]
 8000c1e:	f042 0204 	orr.w	r2, r2, #4
 8000c22:	605a      	str	r2, [r3, #4]
 8000c24:	4a1b      	ldr	r2, [pc, #108]	@ (8000c94 <adc_init+0x138>)
 8000c26:	f44f 2180 	mov.w	r1, #262144	@ 0x40000
 8000c2a:	6011      	str	r1, [r2, #0]
    NVIC_EnableIRQ(ADC1_IRQn); 
    ADC1->ISR |= ADC_ISR_ADRDY;
 8000c2c:	681a      	ldr	r2, [r3, #0]
 8000c2e:	f042 0201 	orr.w	r2, r2, #1
 8000c32:	601a      	str	r2, [r3, #0]
    ADC1->CR &= ~ADC_CR_DEEPPWD;
 8000c34:	689a      	ldr	r2, [r3, #8]
 8000c36:	f022 5200 	bic.w	r2, r2, #536870912	@ 0x20000000
 8000c3a:	609a      	str	r2, [r3, #8]
    ADC1->CFGR |= ADC_CFGR_JQDIS;
 8000c3c:	68da      	ldr	r2, [r3, #12]
 8000c3e:	f042 4200 	orr.w	r2, r2, #2147483648	@ 0x80000000
 8000c42:	60da      	str	r2, [r3, #12]

//Enable ADC
  ADC1->ISR |= ADC_ISR_ADRDY;  //Clear the ADRDY bit in the ADC_ISR register by writing ‘1’
 8000c44:	681a      	ldr	r2, [r3, #0]
 8000c46:	f042 0201 	orr.w	r2, r2, #1
 8000c4a:	601a      	str	r2, [r3, #0]
  ADC1->CR |= ADC_CR_ADEN; //Enable ADC
 8000c4c:	689a      	ldr	r2, [r3, #8]
 8000c4e:	f042 0201 	orr.w	r2, r2, #1
 8000c52:	609a      	str	r2, [r3, #8]
  while(ADC1->ISR & ADC_ISR_ADRDY);
 8000c54:	4b10      	ldr	r3, [pc, #64]	@ (8000c98 <adc_init+0x13c>)
 8000c56:	681b      	ldr	r3, [r3, #0]
 8000c58:	f013 0f01 	tst.w	r3, #1
 8000c5c:	d1fa      	bne.n	8000c54 <adc_init+0xf8>
  ADC1->ISR |= ADC_ISR_ADRDY;
 8000c5e:	4c0e      	ldr	r4, [pc, #56]	@ (8000c98 <adc_init+0x13c>)
 8000c60:	6823      	ldr	r3, [r4, #0]
 8000c62:	f043 0301 	orr.w	r3, r3, #1
 8000c66:	6023      	str	r3, [r4, #0]
  ADC1->CR |= ADC_CR_ADVREGEN;
 8000c68:	68a3      	ldr	r3, [r4, #8]
 8000c6a:	f043 5380 	orr.w	r3, r3, #268435456	@ 0x10000000
 8000c6e:	60a3      	str	r3, [r4, #8]
  HAL_Delay(10);
 8000c70:	200a      	movs	r0, #10
 8000c72:	f001 f84f 	bl	8001d14 <HAL_Delay>
  ADC1->CR |= ADC_CR_ADSTART;
 8000c76:	68a3      	ldr	r3, [r4, #8]
 8000c78:	f043 0304 	orr.w	r3, r3, #4
 8000c7c:	60a3      	str	r3, [r4, #8]
  HAL_Delay(10);
 8000c7e:	200a      	movs	r0, #10
 8000c80:	f001 f848 	bl	8001d14 <HAL_Delay>
}
 8000c84:	bd10      	pop	{r4, pc}
 8000c86:	bf00      	nop
 8000c88:	40021000 	.word	0x40021000
 8000c8c:	50040040 	.word	0x50040040
 8000c90:	20000304 	.word	0x20000304
 8000c94:	e000e100 	.word	0xe000e100
 8000c98:	50040000 	.word	0x50040000
 8000c9c:	50040300 	.word	0x50040300
 8000ca0:	2000003c 	.word	0x2000003c

08000ca4 <SystemClock_Config>:
#include "clocks.h"
#include "main.h"
void SystemClock_Config(void)
{
 8000ca4:	b500      	push	{lr}
 8000ca6:	b097      	sub	sp, #92	@ 0x5c
  RCC_OscInitTypeDef RCC_OscInitStruct = {0};
 8000ca8:	2244      	movs	r2, #68	@ 0x44
 8000caa:	2100      	movs	r1, #0
 8000cac:	a805      	add	r0, sp, #20
 8000cae:	f003 fcaa 	bl	8004606 <memset>
  RCC_ClkInitTypeDef RCC_ClkInitStruct = {0};
 8000cb2:	2300      	movs	r3, #0
 8000cb4:	9300      	str	r3, [sp, #0]
 8000cb6:	9301      	str	r3, [sp, #4]
 8000cb8:	9302      	str	r3, [sp, #8]
 8000cba:	9303      	str	r3, [sp, #12]
 8000cbc:	9304      	str	r3, [sp, #16]

  /** Configure the main internal regulator output voltage
  */
  if (HAL_PWREx_ControlVoltageScaling(PWR_REGULATOR_VOLTAGE_SCALE1) != HAL_OK)
 8000cbe:	f44f 7000 	mov.w	r0, #512	@ 0x200
 8000cc2:	f002 f9db 	bl	800307c <HAL_PWREx_ControlVoltageScaling>
 8000cc6:	bb28      	cbnz	r0, 8000d14 <SystemClock_Config+0x70>
  }

  /** Initializes the RCC Oscillators according to the specified parameters
  * in the RCC_OscInitTypeDef structure.
  */
  RCC_OscInitStruct.OscillatorType = RCC_OSCILLATORTYPE_MSI;
 8000cc8:	2310      	movs	r3, #16
 8000cca:	9305      	str	r3, [sp, #20]
  RCC_OscInitStruct.MSIState = RCC_MSI_ON;
 8000ccc:	2201      	movs	r2, #1
 8000cce:	920b      	str	r2, [sp, #44]	@ 0x2c
  RCC_OscInitStruct.MSICalibrationValue = 0;
 8000cd0:	2300      	movs	r3, #0
 8000cd2:	930c      	str	r3, [sp, #48]	@ 0x30
  RCC_OscInitStruct.MSIClockRange = RCC_MSIRANGE_6;
 8000cd4:	2360      	movs	r3, #96	@ 0x60
 8000cd6:	930d      	str	r3, [sp, #52]	@ 0x34
  RCC_OscInitStruct.PLL.PLLState = RCC_PLL_ON;
 8000cd8:	2302      	movs	r3, #2
 8000cda:	930f      	str	r3, [sp, #60]	@ 0x3c
  RCC_OscInitStruct.PLL.PLLSource = RCC_PLLSOURCE_MSI;
 8000cdc:	9210      	str	r2, [sp, #64]	@ 0x40
  RCC_OscInitStruct.PLL.PLLM = 1;
 8000cde:	9211      	str	r2, [sp, #68]	@ 0x44
  RCC_OscInitStruct.PLL.PLLN = 40;
 8000ce0:	2228      	movs	r2, #40	@ 0x28
 8000ce2:	9212      	str	r2, [sp, #72]	@ 0x48
  RCC_OscInitStruct.PLL.PLLP = RCC_PLLP_DIV7;
 8000ce4:	2207      	movs	r2, #7
 8000ce6:	9213      	str	r2, [sp, #76]	@ 0x4c
  RCC_OscInitStruct.PLL.PLLQ = RCC_PLLQ_DIV2;
 8000ce8:	9314      	str	r3, [sp, #80]	@ 0x50
  RCC_OscInitStruct.PLL.PLLR = RCC_PLLR_DIV2;
 8000cea:	9315      	str	r3, [sp, #84]	@ 0x54
  if (HAL_RCC_OscConfig(&RCC_OscInitStruct) != HAL_OK)
 8000cec:	a805      	add	r0, sp, #20
 8000cee:	f002 faaf 	bl	8003250 <HAL_RCC_OscConfig>
 8000cf2:	b990      	cbnz	r0, 8000d1a <SystemClock_Config+0x76>
    Error_Handler();
  }

  /** Initializes the CPU, AHB and APB buses clocks
  */
  RCC_ClkInitStruct.ClockType = RCC_CLOCKTYPE_HCLK|RCC_CLOCKTYPE_SYSCLK
 8000cf4:	230f      	movs	r3, #15
 8000cf6:	9300      	str	r3, [sp, #0]
                              |RCC_CLOCKTYPE_PCLK1|RCC_CLOCKTYPE_PCLK2;
  RCC_ClkInitStruct.SYSCLKSource = RCC_SYSCLKSOURCE_PLLCLK;
 8000cf8:	2303      	movs	r3, #3
 8000cfa:	9301      	str	r3, [sp, #4]
  RCC_ClkInitStruct.AHBCLKDivider = RCC_SYSCLK_DIV1;
 8000cfc:	2300      	movs	r3, #0
 8000cfe:	9302      	str	r3, [sp, #8]
  RCC_ClkInitStruct.APB1CLKDivider = RCC_HCLK_DIV1;
 8000d00:	9303      	str	r3, [sp, #12]
  RCC_ClkInitStruct.APB2CLKDivider = RCC_HCLK_DIV1;
 8000d02:	9304      	str	r3, [sp, #16]

  if (HAL_RCC_ClockConfig(&RCC_ClkInitStruct, FLASH_LATENCY_4) != HAL_OK)
 8000d04:	2104      	movs	r1, #4
 8000d06:	4668      	mov	r0, sp
 8000d08:	f002 fdd8 	bl	80038bc <HAL_RCC_ClockConfig>
 8000d0c:	b940      	cbnz	r0, 8000d20 <SystemClock_Config+0x7c>
  {
    Error_Handler();
  }
 8000d0e:	b017      	add	sp, #92	@ 0x5c
 8000d10:	f85d fb04 	ldr.w	pc, [sp], #4
    Error_Handler();
 8000d14:	f000 fee6 	bl	8001ae4 <Error_Handler>
 8000d18:	e7d6      	b.n	8000cc8 <SystemClock_Config+0x24>
    Error_Handler();
 8000d1a:	f000 fee3 	bl	8001ae4 <Error_Handler>
 8000d1e:	e7e9      	b.n	8000cf4 <SystemClock_Config+0x50>
    Error_Handler();
 8000d20:	f000 fee0 	bl	8001ae4 <Error_Handler>
 8000d24:	e7f3      	b.n	8000d0e <SystemClock_Config+0x6a>
	...

08000d28 <dac_init>:

#include "dac.h"
//#include "stm32l4xx_hal_spi.h"
void dac_init (void)
{ 
 8000d28:	b510      	push	{r4, lr}
 8000d2a:	b082      	sub	sp, #8
    //PA5 Pin
    GPIOA->MODER |= GPIO_MODER_MODE5_0 | GPIO_MODER_MODE5_1; //Analog Mode (reset state)
 8000d2c:	f04f 4390 	mov.w	r3, #1207959552	@ 0x48000000
 8000d30:	681a      	ldr	r2, [r3, #0]
 8000d32:	f442 6240 	orr.w	r2, r2, #3072	@ 0xc00
 8000d36:	601a      	str	r2, [r3, #0]
    GPIOA->OTYPER &= ~GPIO_OTYPER_OT5; //Push-Pull (reset state)
 8000d38:	685a      	ldr	r2, [r3, #4]
 8000d3a:	f022 0220 	bic.w	r2, r2, #32
 8000d3e:	605a      	str	r2, [r3, #4]
    RCC->APB1ENR1 |= RCC_APB1ENR1_DAC1EN;
 8000d40:	4a21      	ldr	r2, [pc, #132]	@ (8000dc8 <dac_init+0xa0>)
 8000d42:	6d93      	ldr	r3, [r2, #88]	@ 0x58
 8000d44:	f043 5300 	orr.w	r3, r3, #536870912	@ 0x20000000
 8000d48:	6593      	str	r3, [r2, #88]	@ 0x58

    /*Calibration*/
    DAC->CR &= ~DAC_CR_EN2;
 8000d4a:	4b20      	ldr	r3, [pc, #128]	@ (8000dcc <dac_init+0xa4>)
 8000d4c:	681a      	ldr	r2, [r3, #0]
 8000d4e:	f422 3280 	bic.w	r2, r2, #65536	@ 0x10000
 8000d52:	601a      	str	r2, [r3, #0]
    DAC->CR &= ~DAC_CR_CEN2;
 8000d54:	681a      	ldr	r2, [r3, #0]
 8000d56:	f022 4280 	bic.w	r2, r2, #1073741824	@ 0x40000000
 8000d5a:	601a      	str	r2, [r3, #0]
    DAC->MCR |= 2 << DAC_MCR_MODE2_Pos; // DAC channel2 is connected to external pin with Buffer enabled
 8000d5c:	6bda      	ldr	r2, [r3, #60]	@ 0x3c
 8000d5e:	f442 3200 	orr.w	r2, r2, #131072	@ 0x20000
 8000d62:	63da      	str	r2, [r3, #60]	@ 0x3c
    DAC->SHSR2 = 500;
 8000d64:	f44f 72fa 	mov.w	r2, #500	@ 0x1f4
 8000d68:	645a      	str	r2, [r3, #68]	@ 0x44
    DAC->CR |= DAC_CR_CEN2;
 8000d6a:	681a      	ldr	r2, [r3, #0]
 8000d6c:	f042 4280 	orr.w	r2, r2, #1073741824	@ 0x40000000
 8000d70:	601a      	str	r2, [r3, #0]


    for (volatile uint8_t calibr = 0; calibr < 31; calibr ++)
 8000d72:	2300      	movs	r3, #0
 8000d74:	f88d 3007 	strb.w	r3, [sp, #7]
 8000d78:	e005      	b.n	8000d86 <dac_init+0x5e>
 8000d7a:	f89d 3007 	ldrb.w	r3, [sp, #7]
 8000d7e:	3301      	adds	r3, #1
 8000d80:	b2db      	uxtb	r3, r3
 8000d82:	f88d 3007 	strb.w	r3, [sp, #7]
 8000d86:	f89d 3007 	ldrb.w	r3, [sp, #7]
 8000d8a:	b2db      	uxtb	r3, r3
 8000d8c:	2b1e      	cmp	r3, #30
 8000d8e:	d80d      	bhi.n	8000dac <dac_init+0x84>
    {
        DAC->CCR |=  calibr << DAC_CCR_OTRIM2_Pos;
 8000d90:	f89d 2007 	ldrb.w	r2, [sp, #7]
 8000d94:	4c0d      	ldr	r4, [pc, #52]	@ (8000dcc <dac_init+0xa4>)
 8000d96:	6ba3      	ldr	r3, [r4, #56]	@ 0x38
 8000d98:	ea43 4302 	orr.w	r3, r3, r2, lsl #16
 8000d9c:	63a3      	str	r3, [r4, #56]	@ 0x38
        HAL_Delay(5);
 8000d9e:	2005      	movs	r0, #5
 8000da0:	f000 ffb8 	bl	8001d14 <HAL_Delay>
        if (DAC->SR & DAC_SR_CAL_FLAG2)
 8000da4:	6b63      	ldr	r3, [r4, #52]	@ 0x34
 8000da6:	f013 4f80 	tst.w	r3, #1073741824	@ 0x40000000
 8000daa:	d0e6      	beq.n	8000d7a <dac_init+0x52>
        break;

    }
    DAC->CR &= ~DAC_CR_CEN2;
 8000dac:	4b07      	ldr	r3, [pc, #28]	@ (8000dcc <dac_init+0xa4>)
 8000dae:	681a      	ldr	r2, [r3, #0]
 8000db0:	f022 4280 	bic.w	r2, r2, #1073741824	@ 0x40000000
 8000db4:	601a      	str	r2, [r3, #0]
    /*End calibration*/

        DAC->CR |= DAC_CR_EN2;
 8000db6:	681a      	ldr	r2, [r3, #0]
 8000db8:	f442 3280 	orr.w	r2, r2, #65536	@ 0x10000
 8000dbc:	601a      	str	r2, [r3, #0]
        DAC->DHR12R2 = 0;
 8000dbe:	2200      	movs	r2, #0
 8000dc0:	615a      	str	r2, [r3, #20]
}
 8000dc2:	b002      	add	sp, #8
 8000dc4:	bd10      	pop	{r4, pc}
 8000dc6:	bf00      	nop
 8000dc8:	40021000 	.word	0x40021000
 8000dcc:	40007400 	.word	0x40007400

08000dd0 <dac_data_send>:

void dac_data_send (uint16_t data)
{
    DAC->DHR12R2 = data;
 8000dd0:	4b01      	ldr	r3, [pc, #4]	@ (8000dd8 <dac_data_send+0x8>)
 8000dd2:	6158      	str	r0, [r3, #20]
 8000dd4:	4770      	bx	lr
 8000dd6:	bf00      	nop
 8000dd8:	40007400 	.word	0x40007400

08000ddc <command>:
	uint8_t Initialized;
} SSD1306_t;
static SSD1306_t SSD1306;

void command (uint8_t command)
{
 8000ddc:	b500      	push	{lr}
 8000dde:	b083      	sub	sp, #12
    uint8_t tcommand = command;
 8000de0:	f88d 0007 	strb.w	r0, [sp, #7]
    cs_low();
 8000de4:	2200      	movs	r2, #0
 8000de6:	f44f 7100 	mov.w	r1, #512	@ 0x200
 8000dea:	f04f 4090 	mov.w	r0, #1207959552	@ 0x48000000
 8000dee:	f001 f9c7 	bl	8002180 <HAL_GPIO_WritePin>
    display_command();
 8000df2:	2200      	movs	r2, #0
 8000df4:	f44f 6180 	mov.w	r1, #1024	@ 0x400
 8000df8:	f04f 4090 	mov.w	r0, #1207959552	@ 0x48000000
 8000dfc:	f001 f9c0 	bl	8002180 <HAL_GPIO_WritePin>
    HAL_SPI_Transmit(&hspi1, &tcommand, 1, 100);
 8000e00:	2364      	movs	r3, #100	@ 0x64
 8000e02:	2201      	movs	r2, #1
 8000e04:	f10d 0107 	add.w	r1, sp, #7
 8000e08:	4806      	ldr	r0, [pc, #24]	@ (8000e24 <command+0x48>)
 8000e0a:	f003 f9dd 	bl	80041c8 <HAL_SPI_Transmit>
    cs_high(); 
 8000e0e:	2201      	movs	r2, #1
 8000e10:	f44f 7100 	mov.w	r1, #512	@ 0x200
 8000e14:	f04f 4090 	mov.w	r0, #1207959552	@ 0x48000000
 8000e18:	f001 f9b2 	bl	8002180 <HAL_GPIO_WritePin>

}
 8000e1c:	b003      	add	sp, #12
 8000e1e:	f85d fb04 	ldr.w	pc, [sp], #4
 8000e22:	bf00      	nop
 8000e24:	2000030c 	.word	0x2000030c

08000e28 <data>:
void data (uint8_t data)
{
 8000e28:	b500      	push	{lr}
 8000e2a:	b083      	sub	sp, #12
    uint8_t tdata = data;
 8000e2c:	f88d 0007 	strb.w	r0, [sp, #7]
    cs_low();
 8000e30:	2200      	movs	r2, #0
 8000e32:	f44f 7100 	mov.w	r1, #512	@ 0x200
 8000e36:	f04f 4090 	mov.w	r0, #1207959552	@ 0x48000000
 8000e3a:	f001 f9a1 	bl	8002180 <HAL_GPIO_WritePin>
    display_data();
 8000e3e:	2201      	movs	r2, #1
 8000e40:	f44f 6180 	mov.w	r1, #1024	@ 0x400
 8000e44:	f04f 4090 	mov.w	r0, #1207959552	@ 0x48000000
 8000e48:	f001 f99a 	bl	8002180 <HAL_GPIO_WritePin>
    HAL_SPI_Transmit(&hspi1, &tdata, 1, 100);
 8000e4c:	2364      	movs	r3, #100	@ 0x64
 8000e4e:	2201      	movs	r2, #1
 8000e50:	f10d 0107 	add.w	r1, sp, #7
 8000e54:	4806      	ldr	r0, [pc, #24]	@ (8000e70 <data+0x48>)
 8000e56:	f003 f9b7 	bl	80041c8 <HAL_SPI_Transmit>
    cs_high(); 
 8000e5a:	2201      	movs	r2, #1
 8000e5c:	f44f 7100 	mov.w	r1, #512	@ 0x200
 8000e60:	f04f 4090 	mov.w	r0, #1207959552	@ 0x48000000
 8000e64:	f001 f98c 	bl	8002180 <HAL_GPIO_WritePin>
    

}
 8000e68:	b003      	add	sp, #12
 8000e6a:	f85d fb04 	ldr.w	pc, [sp], #4
 8000e6e:	bf00      	nop
 8000e70:	2000030c 	.word	0x2000030c

08000e74 <SSD1306_DrawPixel>:
	for (i = 0; i < sizeof(pixelBuffer); i++) {
		pixelBuffer[i] = ~pixelBuffer[i];
	}
}
void SSD1306_DrawPixel(uint16_t x, uint16_t y, SSD1306_COLOR_t color) {
	if (
 8000e74:	287f      	cmp	r0, #127	@ 0x7f
 8000e76:	d825      	bhi.n	8000ec4 <SSD1306_DrawPixel+0x50>
		x >= SSD1306_WIDTH ||
 8000e78:	291f      	cmp	r1, #31
 8000e7a:	d823      	bhi.n	8000ec4 <SSD1306_DrawPixel+0x50>
void SSD1306_DrawPixel(uint16_t x, uint16_t y, SSD1306_COLOR_t color) {
 8000e7c:	b410      	push	{r4}
		/* Error */
		return;
	}
	
	/* Check if pixels are inverted */
	if (SSD1306.Inverted) {
 8000e7e:	4b12      	ldr	r3, [pc, #72]	@ (8000ec8 <SSD1306_DrawPixel+0x54>)
 8000e80:	791b      	ldrb	r3, [r3, #4]
 8000e82:	b113      	cbz	r3, 8000e8a <SSD1306_DrawPixel+0x16>
		color = (SSD1306_COLOR_t)!color;
 8000e84:	fab2 f282 	clz	r2, r2
 8000e88:	0952      	lsrs	r2, r2, #5
	}
	
	/* Set color */
	if (color == SSD1306_COLOR_WHITE) {
 8000e8a:	2a01      	cmp	r2, #1
 8000e8c:	d00f      	beq.n	8000eae <SSD1306_DrawPixel+0x3a>
		pixelBuffer[x + (y / 8) * SSD1306_WIDTH] |= 1 << (y % 8);
	} else {
		pixelBuffer[x + (y / 8) * SSD1306_WIDTH] &= ~(1 << (y % 8));
 8000e8e:	08cb      	lsrs	r3, r1, #3
 8000e90:	eb00 10c3 	add.w	r0, r0, r3, lsl #7
 8000e94:	4c0d      	ldr	r4, [pc, #52]	@ (8000ecc <SSD1306_DrawPixel+0x58>)
 8000e96:	5c22      	ldrb	r2, [r4, r0]
 8000e98:	f001 0107 	and.w	r1, r1, #7
 8000e9c:	2301      	movs	r3, #1
 8000e9e:	408b      	lsls	r3, r1
 8000ea0:	43db      	mvns	r3, r3
 8000ea2:	b25b      	sxtb	r3, r3
 8000ea4:	4013      	ands	r3, r2
 8000ea6:	5423      	strb	r3, [r4, r0]
	}
}
 8000ea8:	f85d 4b04 	ldr.w	r4, [sp], #4
 8000eac:	4770      	bx	lr
		pixelBuffer[x + (y / 8) * SSD1306_WIDTH] |= 1 << (y % 8);
 8000eae:	08cb      	lsrs	r3, r1, #3
 8000eb0:	eb00 10c3 	add.w	r0, r0, r3, lsl #7
 8000eb4:	4c05      	ldr	r4, [pc, #20]	@ (8000ecc <SSD1306_DrawPixel+0x58>)
 8000eb6:	5c23      	ldrb	r3, [r4, r0]
 8000eb8:	f001 0107 	and.w	r1, r1, #7
 8000ebc:	408a      	lsls	r2, r1
 8000ebe:	4313      	orrs	r3, r2
 8000ec0:	5423      	strb	r3, [r4, r0]
 8000ec2:	e7f1      	b.n	8000ea8 <SSD1306_DrawPixel+0x34>
 8000ec4:	4770      	bx	lr
 8000ec6:	bf00      	nop
 8000ec8:	200000a0 	.word	0x200000a0
 8000ecc:	200000a8 	.word	0x200000a8

08000ed0 <SSD1306_GotoXY>:
void SSD1306_GotoXY(uint16_t x, uint16_t y) {
	/* Set write pointers */
	SSD1306.CurrentX = x;
 8000ed0:	4b01      	ldr	r3, [pc, #4]	@ (8000ed8 <SSD1306_GotoXY+0x8>)
 8000ed2:	8018      	strh	r0, [r3, #0]
	SSD1306.CurrentY = y;
 8000ed4:	8059      	strh	r1, [r3, #2]
}
 8000ed6:	4770      	bx	lr
 8000ed8:	200000a0 	.word	0x200000a0

08000edc <SSD1306_Putc>:
char SSD1306_Putc(char ch, FontDef_t* Font, SSD1306_COLOR_t color) {
 8000edc:	e92d 43f8 	stmdb	sp!, {r3, r4, r5, r6, r7, r8, r9, lr}
 8000ee0:	4690      	mov	r8, r2
	uint32_t i, b, j;
	
	/* Check available space in LCD */
	if (
		SSD1306_WIDTH <= (SSD1306.CurrentX + Font->FontWidth) ||
 8000ee2:	4b24      	ldr	r3, [pc, #144]	@ (8000f74 <SSD1306_Putc+0x98>)
 8000ee4:	881b      	ldrh	r3, [r3, #0]
 8000ee6:	780a      	ldrb	r2, [r1, #0]
 8000ee8:	4413      	add	r3, r2
	if (
 8000eea:	2b7f      	cmp	r3, #127	@ 0x7f
 8000eec:	dc3e      	bgt.n	8000f6c <SSD1306_Putc+0x90>
 8000eee:	4681      	mov	r9, r0
 8000ef0:	460d      	mov	r5, r1
		SSD1306_HEIGHT <= (SSD1306.CurrentY + Font->FontHeight)
 8000ef2:	4b20      	ldr	r3, [pc, #128]	@ (8000f74 <SSD1306_Putc+0x98>)
 8000ef4:	885b      	ldrh	r3, [r3, #2]
 8000ef6:	784a      	ldrb	r2, [r1, #1]
 8000ef8:	4413      	add	r3, r2
		SSD1306_WIDTH <= (SSD1306.CurrentX + Font->FontWidth) ||
 8000efa:	2b1f      	cmp	r3, #31
 8000efc:	dc38      	bgt.n	8000f70 <SSD1306_Putc+0x94>
		/* Error */
		return 0;
	}
	
	/* Go through font */
	for (i = 0; i < Font->FontHeight; i++) {
 8000efe:	2600      	movs	r6, #0
 8000f00:	e020      	b.n	8000f44 <SSD1306_Putc+0x68>
		b = Font->data[(ch - 32) * Font->FontHeight + i];
		for (j = 0; j < Font->FontWidth; j++) {
			if ((b << j) & 0x8000) {
				SSD1306_DrawPixel(SSD1306.CurrentX + j, (SSD1306.CurrentY + i), (SSD1306_COLOR_t) color);
			} else {
				SSD1306_DrawPixel(SSD1306.CurrentX + j, (SSD1306.CurrentY + i), (SSD1306_COLOR_t)!color);
 8000f02:	4b1c      	ldr	r3, [pc, #112]	@ (8000f74 <SSD1306_Putc+0x98>)
 8000f04:	8818      	ldrh	r0, [r3, #0]
 8000f06:	8859      	ldrh	r1, [r3, #2]
 8000f08:	4431      	add	r1, r6
 8000f0a:	4420      	add	r0, r4
 8000f0c:	fab8 f288 	clz	r2, r8
 8000f10:	0952      	lsrs	r2, r2, #5
 8000f12:	b289      	uxth	r1, r1
 8000f14:	b280      	uxth	r0, r0
 8000f16:	f7ff ffad 	bl	8000e74 <SSD1306_DrawPixel>
		for (j = 0; j < Font->FontWidth; j++) {
 8000f1a:	3401      	adds	r4, #1
 8000f1c:	782b      	ldrb	r3, [r5, #0]
 8000f1e:	42a3      	cmp	r3, r4
 8000f20:	d90f      	bls.n	8000f42 <SSD1306_Putc+0x66>
			if ((b << j) & 0x8000) {
 8000f22:	fa07 f304 	lsl.w	r3, r7, r4
 8000f26:	f413 4f00 	tst.w	r3, #32768	@ 0x8000
 8000f2a:	d0ea      	beq.n	8000f02 <SSD1306_Putc+0x26>
				SSD1306_DrawPixel(SSD1306.CurrentX + j, (SSD1306.CurrentY + i), (SSD1306_COLOR_t) color);
 8000f2c:	4b11      	ldr	r3, [pc, #68]	@ (8000f74 <SSD1306_Putc+0x98>)
 8000f2e:	8818      	ldrh	r0, [r3, #0]
 8000f30:	8859      	ldrh	r1, [r3, #2]
 8000f32:	4431      	add	r1, r6
 8000f34:	4420      	add	r0, r4
 8000f36:	4642      	mov	r2, r8
 8000f38:	b289      	uxth	r1, r1
 8000f3a:	b280      	uxth	r0, r0
 8000f3c:	f7ff ff9a 	bl	8000e74 <SSD1306_DrawPixel>
 8000f40:	e7eb      	b.n	8000f1a <SSD1306_Putc+0x3e>
	for (i = 0; i < Font->FontHeight; i++) {
 8000f42:	3601      	adds	r6, #1
 8000f44:	786a      	ldrb	r2, [r5, #1]
 8000f46:	42b2      	cmp	r2, r6
 8000f48:	d908      	bls.n	8000f5c <SSD1306_Putc+0x80>
		b = Font->data[(ch - 32) * Font->FontHeight + i];
 8000f4a:	6869      	ldr	r1, [r5, #4]
 8000f4c:	f1a9 0320 	sub.w	r3, r9, #32
 8000f50:	fb02 6303 	mla	r3, r2, r3, r6
 8000f54:	f831 7013 	ldrh.w	r7, [r1, r3, lsl #1]
		for (j = 0; j < Font->FontWidth; j++) {
 8000f58:	2400      	movs	r4, #0
 8000f5a:	e7df      	b.n	8000f1c <SSD1306_Putc+0x40>
			}
		}
	}
	
	/* Increase pointer */
	SSD1306.CurrentX += Font->FontWidth;
 8000f5c:	4a05      	ldr	r2, [pc, #20]	@ (8000f74 <SSD1306_Putc+0x98>)
 8000f5e:	8813      	ldrh	r3, [r2, #0]
 8000f60:	7829      	ldrb	r1, [r5, #0]
 8000f62:	440b      	add	r3, r1
 8000f64:	8013      	strh	r3, [r2, #0]
	
	/* Return character written */
	return ch;
 8000f66:	4648      	mov	r0, r9
}
 8000f68:	e8bd 83f8 	ldmia.w	sp!, {r3, r4, r5, r6, r7, r8, r9, pc}
		return 0;
 8000f6c:	2000      	movs	r0, #0
 8000f6e:	e7fb      	b.n	8000f68 <SSD1306_Putc+0x8c>
 8000f70:	2000      	movs	r0, #0
 8000f72:	e7f9      	b.n	8000f68 <SSD1306_Putc+0x8c>
 8000f74:	200000a0 	.word	0x200000a0

08000f78 <SSD1306_Puts>:
char SSD1306_Puts(char* str, FontDef_t* Font, SSD1306_COLOR_t color) {
 8000f78:	b570      	push	{r4, r5, r6, lr}
 8000f7a:	4604      	mov	r4, r0
 8000f7c:	460e      	mov	r6, r1
 8000f7e:	4615      	mov	r5, r2
	/* Write characters */
	while (*str) {
 8000f80:	e000      	b.n	8000f84 <SSD1306_Puts+0xc>
			/* Return error */
			return *str;
		}
		
		/* Increase string pointer */
		str++;
 8000f82:	3401      	adds	r4, #1
	while (*str) {
 8000f84:	7820      	ldrb	r0, [r4, #0]
 8000f86:	b138      	cbz	r0, 8000f98 <SSD1306_Puts+0x20>
		if (SSD1306_Putc(*str, Font, color) != *str) {
 8000f88:	462a      	mov	r2, r5
 8000f8a:	4631      	mov	r1, r6
 8000f8c:	f7ff ffa6 	bl	8000edc <SSD1306_Putc>
 8000f90:	4603      	mov	r3, r0
 8000f92:	7820      	ldrb	r0, [r4, #0]
 8000f94:	4283      	cmp	r3, r0
 8000f96:	d0f4      	beq.n	8000f82 <SSD1306_Puts+0xa>
	}
	
	/* Everything OK, zero should be returned */
	return *str;
}
 8000f98:	bd70      	pop	{r4, r5, r6, pc}

08000f9a <SSD1306_DrawLine>:
void SSD1306_DrawLine(uint16_t x0, uint16_t y0, uint16_t x1, uint16_t y1, SSD1306_COLOR_t c) {
 8000f9a:	e92d 4ff0 	stmdb	sp!, {r4, r5, r6, r7, r8, r9, sl, fp, lr}
 8000f9e:	b083      	sub	sp, #12
 8000fa0:	4604      	mov	r4, r0
 8000fa2:	460e      	mov	r6, r1
 8000fa4:	4617      	mov	r7, r2
 8000fa6:	4699      	mov	r9, r3
 8000fa8:	f89d 8030 	ldrb.w	r8, [sp, #48]	@ 0x30
	int16_t dx, dy, sx, sy, err, e2, i, tmp; 
	
	/* Check for overflow */
	if (x0 >= SSD1306_WIDTH) {
 8000fac:	287f      	cmp	r0, #127	@ 0x7f
 8000fae:	d900      	bls.n	8000fb2 <SSD1306_DrawLine+0x18>
		x0 = SSD1306_WIDTH - 1;
 8000fb0:	247f      	movs	r4, #127	@ 0x7f
	}
	if (x1 >= SSD1306_WIDTH) {
 8000fb2:	2f7f      	cmp	r7, #127	@ 0x7f
 8000fb4:	d900      	bls.n	8000fb8 <SSD1306_DrawLine+0x1e>
		x1 = SSD1306_WIDTH - 1;
 8000fb6:	277f      	movs	r7, #127	@ 0x7f
	}
	if (y0 >= SSD1306_HEIGHT) {
 8000fb8:	2e1f      	cmp	r6, #31
 8000fba:	d900      	bls.n	8000fbe <SSD1306_DrawLine+0x24>
		y0 = SSD1306_HEIGHT - 1;
 8000fbc:	261f      	movs	r6, #31
	}
	if (y1 >= SSD1306_HEIGHT) {
 8000fbe:	f1b9 0f1f 	cmp.w	r9, #31
 8000fc2:	d901      	bls.n	8000fc8 <SSD1306_DrawLine+0x2e>
		y1 = SSD1306_HEIGHT - 1;
 8000fc4:	f04f 091f 	mov.w	r9, #31
	}
	
	dx = (x0 < x1) ? (x1 - x0) : (x0 - x1); 
 8000fc8:	42bc      	cmp	r4, r7
 8000fca:	d21f      	bcs.n	800100c <SSD1306_DrawLine+0x72>
 8000fcc:	eba7 0a04 	sub.w	sl, r7, r4
 8000fd0:	fa0f fa8a 	sxth.w	sl, sl
	dy = (y0 < y1) ? (y1 - y0) : (y0 - y1); 
 8000fd4:	454e      	cmp	r6, r9
 8000fd6:	d21e      	bcs.n	8001016 <SSD1306_DrawLine+0x7c>
 8000fd8:	eba9 0b06 	sub.w	fp, r9, r6
 8000fdc:	fa0f fb8b 	sxth.w	fp, fp
	sx = (x0 < x1) ? 1 : -1; 
 8000fe0:	42bc      	cmp	r4, r7
 8000fe2:	d21d      	bcs.n	8001020 <SSD1306_DrawLine+0x86>
 8000fe4:	2201      	movs	r2, #1
	sy = (y0 < y1) ? 1 : -1; 
 8000fe6:	454e      	cmp	r6, r9
 8000fe8:	d21d      	bcs.n	8001026 <SSD1306_DrawLine+0x8c>
 8000fea:	2101      	movs	r1, #1
	err = ((dx > dy) ? dx : -dy) / 2; 
 8000fec:	45da      	cmp	sl, fp
 8000fee:	dd1d      	ble.n	800102c <SSD1306_DrawLine+0x92>
 8000ff0:	eb0a 75da 	add.w	r5, sl, sl, lsr #31
 8000ff4:	106d      	asrs	r5, r5, #1

	if (dx == 0) {
 8000ff6:	f1ba 0f00 	cmp.w	sl, #0
 8000ffa:	d01d      	beq.n	8001038 <SSD1306_DrawLine+0x9e>
		
		/* Return from function */
		return;
	}
	
	if (dy == 0) {
 8000ffc:	f1bb 0f00 	cmp.w	fp, #0
 8001000:	d033      	beq.n	800106a <SSD1306_DrawLine+0xd0>
 8001002:	9200      	str	r2, [sp, #0]
 8001004:	f8cd 9004 	str.w	r9, [sp, #4]
 8001008:	4689      	mov	r9, r1
 800100a:	e051      	b.n	80010b0 <SSD1306_DrawLine+0x116>
	dx = (x0 < x1) ? (x1 - x0) : (x0 - x1); 
 800100c:	eba4 0a07 	sub.w	sl, r4, r7
 8001010:	fa0f fa8a 	sxth.w	sl, sl
 8001014:	e7de      	b.n	8000fd4 <SSD1306_DrawLine+0x3a>
	dy = (y0 < y1) ? (y1 - y0) : (y0 - y1); 
 8001016:	eba6 0b09 	sub.w	fp, r6, r9
 800101a:	fa0f fb8b 	sxth.w	fp, fp
 800101e:	e7df      	b.n	8000fe0 <SSD1306_DrawLine+0x46>
	sx = (x0 < x1) ? 1 : -1; 
 8001020:	f04f 32ff 	mov.w	r2, #4294967295	@ 0xffffffff
 8001024:	e7df      	b.n	8000fe6 <SSD1306_DrawLine+0x4c>
	sy = (y0 < y1) ? 1 : -1; 
 8001026:	f04f 31ff 	mov.w	r1, #4294967295	@ 0xffffffff
 800102a:	e7df      	b.n	8000fec <SSD1306_DrawLine+0x52>
	err = ((dx > dy) ? dx : -dy) / 2; 
 800102c:	eb0b 75db 	add.w	r5, fp, fp, lsr #31
 8001030:	106d      	asrs	r5, r5, #1
 8001032:	426d      	negs	r5, r5
 8001034:	b22d      	sxth	r5, r5
 8001036:	e7de      	b.n	8000ff6 <SSD1306_DrawLine+0x5c>
		if (y1 < y0) {
 8001038:	454e      	cmp	r6, r9
 800103a:	d802      	bhi.n	8001042 <SSD1306_DrawLine+0xa8>
 800103c:	464b      	mov	r3, r9
 800103e:	46b1      	mov	r9, r6
 8001040:	461e      	mov	r6, r3
		if (x1 < x0) {
 8001042:	42bc      	cmp	r4, r7
 8001044:	d800      	bhi.n	8001048 <SSD1306_DrawLine+0xae>
 8001046:	4627      	mov	r7, r4
		for (i = y0; i <= y1; i++) {
 8001048:	fa0f f989 	sxth.w	r9, r9
 800104c:	e00a      	b.n	8001064 <SSD1306_DrawLine+0xca>
			SSD1306_DrawPixel(x0, i, c);
 800104e:	fa1f f989 	uxth.w	r9, r9
 8001052:	4642      	mov	r2, r8
 8001054:	4649      	mov	r1, r9
 8001056:	4638      	mov	r0, r7
 8001058:	f7ff ff0c 	bl	8000e74 <SSD1306_DrawPixel>
		for (i = y0; i <= y1; i++) {
 800105c:	f109 0901 	add.w	r9, r9, #1
 8001060:	fa0f f989 	sxth.w	r9, r9
 8001064:	45b1      	cmp	r9, r6
 8001066:	ddf2      	ble.n	800104e <SSD1306_DrawLine+0xb4>
 8001068:	e017      	b.n	800109a <SSD1306_DrawLine+0x100>
		if (y1 < y0) {
 800106a:	454e      	cmp	r6, r9
 800106c:	d800      	bhi.n	8001070 <SSD1306_DrawLine+0xd6>
 800106e:	46b1      	mov	r9, r6
			tmp = y1;
			y1 = y0;
			y0 = tmp;
		}
		
		if (x1 < x0) {
 8001070:	42bc      	cmp	r4, r7
 8001072:	d802      	bhi.n	800107a <SSD1306_DrawLine+0xe0>
 8001074:	463b      	mov	r3, r7
 8001076:	4627      	mov	r7, r4
 8001078:	461c      	mov	r4, r3
			x1 = x0;
			x0 = tmp;
		}
		
		/* Horizontal line */
		for (i = x0; i <= x1; i++) {
 800107a:	b23f      	sxth	r7, r7
 800107c:	e007      	b.n	800108e <SSD1306_DrawLine+0xf4>
			SSD1306_DrawPixel(i, y0, c);
 800107e:	b2bf      	uxth	r7, r7
 8001080:	4642      	mov	r2, r8
 8001082:	4649      	mov	r1, r9
 8001084:	4638      	mov	r0, r7
 8001086:	f7ff fef5 	bl	8000e74 <SSD1306_DrawPixel>
		for (i = x0; i <= x1; i++) {
 800108a:	3701      	adds	r7, #1
 800108c:	b23f      	sxth	r7, r7
 800108e:	42a7      	cmp	r7, r4
 8001090:	ddf5      	ble.n	800107e <SSD1306_DrawLine+0xe4>
 8001092:	e002      	b.n	800109a <SSD1306_DrawLine+0x100>
		return;
	}
	
	while (1) {
		SSD1306_DrawPixel(x0, y0, c);
		if (x0 == x1 && y0 == y1) {
 8001094:	9b01      	ldr	r3, [sp, #4]
 8001096:	429e      	cmp	r6, r3
 8001098:	d111      	bne.n	80010be <SSD1306_DrawLine+0x124>
		if (e2 < dy) {
			err += dx;
			y0 += sy;
		} 
	}
}
 800109a:	b003      	add	sp, #12
 800109c:	e8bd 8ff0 	ldmia.w	sp!, {r4, r5, r6, r7, r8, r9, sl, fp, pc}
 80010a0:	462b      	mov	r3, r5
		if (e2 < dy) {
 80010a2:	455d      	cmp	r5, fp
 80010a4:	da03      	bge.n	80010ae <SSD1306_DrawLine+0x114>
			err += dx;
 80010a6:	4453      	add	r3, sl
 80010a8:	b21b      	sxth	r3, r3
			y0 += sy;
 80010aa:	444e      	add	r6, r9
 80010ac:	b2b6      	uxth	r6, r6
		if (x1 < x0) {
 80010ae:	461d      	mov	r5, r3
		SSD1306_DrawPixel(x0, y0, c);
 80010b0:	4642      	mov	r2, r8
 80010b2:	4631      	mov	r1, r6
 80010b4:	4620      	mov	r0, r4
 80010b6:	f7ff fedd 	bl	8000e74 <SSD1306_DrawPixel>
		if (x0 == x1 && y0 == y1) {
 80010ba:	42bc      	cmp	r4, r7
 80010bc:	d0ea      	beq.n	8001094 <SSD1306_DrawLine+0xfa>
		if (e2 > -dx) {
 80010be:	f1ca 0300 	rsb	r3, sl, #0
 80010c2:	429d      	cmp	r5, r3
 80010c4:	ddec      	ble.n	80010a0 <SSD1306_DrawLine+0x106>
			err -= dy;
 80010c6:	eba5 030b 	sub.w	r3, r5, fp
 80010ca:	b21b      	sxth	r3, r3
			x0 += sx;
 80010cc:	9a00      	ldr	r2, [sp, #0]
 80010ce:	4414      	add	r4, r2
 80010d0:	b2a4      	uxth	r4, r4
 80010d2:	e7e6      	b.n	80010a2 <SSD1306_DrawLine+0x108>

080010d4 <SSD1306_DrawFilledRectangle>:
	SSD1306_DrawLine(x, y, x + w, y, c);         /* Top line */
	SSD1306_DrawLine(x, y + h, x + w, y + h, c); /* Bottom line */
	SSD1306_DrawLine(x, y, x, y + h, c);         /* Left line */
	SSD1306_DrawLine(x + w, y, x + w, y + h, c); /* Right line */
}
void SSD1306_DrawFilledRectangle(uint16_t x, uint16_t y, uint16_t w, uint16_t h, SSD1306_COLOR_t c) {
 80010d4:	e92d 43f0 	stmdb	sp!, {r4, r5, r6, r7, r8, r9, lr}
 80010d8:	b083      	sub	sp, #12
 80010da:	f89d 9028 	ldrb.w	r9, [sp, #40]	@ 0x28
	uint8_t i;
	
	/* Check input parameters */
	if (
 80010de:	287f      	cmp	r0, #127	@ 0x7f
 80010e0:	d823      	bhi.n	800112a <SSD1306_DrawFilledRectangle+0x56>
 80010e2:	4605      	mov	r5, r0
 80010e4:	460f      	mov	r7, r1
 80010e6:	4690      	mov	r8, r2
 80010e8:	461e      	mov	r6, r3
		x >= SSD1306_WIDTH ||
 80010ea:	291f      	cmp	r1, #31
 80010ec:	d81d      	bhi.n	800112a <SSD1306_DrawFilledRectangle+0x56>
		/* Return error */
		return;
	}
	
	/* Check width and height */
	if ((x + w) >= SSD1306_WIDTH) {
 80010ee:	1883      	adds	r3, r0, r2
 80010f0:	2b7f      	cmp	r3, #127	@ 0x7f
 80010f2:	dd03      	ble.n	80010fc <SSD1306_DrawFilledRectangle+0x28>
		w = SSD1306_WIDTH - x;
 80010f4:	f1c0 0880 	rsb	r8, r0, #128	@ 0x80
 80010f8:	fa1f f888 	uxth.w	r8, r8
	}
	if ((y + h) >= SSD1306_HEIGHT) {
 80010fc:	19bb      	adds	r3, r7, r6
 80010fe:	2b1f      	cmp	r3, #31
 8001100:	dd02      	ble.n	8001108 <SSD1306_DrawFilledRectangle+0x34>
		h = SSD1306_HEIGHT - y;
 8001102:	f1c7 0620 	rsb	r6, r7, #32
 8001106:	b2b6      	uxth	r6, r6
	}
	
	/* Draw lines */
	for (i = 0; i <= h; i++) {
 8001108:	2400      	movs	r4, #0
 800110a:	e00c      	b.n	8001126 <SSD1306_DrawFilledRectangle+0x52>
		/* Draw lines */
		SSD1306_DrawLine(x, y + i, x + w, y + i, c);
 800110c:	19e1      	adds	r1, r4, r7
 800110e:	b289      	uxth	r1, r1
 8001110:	eb08 0205 	add.w	r2, r8, r5
 8001114:	f8cd 9000 	str.w	r9, [sp]
 8001118:	460b      	mov	r3, r1
 800111a:	b292      	uxth	r2, r2
 800111c:	4628      	mov	r0, r5
 800111e:	f7ff ff3c 	bl	8000f9a <SSD1306_DrawLine>
	for (i = 0; i <= h; i++) {
 8001122:	3401      	adds	r4, #1
 8001124:	b2e4      	uxtb	r4, r4
 8001126:	42b4      	cmp	r4, r6
 8001128:	d9f0      	bls.n	800110c <SSD1306_DrawFilledRectangle+0x38>
	}
}
 800112a:	b003      	add	sp, #12
 800112c:	e8bd 83f0 	ldmia.w	sp!, {r4, r5, r6, r7, r8, r9, pc}

08001130 <Set_Page_Address>:
        SSD1306_DrawLine(x0 + y, y0 + x, x0 - y, y0 + x, c);
        SSD1306_DrawLine(x0 + y, y0 - x, x0 - y, y0 - x, c);
    }
}
void Set_Page_Address(unsigned char add)
{
 8001130:	b508      	push	{r3, lr}
  add=0xb0|add;
  command(add);
 8001132:	f040 00b0 	orr.w	r0, r0, #176	@ 0xb0
 8001136:	f7ff fe51 	bl	8000ddc <command>
	return;
}
 800113a:	bd08      	pop	{r3, pc}

0800113c <Set_Column_Address>:
void Set_Column_Address(unsigned char add)
{
 800113c:	b510      	push	{r4, lr}
 800113e:	4604      	mov	r4, r0
  command((0x10|(add>>4)));
 8001140:	0900      	lsrs	r0, r0, #4
 8001142:	f040 0010 	orr.w	r0, r0, #16
 8001146:	f7ff fe49 	bl	8000ddc <command>
	command((0x0f&add));
 800114a:	f004 000f 	and.w	r0, r4, #15
 800114e:	f7ff fe45 	bl	8000ddc <command>
	return;
}
 8001152:	bd10      	pop	{r4, pc}

08001154 <SSD1306_UpdateScreen>:
void SSD1306_UpdateScreen(void) {
 8001154:	b538      	push	{r3, r4, r5, lr}
	for(i=0;i<0x04;i++)
 8001156:	2500      	movs	r5, #0
 8001158:	e00c      	b.n	8001174 <SSD1306_UpdateScreen+0x20>
		  data(pixelBuffer[i*0x80+j]);
 800115a:	eb04 13c5 	add.w	r3, r4, r5, lsl #7
 800115e:	4a0b      	ldr	r2, [pc, #44]	@ (800118c <SSD1306_UpdateScreen+0x38>)
 8001160:	5cd0      	ldrb	r0, [r2, r3]
 8001162:	f7ff fe61 	bl	8000e28 <data>
  		for(j=0;j<0x80;j++)
 8001166:	3401      	adds	r4, #1
 8001168:	b2e4      	uxtb	r4, r4
 800116a:	f014 0f80 	tst.w	r4, #128	@ 0x80
 800116e:	d0f4      	beq.n	800115a <SSD1306_UpdateScreen+0x6>
	for(i=0;i<0x04;i++)
 8001170:	3501      	adds	r5, #1
 8001172:	b2ed      	uxtb	r5, r5
 8001174:	2d03      	cmp	r5, #3
 8001176:	d807      	bhi.n	8001188 <SSD1306_UpdateScreen+0x34>
		Set_Page_Address(i);
 8001178:	4628      	mov	r0, r5
 800117a:	f7ff ffd9 	bl	8001130 <Set_Page_Address>
  		Set_Column_Address(0x00);
 800117e:	2000      	movs	r0, #0
 8001180:	f7ff ffdc 	bl	800113c <Set_Column_Address>
  		for(j=0;j<0x80;j++)
 8001184:	2400      	movs	r4, #0
 8001186:	e7f0      	b.n	800116a <SSD1306_UpdateScreen+0x16>
}
 8001188:	bd38      	pop	{r3, r4, r5, pc}
 800118a:	bf00      	nop
 800118c:	200000a8 	.word	0x200000a8

08001190 <SSD1306_Fill>:
void SSD1306_Fill(SSD1306_COLOR_t color) {
 8001190:	b538      	push	{r3, r4, r5, lr}
  if (color == SSD1306_COLOR_BLACK)
 8001192:	4601      	mov	r1, r0
 8001194:	b100      	cbz	r0, 8001198 <SSD1306_Fill+0x8>
  fill = 0xFF;
 8001196:	21ff      	movs	r1, #255	@ 0xff
    for (uint16_t k = 0; k < SSD1306_BUFFER_SIZE; k++)
 8001198:	2300      	movs	r3, #0
 800119a:	e003      	b.n	80011a4 <SSD1306_Fill+0x14>
    pixelBuffer[k] = fill;
 800119c:	4a10      	ldr	r2, [pc, #64]	@ (80011e0 <SSD1306_Fill+0x50>)
 800119e:	54d1      	strb	r1, [r2, r3]
    for (uint16_t k = 0; k < SSD1306_BUFFER_SIZE; k++)
 80011a0:	3301      	adds	r3, #1
 80011a2:	b29b      	uxth	r3, r3
 80011a4:	f5b3 7f00 	cmp.w	r3, #512	@ 0x200
 80011a8:	d3f8      	bcc.n	800119c <SSD1306_Fill+0xc>
	for(i=0;i<0x04;i++)
 80011aa:	2500      	movs	r5, #0
 80011ac:	e00c      	b.n	80011c8 <SSD1306_Fill+0x38>
		  data(pixelBuffer[i*0x80+j]);
 80011ae:	eb04 13c5 	add.w	r3, r4, r5, lsl #7
 80011b2:	4a0b      	ldr	r2, [pc, #44]	@ (80011e0 <SSD1306_Fill+0x50>)
 80011b4:	5cd0      	ldrb	r0, [r2, r3]
 80011b6:	f7ff fe37 	bl	8000e28 <data>
  for(j=0;j<0x80;j++)
 80011ba:	3401      	adds	r4, #1
 80011bc:	b2e4      	uxtb	r4, r4
 80011be:	f014 0f80 	tst.w	r4, #128	@ 0x80
 80011c2:	d0f4      	beq.n	80011ae <SSD1306_Fill+0x1e>
	for(i=0;i<0x04;i++)
 80011c4:	3501      	adds	r5, #1
 80011c6:	b2ed      	uxtb	r5, r5
 80011c8:	2d03      	cmp	r5, #3
 80011ca:	d807      	bhi.n	80011dc <SSD1306_Fill+0x4c>
	Set_Page_Address(i);
 80011cc:	4628      	mov	r0, r5
 80011ce:	f7ff ffaf 	bl	8001130 <Set_Page_Address>
  Set_Column_Address(0x00);
 80011d2:	2000      	movs	r0, #0
 80011d4:	f7ff ffb2 	bl	800113c <Set_Column_Address>
  for(j=0;j<0x80;j++)
 80011d8:	2400      	movs	r4, #0
 80011da:	e7f0      	b.n	80011be <SSD1306_Fill+0x2e>
}
 80011dc:	bd38      	pop	{r3, r4, r5, pc}
 80011de:	bf00      	nop
 80011e0:	200000a8 	.word	0x200000a8

080011e4 <display_init>:
{
 80011e4:	b508      	push	{r3, lr}
    cs_low();
 80011e6:	2200      	movs	r2, #0
 80011e8:	f44f 7100 	mov.w	r1, #512	@ 0x200
 80011ec:	f04f 4090 	mov.w	r0, #1207959552	@ 0x48000000
 80011f0:	f000 ffc6 	bl	8002180 <HAL_GPIO_WritePin>
    display_reset_high();
 80011f4:	2201      	movs	r2, #1
 80011f6:	f44f 7180 	mov.w	r1, #256	@ 0x100
 80011fa:	f04f 4090 	mov.w	r0, #1207959552	@ 0x48000000
 80011fe:	f000 ffbf 	bl	8002180 <HAL_GPIO_WritePin>
    HAL_Delay(20);
 8001202:	2014      	movs	r0, #20
 8001204:	f000 fd86 	bl	8001d14 <HAL_Delay>
    display_reset_low();
 8001208:	2200      	movs	r2, #0
 800120a:	f44f 7180 	mov.w	r1, #256	@ 0x100
 800120e:	f04f 4090 	mov.w	r0, #1207959552	@ 0x48000000
 8001212:	f000 ffb5 	bl	8002180 <HAL_GPIO_WritePin>
    HAL_Delay(20);
 8001216:	2014      	movs	r0, #20
 8001218:	f000 fd7c 	bl	8001d14 <HAL_Delay>
    display_reset_high();
 800121c:	2201      	movs	r2, #1
 800121e:	f44f 7180 	mov.w	r1, #256	@ 0x100
 8001222:	f04f 4090 	mov.w	r0, #1207959552	@ 0x48000000
 8001226:	f000 ffab 	bl	8002180 <HAL_GPIO_WritePin>
    HAL_Delay(20);
 800122a:	2014      	movs	r0, #20
 800122c:	f000 fd72 	bl	8001d14 <HAL_Delay>
    display_power_high();
 8001230:	2201      	movs	r2, #1
 8001232:	4611      	mov	r1, r2
 8001234:	f04f 4090 	mov.w	r0, #1207959552	@ 0x48000000
 8001238:	f000 ffa2 	bl	8002180 <HAL_GPIO_WritePin>
    HAL_Delay(100);
 800123c:	2064      	movs	r0, #100	@ 0x64
 800123e:	f000 fd69 	bl	8001d14 <HAL_Delay>
    command(DISPLAYOFF); 
 8001242:	20ae      	movs	r0, #174	@ 0xae
 8001244:	f7ff fdca 	bl	8000ddc <command>
    command(SETDISPLAYCLOCKDIV); // 0x80 - Clock divide ratio/osc. freq
 8001248:	20d5      	movs	r0, #213	@ 0xd5
 800124a:	f7ff fdc7 	bl	8000ddc <command>
    command(0xF0);     
 800124e:	20f0      	movs	r0, #240	@ 0xf0
 8001250:	f7ff fdc4 	bl	8000ddc <command>
    command(SETMULTIPLEX); // 0xA8 - Multiplex ratio
 8001254:	20a8      	movs	r0, #168	@ 0xa8
 8001256:	f7ff fdc1 	bl	8000ddc <command>
    command(0x1F);                     // 0x1F
 800125a:	201f      	movs	r0, #31
 800125c:	f7ff fdbe 	bl	8000ddc <command>
    command(SETDISPLAYOFFSET); // 0xD3 - Display offset
 8001260:	20d3      	movs	r0, #211	@ 0xd3
 8001262:	f7ff fdbb 	bl	8000ddc <command>
    command(0x00);                          //No offset
 8001266:	2000      	movs	r0, #0
 8001268:	f7ff fdb8 	bl	8000ddc <command>
    command(SETCHARGEPMP1); // 0x8D - Display offset
 800126c:	208d      	movs	r0, #141	@ 0x8d
 800126e:	f7ff fdb5 	bl	8000ddc <command>
    command(0x14);          //set(0x10) disable
 8001272:	2014      	movs	r0, #20
 8001274:	f7ff fdb2 	bl	8000ddc <command>
    command(SETSTARTLINE); // 0x40 - set start line address
 8001278:	2040      	movs	r0, #64	@ 0x40
 800127a:	f7ff fdaf 	bl	8000ddc <command>
    command(RESETINVERT); // 0xA6 - set normal display
 800127e:	20a6      	movs	r0, #166	@ 0xa6
 8001280:	f7ff fdac 	bl	8000ddc <command>
    command(RESETALLON); // 0xA4 - Disable Entire Display On
 8001284:	20a4      	movs	r0, #164	@ 0xa4
 8001286:	f7ff fda9 	bl	8000ddc <command>
    command(SETSEGREMAP); // 0xA1 - set segment re-map 128 to 0  
 800128a:	20a1      	movs	r0, #161	@ 0xa1
 800128c:	f7ff fda6 	bl	8000ddc <command>
    command(COMSCANDEC); // 0xC8 - Set COM Output Scan Direction 64 to 0
 8001290:	20c8      	movs	r0, #200	@ 0xc8
 8001292:	f7ff fda3 	bl	8000ddc <command>
    command(SETCOMPINS); // 0xDA - seg pins hardware config
 8001296:	20da      	movs	r0, #218	@ 0xda
 8001298:	f7ff fda0 	bl	8000ddc <command>
    command(0x42);                       // 0x12 -
 800129c:	2042      	movs	r0, #66	@ 0x42
 800129e:	f7ff fd9d 	bl	8000ddc <command>
    command(SETCONTRAST);    // 0x81 - set contrast control register
 80012a2:	2081      	movs	r0, #129	@ 0x81
 80012a4:	f7ff fd9a 	bl	8000ddc <command>
    command(0x80);           //
 80012a8:	2080      	movs	r0, #128	@ 0x80
 80012aa:	f7ff fd97 	bl	8000ddc <command>
    command(SETPHASELENGTH); // 0xD9 - set pre-charge period
 80012ae:	20d9      	movs	r0, #217	@ 0xd9
 80012b0:	f7ff fd94 	bl	8000ddc <command>
    command(0xF1);            
 80012b4:	20f1      	movs	r0, #241	@ 0xf1
 80012b6:	f7ff fd91 	bl	8000ddc <command>
    command(SETVCOMDESELECT);   // 0xDB - set vcomh
 80012ba:	20db      	movs	r0, #219	@ 0xdb
 80012bc:	f7ff fd8e 	bl	8000ddc <command>
    command(0x40);                       // 0x30
 80012c0:	2040      	movs	r0, #64	@ 0x40
 80012c2:	f7ff fd8b 	bl	8000ddc <command>
    command(DISPLAYON);         // 0xAF - Display on
 80012c6:	20af      	movs	r0, #175	@ 0xaf
 80012c8:	f7ff fd88 	bl	8000ddc <command>
	  SSD1306_Fill(SSD1306_COLOR_WHITE);
 80012cc:	2001      	movs	r0, #1
 80012ce:	f7ff ff5f 	bl	8001190 <SSD1306_Fill>
	  SSD1306_UpdateScreen();
 80012d2:	f7ff ff3f 	bl	8001154 <SSD1306_UpdateScreen>
	  SSD1306.CurrentX = 0;
 80012d6:	4b03      	ldr	r3, [pc, #12]	@ (80012e4 <display_init+0x100>)
 80012d8:	2200      	movs	r2, #0
 80012da:	801a      	strh	r2, [r3, #0]
	  SSD1306.CurrentY = 0;
 80012dc:	805a      	strh	r2, [r3, #2]
    SSD1306.Initialized = 1;
 80012de:	2201      	movs	r2, #1
 80012e0:	715a      	strb	r2, [r3, #5]
}
 80012e2:	bd08      	pop	{r3, pc}
 80012e4:	200000a0 	.word	0x200000a0

080012e8 <display_test>:
    HAL_Delay(1000);
    command(0xa6);

}
void display_test (void)
{
 80012e8:	b508      	push	{r3, lr}
	SSD1306_Fill(SSD1306_COLOR_BLACK);
 80012ea:	2000      	movs	r0, #0
 80012ec:	f7ff ff50 	bl	8001190 <SSD1306_Fill>
	//SSD1306_Puts("000Hz", &Font_7x10, SSD1306_COLOR_WHITE);
	//SSD1306_GotoXY(70,21);
	//SSD1306_Puts("00:00h", &Font_7x10, SSD1306_COLOR_WHITE);
	//SSD1306_GotoXY(0,5);
	//SSD1306_Puts("6.2v", &Font_16x26, SSD1306_COLOR_WHITE);
	SSD1306_UpdateScreen();
 80012f0:	f7ff ff30 	bl	8001154 <SSD1306_UpdateScreen>
}
 80012f4:	bd08      	pop	{r3, pc}
	...

080012f8 <show_vbat>:
void show_vbat( void)
{
 80012f8:	b530      	push	{r4, r5, lr}
 80012fa:	ed2d 8b02 	vpush	{d8}
 80012fe:	b083      	sub	sp, #12
	uint8_t databat = 0;
	vbat_value = ((float)ADC_Data[0] * VREF * VBAT_DIV) / ADC_RES + 0.14;
 8001300:	4b83      	ldr	r3, [pc, #524]	@ (8001510 <show_vbat+0x218>)
 8001302:	8818      	ldrh	r0, [r3, #0]
 8001304:	b280      	uxth	r0, r0
 8001306:	ee07 0a90 	vmov	s15, r0
 800130a:	eef8 7a67 	vcvt.f32.u32	s15, s15
 800130e:	ee17 0a90 	vmov	r0, s15
 8001312:	f7ff f8a1 	bl	8000458 <__aeabi_f2d>
 8001316:	a374      	add	r3, pc, #464	@ (adr r3, 80014e8 <show_vbat+0x1f0>)
 8001318:	e9d3 2300 	ldrd	r2, r3, [r3]
 800131c:	f7ff f8f4 	bl	8000508 <__aeabi_dmul>
 8001320:	4602      	mov	r2, r0
 8001322:	460b      	mov	r3, r1
 8001324:	f7fe ff3a 	bl	800019c <__adddf3>
 8001328:	a371      	add	r3, pc, #452	@ (adr r3, 80014f0 <show_vbat+0x1f8>)
 800132a:	e9d3 2300 	ldrd	r2, r3, [r3]
 800132e:	f7ff fa15 	bl	800075c <__aeabi_ddiv>
 8001332:	a371      	add	r3, pc, #452	@ (adr r3, 80014f8 <show_vbat+0x200>)
 8001334:	e9d3 2300 	ldrd	r2, r3, [r3]
 8001338:	f7fe ff30 	bl	800019c <__adddf3>
 800133c:	f7ff fb9e 	bl	8000a7c <__aeabi_d2f>
 8001340:	ee08 0a10 	vmov	s16, r0
 8001344:	4b73      	ldr	r3, [pc, #460]	@ (8001514 <show_vbat+0x21c>)
 8001346:	6018      	str	r0, [r3, #0]
    if (vbat_value > 4.0)
 8001348:	eef1 7a00 	vmov.f32	s15, #16	@ 0x40800000  4.0
 800134c:	eeb4 8ae7 	vcmpe.f32	s16, s15
 8001350:	eef1 fa10 	vmrs	APSR_nzcv, fpscr
 8001354:	dc51      	bgt.n	80013fa <show_vbat+0x102>
    	databat = 4;
    else if ( (vbat_value > 3.7) && (vbat_value < 4.0) )
 8001356:	f7ff f87f 	bl	8000458 <__aeabi_f2d>
 800135a:	4604      	mov	r4, r0
 800135c:	460d      	mov	r5, r1
 800135e:	a368      	add	r3, pc, #416	@ (adr r3, 8001500 <show_vbat+0x208>)
 8001360:	e9d3 2300 	ldrd	r2, r3, [r3]
 8001364:	f7ff fb60 	bl	8000a28 <__aeabi_dcmpgt>
 8001368:	b138      	cbz	r0, 800137a <show_vbat+0x82>
 800136a:	eef1 7a00 	vmov.f32	s15, #16	@ 0x40800000  4.0
 800136e:	eeb4 8ae7 	vcmpe.f32	s16, s15
 8001372:	eef1 fa10 	vmrs	APSR_nzcv, fpscr
 8001376:	f100 808e 	bmi.w	8001496 <show_vbat+0x19e>
        databat = 3;
    else if ( (vbat_value > 3.2) && (vbat_value < 3.7) )
 800137a:	a363      	add	r3, pc, #396	@ (adr r3, 8001508 <show_vbat+0x210>)
 800137c:	e9d3 2300 	ldrd	r2, r3, [r3]
 8001380:	4620      	mov	r0, r4
 8001382:	4629      	mov	r1, r5
 8001384:	f7ff fb50 	bl	8000a28 <__aeabi_dcmpgt>
 8001388:	b140      	cbz	r0, 800139c <show_vbat+0xa4>
 800138a:	a35d      	add	r3, pc, #372	@ (adr r3, 8001500 <show_vbat+0x208>)
 800138c:	e9d3 2300 	ldrd	r2, r3, [r3]
 8001390:	4620      	mov	r0, r4
 8001392:	4629      	mov	r1, r5
 8001394:	f7ff fb2a 	bl	80009ec <__aeabi_dcmplt>
 8001398:	2800      	cmp	r0, #0
 800139a:	d156      	bne.n	800144a <show_vbat+0x152>
        databat = 2;
    else if (vbat_value < 3.2)  
 800139c:	a35a      	add	r3, pc, #360	@ (adr r3, 8001508 <show_vbat+0x210>)
 800139e:	e9d3 2300 	ldrd	r2, r3, [r3]
 80013a2:	4620      	mov	r0, r4
 80013a4:	4629      	mov	r1, r5
 80013a6:	f7ff fb21 	bl	80009ec <__aeabi_dcmplt>
 80013aa:	2800      	cmp	r0, #0
 80013ac:	d049      	beq.n	8001442 <show_vbat+0x14a>
       databat = 1;

	switch (databat)
	{
	case 1:
    	SSD1306_DrawFilledRectangle(120, 7,  5,  2, SSD1306_COLOR_BLACK);
 80013ae:	2400      	movs	r4, #0
 80013b0:	9400      	str	r4, [sp, #0]
 80013b2:	2302      	movs	r3, #2
 80013b4:	2205      	movs	r2, #5
 80013b6:	2107      	movs	r1, #7
 80013b8:	2078      	movs	r0, #120	@ 0x78
 80013ba:	f7ff fe8b 	bl	80010d4 <SSD1306_DrawFilledRectangle>
    	SSD1306_DrawFilledRectangle(118, 10, 10, 3, SSD1306_COLOR_BLACK);
 80013be:	9400      	str	r4, [sp, #0]
 80013c0:	2303      	movs	r3, #3
 80013c2:	220a      	movs	r2, #10
 80013c4:	4611      	mov	r1, r2
 80013c6:	2076      	movs	r0, #118	@ 0x76
 80013c8:	f7ff fe84 	bl	80010d4 <SSD1306_DrawFilledRectangle>
    	SSD1306_DrawFilledRectangle(118, 16, 10, 3, SSD1306_COLOR_BLACK);
 80013cc:	9400      	str	r4, [sp, #0]
 80013ce:	2303      	movs	r3, #3
 80013d0:	220a      	movs	r2, #10
 80013d2:	2110      	movs	r1, #16
 80013d4:	2076      	movs	r0, #118	@ 0x76
 80013d6:	f7ff fe7d 	bl	80010d4 <SSD1306_DrawFilledRectangle>
    	SSD1306_DrawFilledRectangle(118, 22, 10, 3, SSD1306_COLOR_BLACK);
 80013da:	9400      	str	r4, [sp, #0]
 80013dc:	2303      	movs	r3, #3
 80013de:	220a      	movs	r2, #10
 80013e0:	2116      	movs	r1, #22
 80013e2:	2076      	movs	r0, #118	@ 0x76
 80013e4:	f7ff fe76 	bl	80010d4 <SSD1306_DrawFilledRectangle>
    	SSD1306_DrawFilledRectangle(118, 28, 10, 3, SSD1306_COLOR_WHITE);
 80013e8:	2301      	movs	r3, #1
 80013ea:	9300      	str	r3, [sp, #0]
 80013ec:	2303      	movs	r3, #3
 80013ee:	220a      	movs	r2, #10
 80013f0:	211c      	movs	r1, #28
 80013f2:	2076      	movs	r0, #118	@ 0x76
 80013f4:	f7ff fe6e 	bl	80010d4 <SSD1306_DrawFilledRectangle>
		break;
 80013f8:	e023      	b.n	8001442 <show_vbat+0x14a>
    	SSD1306_DrawFilledRectangle(118, 16, 10, 3, SSD1306_COLOR_WHITE);
    	SSD1306_DrawFilledRectangle(118, 22, 10, 3, SSD1306_COLOR_WHITE);
    	SSD1306_DrawFilledRectangle(118, 28, 10, 3, SSD1306_COLOR_WHITE);
		break;
	case 4:
    	SSD1306_DrawFilledRectangle(120, 7,  5,  2, SSD1306_COLOR_WHITE);
 80013fa:	2401      	movs	r4, #1
 80013fc:	9400      	str	r4, [sp, #0]
 80013fe:	2302      	movs	r3, #2
 8001400:	2205      	movs	r2, #5
 8001402:	2107      	movs	r1, #7
 8001404:	2078      	movs	r0, #120	@ 0x78
 8001406:	f7ff fe65 	bl	80010d4 <SSD1306_DrawFilledRectangle>
    	SSD1306_DrawFilledRectangle(118, 10, 10, 3, SSD1306_COLOR_WHITE);
 800140a:	9400      	str	r4, [sp, #0]
 800140c:	2303      	movs	r3, #3
 800140e:	220a      	movs	r2, #10
 8001410:	4611      	mov	r1, r2
 8001412:	2076      	movs	r0, #118	@ 0x76
 8001414:	f7ff fe5e 	bl	80010d4 <SSD1306_DrawFilledRectangle>
    	SSD1306_DrawFilledRectangle(118, 16, 10, 3, SSD1306_COLOR_WHITE);
 8001418:	9400      	str	r4, [sp, #0]
 800141a:	2303      	movs	r3, #3
 800141c:	220a      	movs	r2, #10
 800141e:	2110      	movs	r1, #16
 8001420:	2076      	movs	r0, #118	@ 0x76
 8001422:	f7ff fe57 	bl	80010d4 <SSD1306_DrawFilledRectangle>
    	SSD1306_DrawFilledRectangle(118, 22, 10, 3, SSD1306_COLOR_WHITE);
 8001426:	9400      	str	r4, [sp, #0]
 8001428:	2303      	movs	r3, #3
 800142a:	220a      	movs	r2, #10
 800142c:	2116      	movs	r1, #22
 800142e:	2076      	movs	r0, #118	@ 0x76
 8001430:	f7ff fe50 	bl	80010d4 <SSD1306_DrawFilledRectangle>
    	SSD1306_DrawFilledRectangle(118, 28, 10, 3, SSD1306_COLOR_WHITE);
 8001434:	9400      	str	r4, [sp, #0]
 8001436:	2303      	movs	r3, #3
 8001438:	220a      	movs	r2, #10
 800143a:	211c      	movs	r1, #28
 800143c:	2076      	movs	r0, #118	@ 0x76
 800143e:	f7ff fe49 	bl	80010d4 <SSD1306_DrawFilledRectangle>
		break;
	default:
		break;
	}
}
 8001442:	b003      	add	sp, #12
 8001444:	ecbd 8b02 	vpop	{d8}
 8001448:	bd30      	pop	{r4, r5, pc}
    	SSD1306_DrawFilledRectangle(120, 7,  5,  2, SSD1306_COLOR_BLACK);
 800144a:	2400      	movs	r4, #0
 800144c:	9400      	str	r4, [sp, #0]
 800144e:	2302      	movs	r3, #2
 8001450:	2205      	movs	r2, #5
 8001452:	2107      	movs	r1, #7
 8001454:	2078      	movs	r0, #120	@ 0x78
 8001456:	f7ff fe3d 	bl	80010d4 <SSD1306_DrawFilledRectangle>
    	SSD1306_DrawFilledRectangle(118, 10, 10, 3, SSD1306_COLOR_BLACK);
 800145a:	9400      	str	r4, [sp, #0]
 800145c:	2303      	movs	r3, #3
 800145e:	220a      	movs	r2, #10
 8001460:	4611      	mov	r1, r2
 8001462:	2076      	movs	r0, #118	@ 0x76
 8001464:	f7ff fe36 	bl	80010d4 <SSD1306_DrawFilledRectangle>
    	SSD1306_DrawFilledRectangle(118, 16, 10, 3, SSD1306_COLOR_BLACK);
 8001468:	9400      	str	r4, [sp, #0]
 800146a:	2303      	movs	r3, #3
 800146c:	220a      	movs	r2, #10
 800146e:	2110      	movs	r1, #16
 8001470:	2076      	movs	r0, #118	@ 0x76
 8001472:	f7ff fe2f 	bl	80010d4 <SSD1306_DrawFilledRectangle>
    	SSD1306_DrawFilledRectangle(118, 22, 10, 3, SSD1306_COLOR_WHITE);
 8001476:	2401      	movs	r4, #1
 8001478:	9400      	str	r4, [sp, #0]
 800147a:	2303      	movs	r3, #3
 800147c:	220a      	movs	r2, #10
 800147e:	2116      	movs	r1, #22
 8001480:	2076      	movs	r0, #118	@ 0x76
 8001482:	f7ff fe27 	bl	80010d4 <SSD1306_DrawFilledRectangle>
    	SSD1306_DrawFilledRectangle(118, 28, 10, 3, SSD1306_COLOR_WHITE);
 8001486:	9400      	str	r4, [sp, #0]
 8001488:	2303      	movs	r3, #3
 800148a:	220a      	movs	r2, #10
 800148c:	211c      	movs	r1, #28
 800148e:	2076      	movs	r0, #118	@ 0x76
 8001490:	f7ff fe20 	bl	80010d4 <SSD1306_DrawFilledRectangle>
		break;
 8001494:	e7d5      	b.n	8001442 <show_vbat+0x14a>
    	SSD1306_DrawFilledRectangle(120, 7,  5,  2, SSD1306_COLOR_BLACK);
 8001496:	2400      	movs	r4, #0
 8001498:	9400      	str	r4, [sp, #0]
 800149a:	2302      	movs	r3, #2
 800149c:	2205      	movs	r2, #5
 800149e:	2107      	movs	r1, #7
 80014a0:	2078      	movs	r0, #120	@ 0x78
 80014a2:	f7ff fe17 	bl	80010d4 <SSD1306_DrawFilledRectangle>
    	SSD1306_DrawFilledRectangle(118, 10, 10, 3, SSD1306_COLOR_BLACK);
 80014a6:	9400      	str	r4, [sp, #0]
 80014a8:	2303      	movs	r3, #3
 80014aa:	220a      	movs	r2, #10
 80014ac:	4611      	mov	r1, r2
 80014ae:	2076      	movs	r0, #118	@ 0x76
 80014b0:	f7ff fe10 	bl	80010d4 <SSD1306_DrawFilledRectangle>
    	SSD1306_DrawFilledRectangle(118, 16, 10, 3, SSD1306_COLOR_WHITE);
 80014b4:	2401      	movs	r4, #1
 80014b6:	9400      	str	r4, [sp, #0]
 80014b8:	2303      	movs	r3, #3
 80014ba:	220a      	movs	r2, #10
 80014bc:	2110      	movs	r1, #16
 80014be:	2076      	movs	r0, #118	@ 0x76
 80014c0:	f7ff fe08 	bl	80010d4 <SSD1306_DrawFilledRectangle>
    	SSD1306_DrawFilledRectangle(118, 22, 10, 3, SSD1306_COLOR_WHITE);
 80014c4:	9400      	str	r4, [sp, #0]
 80014c6:	2303      	movs	r3, #3
 80014c8:	220a      	movs	r2, #10
 80014ca:	2116      	movs	r1, #22
 80014cc:	2076      	movs	r0, #118	@ 0x76
 80014ce:	f7ff fe01 	bl	80010d4 <SSD1306_DrawFilledRectangle>
    	SSD1306_DrawFilledRectangle(118, 28, 10, 3, SSD1306_COLOR_WHITE);
 80014d2:	9400      	str	r4, [sp, #0]
 80014d4:	2303      	movs	r3, #3
 80014d6:	220a      	movs	r2, #10
 80014d8:	211c      	movs	r1, #28
 80014da:	2076      	movs	r0, #118	@ 0x76
 80014dc:	f7ff fdfa 	bl	80010d4 <SSD1306_DrawFilledRectangle>
}
 80014e0:	e7af      	b.n	8001442 <show_vbat+0x14a>
 80014e2:	bf00      	nop
 80014e4:	f3af 8000 	nop.w
 80014e8:	66666666 	.word	0x66666666
 80014ec:	400a6666 	.word	0x400a6666
 80014f0:	00000000 	.word	0x00000000
 80014f4:	40affe00 	.word	0x40affe00
 80014f8:	1eb851ec 	.word	0x1eb851ec
 80014fc:	3fc1eb85 	.word	0x3fc1eb85
 8001500:	9999999a 	.word	0x9999999a
 8001504:	400d9999 	.word	0x400d9999
 8001508:	9999999a 	.word	0x9999999a
 800150c:	40099999 	.word	0x40099999
 8001510:	20000304 	.word	0x20000304
 8001514:	200002a8 	.word	0x200002a8

08001518 <show_motor_duty>:
void show_motor_duty (void)
{
 8001518:	b500      	push	{lr}
 800151a:	b085      	sub	sp, #20
	float datas = ((float)speed / 63.0 ) * 9.0 * 10.0;
 800151c:	4b1f      	ldr	r3, [pc, #124]	@ (800159c <show_motor_duty+0x84>)
 800151e:	7818      	ldrb	r0, [r3, #0]
 8001520:	ee07 0a90 	vmov	s15, r0
 8001524:	eef8 7a67 	vcvt.f32.u32	s15, s15
 8001528:	ee17 0a90 	vmov	r0, s15
 800152c:	f7fe ff94 	bl	8000458 <__aeabi_f2d>
 8001530:	2200      	movs	r2, #0
 8001532:	4b1b      	ldr	r3, [pc, #108]	@ (80015a0 <show_motor_duty+0x88>)
 8001534:	f7ff f912 	bl	800075c <__aeabi_ddiv>
 8001538:	2200      	movs	r2, #0
 800153a:	4b1a      	ldr	r3, [pc, #104]	@ (80015a4 <show_motor_duty+0x8c>)
 800153c:	f7fe ffe4 	bl	8000508 <__aeabi_dmul>
 8001540:	2200      	movs	r2, #0
 8001542:	4b19      	ldr	r3, [pc, #100]	@ (80015a8 <show_motor_duty+0x90>)
 8001544:	f7fe ffe0 	bl	8000508 <__aeabi_dmul>
 8001548:	f7ff fa98 	bl	8000a7c <__aeabi_d2f>
 800154c:	ee07 0a90 	vmov	s15, r0
	char duty_data[5] = {'0', '.', '0', 'v'};
 8001550:	4b16      	ldr	r3, [pc, #88]	@ (80015ac <show_motor_duty+0x94>)
 8001552:	9302      	str	r3, [sp, #8]
 8001554:	2000      	movs	r0, #0
 8001556:	f88d 000c 	strb.w	r0, [sp, #12]
	duty_data[0] = (uint8_t)datas / 10 + '0';
 800155a:	eefc 7ae7 	vcvt.u32.f32	s15, s15
 800155e:	edcd 7a01 	vstr	s15, [sp, #4]
 8001562:	f89d 2004 	ldrb.w	r2, [sp, #4]
 8001566:	4b12      	ldr	r3, [pc, #72]	@ (80015b0 <show_motor_duty+0x98>)
 8001568:	fba3 1302 	umull	r1, r3, r3, r2
 800156c:	08db      	lsrs	r3, r3, #3
 800156e:	f103 0130 	add.w	r1, r3, #48	@ 0x30
 8001572:	f88d 1008 	strb.w	r1, [sp, #8]
	duty_data[2] = (uint8_t)datas % 10 + '0';
 8001576:	eb03 0383 	add.w	r3, r3, r3, lsl #2
 800157a:	eba2 0243 	sub.w	r2, r2, r3, lsl #1
 800157e:	3230      	adds	r2, #48	@ 0x30
 8001580:	f88d 200a 	strb.w	r2, [sp, #10]
	SSD1306_GotoXY(0,5);
 8001584:	2105      	movs	r1, #5
 8001586:	f7ff fca3 	bl	8000ed0 <SSD1306_GotoXY>
	SSD1306_Puts(duty_data, &Font_16x26, SSD1306_COLOR_WHITE);
 800158a:	2201      	movs	r2, #1
 800158c:	4909      	ldr	r1, [pc, #36]	@ (80015b4 <show_motor_duty+0x9c>)
 800158e:	a802      	add	r0, sp, #8
 8001590:	f7ff fcf2 	bl	8000f78 <SSD1306_Puts>

}
 8001594:	b005      	add	sp, #20
 8001596:	f85d fb04 	ldr.w	pc, [sp], #4
 800159a:	bf00      	nop
 800159c:	20000012 	.word	0x20000012
 80015a0:	404f8000 	.word	0x404f8000
 80015a4:	40220000 	.word	0x40220000
 80015a8:	40240000 	.word	0x40240000
 80015ac:	76302e30 	.word	0x76302e30
 80015b0:	cccccccd 	.word	0xcccccccd
 80015b4:	20000000 	.word	0x20000000

080015b8 <show_motor_speed>:
void show_motor_speed (void)
{
 80015b8:	b500      	push	{lr}
 80015ba:	b083      	sub	sp, #12
	char speed_data[6] = {'0', '0', '0', 'H', 'z'};
 80015bc:	4b1e      	ldr	r3, [pc, #120]	@ (8001638 <show_motor_speed+0x80>)
 80015be:	e893 0003 	ldmia.w	r3, {r0, r1}
 80015c2:	9000      	str	r0, [sp, #0]
 80015c4:	f8ad 1004 	strh.w	r1, [sp, #4]

	uint32_t datam = motor_read(RC_STATUS1)*32; //rad*s
 80015c8:	2001      	movs	r0, #1
 80015ca:	f000 faa1 	bl	8001b10 <motor_read>
	double freq = (double)datam / 62.831853;
 80015ce:	0140      	lsls	r0, r0, #5
 80015d0:	f7fe ff20 	bl	8000414 <__aeabi_ui2d>
 80015d4:	a316      	add	r3, pc, #88	@ (adr r3, 8001630 <show_motor_speed+0x78>)
 80015d6:	e9d3 2300 	ldrd	r2, r3, [r3]
 80015da:	f7ff f8bf 	bl	800075c <__aeabi_ddiv>
	uint16_t freq_int = (uint16_t)freq;
 80015de:	f7ff fa2d 	bl	8000a3c <__aeabi_d2uiz>
 80015e2:	b280      	uxth	r0, r0
	if (freq_int >= 100)
 80015e4:	2863      	cmp	r0, #99	@ 0x63
 80015e6:	d91f      	bls.n	8001628 <show_motor_speed+0x70>
	{
		speed_data[0] = '1';
 80015e8:	2331      	movs	r3, #49	@ 0x31
 80015ea:	f88d 3000 	strb.w	r3, [sp]
		freq_int -= 100;
 80015ee:	3864      	subs	r0, #100	@ 0x64
 80015f0:	b280      	uxth	r0, r0
	}
	else
	{
		speed_data[0] = ' ';
	}
	speed_data[1] = freq_int / 10 + '0';
 80015f2:	4b12      	ldr	r3, [pc, #72]	@ (800163c <show_motor_speed+0x84>)
 80015f4:	fba3 2300 	umull	r2, r3, r3, r0
 80015f8:	08db      	lsrs	r3, r3, #3
 80015fa:	f103 0230 	add.w	r2, r3, #48	@ 0x30
 80015fe:	f88d 2001 	strb.w	r2, [sp, #1]
	speed_data[2] = freq_int % 10 + '0';
 8001602:	eb03 0383 	add.w	r3, r3, r3, lsl #2
 8001606:	eba0 0043 	sub.w	r0, r0, r3, lsl #1
 800160a:	3030      	adds	r0, #48	@ 0x30
 800160c:	f88d 0002 	strb.w	r0, [sp, #2]
	SSD1306_GotoXY(70, 5);
 8001610:	2105      	movs	r1, #5
 8001612:	2046      	movs	r0, #70	@ 0x46
 8001614:	f7ff fc5c 	bl	8000ed0 <SSD1306_GotoXY>
	SSD1306_Puts(speed_data, &Font_7x10, SSD1306_COLOR_WHITE);
 8001618:	2201      	movs	r2, #1
 800161a:	4909      	ldr	r1, [pc, #36]	@ (8001640 <show_motor_speed+0x88>)
 800161c:	4668      	mov	r0, sp
 800161e:	f7ff fcab 	bl	8000f78 <SSD1306_Puts>
}
 8001622:	b003      	add	sp, #12
 8001624:	f85d fb04 	ldr.w	pc, [sp], #4
		speed_data[0] = ' ';
 8001628:	2320      	movs	r3, #32
 800162a:	f88d 3000 	strb.w	r3, [sp]
 800162e:	e7e0      	b.n	80015f2 <show_motor_speed+0x3a>
 8001630:	28bb0a2d 	.word	0x28bb0a2d
 8001634:	404f6a7a 	.word	0x404f6a7a
 8001638:	08004678 	.word	0x08004678
 800163c:	cccccccd 	.word	0xcccccccd
 8001640:	20000008 	.word	0x20000008

08001644 <show_time>:
void show_time (void)
{
 8001644:	b500      	push	{lr}
 8001646:	b083      	sub	sp, #12
	char data[6] = {'0', '0', ':',  '0','0', 'h'};
 8001648:	4b30      	ldr	r3, [pc, #192]	@ (800170c <show_time+0xc8>)
 800164a:	e893 0003 	ldmia.w	r3, {r0, r1}
 800164e:	9000      	str	r0, [sp, #0]
 8001650:	f8ad 1004 	strh.w	r1, [sp, #4]
	uint8_t sec_tmp = 0;
	uint8_t min_tmp = 0;
	sec_tmp = time%60;
 8001654:	4b2e      	ldr	r3, [pc, #184]	@ (8001710 <show_time+0xcc>)
 8001656:	881b      	ldrh	r3, [r3, #0]
 8001658:	492e      	ldr	r1, [pc, #184]	@ (8001714 <show_time+0xd0>)
 800165a:	fba1 2103 	umull	r2, r1, r1, r3
 800165e:	0949      	lsrs	r1, r1, #5
 8001660:	ebc1 1001 	rsb	r0, r1, r1, lsl #4
 8001664:	0082      	lsls	r2, r0, #2
 8001666:	1a9b      	subs	r3, r3, r2
 8001668:	b2db      	uxtb	r3, r3
	min_tmp = time/60;
 800166a:	b2c9      	uxtb	r1, r1
	
	data[4] = sec_tmp%10 + '0';
 800166c:	4a2a      	ldr	r2, [pc, #168]	@ (8001718 <show_time+0xd4>)
 800166e:	fba2 c003 	umull	ip, r0, r2, r3
 8001672:	08c0      	lsrs	r0, r0, #3
 8001674:	eb00 0e80 	add.w	lr, r0, r0, lsl #2
 8001678:	ea4f 0c4e 	mov.w	ip, lr, lsl #1
 800167c:	eba3 030c 	sub.w	r3, r3, ip
 8001680:	3330      	adds	r3, #48	@ 0x30
 8001682:	b2db      	uxtb	r3, r3
 8001684:	f88d 3004 	strb.w	r3, [sp, #4]
	data[3] = sec_tmp/10 + '0';
 8001688:	fa5f fe80 	uxtb.w	lr, r0
 800168c:	3030      	adds	r0, #48	@ 0x30
 800168e:	f88d 0003 	strb.w	r0, [sp, #3]

	data[1] = min_tmp%10 + '0';
 8001692:	fba2 0201 	umull	r0, r2, r2, r1
 8001696:	08d2      	lsrs	r2, r2, #3
 8001698:	eb02 0c82 	add.w	ip, r2, r2, lsl #2
 800169c:	ea4f 004c 	mov.w	r0, ip, lsl #1
 80016a0:	1a09      	subs	r1, r1, r0
 80016a2:	3130      	adds	r1, #48	@ 0x30
 80016a4:	b2c9      	uxtb	r1, r1
 80016a6:	f88d 1001 	strb.w	r1, [sp, #1]
	data[0] = min_tmp/10 + '0';
 80016aa:	b2d0      	uxtb	r0, r2
 80016ac:	3230      	adds	r2, #48	@ 0x30
 80016ae:	f88d 2000 	strb.w	r2, [sp]

	if (data[4] > '9')
 80016b2:	2b39      	cmp	r3, #57	@ 0x39
 80016b4:	d906      	bls.n	80016c4 <show_time+0x80>
	 {
		data[3] += 1;
 80016b6:	f10e 0e31 	add.w	lr, lr, #49	@ 0x31
 80016ba:	f88d e003 	strb.w	lr, [sp, #3]
		data[4] = '0';
 80016be:	2330      	movs	r3, #48	@ 0x30
 80016c0:	f88d 3004 	strb.w	r3, [sp, #4]
	 }
	 if (data[1] > '9')
 80016c4:	2939      	cmp	r1, #57	@ 0x39
 80016c6:	d905      	bls.n	80016d4 <show_time+0x90>
	 {
		data[0] += 1;
 80016c8:	3031      	adds	r0, #49	@ 0x31
 80016ca:	f88d 0000 	strb.w	r0, [sp]
		data[1] = '0';
 80016ce:	2330      	movs	r3, #48	@ 0x30
 80016d0:	f88d 3001 	strb.w	r3, [sp, #1]
	 }
	 if (data[0] > '9')
 80016d4:	f89d 3000 	ldrb.w	r3, [sp]
 80016d8:	2b39      	cmp	r3, #57	@ 0x39
 80016da:	d90b      	bls.n	80016f4 <show_time+0xb0>
	 {
		data[0] = '0';
 80016dc:	2330      	movs	r3, #48	@ 0x30
 80016de:	f88d 3000 	strb.w	r3, [sp]
		data[1] = '0';
 80016e2:	f88d 3001 	strb.w	r3, [sp, #1]
		data[3] = '0';
 80016e6:	f88d 3003 	strb.w	r3, [sp, #3]
		data[4] = '0';
 80016ea:	f88d 3004 	strb.w	r3, [sp, #4]
		time = 0;
 80016ee:	4b08      	ldr	r3, [pc, #32]	@ (8001710 <show_time+0xcc>)
 80016f0:	2200      	movs	r2, #0
 80016f2:	801a      	strh	r2, [r3, #0]
	 }	
	SSD1306_GotoXY(70,21);
 80016f4:	2115      	movs	r1, #21
 80016f6:	2046      	movs	r0, #70	@ 0x46
 80016f8:	f7ff fbea 	bl	8000ed0 <SSD1306_GotoXY>
	SSD1306_Puts(data, &Font_7x10, SSD1306_COLOR_WHITE);
 80016fc:	2201      	movs	r2, #1
 80016fe:	4907      	ldr	r1, [pc, #28]	@ (800171c <show_time+0xd8>)
 8001700:	4668      	mov	r0, sp
 8001702:	f7ff fc39 	bl	8000f78 <SSD1306_Puts>

 8001706:	b003      	add	sp, #12
 8001708:	f85d fb04 	ldr.w	pc, [sp], #4
 800170c:	08004680 	.word	0x08004680
 8001710:	20000300 	.word	0x20000300
 8001714:	88888889 	.word	0x88888889
 8001718:	cccccccd 	.word	0xcccccccd
 800171c:	20000008 	.word	0x20000008

08001720 <MX_GPIO_Init>:
        * Output
        * EVENT_OUT
        * EXTI
*/
void MX_GPIO_Init(void)
{
 8001720:	b5f0      	push	{r4, r5, r6, r7, lr}
 8001722:	b089      	sub	sp, #36	@ 0x24

  GPIO_InitTypeDef GPIO_InitStruct = {0};
 8001724:	2400      	movs	r4, #0
 8001726:	9403      	str	r4, [sp, #12]
 8001728:	9404      	str	r4, [sp, #16]
 800172a:	9405      	str	r4, [sp, #20]
 800172c:	9406      	str	r4, [sp, #24]
 800172e:	9407      	str	r4, [sp, #28]

  /* GPIO Ports Clock Enable */
  __HAL_RCC_GPIOA_CLK_ENABLE();
 8001730:	4b2d      	ldr	r3, [pc, #180]	@ (80017e8 <MX_GPIO_Init+0xc8>)
 8001732:	6cda      	ldr	r2, [r3, #76]	@ 0x4c
 8001734:	f042 0201 	orr.w	r2, r2, #1
 8001738:	64da      	str	r2, [r3, #76]	@ 0x4c
 800173a:	6cda      	ldr	r2, [r3, #76]	@ 0x4c
 800173c:	f002 0201 	and.w	r2, r2, #1
 8001740:	9201      	str	r2, [sp, #4]
 8001742:	9a01      	ldr	r2, [sp, #4]
  __HAL_RCC_GPIOB_CLK_ENABLE();
 8001744:	6cda      	ldr	r2, [r3, #76]	@ 0x4c
 8001746:	f042 0202 	orr.w	r2, r2, #2
 800174a:	64da      	str	r2, [r3, #76]	@ 0x4c
 800174c:	6cdb      	ldr	r3, [r3, #76]	@ 0x4c
 800174e:	f003 0302 	and.w	r3, r3, #2
 8001752:	9302      	str	r3, [sp, #8]
 8001754:	9b02      	ldr	r3, [sp, #8]

  /*Configure GPIO pin Output Level */
  HAL_GPIO_WritePin(GPIOA, PH_IN2_Pin
 8001756:	4622      	mov	r2, r4
 8001758:	f240 7109 	movw	r1, #1801	@ 0x709
 800175c:	f04f 4090 	mov.w	r0, #1207959552	@ 0x48000000
 8001760:	f000 fd0e 	bl	8002180 <HAL_GPIO_WritePin>
                          |POWER_VOLTAGE_REMOTE_Pin|DISPLAY_CS_Pin|DISPLAY_DC_Pin | POWER_ON_OFF_Pin, GPIO_PIN_RESET);

  /*Configure GPIO pin Output Level */
  HAL_GPIO_WritePin(NSLEEP_GPIO_Port, NSLEEP_Pin, GPIO_PIN_SET);
 8001764:	4d21      	ldr	r5, [pc, #132]	@ (80017ec <MX_GPIO_Init+0xcc>)
 8001766:	2201      	movs	r2, #1
 8001768:	2180      	movs	r1, #128	@ 0x80
 800176a:	4628      	mov	r0, r5
 800176c:	f000 fd08 	bl	8002180 <HAL_GPIO_WritePin>

  HAL_GPIO_WritePin(GPIOA, PB_CLR_Pin  |EN_IN1_Pin, GPIO_PIN_SET);
 8001770:	2201      	movs	r2, #1
 8001772:	2114      	movs	r1, #20
 8001774:	f04f 4090 	mov.w	r0, #1207959552	@ 0x48000000
 8001778:	f000 fd02 	bl	8002180 <HAL_GPIO_WritePin>
  /*Configure GPIO pins : PAPin PAPin PAPin PAPin
                           PAPin PAPin PAPin */
  GPIO_InitStruct.Pin = POWER_ON_OFF_Pin|EN_IN1_Pin|PH_IN2_Pin
 800177c:	f240 730d 	movw	r3, #1805	@ 0x70d
 8001780:	9303      	str	r3, [sp, #12]
                          |POWER_VOLTAGE_REMOTE_Pin|DISPLAY_CS_Pin|DISPLAY_DC_Pin;
  GPIO_InitStruct.Mode = GPIO_MODE_OUTPUT_PP;
 8001782:	2701      	movs	r7, #1
 8001784:	9704      	str	r7, [sp, #16]
  GPIO_InitStruct.Pull = GPIO_NOPULL;
 8001786:	9405      	str	r4, [sp, #20]
  GPIO_InitStruct.Speed = GPIO_SPEED_FREQ_VERY_HIGH;
 8001788:	2603      	movs	r6, #3
 800178a:	9606      	str	r6, [sp, #24]
  HAL_GPIO_Init(GPIOA, &GPIO_InitStruct);
 800178c:	a903      	add	r1, sp, #12
 800178e:	f04f 4090 	mov.w	r0, #1207959552	@ 0x48000000
 8001792:	f000 fc11 	bl	8001fb8 <HAL_GPIO_Init>

  /*Configure GPIO pin : PtPin */
  GPIO_InitStruct.Pin = PB_CLR_Pin;
 8001796:	2310      	movs	r3, #16
 8001798:	9303      	str	r3, [sp, #12]
  GPIO_InitStruct.Mode = GPIO_MODE_OUTPUT_OD;
 800179a:	2311      	movs	r3, #17
 800179c:	9304      	str	r3, [sp, #16]
  GPIO_InitStruct.Pull = GPIO_NOPULL;
 800179e:	9405      	str	r4, [sp, #20]
  GPIO_InitStruct.Speed = GPIO_SPEED_FREQ_LOW;
 80017a0:	9406      	str	r4, [sp, #24]
  HAL_GPIO_Init(PB_CLR_GPIO_Port, &GPIO_InitStruct);
 80017a2:	a903      	add	r1, sp, #12
 80017a4:	f04f 4090 	mov.w	r0, #1207959552	@ 0x48000000
 80017a8:	f000 fc06 	bl	8001fb8 <HAL_GPIO_Init>

  /*Configure GPIO pins : PAPin PAPin PAPin PAPin */
  GPIO_InitStruct.Pin = PB_INT_Pin|NFAULT_Pin|RCOUT_Pin;
 80017ac:	f44f 4318 	mov.w	r3, #38912	@ 0x9800
 80017b0:	9303      	str	r3, [sp, #12]
  GPIO_InitStruct.Mode = GPIO_MODE_INPUT;
 80017b2:	9404      	str	r4, [sp, #16]
  GPIO_InitStruct.Pull = GPIO_NOPULL;
 80017b4:	9405      	str	r4, [sp, #20]
  HAL_GPIO_Init(GPIOA, &GPIO_InitStruct);
 80017b6:	a903      	add	r1, sp, #12
 80017b8:	f04f 4090 	mov.w	r0, #1207959552	@ 0x48000000
 80017bc:	f000 fbfc 	bl	8001fb8 <HAL_GPIO_Init>

  /*Configure GPIO pins : PBPin PBPin */
  GPIO_InitStruct.Pin = BUTTON_1_Pin|BUTTON_2_Pin;
 80017c0:	2342      	movs	r3, #66	@ 0x42
 80017c2:	9303      	str	r3, [sp, #12]
  GPIO_InitStruct.Mode = GPIO_MODE_INPUT;
 80017c4:	9404      	str	r4, [sp, #16]
  GPIO_InitStruct.Pull = GPIO_NOPULL;
 80017c6:	9405      	str	r4, [sp, #20]
  HAL_GPIO_Init(GPIOB, &GPIO_InitStruct);
 80017c8:	a903      	add	r1, sp, #12
 80017ca:	4628      	mov	r0, r5
 80017cc:	f000 fbf4 	bl	8001fb8 <HAL_GPIO_Init>

  /*Configure GPIO pin : PtPin */
  GPIO_InitStruct.Pin = NSLEEP_Pin;
 80017d0:	2380      	movs	r3, #128	@ 0x80
 80017d2:	9303      	str	r3, [sp, #12]
  GPIO_InitStruct.Mode = GPIO_MODE_OUTPUT_PP;
 80017d4:	9704      	str	r7, [sp, #16]
  GPIO_InitStruct.Pull = GPIO_NOPULL;
 80017d6:	9405      	str	r4, [sp, #20]
  GPIO_InitStruct.Speed = GPIO_SPEED_FREQ_VERY_HIGH;
 80017d8:	9606      	str	r6, [sp, #24]
  HAL_GPIO_Init(NSLEEP_GPIO_Port, &GPIO_InitStruct);
 80017da:	a903      	add	r1, sp, #12
 80017dc:	4628      	mov	r0, r5
 80017de:	f000 fbeb 	bl	8001fb8 <HAL_GPIO_Init>

}
 80017e2:	b009      	add	sp, #36	@ 0x24
 80017e4:	bdf0      	pop	{r4, r5, r6, r7, pc}
 80017e6:	bf00      	nop
 80017e8:	40021000 	.word	0x40021000
 80017ec:	48000400 	.word	0x48000400

080017f0 <button_interrupt_init>:

/* USER CODE BEGIN 2 */
void button_interrupt_init (void)
{
  SYSCFG->EXTICR[0] |= (SYSCFG_EXTICR1_EXTI0_PB   << SYSCFG_EXTICR1_EXTI1_Pos); //PB1
 80017f0:	4b0e      	ldr	r3, [pc, #56]	@ (800182c <button_interrupt_init+0x3c>)
 80017f2:	689a      	ldr	r2, [r3, #8]
 80017f4:	f042 0210 	orr.w	r2, r2, #16
 80017f8:	609a      	str	r2, [r3, #8]
  SYSCFG->EXTICR[1] |= (SYSCFG_EXTICR1_EXTI0_PB   << SYSCFG_EXTICR1_EXTI2_Pos ); //PB6
 80017fa:	68da      	ldr	r2, [r3, #12]
 80017fc:	f442 7280 	orr.w	r2, r2, #256	@ 0x100
 8001800:	60da      	str	r2, [r3, #12]
  //SYSCFG->EXTICR[3] |= (SYSCFG_EXTICR1_EXTI0_PB   << SYSCFG_EXTICR1_EXTI2_Pos ); //PB6
  EXTI->IMR1  |= (EXTI_IMR1_IM1 | EXTI_IMR1_IM6 | EXTI_IMR1_IM11 );
 8001802:	f503 6380 	add.w	r3, r3, #1024	@ 0x400
 8001806:	681a      	ldr	r2, [r3, #0]
 8001808:	f640 0142 	movw	r1, #2114	@ 0x842
 800180c:	430a      	orrs	r2, r1
 800180e:	601a      	str	r2, [r3, #0]
  EXTI->FTSR1 |= (EXTI_FTSR1_FT1 | EXTI_FTSR1_FT6 | EXTI_FTSR1_FT11);
 8001810:	68da      	ldr	r2, [r3, #12]
 8001812:	430a      	orrs	r2, r1
 8001814:	60da      	str	r2, [r3, #12]
 8001816:	4b06      	ldr	r3, [pc, #24]	@ (8001830 <button_interrupt_init+0x40>)
 8001818:	2280      	movs	r2, #128	@ 0x80
 800181a:	601a      	str	r2, [r3, #0]
 800181c:	f44f 0200 	mov.w	r2, #8388608	@ 0x800000
 8001820:	601a      	str	r2, [r3, #0]
 8001822:	f44f 7280 	mov.w	r2, #256	@ 0x100
 8001826:	605a      	str	r2, [r3, #4]
  NVIC_EnableIRQ(EXTI1_IRQn);
  NVIC_EnableIRQ(EXTI9_5_IRQn);
  NVIC_EnableIRQ(EXTI15_10_IRQn);
}
 8001828:	4770      	bx	lr
 800182a:	bf00      	nop
 800182c:	40010000 	.word	0x40010000
 8001830:	e000e100 	.word	0xe000e100

08001834 <MX_I2C3_Init>:

I2C_HandleTypeDef hi2c3;

/* I2C3 init function */
void MX_I2C3_Init(void)
{
 8001834:	b508      	push	{r3, lr}
  /* USER CODE END I2C3_Init 0 */

  /* USER CODE BEGIN I2C3_Init 1 */

  /* USER CODE END I2C3_Init 1 */
  hi2c3.Instance = I2C3;
 8001836:	4812      	ldr	r0, [pc, #72]	@ (8001880 <MX_I2C3_Init+0x4c>)
 8001838:	4b12      	ldr	r3, [pc, #72]	@ (8001884 <MX_I2C3_Init+0x50>)
 800183a:	6003      	str	r3, [r0, #0]
  hi2c3.Init.Timing = 0x10D19CE4;
 800183c:	4b12      	ldr	r3, [pc, #72]	@ (8001888 <MX_I2C3_Init+0x54>)
 800183e:	6043      	str	r3, [r0, #4]
  hi2c3.Init.OwnAddress1 = 0;
 8001840:	2300      	movs	r3, #0
 8001842:	6083      	str	r3, [r0, #8]
  hi2c3.Init.AddressingMode = I2C_ADDRESSINGMODE_7BIT;
 8001844:	2201      	movs	r2, #1
 8001846:	60c2      	str	r2, [r0, #12]
  hi2c3.Init.DualAddressMode = I2C_DUALADDRESS_DISABLE;
 8001848:	6103      	str	r3, [r0, #16]
  hi2c3.Init.OwnAddress2 = 0;
 800184a:	6143      	str	r3, [r0, #20]
  hi2c3.Init.OwnAddress2Masks = I2C_OA2_NOMASK;
 800184c:	6183      	str	r3, [r0, #24]
  hi2c3.Init.GeneralCallMode = I2C_GENERALCALL_DISABLE;
 800184e:	61c3      	str	r3, [r0, #28]
  hi2c3.Init.NoStretchMode = I2C_NOSTRETCH_DISABLE;
 8001850:	6203      	str	r3, [r0, #32]
  if (HAL_I2C_Init(&hi2c3) != HAL_OK)
 8001852:	f000 fe7c 	bl	800254e <HAL_I2C_Init>
 8001856:	b950      	cbnz	r0, 800186e <MX_I2C3_Init+0x3a>
    Error_Handler();
  }

  /** Configure Analogue filter
  */
  if (HAL_I2CEx_ConfigAnalogFilter(&hi2c3, I2C_ANALOGFILTER_ENABLE) != HAL_OK)
 8001858:	2100      	movs	r1, #0
 800185a:	4809      	ldr	r0, [pc, #36]	@ (8001880 <MX_I2C3_Init+0x4c>)
 800185c:	f001 fb93 	bl	8002f86 <HAL_I2CEx_ConfigAnalogFilter>
 8001860:	b940      	cbnz	r0, 8001874 <MX_I2C3_Init+0x40>
    Error_Handler();
  }

  /** Configure Digital filter
  */
  if (HAL_I2CEx_ConfigDigitalFilter(&hi2c3, 0) != HAL_OK)
 8001862:	2100      	movs	r1, #0
 8001864:	4806      	ldr	r0, [pc, #24]	@ (8001880 <MX_I2C3_Init+0x4c>)
 8001866:	f001 fbbc 	bl	8002fe2 <HAL_I2CEx_ConfigDigitalFilter>
 800186a:	b930      	cbnz	r0, 800187a <MX_I2C3_Init+0x46>
  }
  /* USER CODE BEGIN I2C3_Init 2 */

  /* USER CODE END I2C3_Init 2 */

}
 800186c:	bd08      	pop	{r3, pc}
    Error_Handler();
 800186e:	f000 f939 	bl	8001ae4 <Error_Handler>
 8001872:	e7f1      	b.n	8001858 <MX_I2C3_Init+0x24>
    Error_Handler();
 8001874:	f000 f936 	bl	8001ae4 <Error_Handler>
 8001878:	e7f3      	b.n	8001862 <MX_I2C3_Init+0x2e>
    Error_Handler();
 800187a:	f000 f933 	bl	8001ae4 <Error_Handler>
}
 800187e:	e7f5      	b.n	800186c <MX_I2C3_Init+0x38>
 8001880:	200002ac 	.word	0x200002ac
 8001884:	40005c00 	.word	0x40005c00
 8001888:	10d19ce4 	.word	0x10d19ce4

0800188c <HAL_I2C_MspInit>:

void HAL_I2C_MspInit(I2C_HandleTypeDef* i2cHandle)
{
 800188c:	e92d 41f0 	stmdb	sp!, {r4, r5, r6, r7, r8, lr}
 8001890:	b0a0      	sub	sp, #128	@ 0x80
 8001892:	4604      	mov	r4, r0

  GPIO_InitTypeDef GPIO_InitStruct = {0};
 8001894:	2100      	movs	r1, #0
 8001896:	911b      	str	r1, [sp, #108]	@ 0x6c
 8001898:	911c      	str	r1, [sp, #112]	@ 0x70
 800189a:	911d      	str	r1, [sp, #116]	@ 0x74
 800189c:	911e      	str	r1, [sp, #120]	@ 0x78
 800189e:	911f      	str	r1, [sp, #124]	@ 0x7c
  RCC_PeriphCLKInitTypeDef PeriphClkInit = {0};
 80018a0:	225c      	movs	r2, #92	@ 0x5c
 80018a2:	a804      	add	r0, sp, #16
 80018a4:	f002 feaf 	bl	8004606 <memset>
  if(i2cHandle->Instance==I2C3)
 80018a8:	6822      	ldr	r2, [r4, #0]
 80018aa:	4b2d      	ldr	r3, [pc, #180]	@ (8001960 <HAL_I2C_MspInit+0xd4>)
 80018ac:	429a      	cmp	r2, r3
 80018ae:	d002      	beq.n	80018b6 <HAL_I2C_MspInit+0x2a>
    HAL_NVIC_EnableIRQ(I2C3_ER_IRQn);
  /* USER CODE BEGIN I2C3_MspInit 1 */

  /* USER CODE END I2C3_MspInit 1 */
  }
}
 80018b0:	b020      	add	sp, #128	@ 0x80
 80018b2:	e8bd 81f0 	ldmia.w	sp!, {r4, r5, r6, r7, r8, pc}
    PeriphClkInit.PeriphClockSelection = RCC_PERIPHCLK_I2C3;
 80018b6:	f44f 7380 	mov.w	r3, #256	@ 0x100
 80018ba:	9304      	str	r3, [sp, #16]
    if (HAL_RCCEx_PeriphCLKConfig(&PeriphClkInit) != HAL_OK)
 80018bc:	a804      	add	r0, sp, #16
 80018be:	f002 f979 	bl	8003bb4 <HAL_RCCEx_PeriphCLKConfig>
 80018c2:	2800      	cmp	r0, #0
 80018c4:	d148      	bne.n	8001958 <HAL_I2C_MspInit+0xcc>
    __HAL_RCC_GPIOA_CLK_ENABLE();
 80018c6:	4c27      	ldr	r4, [pc, #156]	@ (8001964 <HAL_I2C_MspInit+0xd8>)
 80018c8:	6ce3      	ldr	r3, [r4, #76]	@ 0x4c
 80018ca:	f043 0301 	orr.w	r3, r3, #1
 80018ce:	64e3      	str	r3, [r4, #76]	@ 0x4c
 80018d0:	6ce3      	ldr	r3, [r4, #76]	@ 0x4c
 80018d2:	f003 0301 	and.w	r3, r3, #1
 80018d6:	9301      	str	r3, [sp, #4]
 80018d8:	9b01      	ldr	r3, [sp, #4]
    __HAL_RCC_GPIOB_CLK_ENABLE();
 80018da:	6ce3      	ldr	r3, [r4, #76]	@ 0x4c
 80018dc:	f043 0302 	orr.w	r3, r3, #2
 80018e0:	64e3      	str	r3, [r4, #76]	@ 0x4c
 80018e2:	6ce3      	ldr	r3, [r4, #76]	@ 0x4c
 80018e4:	f003 0302 	and.w	r3, r3, #2
 80018e8:	9302      	str	r3, [sp, #8]
 80018ea:	9b02      	ldr	r3, [sp, #8]
    GPIO_InitStruct.Pin = GPIO_PIN_7;
 80018ec:	2380      	movs	r3, #128	@ 0x80
 80018ee:	931b      	str	r3, [sp, #108]	@ 0x6c
    GPIO_InitStruct.Mode = GPIO_MODE_AF_OD;
 80018f0:	f04f 0812 	mov.w	r8, #18
 80018f4:	f8cd 8070 	str.w	r8, [sp, #112]	@ 0x70
    GPIO_InitStruct.Pull = GPIO_NOPULL;
 80018f8:	2500      	movs	r5, #0
 80018fa:	951d      	str	r5, [sp, #116]	@ 0x74
    GPIO_InitStruct.Speed = GPIO_SPEED_FREQ_VERY_HIGH;
 80018fc:	2703      	movs	r7, #3
 80018fe:	971e      	str	r7, [sp, #120]	@ 0x78
    GPIO_InitStruct.Alternate = GPIO_AF4_I2C3;
 8001900:	2604      	movs	r6, #4
 8001902:	961f      	str	r6, [sp, #124]	@ 0x7c
    HAL_GPIO_Init(GPIOA, &GPIO_InitStruct);
 8001904:	a91b      	add	r1, sp, #108	@ 0x6c
 8001906:	f04f 4090 	mov.w	r0, #1207959552	@ 0x48000000
 800190a:	f000 fb55 	bl	8001fb8 <HAL_GPIO_Init>
    GPIO_InitStruct.Pin = GPIO_PIN_4;
 800190e:	2310      	movs	r3, #16
 8001910:	931b      	str	r3, [sp, #108]	@ 0x6c
    GPIO_InitStruct.Mode = GPIO_MODE_AF_OD;
 8001912:	f8cd 8070 	str.w	r8, [sp, #112]	@ 0x70
    GPIO_InitStruct.Pull = GPIO_NOPULL;
 8001916:	951d      	str	r5, [sp, #116]	@ 0x74
    GPIO_InitStruct.Speed = GPIO_SPEED_FREQ_VERY_HIGH;
 8001918:	971e      	str	r7, [sp, #120]	@ 0x78
    GPIO_InitStruct.Alternate = GPIO_AF4_I2C3;
 800191a:	961f      	str	r6, [sp, #124]	@ 0x7c
    HAL_GPIO_Init(GPIOB, &GPIO_InitStruct);
 800191c:	a91b      	add	r1, sp, #108	@ 0x6c
 800191e:	4812      	ldr	r0, [pc, #72]	@ (8001968 <HAL_I2C_MspInit+0xdc>)
 8001920:	f000 fb4a 	bl	8001fb8 <HAL_GPIO_Init>
    __HAL_RCC_I2C3_CLK_ENABLE();
 8001924:	6da3      	ldr	r3, [r4, #88]	@ 0x58
 8001926:	f443 0300 	orr.w	r3, r3, #8388608	@ 0x800000
 800192a:	65a3      	str	r3, [r4, #88]	@ 0x58
 800192c:	6da3      	ldr	r3, [r4, #88]	@ 0x58
 800192e:	f403 0300 	and.w	r3, r3, #8388608	@ 0x800000
 8001932:	9303      	str	r3, [sp, #12]
 8001934:	9b03      	ldr	r3, [sp, #12]
    HAL_NVIC_SetPriority(I2C3_EV_IRQn, 0, 0);
 8001936:	462a      	mov	r2, r5
 8001938:	4629      	mov	r1, r5
 800193a:	2048      	movs	r0, #72	@ 0x48
 800193c:	f000 fae8 	bl	8001f10 <HAL_NVIC_SetPriority>
    HAL_NVIC_EnableIRQ(I2C3_EV_IRQn);
 8001940:	2048      	movs	r0, #72	@ 0x48
 8001942:	f000 faf5 	bl	8001f30 <HAL_NVIC_EnableIRQ>
    HAL_NVIC_SetPriority(I2C3_ER_IRQn, 0, 0);
 8001946:	462a      	mov	r2, r5
 8001948:	4629      	mov	r1, r5
 800194a:	2049      	movs	r0, #73	@ 0x49
 800194c:	f000 fae0 	bl	8001f10 <HAL_NVIC_SetPriority>
    HAL_NVIC_EnableIRQ(I2C3_ER_IRQn);
 8001950:	2049      	movs	r0, #73	@ 0x49
 8001952:	f000 faed 	bl	8001f30 <HAL_NVIC_EnableIRQ>
}
 8001956:	e7ab      	b.n	80018b0 <HAL_I2C_MspInit+0x24>
      Error_Handler();
 8001958:	f000 f8c4 	bl	8001ae4 <Error_Handler>
 800195c:	e7b3      	b.n	80018c6 <HAL_I2C_MspInit+0x3a>
 800195e:	bf00      	nop
 8001960:	40005c00 	.word	0x40005c00
 8001964:	40021000 	.word	0x40021000
 8001968:	48000400 	.word	0x48000400

0800196c <main>:
/**
  * @brief  The application entry point.
  * @retval int
  */
int main(void)
{
 800196c:	b508      	push	{r3, lr}
  /* USER CODE BEGIN 1 */
  /* USER CODE END 1 */
  /* MCU Configuration--------------------------------------------------------*/
  /* Reset of all peripherals, Initializes the Flash interface and the Systick. */
  HAL_Init();
 800196e:	f000 f9af 	bl	8001cd0 <HAL_Init>
  /* USER CODE BEGIN Init */
  /* USER CODE END Init */
  /* Configure the system clock */
  SystemClock_Config();
 8001972:	f7ff f997 	bl	8000ca4 <SystemClock_Config>
  /* USER CODE BEGIN SysInit */
  MX_GPIO_Init();
 8001976:	f7ff fed3 	bl	8001720 <MX_GPIO_Init>
  adc_init();
 800197a:	f7ff f8ef 	bl	8000b5c <adc_init>
  dac_init();
 800197e:	f7ff f9d3 	bl	8000d28 <dac_init>
  MX_I2C3_Init();
 8001982:	f7ff ff57 	bl	8001834 <MX_I2C3_Init>
  MX_SPI1_Init();
 8001986:	f000 f919 	bl	8001bbc <MX_SPI1_Init>
  button_interrupt_init();
 800198a:	f7ff ff31 	bl	80017f0 <button_interrupt_init>
  motor_init();
 800198e:	f000 f8db 	bl	8001b48 <motor_init>
  display_power_high();
 8001992:	2201      	movs	r2, #1
 8001994:	4611      	mov	r1, r2
 8001996:	f04f 4090 	mov.w	r0, #1207959552	@ 0x48000000
 800199a:	f000 fbf1 	bl	8002180 <HAL_GPIO_WritePin>
  dac_data_send(993);
 800199e:	f240 30e1 	movw	r0, #993	@ 0x3e1
 80019a2:	f7ff fa15 	bl	8000dd0 <dac_data_send>
  display_init();
 80019a6:	f7ff fc1d 	bl	80011e4 <display_init>
  display_test();
 80019aa:	f7ff fc9d 	bl	80012e8 <display_test>
  time_init();
 80019ae:	f002 fdd5 	bl	800455c <time_init>
  /* Infinite loop */
  /* USER CODE BEGIN WHILE */
  while (1)
  {
    
    show_motor_speed();
 80019b2:	f7ff fe01 	bl	80015b8 <show_motor_speed>
    show_vbat();
 80019b6:	f7ff fc9f 	bl	80012f8 <show_vbat>
    show_time();
 80019ba:	f7ff fe43 	bl	8001644 <show_time>
    show_motor_duty();
 80019be:	f7ff fdab 	bl	8001518 <show_motor_duty>
    HAL_Delay(500);
 80019c2:	f44f 70fa 	mov.w	r0, #500	@ 0x1f4
 80019c6:	f000 f9a5 	bl	8001d14 <HAL_Delay>
    SSD1306_UpdateScreen();
 80019ca:	f7ff fbc3 	bl	8001154 <SSD1306_UpdateScreen>
  while (1)
 80019ce:	e7f0      	b.n	80019b2 <main+0x46>

080019d0 <EXTI1_IRQHandler>:
  /* USER CODE END 3 */
}

/* USER CODE BEGIN 4 */
void EXTI1_IRQHandler (void)    //PB1 BUTTON - 
{
 80019d0:	b508      	push	{r3, lr}
  EXTI->PR1 |= EXTI_PR1_PIF1;
 80019d2:	4a06      	ldr	r2, [pc, #24]	@ (80019ec <EXTI1_IRQHandler+0x1c>)
 80019d4:	6953      	ldr	r3, [r2, #20]
 80019d6:	f043 0302 	orr.w	r3, r3, #2
 80019da:	6153      	str	r3, [r2, #20]
  speed--;
 80019dc:	4b04      	ldr	r3, [pc, #16]	@ (80019f0 <EXTI1_IRQHandler+0x20>)
 80019de:	7818      	ldrb	r0, [r3, #0]
 80019e0:	3801      	subs	r0, #1
 80019e2:	b2c0      	uxtb	r0, r0
 80019e4:	7018      	strb	r0, [r3, #0]
  motor_speed_write(speed);
 80019e6:	f000 f8db 	bl	8001ba0 <motor_speed_write>

}
 80019ea:	bd08      	pop	{r3, pc}
 80019ec:	40010400 	.word	0x40010400
 80019f0:	20000012 	.word	0x20000012

080019f4 <EXTI9_5_IRQHandler>:
void EXTI9_5_IRQHandler (void) //PB6 BUTTON +
{
 80019f4:	b508      	push	{r3, lr}
  EXTI->PR1 |= EXTI_PR1_PIF6; 
 80019f6:	4a06      	ldr	r2, [pc, #24]	@ (8001a10 <EXTI9_5_IRQHandler+0x1c>)
 80019f8:	6953      	ldr	r3, [r2, #20]
 80019fa:	f043 0340 	orr.w	r3, r3, #64	@ 0x40
 80019fe:	6153      	str	r3, [r2, #20]
  speed ++;
 8001a00:	4b04      	ldr	r3, [pc, #16]	@ (8001a14 <EXTI9_5_IRQHandler+0x20>)
 8001a02:	7818      	ldrb	r0, [r3, #0]
 8001a04:	3001      	adds	r0, #1
 8001a06:	b2c0      	uxtb	r0, r0
 8001a08:	7018      	strb	r0, [r3, #0]
  motor_speed_write(speed);
 8001a0a:	f000 f8c9 	bl	8001ba0 <motor_speed_write>
}
 8001a0e:	bd08      	pop	{r3, pc}
 8001a10:	40010400 	.word	0x40010400
 8001a14:	20000012 	.word	0x20000012

08001a18 <EXTI15_10_IRQHandler>:
void EXTI15_10_IRQHandler (void) //BUTTON ON/OFF
{
 8001a18:	b510      	push	{r4, lr}
  
  if (flag_motor)
 8001a1a:	4b14      	ldr	r3, [pc, #80]	@ (8001a6c <EXTI15_10_IRQHandler+0x54>)
 8001a1c:	781b      	ldrb	r3, [r3, #0]
 8001a1e:	b1a3      	cbz	r3, 8001a4a <EXTI15_10_IRQHandler+0x32>
  {
    flag_motor = 0;
 8001a20:	2400      	movs	r4, #0
 8001a22:	4b12      	ldr	r3, [pc, #72]	@ (8001a6c <EXTI15_10_IRQHandler+0x54>)
 8001a24:	701c      	strb	r4, [r3, #0]
    display_power_low();
 8001a26:	4622      	mov	r2, r4
 8001a28:	2101      	movs	r1, #1
 8001a2a:	f04f 4090 	mov.w	r0, #1207959552	@ 0x48000000
 8001a2e:	f000 fba7 	bl	8002180 <HAL_GPIO_WritePin>
    motor_write(CONFIG0, 0x61);
 8001a32:	2161      	movs	r1, #97	@ 0x61
 8001a34:	2009      	movs	r0, #9
 8001a36:	f000 f857 	bl	8001ae8 <motor_write>
    time_active = 0;
 8001a3a:	4b0d      	ldr	r3, [pc, #52]	@ (8001a70 <EXTI15_10_IRQHandler+0x58>)
 8001a3c:	701c      	strb	r4, [r3, #0]
    display_power_high();
    motor_write(CONFIG0, 0xE1);
    time_active = 1;
  }

  EXTI->PR1 |= EXTI_PR1_PIF11; //PA11 BUTTON INT
 8001a3e:	4a0d      	ldr	r2, [pc, #52]	@ (8001a74 <EXTI15_10_IRQHandler+0x5c>)
 8001a40:	6953      	ldr	r3, [r2, #20]
 8001a42:	f443 6300 	orr.w	r3, r3, #2048	@ 0x800
 8001a46:	6153      	str	r3, [r2, #20]

}
 8001a48:	bd10      	pop	{r4, pc}
    flag_motor = 1;
 8001a4a:	2401      	movs	r4, #1
 8001a4c:	4b07      	ldr	r3, [pc, #28]	@ (8001a6c <EXTI15_10_IRQHandler+0x54>)
 8001a4e:	701c      	strb	r4, [r3, #0]
    display_power_high();
 8001a50:	4622      	mov	r2, r4
 8001a52:	4621      	mov	r1, r4
 8001a54:	f04f 4090 	mov.w	r0, #1207959552	@ 0x48000000
 8001a58:	f000 fb92 	bl	8002180 <HAL_GPIO_WritePin>
    motor_write(CONFIG0, 0xE1);
 8001a5c:	21e1      	movs	r1, #225	@ 0xe1
 8001a5e:	2009      	movs	r0, #9
 8001a60:	f000 f842 	bl	8001ae8 <motor_write>
    time_active = 1;
 8001a64:	4b02      	ldr	r3, [pc, #8]	@ (8001a70 <EXTI15_10_IRQHandler+0x58>)
 8001a66:	701c      	strb	r4, [r3, #0]
 8001a68:	e7e9      	b.n	8001a3e <EXTI15_10_IRQHandler+0x26>
 8001a6a:	bf00      	nop
 8001a6c:	20000011 	.word	0x20000011
 8001a70:	20000010 	.word	0x20000010
 8001a74:	40010400 	.word	0x40010400

08001a78 <ADC1_IRQHandler>:
void ADC1_IRQHandler(void)
{
    if (ADC1->ISR & ADC_ISR_EOC) { 
 8001a78:	4b03      	ldr	r3, [pc, #12]	@ (8001a88 <ADC1_IRQHandler+0x10>)
 8001a7a:	681b      	ldr	r3, [r3, #0]
 8001a7c:	f013 0f04 	tst.w	r3, #4
 8001a80:	d001      	beq.n	8001a86 <ADC1_IRQHandler+0xe>
      ADC1->DR;
 8001a82:	4b01      	ldr	r3, [pc, #4]	@ (8001a88 <ADC1_IRQHandler+0x10>)
 8001a84:	6c1b      	ldr	r3, [r3, #64]	@ 0x40
    }
}
 8001a86:	4770      	bx	lr
 8001a88:	50040000 	.word	0x50040000

08001a8c <DMA1_Channel1_IRQHandler>:
void DMA1_Channel1_IRQHandler() {
  if(DMA1->ISR & DMA_ISR_TCIF1) 
 8001a8c:	4b0a      	ldr	r3, [pc, #40]	@ (8001ab8 <DMA1_Channel1_IRQHandler+0x2c>)
 8001a8e:	681b      	ldr	r3, [r3, #0]
 8001a90:	f013 0f02 	tst.w	r3, #2
 8001a94:	d005      	beq.n	8001aa2 <DMA1_Channel1_IRQHandler+0x16>
		DMA1->IFCR |= DMA_IFCR_CGIF1; 
 8001a96:	4a08      	ldr	r2, [pc, #32]	@ (8001ab8 <DMA1_Channel1_IRQHandler+0x2c>)
 8001a98:	6853      	ldr	r3, [r2, #4]
 8001a9a:	f043 0301 	orr.w	r3, r3, #1
 8001a9e:	6053      	str	r3, [r2, #4]
 8001aa0:	4770      	bx	lr
  else if (DMA1->ISR & DMA_ISR_TEIF1)	
 8001aa2:	4b05      	ldr	r3, [pc, #20]	@ (8001ab8 <DMA1_Channel1_IRQHandler+0x2c>)
 8001aa4:	681b      	ldr	r3, [r3, #0]
 8001aa6:	f013 0f08 	tst.w	r3, #8
 8001aaa:	d004      	beq.n	8001ab6 <DMA1_Channel1_IRQHandler+0x2a>
		DMA1->IFCR |= DMA_IFCR_CGIF1;
 8001aac:	4a02      	ldr	r2, [pc, #8]	@ (8001ab8 <DMA1_Channel1_IRQHandler+0x2c>)
 8001aae:	6853      	ldr	r3, [r2, #4]
 8001ab0:	f043 0301 	orr.w	r3, r3, #1
 8001ab4:	6053      	str	r3, [r2, #4]
}
 8001ab6:	4770      	bx	lr
 8001ab8:	40020000 	.word	0x40020000

08001abc <TIM7_IRQHandler>:
void TIM7_IRQHandler (void)
{
  TIM7->SR &= ~TIM_SR_UIF;
 8001abc:	4a06      	ldr	r2, [pc, #24]	@ (8001ad8 <TIM7_IRQHandler+0x1c>)
 8001abe:	6913      	ldr	r3, [r2, #16]
 8001ac0:	f023 0301 	bic.w	r3, r3, #1
 8001ac4:	6113      	str	r3, [r2, #16]
  if (time_active)
 8001ac6:	4b05      	ldr	r3, [pc, #20]	@ (8001adc <TIM7_IRQHandler+0x20>)
 8001ac8:	781b      	ldrb	r3, [r3, #0]
 8001aca:	b11b      	cbz	r3, 8001ad4 <TIM7_IRQHandler+0x18>
  time++;
 8001acc:	4a04      	ldr	r2, [pc, #16]	@ (8001ae0 <TIM7_IRQHandler+0x24>)
 8001ace:	8813      	ldrh	r3, [r2, #0]
 8001ad0:	3301      	adds	r3, #1
 8001ad2:	8013      	strh	r3, [r2, #0]
}
 8001ad4:	4770      	bx	lr
 8001ad6:	bf00      	nop
 8001ad8:	40001400 	.word	0x40001400
 8001adc:	20000010 	.word	0x20000010
 8001ae0:	20000300 	.word	0x20000300

08001ae4 <Error_Handler>:
  \details Disables IRQ interrupts by setting the I-bit in the CPSR.
           Can only be executed in Privileged modes.
 */
__STATIC_FORCEINLINE void __disable_irq(void)
{
  __ASM volatile ("cpsid i" : : : "memory");
 8001ae4:	b672      	cpsid	i
void Error_Handler(void)
{
  /* USER CODE BEGIN Error_Handler_Debug */
  /* User can add his own implementation to report the HAL error return state */
  __disable_irq();
  while (1)
 8001ae6:	e7fe      	b.n	8001ae6 <Error_Handler+0x2>

08001ae8 <motor_write>:
#include "motor.h"
#include "stm32l4xx_hal_i2c.h"
extern I2C_HandleTypeDef hi2c3;

void motor_write(uint8_t reg, uint8_t data)
{
 8001ae8:	b500      	push	{lr}
 8001aea:	b085      	sub	sp, #20
    uint8_t tdata[2] = {reg, data};
 8001aec:	f88d 000c 	strb.w	r0, [sp, #12]
 8001af0:	f88d 100d 	strb.w	r1, [sp, #13]
    HAL_I2C_Master_Transmit(&hi2c3, MOTOR_I2C_ADDRESS, tdata, 2,  100);
 8001af4:	2364      	movs	r3, #100	@ 0x64
 8001af6:	9300      	str	r3, [sp, #0]
 8001af8:	2302      	movs	r3, #2
 8001afa:	aa03      	add	r2, sp, #12
 8001afc:	2160      	movs	r1, #96	@ 0x60
 8001afe:	4803      	ldr	r0, [pc, #12]	@ (8001b0c <motor_write+0x24>)
 8001b00:	f000 fd8a 	bl	8002618 <HAL_I2C_Master_Transmit>
}
 8001b04:	b005      	add	sp, #20
 8001b06:	f85d fb04 	ldr.w	pc, [sp], #4
 8001b0a:	bf00      	nop
 8001b0c:	200002ac 	.word	0x200002ac

08001b10 <motor_read>:

uint8_t motor_read(uint8_t reg)
{
 8001b10:	b530      	push	{r4, r5, lr}
 8001b12:	b085      	sub	sp, #20
   uint8_t data; 
   uint8_t tdata[1] = {reg};
 8001b14:	f88d 000c 	strb.w	r0, [sp, #12]
   HAL_I2C_Master_Transmit(&hi2c3, MOTOR_I2C_ADDRESS, tdata, 1,  100);
 8001b18:	4c0a      	ldr	r4, [pc, #40]	@ (8001b44 <motor_read+0x34>)
 8001b1a:	2564      	movs	r5, #100	@ 0x64
 8001b1c:	9500      	str	r5, [sp, #0]
 8001b1e:	2301      	movs	r3, #1
 8001b20:	aa03      	add	r2, sp, #12
 8001b22:	2160      	movs	r1, #96	@ 0x60
 8001b24:	4620      	mov	r0, r4
 8001b26:	f000 fd77 	bl	8002618 <HAL_I2C_Master_Transmit>
   HAL_I2C_Master_Receive(&hi2c3, MOTOR_I2C_ADDRESS, &data, 1, 100);
 8001b2a:	9500      	str	r5, [sp, #0]
 8001b2c:	2301      	movs	r3, #1
 8001b2e:	f10d 020f 	add.w	r2, sp, #15
 8001b32:	2160      	movs	r1, #96	@ 0x60
 8001b34:	4620      	mov	r0, r4
 8001b36:	f000 fe41 	bl	80027bc <HAL_I2C_Master_Receive>
   return data;
}
 8001b3a:	f89d 000f 	ldrb.w	r0, [sp, #15]
 8001b3e:	b005      	add	sp, #20
 8001b40:	bd30      	pop	{r4, r5, pc}
 8001b42:	bf00      	nop
 8001b44:	200002ac 	.word	0x200002ac

08001b48 <motor_init>:

void motor_init(void)
{
 8001b48:	b508      	push	{r3, lr}
    HAL_GPIO_WritePin(NSLEEP_GPIO_Port, NSLEEP_Pin, GPIO_PIN_SET);
 8001b4a:	2201      	movs	r2, #1
 8001b4c:	2180      	movs	r1, #128	@ 0x80
 8001b4e:	4813      	ldr	r0, [pc, #76]	@ (8001b9c <motor_init+0x54>)
 8001b50:	f000 fb16 	bl	8002180 <HAL_GPIO_WritePin>
    HAL_GPIO_WritePin(GPIOA,  POWER_ON_OFF_Pin |EN_IN1_Pin, GPIO_PIN_RESET);
 8001b54:	2200      	movs	r2, #0
 8001b56:	2105      	movs	r1, #5
 8001b58:	f04f 4090 	mov.w	r0, #1207959552	@ 0x48000000
 8001b5c:	f000 fb10 	bl	8002180 <HAL_GPIO_WritePin>
    HAL_Delay(10);
 8001b60:	200a      	movs	r0, #10
 8001b62:	f000 f8d7 	bl	8001d14 <HAL_Delay>
    motor_write(CONFIG4, 0x30);
 8001b66:	2130      	movs	r1, #48	@ 0x30
 8001b68:	200d      	movs	r0, #13
 8001b6a:	f7ff ffbd 	bl	8001ae8 <motor_write>
    motor_write(CONFIG0, 0xE1);
 8001b6e:	21e1      	movs	r1, #225	@ 0xe1
 8001b70:	2009      	movs	r0, #9
 8001b72:	f7ff ffb9 	bl	8001ae8 <motor_write>
    motor_write(REG_CTRL0, 21); //scale speed 32
 8001b76:	2115      	movs	r1, #21
 8001b78:	200e      	movs	r0, #14
 8001b7a:	f7ff ffb5 	bl	8001ae8 <motor_write>
    motor_write(REG_CTRL2, 40);
 8001b7e:	2128      	movs	r1, #40	@ 0x28
 8001b80:	2010      	movs	r0, #16
 8001b82:	f7ff ffb1 	bl	8001ae8 <motor_write>

    HAL_GPIO_WritePin(GPIOA, EN_IN1_Pin, GPIO_PIN_SET);  
 8001b86:	2201      	movs	r2, #1
 8001b88:	2104      	movs	r1, #4
 8001b8a:	f04f 4090 	mov.w	r0, #1207959552	@ 0x48000000
 8001b8e:	f000 faf7 	bl	8002180 <HAL_GPIO_WritePin>
    HAL_Delay(100);
 8001b92:	2064      	movs	r0, #100	@ 0x64
 8001b94:	f000 f8be 	bl	8001d14 <HAL_Delay>
}
 8001b98:	bd08      	pop	{r3, pc}
 8001b9a:	bf00      	nop
 8001b9c:	48000400 	.word	0x48000400

08001ba0 <motor_speed_write>:

void motor_speed_write (uint8_t data)
{
 8001ba0:	b508      	push	{r3, lr}
    if (data > MOTOR_SPEED_HIGH)
 8001ba2:	283f      	cmp	r0, #63	@ 0x3f
 8001ba4:	d804      	bhi.n	8001bb0 <motor_speed_write+0x10>
 8001ba6:	4601      	mov	r1, r0
      {
        data = MOTOR_SPEED_HIGH;
      }
    if (data < MOTOR_SPEED_LOW)
 8001ba8:	2802      	cmp	r0, #2
 8001baa:	d802      	bhi.n	8001bb2 <motor_speed_write+0x12>
    {
      data = MOTOR_SPEED_LOW;
 8001bac:	2103      	movs	r1, #3
 8001bae:	e000      	b.n	8001bb2 <motor_speed_write+0x12>
        data = MOTOR_SPEED_HIGH;
 8001bb0:	213f      	movs	r1, #63	@ 0x3f
    }

    motor_write(REG_CTRL2, data);
 8001bb2:	2010      	movs	r0, #16
 8001bb4:	f7ff ff98 	bl	8001ae8 <motor_write>
 8001bb8:	bd08      	pop	{r3, pc}
	...

08001bbc <MX_SPI1_Init>:

SPI_HandleTypeDef hspi1;

/* SPI1 init function */
void MX_SPI1_Init(void)
{
 8001bbc:	b508      	push	{r3, lr}
  /* USER CODE END SPI1_Init 0 */

  /* USER CODE BEGIN SPI1_Init 1 */

  /* USER CODE END SPI1_Init 1 */
  hspi1.Instance = SPI1;
 8001bbe:	4810      	ldr	r0, [pc, #64]	@ (8001c00 <MX_SPI1_Init+0x44>)
 8001bc0:	4b10      	ldr	r3, [pc, #64]	@ (8001c04 <MX_SPI1_Init+0x48>)
 8001bc2:	6003      	str	r3, [r0, #0]
  hspi1.Init.Mode = SPI_MODE_MASTER;
 8001bc4:	f44f 7382 	mov.w	r3, #260	@ 0x104
 8001bc8:	6043      	str	r3, [r0, #4]
  hspi1.Init.Direction = SPI_DIRECTION_2LINES;
 8001bca:	2300      	movs	r3, #0
 8001bcc:	6083      	str	r3, [r0, #8]
  hspi1.Init.DataSize = SPI_DATASIZE_8BIT;
 8001bce:	f44f 62e0 	mov.w	r2, #1792	@ 0x700
 8001bd2:	60c2      	str	r2, [r0, #12]
  hspi1.Init.CLKPolarity = SPI_POLARITY_LOW;
 8001bd4:	6103      	str	r3, [r0, #16]
  hspi1.Init.CLKPhase = SPI_PHASE_1EDGE;
 8001bd6:	6143      	str	r3, [r0, #20]
  hspi1.Init.NSS = SPI_NSS_SOFT;
 8001bd8:	f44f 7200 	mov.w	r2, #512	@ 0x200
 8001bdc:	6182      	str	r2, [r0, #24]
  hspi1.Init.BaudRatePrescaler = SPI_BAUDRATEPRESCALER_16;
 8001bde:	2218      	movs	r2, #24
 8001be0:	61c2      	str	r2, [r0, #28]
  hspi1.Init.FirstBit = SPI_FIRSTBIT_MSB;
 8001be2:	6203      	str	r3, [r0, #32]
  hspi1.Init.TIMode = SPI_TIMODE_DISABLE;
 8001be4:	6243      	str	r3, [r0, #36]	@ 0x24
  hspi1.Init.CRCCalculation = SPI_CRCCALCULATION_DISABLE;
 8001be6:	6283      	str	r3, [r0, #40]	@ 0x28
  hspi1.Init.CRCPolynomial = 7;
 8001be8:	2207      	movs	r2, #7
 8001bea:	62c2      	str	r2, [r0, #44]	@ 0x2c
  hspi1.Init.CRCLength = SPI_CRC_LENGTH_DATASIZE;
 8001bec:	6303      	str	r3, [r0, #48]	@ 0x30
  hspi1.Init.NSSPMode = SPI_NSS_PULSE_ENABLE;
 8001bee:	2308      	movs	r3, #8
 8001bf0:	6343      	str	r3, [r0, #52]	@ 0x34
  if (HAL_SPI_Init(&hspi1) != HAL_OK)
 8001bf2:	f002 fa7a 	bl	80040ea <HAL_SPI_Init>
 8001bf6:	b900      	cbnz	r0, 8001bfa <MX_SPI1_Init+0x3e>
  }
  /* USER CODE BEGIN SPI1_Init 2 */

  /* USER CODE END SPI1_Init 2 */

}
 8001bf8:	bd08      	pop	{r3, pc}
    Error_Handler();
 8001bfa:	f7ff ff73 	bl	8001ae4 <Error_Handler>
}
 8001bfe:	e7fb      	b.n	8001bf8 <MX_SPI1_Init+0x3c>
 8001c00:	2000030c 	.word	0x2000030c
 8001c04:	40013000 	.word	0x40013000

08001c08 <HAL_SPI_MspInit>:

void HAL_SPI_MspInit(SPI_HandleTypeDef* spiHandle)
{
 8001c08:	b500      	push	{lr}
 8001c0a:	b089      	sub	sp, #36	@ 0x24

  GPIO_InitTypeDef GPIO_InitStruct = {0};
 8001c0c:	2300      	movs	r3, #0
 8001c0e:	9303      	str	r3, [sp, #12]
 8001c10:	9304      	str	r3, [sp, #16]
 8001c12:	9305      	str	r3, [sp, #20]
 8001c14:	9306      	str	r3, [sp, #24]
 8001c16:	9307      	str	r3, [sp, #28]
  if(spiHandle->Instance==SPI1)
 8001c18:	6802      	ldr	r2, [r0, #0]
 8001c1a:	4b17      	ldr	r3, [pc, #92]	@ (8001c78 <HAL_SPI_MspInit+0x70>)
 8001c1c:	429a      	cmp	r2, r3
 8001c1e:	d002      	beq.n	8001c26 <HAL_SPI_MspInit+0x1e>
    HAL_NVIC_EnableIRQ(SPI1_IRQn);
  /* USER CODE BEGIN SPI1_MspInit 1 */

  /* USER CODE END SPI1_MspInit 1 */
  }
}
 8001c20:	b009      	add	sp, #36	@ 0x24
 8001c22:	f85d fb04 	ldr.w	pc, [sp], #4
    __HAL_RCC_SPI1_CLK_ENABLE();
 8001c26:	f503 4360 	add.w	r3, r3, #57344	@ 0xe000
 8001c2a:	6e1a      	ldr	r2, [r3, #96]	@ 0x60
 8001c2c:	f442 5280 	orr.w	r2, r2, #4096	@ 0x1000
 8001c30:	661a      	str	r2, [r3, #96]	@ 0x60
 8001c32:	6e1a      	ldr	r2, [r3, #96]	@ 0x60
 8001c34:	f402 5280 	and.w	r2, r2, #4096	@ 0x1000
 8001c38:	9201      	str	r2, [sp, #4]
 8001c3a:	9a01      	ldr	r2, [sp, #4]
    __HAL_RCC_GPIOB_CLK_ENABLE();
 8001c3c:	6cda      	ldr	r2, [r3, #76]	@ 0x4c
 8001c3e:	f042 0202 	orr.w	r2, r2, #2
 8001c42:	64da      	str	r2, [r3, #76]	@ 0x4c
 8001c44:	6cdb      	ldr	r3, [r3, #76]	@ 0x4c
 8001c46:	f003 0302 	and.w	r3, r3, #2
 8001c4a:	9302      	str	r3, [sp, #8]
 8001c4c:	9b02      	ldr	r3, [sp, #8]
    GPIO_InitStruct.Pin = GPIO_PIN_3|GPIO_PIN_5;
 8001c4e:	2328      	movs	r3, #40	@ 0x28
 8001c50:	9303      	str	r3, [sp, #12]
    GPIO_InitStruct.Mode = GPIO_MODE_AF_PP;
 8001c52:	2302      	movs	r3, #2
 8001c54:	9304      	str	r3, [sp, #16]
    GPIO_InitStruct.Speed = GPIO_SPEED_FREQ_VERY_HIGH;
 8001c56:	2303      	movs	r3, #3
 8001c58:	9306      	str	r3, [sp, #24]
    GPIO_InitStruct.Alternate = GPIO_AF5_SPI1;
 8001c5a:	2305      	movs	r3, #5
 8001c5c:	9307      	str	r3, [sp, #28]
    HAL_GPIO_Init(GPIOB, &GPIO_InitStruct);
 8001c5e:	a903      	add	r1, sp, #12
 8001c60:	4806      	ldr	r0, [pc, #24]	@ (8001c7c <HAL_SPI_MspInit+0x74>)
 8001c62:	f000 f9a9 	bl	8001fb8 <HAL_GPIO_Init>
    HAL_NVIC_SetPriority(SPI1_IRQn, 0, 0);
 8001c66:	2200      	movs	r2, #0
 8001c68:	4611      	mov	r1, r2
 8001c6a:	2023      	movs	r0, #35	@ 0x23
 8001c6c:	f000 f950 	bl	8001f10 <HAL_NVIC_SetPriority>
    HAL_NVIC_EnableIRQ(SPI1_IRQn);
 8001c70:	2023      	movs	r0, #35	@ 0x23
 8001c72:	f000 f95d 	bl	8001f30 <HAL_NVIC_EnableIRQ>
}
 8001c76:	e7d3      	b.n	8001c20 <HAL_SPI_MspInit+0x18>
 8001c78:	40013000 	.word	0x40013000
 8001c7c:	48000400 	.word	0x48000400

08001c80 <HAL_InitTick>:
__weak HAL_StatusTypeDef HAL_InitTick(uint32_t TickPriority)
{
  HAL_StatusTypeDef  status = HAL_OK;

  /* Check uwTickFreq for MisraC 2012 (even if uwTickFreq is a enum type that doesn't take the value zero)*/
  if ((uint32_t)uwTickFreq != 0U)
 8001c80:	4b10      	ldr	r3, [pc, #64]	@ (8001cc4 <HAL_InitTick+0x44>)
 8001c82:	781b      	ldrb	r3, [r3, #0]
 8001c84:	b90b      	cbnz	r3, 8001c8a <HAL_InitTick+0xa>
      status = HAL_ERROR;
    }
  }
  else
  {
    status = HAL_ERROR;
 8001c86:	2001      	movs	r0, #1
  }

  /* Return function status */
  return status;
}
 8001c88:	4770      	bx	lr
{
 8001c8a:	b510      	push	{r4, lr}
 8001c8c:	4604      	mov	r4, r0
    if (HAL_SYSTICK_Config(SystemCoreClock / (1000U / (uint32_t)uwTickFreq)) == 0U)
 8001c8e:	f44f 707a 	mov.w	r0, #1000	@ 0x3e8
 8001c92:	fbb0 f3f3 	udiv	r3, r0, r3
 8001c96:	4a0c      	ldr	r2, [pc, #48]	@ (8001cc8 <HAL_InitTick+0x48>)
 8001c98:	6810      	ldr	r0, [r2, #0]
 8001c9a:	fbb0 f0f3 	udiv	r0, r0, r3
 8001c9e:	f000 f94b 	bl	8001f38 <HAL_SYSTICK_Config>
 8001ca2:	b968      	cbnz	r0, 8001cc0 <HAL_InitTick+0x40>
      if (TickPriority < (1UL << __NVIC_PRIO_BITS))
 8001ca4:	2c0f      	cmp	r4, #15
 8001ca6:	d901      	bls.n	8001cac <HAL_InitTick+0x2c>
        status = HAL_ERROR;
 8001ca8:	2001      	movs	r0, #1
 8001caa:	e00a      	b.n	8001cc2 <HAL_InitTick+0x42>
        HAL_NVIC_SetPriority(SysTick_IRQn, TickPriority, 0U);
 8001cac:	2200      	movs	r2, #0
 8001cae:	4621      	mov	r1, r4
 8001cb0:	f04f 30ff 	mov.w	r0, #4294967295	@ 0xffffffff
 8001cb4:	f000 f92c 	bl	8001f10 <HAL_NVIC_SetPriority>
        uwTickPrio = TickPriority;
 8001cb8:	4b04      	ldr	r3, [pc, #16]	@ (8001ccc <HAL_InitTick+0x4c>)
 8001cba:	601c      	str	r4, [r3, #0]
  HAL_StatusTypeDef  status = HAL_OK;
 8001cbc:	2000      	movs	r0, #0
 8001cbe:	e000      	b.n	8001cc2 <HAL_InitTick+0x42>
      status = HAL_ERROR;
 8001cc0:	2001      	movs	r0, #1
}
 8001cc2:	bd10      	pop	{r4, pc}
 8001cc4:	20000013 	.word	0x20000013
 8001cc8:	20000018 	.word	0x20000018
 8001ccc:	20000014 	.word	0x20000014

08001cd0 <HAL_Init>:
{
 8001cd0:	b510      	push	{r4, lr}
  HAL_NVIC_SetPriorityGrouping(NVIC_PRIORITYGROUP_4);
 8001cd2:	2003      	movs	r0, #3
 8001cd4:	f000 f90a 	bl	8001eec <HAL_NVIC_SetPriorityGrouping>
  if (HAL_InitTick(TICK_INT_PRIORITY) != HAL_OK)
 8001cd8:	200f      	movs	r0, #15
 8001cda:	f7ff ffd1 	bl	8001c80 <HAL_InitTick>
 8001cde:	b110      	cbz	r0, 8001ce6 <HAL_Init+0x16>
    status = HAL_ERROR;
 8001ce0:	2401      	movs	r4, #1
}
 8001ce2:	4620      	mov	r0, r4
 8001ce4:	bd10      	pop	{r4, pc}
 8001ce6:	4604      	mov	r4, r0
    HAL_MspInit();
 8001ce8:	f001 f9a8 	bl	800303c <HAL_MspInit>
 8001cec:	e7f9      	b.n	8001ce2 <HAL_Init+0x12>
	...

08001cf0 <HAL_IncTick>:
  *      implementations in user file.
  * @retval None
  */
__weak void HAL_IncTick(void)
{
  uwTick += (uint32_t)uwTickFreq;
 8001cf0:	4b03      	ldr	r3, [pc, #12]	@ (8001d00 <HAL_IncTick+0x10>)
 8001cf2:	781b      	ldrb	r3, [r3, #0]
 8001cf4:	4a03      	ldr	r2, [pc, #12]	@ (8001d04 <HAL_IncTick+0x14>)
 8001cf6:	6811      	ldr	r1, [r2, #0]
 8001cf8:	440b      	add	r3, r1
 8001cfa:	6013      	str	r3, [r2, #0]
}
 8001cfc:	4770      	bx	lr
 8001cfe:	bf00      	nop
 8001d00:	20000013 	.word	0x20000013
 8001d04:	20000370 	.word	0x20000370

08001d08 <HAL_GetTick>:
  *       implementations in user file.
  * @retval tick value
  */
__weak uint32_t HAL_GetTick(void)
{
  return uwTick;
 8001d08:	4b01      	ldr	r3, [pc, #4]	@ (8001d10 <HAL_GetTick+0x8>)
 8001d0a:	6818      	ldr	r0, [r3, #0]
}
 8001d0c:	4770      	bx	lr
 8001d0e:	bf00      	nop
 8001d10:	20000370 	.word	0x20000370

08001d14 <HAL_Delay>:
  *       implementations in user file.
  * @param Delay  specifies the delay time length, in milliseconds.
  * @retval None
  */
__weak void HAL_Delay(uint32_t Delay)
{
 8001d14:	b538      	push	{r3, r4, r5, lr}
 8001d16:	4604      	mov	r4, r0
  uint32_t tickstart = HAL_GetTick();
 8001d18:	f7ff fff6 	bl	8001d08 <HAL_GetTick>
 8001d1c:	4605      	mov	r5, r0
  uint32_t wait = Delay;

  /* Add a period to guaranty minimum wait */
  if (wait < HAL_MAX_DELAY)
 8001d1e:	f1b4 3fff 	cmp.w	r4, #4294967295	@ 0xffffffff
 8001d22:	d002      	beq.n	8001d2a <HAL_Delay+0x16>
  {
    wait += (uint32_t)uwTickFreq;
 8001d24:	4b04      	ldr	r3, [pc, #16]	@ (8001d38 <HAL_Delay+0x24>)
 8001d26:	781b      	ldrb	r3, [r3, #0]
 8001d28:	441c      	add	r4, r3
  }

  while ((HAL_GetTick() - tickstart) < wait)
 8001d2a:	f7ff ffed 	bl	8001d08 <HAL_GetTick>
 8001d2e:	1b40      	subs	r0, r0, r5
 8001d30:	42a0      	cmp	r0, r4
 8001d32:	d3fa      	bcc.n	8001d2a <HAL_Delay+0x16>
  {
  }
}
 8001d34:	bd38      	pop	{r3, r4, r5, pc}
 8001d36:	bf00      	nop
 8001d38:	20000013 	.word	0x20000013

08001d3c <ADC_Disable>:
  *         stopped.
  * @param hadc ADC handle
  * @retval HAL status.
  */
HAL_StatusTypeDef ADC_Disable(ADC_HandleTypeDef *hadc)
{
 8001d3c:	b538      	push	{r3, r4, r5, lr}
 8001d3e:	4604      	mov	r4, r0
  uint32_t tickstart;
  const uint32_t tmp_adc_is_disable_on_going = LL_ADC_IsDisableOngoing(hadc->Instance);
 8001d40:	6802      	ldr	r2, [r0, #0]
  * @param  ADCx ADC instance
  * @retval 0: no ADC disable command on going.
  */
__STATIC_INLINE uint32_t LL_ADC_IsDisableOngoing(const ADC_TypeDef *ADCx)
{
  return ((READ_BIT(ADCx->CR, ADC_CR_ADDIS) == (ADC_CR_ADDIS)) ? 1UL : 0UL);
 8001d42:	6893      	ldr	r3, [r2, #8]
 8001d44:	f013 0302 	ands.w	r3, r3, #2
 8001d48:	d000      	beq.n	8001d4c <ADC_Disable+0x10>
 8001d4a:	2301      	movs	r3, #1
  return ((READ_BIT(ADCx->CR, ADC_CR_ADEN) == (ADC_CR_ADEN)) ? 1UL : 0UL);
 8001d4c:	6891      	ldr	r1, [r2, #8]
 8001d4e:	f011 0f01 	tst.w	r1, #1
 8001d52:	d039      	beq.n	8001dc8 <ADC_Disable+0x8c>

  /* Verification if ADC is not already disabled:                             */
  /* Note: forbidden to disable ADC (set bit ADC_CR_ADDIS) if ADC is already  */
  /*       disabled.                                                          */
  if ((LL_ADC_IsEnabled(hadc->Instance) != 0UL)
      && (tmp_adc_is_disable_on_going == 0UL)
 8001d54:	2b00      	cmp	r3, #0
 8001d56:	d139      	bne.n	8001dcc <ADC_Disable+0x90>
     )
  {
    /* Check if conditions to disable the ADC are fulfilled */
    if ((hadc->Instance->CR & (ADC_CR_JADSTART | ADC_CR_ADSTART | ADC_CR_ADEN)) == ADC_CR_ADEN)
 8001d58:	6893      	ldr	r3, [r2, #8]
 8001d5a:	f003 030d 	and.w	r3, r3, #13
 8001d5e:	2b01      	cmp	r3, #1
 8001d60:	d009      	beq.n	8001d76 <ADC_Disable+0x3a>
      __HAL_ADC_CLEAR_FLAG(hadc, (ADC_FLAG_EOSMP | ADC_FLAG_RDY));
    }
    else
    {
      /* Update ADC state machine to error */
      SET_BIT(hadc->State, HAL_ADC_STATE_ERROR_INTERNAL);
 8001d62:	6d63      	ldr	r3, [r4, #84]	@ 0x54
 8001d64:	f043 0310 	orr.w	r3, r3, #16
 8001d68:	6563      	str	r3, [r4, #84]	@ 0x54

      /* Set ADC error code to ADC peripheral internal error */
      SET_BIT(hadc->ErrorCode, HAL_ADC_ERROR_INTERNAL);
 8001d6a:	6da3      	ldr	r3, [r4, #88]	@ 0x58
 8001d6c:	f043 0301 	orr.w	r3, r3, #1
 8001d70:	65a3      	str	r3, [r4, #88]	@ 0x58

      return HAL_ERROR;
 8001d72:	2001      	movs	r0, #1
 8001d74:	e029      	b.n	8001dca <ADC_Disable+0x8e>
  MODIFY_REG(ADCx->CR,
 8001d76:	6893      	ldr	r3, [r2, #8]
 8001d78:	f023 4300 	bic.w	r3, r3, #2147483648	@ 0x80000000
 8001d7c:	f023 033f 	bic.w	r3, r3, #63	@ 0x3f
 8001d80:	f043 0302 	orr.w	r3, r3, #2
 8001d84:	6093      	str	r3, [r2, #8]
      __HAL_ADC_CLEAR_FLAG(hadc, (ADC_FLAG_EOSMP | ADC_FLAG_RDY));
 8001d86:	6823      	ldr	r3, [r4, #0]
 8001d88:	2203      	movs	r2, #3
 8001d8a:	601a      	str	r2, [r3, #0]
    }

    /* Wait for ADC effectively disabled */
    /* Get tick count */
    tickstart = HAL_GetTick();
 8001d8c:	f7ff ffbc 	bl	8001d08 <HAL_GetTick>
 8001d90:	4605      	mov	r5, r0

    while ((hadc->Instance->CR & ADC_CR_ADEN) != 0UL)
 8001d92:	6823      	ldr	r3, [r4, #0]
 8001d94:	689b      	ldr	r3, [r3, #8]
 8001d96:	f013 0f01 	tst.w	r3, #1
 8001d9a:	d013      	beq.n	8001dc4 <ADC_Disable+0x88>
    {
      if ((HAL_GetTick() - tickstart) > ADC_DISABLE_TIMEOUT)
 8001d9c:	f7ff ffb4 	bl	8001d08 <HAL_GetTick>
 8001da0:	1b40      	subs	r0, r0, r5
 8001da2:	2802      	cmp	r0, #2
 8001da4:	d9f5      	bls.n	8001d92 <ADC_Disable+0x56>
      {
        /* New check to avoid false timeout detection in case of preemption */
        if ((hadc->Instance->CR & ADC_CR_ADEN) != 0UL)
 8001da6:	6823      	ldr	r3, [r4, #0]
 8001da8:	689b      	ldr	r3, [r3, #8]
 8001daa:	f013 0f01 	tst.w	r3, #1
 8001dae:	d0f0      	beq.n	8001d92 <ADC_Disable+0x56>
        {
          /* Update ADC state machine to error */
          SET_BIT(hadc->State, HAL_ADC_STATE_ERROR_INTERNAL);
 8001db0:	6d63      	ldr	r3, [r4, #84]	@ 0x54
 8001db2:	f043 0310 	orr.w	r3, r3, #16
 8001db6:	6563      	str	r3, [r4, #84]	@ 0x54

          /* Set ADC error code to ADC peripheral internal error */
          SET_BIT(hadc->ErrorCode, HAL_ADC_ERROR_INTERNAL);
 8001db8:	6da3      	ldr	r3, [r4, #88]	@ 0x58
 8001dba:	f043 0301 	orr.w	r3, r3, #1
 8001dbe:	65a3      	str	r3, [r4, #88]	@ 0x58

          return HAL_ERROR;
 8001dc0:	2001      	movs	r0, #1
 8001dc2:	e002      	b.n	8001dca <ADC_Disable+0x8e>
      }
    }
  }

  /* Return HAL status */
  return HAL_OK;
 8001dc4:	2000      	movs	r0, #0
 8001dc6:	e000      	b.n	8001dca <ADC_Disable+0x8e>
 8001dc8:	2000      	movs	r0, #0
}
 8001dca:	bd38      	pop	{r3, r4, r5, pc}
  return HAL_OK;
 8001dcc:	2000      	movs	r0, #0
 8001dce:	e7fc      	b.n	8001dca <ADC_Disable+0x8e>

08001dd0 <HAL_ADCEx_Calibration_Start>:
  *           @arg @ref ADC_SINGLE_ENDED       Channel in mode input single ended
  *           @arg @ref ADC_DIFFERENTIAL_ENDED Channel in mode input differential ended
  * @retval HAL status
  */
HAL_StatusTypeDef HAL_ADCEx_Calibration_Start(ADC_HandleTypeDef *hadc, uint32_t SingleDiff)
{
 8001dd0:	b530      	push	{r4, r5, lr}
 8001dd2:	b083      	sub	sp, #12
  HAL_StatusTypeDef tmp_hal_status;
  __IO uint32_t wait_loop_index = 0UL;
 8001dd4:	2300      	movs	r3, #0
 8001dd6:	9301      	str	r3, [sp, #4]
  /* Check the parameters */
  assert_param(IS_ADC_ALL_INSTANCE(hadc->Instance));
  assert_param(IS_ADC_SINGLE_DIFFERENTIAL(SingleDiff));

  /* Process locked */
  __HAL_LOCK(hadc);
 8001dd8:	f890 3050 	ldrb.w	r3, [r0, #80]	@ 0x50
 8001ddc:	2b01      	cmp	r3, #1
 8001dde:	d041      	beq.n	8001e64 <HAL_ADCEx_Calibration_Start+0x94>
 8001de0:	4604      	mov	r4, r0
 8001de2:	460d      	mov	r5, r1
 8001de4:	2301      	movs	r3, #1
 8001de6:	f880 3050 	strb.w	r3, [r0, #80]	@ 0x50

  /* Calibration prerequisite: ADC must be disabled. */

  /* Disable the ADC (if not already disabled) */
  tmp_hal_status = ADC_Disable(hadc);
 8001dea:	f7ff ffa7 	bl	8001d3c <ADC_Disable>

  /* Check if ADC is effectively disabled */
  if (tmp_hal_status == HAL_OK)
 8001dee:	bb80      	cbnz	r0, 8001e52 <HAL_ADCEx_Calibration_Start+0x82>
  {
    /* Set ADC state */
    ADC_STATE_CLR_SET(hadc->State,
 8001df0:	6d63      	ldr	r3, [r4, #84]	@ 0x54
 8001df2:	f423 5388 	bic.w	r3, r3, #4352	@ 0x1100
 8001df6:	f023 0302 	bic.w	r3, r3, #2
 8001dfa:	f043 0302 	orr.w	r3, r3, #2
 8001dfe:	6563      	str	r3, [r4, #84]	@ 0x54
                      HAL_ADC_STATE_REG_BUSY | HAL_ADC_STATE_INJ_BUSY,
                      HAL_ADC_STATE_BUSY_INTERNAL);

    /* Start ADC calibration in mode single-ended or differential */
    LL_ADC_StartCalibration(hadc->Instance, SingleDiff);
 8001e00:	6822      	ldr	r2, [r4, #0]
__STATIC_INLINE void LL_ADC_StartCalibration(ADC_TypeDef *ADCx, uint32_t SingleDiff)
{
  /* Note: Write register with some additional bits forced to state reset     */
  /*       instead of modifying only the selected bit for this function,      */
  /*       to not interfere with bits with HW property "rs".                  */
  MODIFY_REG(ADCx->CR,
 8001e02:	6893      	ldr	r3, [r2, #8]
 8001e04:	f023 4340 	bic.w	r3, r3, #3221225472	@ 0xc0000000
 8001e08:	f023 033f 	bic.w	r3, r3, #63	@ 0x3f
 8001e0c:	f005 4580 	and.w	r5, r5, #1073741824	@ 0x40000000
 8001e10:	432b      	orrs	r3, r5
 8001e12:	f043 4300 	orr.w	r3, r3, #2147483648	@ 0x80000000
 8001e16:	6093      	str	r3, [r2, #8]

    /* Wait for calibration completion */
    while (LL_ADC_IsCalibrationOnGoing(hadc->Instance) != 0UL)
 8001e18:	6823      	ldr	r3, [r4, #0]
  * @param  ADCx ADC instance
  * @retval 0: calibration complete, 1: calibration in progress.
  */
__STATIC_INLINE uint32_t LL_ADC_IsCalibrationOnGoing(const ADC_TypeDef *ADCx)
{
  return ((READ_BIT(ADCx->CR, ADC_CR_ADCAL) == (ADC_CR_ADCAL)) ? 1UL : 0UL);
 8001e1a:	689b      	ldr	r3, [r3, #8]
 8001e1c:	2b00      	cmp	r3, #0
 8001e1e:	db06      	blt.n	8001e2e <HAL_ADCEx_Calibration_Start+0x5e>
        return HAL_ERROR;
      }
    }

    /* Set ADC state */
    ADC_STATE_CLR_SET(hadc->State,
 8001e20:	6d63      	ldr	r3, [r4, #84]	@ 0x54
 8001e22:	f023 0303 	bic.w	r3, r3, #3
 8001e26:	f043 0301 	orr.w	r3, r3, #1
 8001e2a:	6563      	str	r3, [r4, #84]	@ 0x54
 8001e2c:	e015      	b.n	8001e5a <HAL_ADCEx_Calibration_Start+0x8a>
      wait_loop_index++;
 8001e2e:	9b01      	ldr	r3, [sp, #4]
 8001e30:	3301      	adds	r3, #1
 8001e32:	9301      	str	r3, [sp, #4]
      if (wait_loop_index >= ADC_CALIBRATION_TIMEOUT)
 8001e34:	9b01      	ldr	r3, [sp, #4]
 8001e36:	f5b3 2f91 	cmp.w	r3, #296960	@ 0x48800
 8001e3a:	d3ed      	bcc.n	8001e18 <HAL_ADCEx_Calibration_Start+0x48>
        ADC_STATE_CLR_SET(hadc->State,
 8001e3c:	6d63      	ldr	r3, [r4, #84]	@ 0x54
 8001e3e:	f023 0312 	bic.w	r3, r3, #18
 8001e42:	f043 0310 	orr.w	r3, r3, #16
 8001e46:	6563      	str	r3, [r4, #84]	@ 0x54
        __HAL_UNLOCK(hadc);
 8001e48:	2300      	movs	r3, #0
 8001e4a:	f884 3050 	strb.w	r3, [r4, #80]	@ 0x50
        return HAL_ERROR;
 8001e4e:	2001      	movs	r0, #1
 8001e50:	e006      	b.n	8001e60 <HAL_ADCEx_Calibration_Start+0x90>
                      HAL_ADC_STATE_BUSY_INTERNAL,
                      HAL_ADC_STATE_READY);
  }
  else
  {
    SET_BIT(hadc->State, HAL_ADC_STATE_ERROR_INTERNAL);
 8001e52:	6d63      	ldr	r3, [r4, #84]	@ 0x54
 8001e54:	f043 0310 	orr.w	r3, r3, #16
 8001e58:	6563      	str	r3, [r4, #84]	@ 0x54
    /* Note: No need to update variable "tmp_hal_status" here: already set    */
    /*       to state "HAL_ERROR" by function disabling the ADC.              */
  }

  /* Process unlocked */
  __HAL_UNLOCK(hadc);
 8001e5a:	2300      	movs	r3, #0
 8001e5c:	f884 3050 	strb.w	r3, [r4, #80]	@ 0x50

  /* Return function status */
  return tmp_hal_status;
}
 8001e60:	b003      	add	sp, #12
 8001e62:	bd30      	pop	{r4, r5, pc}
  __HAL_LOCK(hadc);
 8001e64:	2002      	movs	r0, #2
 8001e66:	e7fb      	b.n	8001e60 <HAL_ADCEx_Calibration_Start+0x90>

08001e68 <__NVIC_EnableIRQ>:
  if ((int32_t)(IRQn) >= 0)
 8001e68:	2800      	cmp	r0, #0
 8001e6a:	db07      	blt.n	8001e7c <__NVIC_EnableIRQ+0x14>
    NVIC->ISER[(((uint32_t)IRQn) >> 5UL)] = (uint32_t)(1UL << (((uint32_t)IRQn) & 0x1FUL));
 8001e6c:	f000 021f 	and.w	r2, r0, #31
 8001e70:	0940      	lsrs	r0, r0, #5
 8001e72:	2301      	movs	r3, #1
 8001e74:	4093      	lsls	r3, r2
 8001e76:	4a02      	ldr	r2, [pc, #8]	@ (8001e80 <__NVIC_EnableIRQ+0x18>)
 8001e78:	f842 3020 	str.w	r3, [r2, r0, lsl #2]
    __COMPILER_BARRIER();
  }
}
 8001e7c:	4770      	bx	lr
 8001e7e:	bf00      	nop
 8001e80:	e000e100 	.word	0xe000e100

08001e84 <__NVIC_SetPriority>:
  \param [in]  priority  Priority to set.
  \note    The priority cannot be set for every processor exception.
 */
__STATIC_INLINE void __NVIC_SetPriority(IRQn_Type IRQn, uint32_t priority)
{
  if ((int32_t)(IRQn) >= 0)
 8001e84:	2800      	cmp	r0, #0
 8001e86:	db08      	blt.n	8001e9a <__NVIC_SetPriority+0x16>
  {
    NVIC->IP[((uint32_t)IRQn)]               = (uint8_t)((priority << (8U - __NVIC_PRIO_BITS)) & (uint32_t)0xFFUL);
 8001e88:	0109      	lsls	r1, r1, #4
 8001e8a:	b2c9      	uxtb	r1, r1
 8001e8c:	f100 4060 	add.w	r0, r0, #3758096384	@ 0xe0000000
 8001e90:	f500 4061 	add.w	r0, r0, #57600	@ 0xe100
 8001e94:	f880 1300 	strb.w	r1, [r0, #768]	@ 0x300
 8001e98:	4770      	bx	lr
  }
  else
  {
    SCB->SHP[(((uint32_t)IRQn) & 0xFUL)-4UL] = (uint8_t)((priority << (8U - __NVIC_PRIO_BITS)) & (uint32_t)0xFFUL);
 8001e9a:	f000 000f 	and.w	r0, r0, #15
 8001e9e:	0109      	lsls	r1, r1, #4
 8001ea0:	b2c9      	uxtb	r1, r1
 8001ea2:	4b01      	ldr	r3, [pc, #4]	@ (8001ea8 <__NVIC_SetPriority+0x24>)
 8001ea4:	5419      	strb	r1, [r3, r0]
  }
}
 8001ea6:	4770      	bx	lr
 8001ea8:	e000ed14 	.word	0xe000ed14

08001eac <NVIC_EncodePriority>:
  \param [in]   PreemptPriority  Preemptive priority value (starting from 0).
  \param [in]       SubPriority  Subpriority value (starting from 0).
  \return                        Encoded priority. Value can be used in the function \ref NVIC_SetPriority().
 */
__STATIC_INLINE uint32_t NVIC_EncodePriority (uint32_t PriorityGroup, uint32_t PreemptPriority, uint32_t SubPriority)
{
 8001eac:	b500      	push	{lr}
  uint32_t PriorityGroupTmp = (PriorityGroup & (uint32_t)0x07UL);   /* only values 0..7 are used          */
 8001eae:	f000 0007 	and.w	r0, r0, #7
  uint32_t PreemptPriorityBits;
  uint32_t SubPriorityBits;

  PreemptPriorityBits = ((7UL - PriorityGroupTmp) > (uint32_t)(__NVIC_PRIO_BITS)) ? (uint32_t)(__NVIC_PRIO_BITS) : (uint32_t)(7UL - PriorityGroupTmp);
 8001eb2:	f1c0 0c07 	rsb	ip, r0, #7
 8001eb6:	f1bc 0f04 	cmp.w	ip, #4
 8001eba:	bf28      	it	cs
 8001ebc:	f04f 0c04 	movcs.w	ip, #4
  SubPriorityBits     = ((PriorityGroupTmp + (uint32_t)(__NVIC_PRIO_BITS)) < (uint32_t)7UL) ? (uint32_t)0UL : (uint32_t)((PriorityGroupTmp - 7UL) + (uint32_t)(__NVIC_PRIO_BITS));
 8001ec0:	1d03      	adds	r3, r0, #4
 8001ec2:	2b06      	cmp	r3, #6
 8001ec4:	d90f      	bls.n	8001ee6 <NVIC_EncodePriority+0x3a>
 8001ec6:	1ec3      	subs	r3, r0, #3

  return (
           ((PreemptPriority & (uint32_t)((1UL << (PreemptPriorityBits)) - 1UL)) << SubPriorityBits) |
 8001ec8:	f04f 3eff 	mov.w	lr, #4294967295	@ 0xffffffff
 8001ecc:	fa0e f00c 	lsl.w	r0, lr, ip
 8001ed0:	ea21 0100 	bic.w	r1, r1, r0
 8001ed4:	4099      	lsls	r1, r3
           ((SubPriority     & (uint32_t)((1UL << (SubPriorityBits    )) - 1UL)))
 8001ed6:	fa0e fe03 	lsl.w	lr, lr, r3
 8001eda:	ea22 020e 	bic.w	r2, r2, lr
         );
}
 8001ede:	ea41 0002 	orr.w	r0, r1, r2
 8001ee2:	f85d fb04 	ldr.w	pc, [sp], #4
  SubPriorityBits     = ((PriorityGroupTmp + (uint32_t)(__NVIC_PRIO_BITS)) < (uint32_t)7UL) ? (uint32_t)0UL : (uint32_t)((PriorityGroupTmp - 7UL) + (uint32_t)(__NVIC_PRIO_BITS));
 8001ee6:	2300      	movs	r3, #0
 8001ee8:	e7ee      	b.n	8001ec8 <NVIC_EncodePriority+0x1c>
	...

08001eec <HAL_NVIC_SetPriorityGrouping>:
  reg_value  =  SCB->AIRCR;                                                   /* read old register configuration    */
 8001eec:	4a07      	ldr	r2, [pc, #28]	@ (8001f0c <HAL_NVIC_SetPriorityGrouping+0x20>)
 8001eee:	68d3      	ldr	r3, [r2, #12]
  reg_value &= ~((uint32_t)(SCB_AIRCR_VECTKEY_Msk | SCB_AIRCR_PRIGROUP_Msk)); /* clear bits to change               */
 8001ef0:	f423 63e0 	bic.w	r3, r3, #1792	@ 0x700
 8001ef4:	041b      	lsls	r3, r3, #16
 8001ef6:	0c1b      	lsrs	r3, r3, #16
                (PriorityGroupTmp << SCB_AIRCR_PRIGROUP_Pos)  );              /* Insert write key and priority group */
 8001ef8:	0200      	lsls	r0, r0, #8
 8001efa:	f400 60e0 	and.w	r0, r0, #1792	@ 0x700
                ((uint32_t)0x5FAUL << SCB_AIRCR_VECTKEY_Pos) |
 8001efe:	4303      	orrs	r3, r0
  reg_value  =  (reg_value                                   |
 8001f00:	f043 63bf 	orr.w	r3, r3, #100139008	@ 0x5f80000
 8001f04:	f443 3300 	orr.w	r3, r3, #131072	@ 0x20000
  SCB->AIRCR =  reg_value;
 8001f08:	60d3      	str	r3, [r2, #12]
  /* Check the parameters */
  assert_param(IS_NVIC_PRIORITY_GROUP(PriorityGroup));

  /* Set the PRIGROUP[10:8] bits according to the PriorityGroup parameter value */
  NVIC_SetPriorityGrouping(PriorityGroup);
}
 8001f0a:	4770      	bx	lr
 8001f0c:	e000ed00 	.word	0xe000ed00

08001f10 <HAL_NVIC_SetPriority>:
  *         This parameter can be a value between 0 and 15
  *         A lower priority value indicates a higher priority.
  * @retval None
  */
void HAL_NVIC_SetPriority(IRQn_Type IRQn, uint32_t PreemptPriority, uint32_t SubPriority)
{
 8001f10:	b510      	push	{r4, lr}
 8001f12:	4604      	mov	r4, r0
  return ((uint32_t)((SCB->AIRCR & SCB_AIRCR_PRIGROUP_Msk) >> SCB_AIRCR_PRIGROUP_Pos));
 8001f14:	4b05      	ldr	r3, [pc, #20]	@ (8001f2c <HAL_NVIC_SetPriority+0x1c>)
 8001f16:	68d8      	ldr	r0, [r3, #12]
  assert_param(IS_NVIC_SUB_PRIORITY(SubPriority));
  assert_param(IS_NVIC_PREEMPTION_PRIORITY(PreemptPriority));

  prioritygroup = NVIC_GetPriorityGrouping();

  NVIC_SetPriority(IRQn, NVIC_EncodePriority(prioritygroup, PreemptPriority, SubPriority));
 8001f18:	f3c0 2002 	ubfx	r0, r0, #8, #3
 8001f1c:	f7ff ffc6 	bl	8001eac <NVIC_EncodePriority>
 8001f20:	4601      	mov	r1, r0
 8001f22:	4620      	mov	r0, r4
 8001f24:	f7ff ffae 	bl	8001e84 <__NVIC_SetPriority>
}
 8001f28:	bd10      	pop	{r4, pc}
 8001f2a:	bf00      	nop
 8001f2c:	e000ed00 	.word	0xe000ed00

08001f30 <HAL_NVIC_EnableIRQ>:
  *         This parameter can be an enumerator of IRQn_Type enumeration
  *         (For the complete STM32 Devices IRQ Channels list, please refer to the appropriate CMSIS device file (stm32l4xxxx.h))
  * @retval None
  */
void HAL_NVIC_EnableIRQ(IRQn_Type IRQn)
{
 8001f30:	b508      	push	{r3, lr}
  /* Check the parameters */
  assert_param(IS_NVIC_DEVICE_IRQ(IRQn));
  
  /* Enable interrupt */
  NVIC_EnableIRQ(IRQn);
 8001f32:	f7ff ff99 	bl	8001e68 <__NVIC_EnableIRQ>
}
 8001f36:	bd08      	pop	{r3, pc}

08001f38 <HAL_SYSTICK_Config>:
           function <b>SysTick_Config</b> is not included. In this case, the file <b><i>device</i>.h</b>
           must contain a vendor-specific implementation of this function.
 */
__STATIC_INLINE uint32_t SysTick_Config(uint32_t ticks)
{
  if ((ticks - 1UL) > SysTick_LOAD_RELOAD_Msk)
 8001f38:	3801      	subs	r0, #1
 8001f3a:	f1b0 7f80 	cmp.w	r0, #16777216	@ 0x1000000
 8001f3e:	d20b      	bcs.n	8001f58 <HAL_SYSTICK_Config+0x20>
  {
    return (1UL);                                                   /* Reload value impossible */
  }

  SysTick->LOAD  = (uint32_t)(ticks - 1UL);                         /* set reload register */
 8001f40:	f04f 23e0 	mov.w	r3, #3758153728	@ 0xe000e000
 8001f44:	6158      	str	r0, [r3, #20]
    SCB->SHP[(((uint32_t)IRQn) & 0xFUL)-4UL] = (uint8_t)((priority << (8U - __NVIC_PRIO_BITS)) & (uint32_t)0xFFUL);
 8001f46:	4a05      	ldr	r2, [pc, #20]	@ (8001f5c <HAL_SYSTICK_Config+0x24>)
 8001f48:	21f0      	movs	r1, #240	@ 0xf0
 8001f4a:	f882 1023 	strb.w	r1, [r2, #35]	@ 0x23
  NVIC_SetPriority (SysTick_IRQn, (1UL << __NVIC_PRIO_BITS) - 1UL); /* set Priority for Systick Interrupt */
  SysTick->VAL   = 0UL;                                             /* Load the SysTick Counter Value */
 8001f4e:	2000      	movs	r0, #0
 8001f50:	6198      	str	r0, [r3, #24]
  SysTick->CTRL  = SysTick_CTRL_CLKSOURCE_Msk |
 8001f52:	2207      	movs	r2, #7
 8001f54:	611a      	str	r2, [r3, #16]
                   SysTick_CTRL_TICKINT_Msk   |
                   SysTick_CTRL_ENABLE_Msk;                         /* Enable SysTick IRQ and SysTick Timer */
  return (0UL);                                                     /* Function successful */
 8001f56:	4770      	bx	lr
    return (1UL);                                                   /* Reload value impossible */
 8001f58:	2001      	movs	r0, #1
  *                  - 1  Function failed.
  */
uint32_t HAL_SYSTICK_Config(uint32_t TicksNumb)
{
   return SysTick_Config(TicksNumb);
}
 8001f5a:	4770      	bx	lr
 8001f5c:	e000ed00 	.word	0xe000ed00

08001f60 <HAL_DMA_Abort_IT>:
  * @param  hdma pointer to a DMA_HandleTypeDef structure that contains
  *                 the configuration information for the specified DMA Channel.
  * @retval HAL status
  */
HAL_StatusTypeDef HAL_DMA_Abort_IT(DMA_HandleTypeDef *hdma)
{
 8001f60:	b508      	push	{r3, lr}
  HAL_StatusTypeDef status = HAL_OK;

  if (HAL_DMA_STATE_BUSY != hdma->State)
 8001f62:	f890 3025 	ldrb.w	r3, [r0, #37]	@ 0x25
 8001f66:	b2db      	uxtb	r3, r3
 8001f68:	2b02      	cmp	r3, #2
 8001f6a:	d003      	beq.n	8001f74 <HAL_DMA_Abort_IT+0x14>
  {
    /* no transfer ongoing */
    hdma->ErrorCode = HAL_DMA_ERROR_NO_XFER;
 8001f6c:	2304      	movs	r3, #4
 8001f6e:	63c3      	str	r3, [r0, #60]	@ 0x3c

    status = HAL_ERROR;
 8001f70:	2001      	movs	r0, #1
    {
      hdma->XferAbortCallback(hdma);
    }
  }
  return status;
}
 8001f72:	bd08      	pop	{r3, pc}
    __HAL_DMA_DISABLE_IT(hdma, (DMA_IT_TC | DMA_IT_HT | DMA_IT_TE));
 8001f74:	6802      	ldr	r2, [r0, #0]
 8001f76:	6813      	ldr	r3, [r2, #0]
 8001f78:	f023 030e 	bic.w	r3, r3, #14
 8001f7c:	6013      	str	r3, [r2, #0]
    __HAL_DMA_DISABLE(hdma);
 8001f7e:	6802      	ldr	r2, [r0, #0]
 8001f80:	6813      	ldr	r3, [r2, #0]
 8001f82:	f023 0301 	bic.w	r3, r3, #1
 8001f86:	6013      	str	r3, [r2, #0]
    hdma->DmaBaseAddress->IFCR = (DMA_ISR_GIF1 << (hdma->ChannelIndex & 0x1CU));
 8001f88:	6c43      	ldr	r3, [r0, #68]	@ 0x44
 8001f8a:	f003 031c 	and.w	r3, r3, #28
 8001f8e:	6c01      	ldr	r1, [r0, #64]	@ 0x40
 8001f90:	2201      	movs	r2, #1
 8001f92:	fa02 f303 	lsl.w	r3, r2, r3
 8001f96:	604b      	str	r3, [r1, #4]
    hdma->State = HAL_DMA_STATE_READY;
 8001f98:	f880 2025 	strb.w	r2, [r0, #37]	@ 0x25
    __HAL_UNLOCK(hdma);
 8001f9c:	2300      	movs	r3, #0
 8001f9e:	f880 3024 	strb.w	r3, [r0, #36]	@ 0x24
    if (hdma->XferAbortCallback != NULL)
 8001fa2:	6b83      	ldr	r3, [r0, #56]	@ 0x38
 8001fa4:	b113      	cbz	r3, 8001fac <HAL_DMA_Abort_IT+0x4c>
      hdma->XferAbortCallback(hdma);
 8001fa6:	4798      	blx	r3
  HAL_StatusTypeDef status = HAL_OK;
 8001fa8:	2000      	movs	r0, #0
 8001faa:	e7e2      	b.n	8001f72 <HAL_DMA_Abort_IT+0x12>
 8001fac:	2000      	movs	r0, #0
 8001fae:	e7e0      	b.n	8001f72 <HAL_DMA_Abort_IT+0x12>

08001fb0 <HAL_DMA_GetState>:
  * @retval HAL state
  */
HAL_DMA_StateTypeDef HAL_DMA_GetState(DMA_HandleTypeDef *hdma)
{
  /* Return DMA handle state */
  return hdma->State;
 8001fb0:	f890 0025 	ldrb.w	r0, [r0, #37]	@ 0x25
}
 8001fb4:	4770      	bx	lr
	...

08001fb8 <HAL_GPIO_Init>:
  * @param  GPIO_Init pointer to a GPIO_InitTypeDef structure that contains
  *         the configuration information for the specified GPIO peripheral.
  * @retval None
  */
void HAL_GPIO_Init(GPIO_TypeDef  *GPIOx, GPIO_InitTypeDef *GPIO_Init)
{
 8001fb8:	b5f0      	push	{r4, r5, r6, r7, lr}
 8001fba:	b083      	sub	sp, #12
  uint32_t position = 0x00u;
 8001fbc:	2300      	movs	r3, #0
  assert_param(IS_GPIO_ALL_INSTANCE(GPIOx));
  assert_param(IS_GPIO_PIN(GPIO_Init->Pin));
  assert_param(IS_GPIO_MODE(GPIO_Init->Mode));

  /* Configure the port pins */
  while (((GPIO_Init->Pin) >> position) != 0x00u)
 8001fbe:	e062      	b.n	8002086 <HAL_GPIO_Init+0xce>
      {
        /* Check the Speed parameter */
        assert_param(IS_GPIO_SPEED(GPIO_Init->Speed));

        /* Configure the IO Speed */
        temp = GPIOx->OSPEEDR;
 8001fc0:	6885      	ldr	r5, [r0, #8]
        temp &= ~(GPIO_OSPEEDR_OSPEED0 << (position * 2u));
 8001fc2:	005e      	lsls	r6, r3, #1
 8001fc4:	2403      	movs	r4, #3
 8001fc6:	40b4      	lsls	r4, r6
 8001fc8:	ea25 0504 	bic.w	r5, r5, r4
        temp |= (GPIO_Init->Speed << (position * 2u));
 8001fcc:	68cc      	ldr	r4, [r1, #12]
 8001fce:	40b4      	lsls	r4, r6
 8001fd0:	432c      	orrs	r4, r5
        GPIOx->OSPEEDR = temp;
 8001fd2:	6084      	str	r4, [r0, #8]

        /* Configure the IO Output Type */
        temp = GPIOx->OTYPER;
 8001fd4:	6845      	ldr	r5, [r0, #4]
        temp &= ~(GPIO_OTYPER_OT0 << position) ;
 8001fd6:	ea25 050c 	bic.w	r5, r5, ip
        temp |= (((GPIO_Init->Mode & OUTPUT_TYPE) >> OUTPUT_TYPE_Pos) << position);
 8001fda:	684c      	ldr	r4, [r1, #4]
 8001fdc:	f3c4 1400 	ubfx	r4, r4, #4, #1
 8001fe0:	409c      	lsls	r4, r3
 8001fe2:	432c      	orrs	r4, r5
        GPIOx->OTYPER = temp;
 8001fe4:	6044      	str	r4, [r0, #4]
 8001fe6:	e05f      	b.n	80020a8 <HAL_GPIO_Init+0xf0>
        /* Check the Alternate function parameters */
        assert_param(IS_GPIO_AF_INSTANCE(GPIOx));
        assert_param(IS_GPIO_AF(GPIO_Init->Alternate));

        /* Configure Alternate function mapped with the current IO */
        temp = GPIOx->AFR[position >> 3u];
 8001fe8:	08dd      	lsrs	r5, r3, #3
 8001fea:	3508      	adds	r5, #8
 8001fec:	f850 4025 	ldr.w	r4, [r0, r5, lsl #2]
        temp &= ~(0xFu << ((position & 0x07u) * 4u));
 8001ff0:	f003 0c07 	and.w	ip, r3, #7
 8001ff4:	ea4f 0c8c 	mov.w	ip, ip, lsl #2
 8001ff8:	f04f 0e0f 	mov.w	lr, #15
 8001ffc:	fa0e fe0c 	lsl.w	lr, lr, ip
 8002000:	ea24 0e0e 	bic.w	lr, r4, lr
        temp |= ((GPIO_Init->Alternate) << ((position & 0x07u) * 4u));
 8002004:	690c      	ldr	r4, [r1, #16]
 8002006:	fa04 f40c 	lsl.w	r4, r4, ip
 800200a:	ea44 040e 	orr.w	r4, r4, lr
        GPIOx->AFR[position >> 3u] = temp;
 800200e:	f840 4025 	str.w	r4, [r0, r5, lsl #2]
 8002012:	e060      	b.n	80020d6 <HAL_GPIO_Init+0x11e>
        /* Enable SYSCFG Clock */
        __HAL_RCC_SYSCFG_CLK_ENABLE();

        temp = SYSCFG->EXTICR[position >> 2u];
        temp &= ~(0x0FuL << (4u * (position & 0x03u)));
        temp |= (GPIO_GET_INDEX(GPIOx) << (4u * (position & 0x03u)));
 8002014:	2404      	movs	r4, #4
 8002016:	e000      	b.n	800201a <HAL_GPIO_Init+0x62>
 8002018:	2400      	movs	r4, #0
 800201a:	fa04 f40e 	lsl.w	r4, r4, lr
 800201e:	432c      	orrs	r4, r5
        SYSCFG->EXTICR[position >> 2u] = temp;
 8002020:	f10c 0c02 	add.w	ip, ip, #2
 8002024:	4d52      	ldr	r5, [pc, #328]	@ (8002170 <HAL_GPIO_Init+0x1b8>)
 8002026:	f845 402c 	str.w	r4, [r5, ip, lsl #2]

        /* Clear Rising Falling edge configuration */
        temp = EXTI->RTSR1;
 800202a:	4c52      	ldr	r4, [pc, #328]	@ (8002174 <HAL_GPIO_Init+0x1bc>)
 800202c:	68a5      	ldr	r5, [r4, #8]
        temp &= ~(iocurrent);
 800202e:	43d4      	mvns	r4, r2
 8002030:	ea25 0602 	bic.w	r6, r5, r2
        if ((GPIO_Init->Mode & TRIGGER_RISING) != 0x00u)
 8002034:	684f      	ldr	r7, [r1, #4]
 8002036:	f417 1f80 	tst.w	r7, #1048576	@ 0x100000
 800203a:	d001      	beq.n	8002040 <HAL_GPIO_Init+0x88>
        {
          temp |= iocurrent;
 800203c:	ea42 0605 	orr.w	r6, r2, r5
        }
        EXTI->RTSR1 = temp;
 8002040:	4d4c      	ldr	r5, [pc, #304]	@ (8002174 <HAL_GPIO_Init+0x1bc>)
 8002042:	60ae      	str	r6, [r5, #8]

        temp = EXTI->FTSR1;
 8002044:	68ed      	ldr	r5, [r5, #12]
        temp &= ~(iocurrent);
 8002046:	ea04 0605 	and.w	r6, r4, r5
        if ((GPIO_Init->Mode & TRIGGER_FALLING) != 0x00u)
 800204a:	684f      	ldr	r7, [r1, #4]
 800204c:	f417 1f00 	tst.w	r7, #2097152	@ 0x200000
 8002050:	d001      	beq.n	8002056 <HAL_GPIO_Init+0x9e>
        {
          temp |= iocurrent;
 8002052:	ea42 0605 	orr.w	r6, r2, r5
        }
        EXTI->FTSR1 = temp;
 8002056:	4d47      	ldr	r5, [pc, #284]	@ (8002174 <HAL_GPIO_Init+0x1bc>)
 8002058:	60ee      	str	r6, [r5, #12]

        /* Clear EXTI line configuration */
        temp = EXTI->EMR1;
 800205a:	686d      	ldr	r5, [r5, #4]
        temp &= ~(iocurrent);
 800205c:	ea04 0605 	and.w	r6, r4, r5
        if ((GPIO_Init->Mode & EXTI_EVT) != 0x00u)
 8002060:	684f      	ldr	r7, [r1, #4]
 8002062:	f417 3f00 	tst.w	r7, #131072	@ 0x20000
 8002066:	d001      	beq.n	800206c <HAL_GPIO_Init+0xb4>
        {
          temp |= iocurrent;
 8002068:	ea42 0605 	orr.w	r6, r2, r5
        }
        EXTI->EMR1 = temp;
 800206c:	4d41      	ldr	r5, [pc, #260]	@ (8002174 <HAL_GPIO_Init+0x1bc>)
 800206e:	606e      	str	r6, [r5, #4]

        temp = EXTI->IMR1;
 8002070:	682d      	ldr	r5, [r5, #0]
        temp &= ~(iocurrent);
 8002072:	402c      	ands	r4, r5
        if ((GPIO_Init->Mode & EXTI_IT) != 0x00u)
 8002074:	684e      	ldr	r6, [r1, #4]
 8002076:	f416 3f80 	tst.w	r6, #65536	@ 0x10000
 800207a:	d001      	beq.n	8002080 <HAL_GPIO_Init+0xc8>
        {
          temp |= iocurrent;
 800207c:	ea42 0405 	orr.w	r4, r2, r5
        }
        EXTI->IMR1 = temp;
 8002080:	4a3c      	ldr	r2, [pc, #240]	@ (8002174 <HAL_GPIO_Init+0x1bc>)
 8002082:	6014      	str	r4, [r2, #0]
      }
    }

    position++;
 8002084:	3301      	adds	r3, #1
  while (((GPIO_Init->Pin) >> position) != 0x00u)
 8002086:	680a      	ldr	r2, [r1, #0]
 8002088:	fa32 f403 	lsrs.w	r4, r2, r3
 800208c:	d06e      	beq.n	800216c <HAL_GPIO_Init+0x1b4>
    iocurrent = (GPIO_Init->Pin) & (1uL << position);
 800208e:	f04f 0c01 	mov.w	ip, #1
 8002092:	fa0c fc03 	lsl.w	ip, ip, r3
    if (iocurrent != 0x00u)
 8002096:	ea1c 0202 	ands.w	r2, ip, r2
 800209a:	d0f3      	beq.n	8002084 <HAL_GPIO_Init+0xcc>
      if (((GPIO_Init->Mode & GPIO_MODE) == MODE_OUTPUT) || ((GPIO_Init->Mode & GPIO_MODE) == MODE_AF))
 800209c:	684c      	ldr	r4, [r1, #4]
 800209e:	f004 0403 	and.w	r4, r4, #3
 80020a2:	3c01      	subs	r4, #1
 80020a4:	2c01      	cmp	r4, #1
 80020a6:	d98b      	bls.n	8001fc0 <HAL_GPIO_Init+0x8>
      if ((GPIO_Init->Mode & GPIO_MODE) != MODE_ANALOG)
 80020a8:	684c      	ldr	r4, [r1, #4]
 80020aa:	f004 0403 	and.w	r4, r4, #3
 80020ae:	2c03      	cmp	r4, #3
 80020b0:	d00c      	beq.n	80020cc <HAL_GPIO_Init+0x114>
        temp = GPIOx->PUPDR;
 80020b2:	68c4      	ldr	r4, [r0, #12]
        temp &= ~(GPIO_PUPDR_PUPD0 << (position * 2U));
 80020b4:	005d      	lsls	r5, r3, #1
 80020b6:	f04f 0c03 	mov.w	ip, #3
 80020ba:	fa0c fc05 	lsl.w	ip, ip, r5
 80020be:	ea24 0c0c 	bic.w	ip, r4, ip
        temp |= ((GPIO_Init->Pull) << (position * 2U));
 80020c2:	688c      	ldr	r4, [r1, #8]
 80020c4:	40ac      	lsls	r4, r5
 80020c6:	ea44 040c 	orr.w	r4, r4, ip
        GPIOx->PUPDR = temp;
 80020ca:	60c4      	str	r4, [r0, #12]
      if ((GPIO_Init->Mode & GPIO_MODE) == MODE_AF)
 80020cc:	684c      	ldr	r4, [r1, #4]
 80020ce:	f004 0403 	and.w	r4, r4, #3
 80020d2:	2c02      	cmp	r4, #2
 80020d4:	d088      	beq.n	8001fe8 <HAL_GPIO_Init+0x30>
      temp = GPIOx->MODER;
 80020d6:	6804      	ldr	r4, [r0, #0]
      temp &= ~(GPIO_MODER_MODE0 << (position * 2u));
 80020d8:	ea4f 0e43 	mov.w	lr, r3, lsl #1
 80020dc:	f04f 0c03 	mov.w	ip, #3
 80020e0:	fa0c fc0e 	lsl.w	ip, ip, lr
 80020e4:	ea24 0c0c 	bic.w	ip, r4, ip
      temp |= ((GPIO_Init->Mode & GPIO_MODE) << (position * 2u));
 80020e8:	684c      	ldr	r4, [r1, #4]
 80020ea:	f004 0403 	and.w	r4, r4, #3
 80020ee:	fa04 f40e 	lsl.w	r4, r4, lr
 80020f2:	ea44 040c 	orr.w	r4, r4, ip
      GPIOx->MODER = temp;
 80020f6:	6004      	str	r4, [r0, #0]
      if ((GPIO_Init->Mode & EXTI_MODE) != 0x00u)
 80020f8:	684c      	ldr	r4, [r1, #4]
 80020fa:	f414 3f40 	tst.w	r4, #196608	@ 0x30000
 80020fe:	d0c1      	beq.n	8002084 <HAL_GPIO_Init+0xcc>
        __HAL_RCC_SYSCFG_CLK_ENABLE();
 8002100:	4c1d      	ldr	r4, [pc, #116]	@ (8002178 <HAL_GPIO_Init+0x1c0>)
 8002102:	6e25      	ldr	r5, [r4, #96]	@ 0x60
 8002104:	f045 0501 	orr.w	r5, r5, #1
 8002108:	6625      	str	r5, [r4, #96]	@ 0x60
 800210a:	6e24      	ldr	r4, [r4, #96]	@ 0x60
 800210c:	f004 0401 	and.w	r4, r4, #1
 8002110:	9401      	str	r4, [sp, #4]
 8002112:	9c01      	ldr	r4, [sp, #4]
        temp = SYSCFG->EXTICR[position >> 2u];
 8002114:	ea4f 0c93 	mov.w	ip, r3, lsr #2
 8002118:	f10c 0502 	add.w	r5, ip, #2
 800211c:	4c14      	ldr	r4, [pc, #80]	@ (8002170 <HAL_GPIO_Init+0x1b8>)
 800211e:	f854 5025 	ldr.w	r5, [r4, r5, lsl #2]
        temp &= ~(0x0FuL << (4u * (position & 0x03u)));
 8002122:	f003 0e03 	and.w	lr, r3, #3
 8002126:	ea4f 0e8e 	mov.w	lr, lr, lsl #2
 800212a:	240f      	movs	r4, #15
 800212c:	fa04 f40e 	lsl.w	r4, r4, lr
 8002130:	ea25 0504 	bic.w	r5, r5, r4
        temp |= (GPIO_GET_INDEX(GPIOx) << (4u * (position & 0x03u)));
 8002134:	f1b0 4f90 	cmp.w	r0, #1207959552	@ 0x48000000
 8002138:	f43f af6e 	beq.w	8002018 <HAL_GPIO_Init+0x60>
 800213c:	4c0f      	ldr	r4, [pc, #60]	@ (800217c <HAL_GPIO_Init+0x1c4>)
 800213e:	42a0      	cmp	r0, r4
 8002140:	d00e      	beq.n	8002160 <HAL_GPIO_Init+0x1a8>
 8002142:	f504 6480 	add.w	r4, r4, #1024	@ 0x400
 8002146:	42a0      	cmp	r0, r4
 8002148:	d00c      	beq.n	8002164 <HAL_GPIO_Init+0x1ac>
 800214a:	f504 6480 	add.w	r4, r4, #1024	@ 0x400
 800214e:	42a0      	cmp	r0, r4
 8002150:	d00a      	beq.n	8002168 <HAL_GPIO_Init+0x1b0>
 8002152:	f504 6480 	add.w	r4, r4, #1024	@ 0x400
 8002156:	42a0      	cmp	r0, r4
 8002158:	f43f af5c 	beq.w	8002014 <HAL_GPIO_Init+0x5c>
 800215c:	2407      	movs	r4, #7
 800215e:	e75c      	b.n	800201a <HAL_GPIO_Init+0x62>
 8002160:	2401      	movs	r4, #1
 8002162:	e75a      	b.n	800201a <HAL_GPIO_Init+0x62>
 8002164:	2402      	movs	r4, #2
 8002166:	e758      	b.n	800201a <HAL_GPIO_Init+0x62>
 8002168:	2403      	movs	r4, #3
 800216a:	e756      	b.n	800201a <HAL_GPIO_Init+0x62>
  }
}
 800216c:	b003      	add	sp, #12
 800216e:	bdf0      	pop	{r4, r5, r6, r7, pc}
 8002170:	40010000 	.word	0x40010000
 8002174:	40010400 	.word	0x40010400
 8002178:	40021000 	.word	0x40021000
 800217c:	48000400 	.word	0x48000400

08002180 <HAL_GPIO_WritePin>:
{
  /* Check the parameters */
  assert_param(IS_GPIO_PIN(GPIO_Pin));
  assert_param(IS_GPIO_PIN_ACTION(PinState));

  if(PinState != GPIO_PIN_RESET)
 8002180:	b10a      	cbz	r2, 8002186 <HAL_GPIO_WritePin+0x6>
  {
    GPIOx->BSRR = (uint32_t)GPIO_Pin;
 8002182:	6181      	str	r1, [r0, #24]
 8002184:	4770      	bx	lr
  }
  else
  {
    GPIOx->BRR = (uint32_t)GPIO_Pin;
 8002186:	6281      	str	r1, [r0, #40]	@ 0x28
  }
}
 8002188:	4770      	bx	lr

0800218a <I2C_Flush_TXDR>:
  */
static void I2C_Flush_TXDR(I2C_HandleTypeDef *hi2c)
{
  /* If a pending TXIS flag is set */
  /* Write a dummy data in TXDR to clear it */
  if (__HAL_I2C_GET_FLAG(hi2c, I2C_FLAG_TXIS) != RESET)
 800218a:	6803      	ldr	r3, [r0, #0]
 800218c:	699a      	ldr	r2, [r3, #24]
 800218e:	f012 0f02 	tst.w	r2, #2
 8002192:	d001      	beq.n	8002198 <I2C_Flush_TXDR+0xe>
  {
    hi2c->Instance->TXDR = 0x00U;
 8002194:	2200      	movs	r2, #0
 8002196:	629a      	str	r2, [r3, #40]	@ 0x28
  }

  /* Flush TX register if not empty */
  if (__HAL_I2C_GET_FLAG(hi2c, I2C_FLAG_TXE) == RESET)
 8002198:	6803      	ldr	r3, [r0, #0]
 800219a:	699a      	ldr	r2, [r3, #24]
 800219c:	f012 0f01 	tst.w	r2, #1
 80021a0:	d103      	bne.n	80021aa <I2C_Flush_TXDR+0x20>
  {
    __HAL_I2C_CLEAR_FLAG(hi2c, I2C_FLAG_TXE);
 80021a2:	699a      	ldr	r2, [r3, #24]
 80021a4:	f042 0201 	orr.w	r2, r2, #1
 80021a8:	619a      	str	r2, [r3, #24]
  }
}
 80021aa:	4770      	bx	lr

080021ac <I2C_TransferConfig>:
  *     @arg @ref I2C_GENERATE_START_WRITE Generate Restart for write request.
  * @retval None
  */
static void I2C_TransferConfig(I2C_HandleTypeDef *hi2c, uint16_t DevAddress, uint8_t Size, uint32_t Mode,
                               uint32_t Request)
{
 80021ac:	b410      	push	{r4}
 80021ae:	9c01      	ldr	r4, [sp, #4]
  assert_param(IS_I2C_ALL_INSTANCE(hi2c->Instance));
  assert_param(IS_TRANSFER_MODE(Mode));
  assert_param(IS_TRANSFER_REQUEST(Request));

  /* Declaration of tmp to prevent undefined behavior of volatile usage */
  uint32_t tmp = ((uint32_t)(((uint32_t)DevAddress & I2C_CR2_SADD) | \
 80021b0:	f3c1 0109 	ubfx	r1, r1, #0, #10
 80021b4:	ea41 4102 	orr.w	r1, r1, r2, lsl #16
                             (((uint32_t)Size << I2C_CR2_NBYTES_Pos) & I2C_CR2_NBYTES) | \
 80021b8:	4319      	orrs	r1, r3
  uint32_t tmp = ((uint32_t)(((uint32_t)DevAddress & I2C_CR2_SADD) | \
 80021ba:	4321      	orrs	r1, r4
 80021bc:	f021 4100 	bic.w	r1, r1, #2147483648	@ 0x80000000
                             (uint32_t)Mode | (uint32_t)Request) & (~0x80000000U));

  /* update CR2 register */
  MODIFY_REG(hi2c->Instance->CR2, \
 80021c0:	6802      	ldr	r2, [r0, #0]
 80021c2:	6853      	ldr	r3, [r2, #4]
 80021c4:	0d64      	lsrs	r4, r4, #21
 80021c6:	f404 6480 	and.w	r4, r4, #1024	@ 0x400
 80021ca:	f044 747f 	orr.w	r4, r4, #66846720	@ 0x3fc0000
 80021ce:	f444 3458 	orr.w	r4, r4, #221184	@ 0x36000
 80021d2:	f444 747f 	orr.w	r4, r4, #1020	@ 0x3fc
 80021d6:	f044 0403 	orr.w	r4, r4, #3
 80021da:	ea23 0304 	bic.w	r3, r3, r4
 80021de:	430b      	orrs	r3, r1
 80021e0:	6053      	str	r3, [r2, #4]
             ((I2C_CR2_SADD | I2C_CR2_NBYTES | I2C_CR2_RELOAD | I2C_CR2_AUTOEND | \
               (I2C_CR2_RD_WRN & (uint32_t)(Request >> (31U - I2C_CR2_RD_WRN_Pos))) | \
               I2C_CR2_START | I2C_CR2_STOP)), tmp);
}
 80021e2:	f85d 4b04 	ldr.w	r4, [sp], #4
 80021e6:	4770      	bx	lr

080021e8 <I2C_Disable_IRQ>:
  */
static void I2C_Disable_IRQ(I2C_HandleTypeDef *hi2c, uint16_t InterruptRequest)
{
  uint32_t tmpisr = 0U;

  if ((InterruptRequest & I2C_XFER_TX_IT) == I2C_XFER_TX_IT)
 80021e8:	f011 0f01 	tst.w	r1, #1
 80021ec:	d009      	beq.n	8002202 <I2C_Disable_IRQ+0x1a>
  {
    /* Disable TC and TXI interrupts */
    tmpisr |= I2C_IT_TCI | I2C_IT_TXI;

    if (((uint32_t)hi2c->State & (uint32_t)HAL_I2C_STATE_LISTEN) != (uint32_t)HAL_I2C_STATE_LISTEN)
 80021ee:	f890 3041 	ldrb.w	r3, [r0, #65]	@ 0x41
 80021f2:	f003 0328 	and.w	r3, r3, #40	@ 0x28
 80021f6:	2b28      	cmp	r3, #40	@ 0x28
 80021f8:	d001      	beq.n	80021fe <I2C_Disable_IRQ+0x16>
    {
      /* Disable NACK and STOP interrupts */
      tmpisr |= I2C_IT_STOPI | I2C_IT_NACKI | I2C_IT_ERRI;
 80021fa:	23f2      	movs	r3, #242	@ 0xf2
 80021fc:	e002      	b.n	8002204 <I2C_Disable_IRQ+0x1c>
    tmpisr |= I2C_IT_TCI | I2C_IT_TXI;
 80021fe:	2342      	movs	r3, #66	@ 0x42
 8002200:	e000      	b.n	8002204 <I2C_Disable_IRQ+0x1c>
  uint32_t tmpisr = 0U;
 8002202:	2300      	movs	r3, #0
    }
  }

  if ((InterruptRequest & I2C_XFER_RX_IT) == I2C_XFER_RX_IT)
 8002204:	f011 0f02 	tst.w	r1, #2
 8002208:	d009      	beq.n	800221e <I2C_Disable_IRQ+0x36>
  {
    /* Disable TC and RXI interrupts */
    tmpisr |= I2C_IT_TCI | I2C_IT_RXI;
 800220a:	f043 0c44 	orr.w	ip, r3, #68	@ 0x44

    if (((uint32_t)hi2c->State & (uint32_t)HAL_I2C_STATE_LISTEN) != (uint32_t)HAL_I2C_STATE_LISTEN)
 800220e:	f890 2041 	ldrb.w	r2, [r0, #65]	@ 0x41
 8002212:	f002 0228 	and.w	r2, r2, #40	@ 0x28
 8002216:	2a28      	cmp	r2, #40	@ 0x28
 8002218:	d010      	beq.n	800223c <I2C_Disable_IRQ+0x54>
    {
      /* Disable NACK and STOP interrupts */
      tmpisr |= I2C_IT_STOPI | I2C_IT_NACKI | I2C_IT_ERRI;
 800221a:	f043 03f4 	orr.w	r3, r3, #244	@ 0xf4
    }
  }

  if ((InterruptRequest & I2C_XFER_LISTEN_IT) == I2C_XFER_LISTEN_IT)
 800221e:	f411 4f00 	tst.w	r1, #32768	@ 0x8000
 8002222:	d10d      	bne.n	8002240 <I2C_Disable_IRQ+0x58>
  {
    /* Disable ADDR, NACK and STOP interrupts */
    tmpisr |= I2C_IT_ADDRI | I2C_IT_STOPI | I2C_IT_NACKI | I2C_IT_ERRI;
  }

  if (InterruptRequest == I2C_XFER_ERROR_IT)
 8002224:	2910      	cmp	r1, #16
 8002226:	d00e      	beq.n	8002246 <I2C_Disable_IRQ+0x5e>
  {
    /* Enable ERR and NACK interrupts */
    tmpisr |= I2C_IT_ERRI | I2C_IT_NACKI;
  }

  if (InterruptRequest == I2C_XFER_CPLT_IT)
 8002228:	2920      	cmp	r1, #32
 800222a:	d00f      	beq.n	800224c <I2C_Disable_IRQ+0x64>
  {
    /* Enable STOP interrupts */
    tmpisr |= I2C_IT_STOPI;
  }

  if (InterruptRequest == I2C_XFER_RELOAD_IT)
 800222c:	2940      	cmp	r1, #64	@ 0x40
 800222e:	d010      	beq.n	8002252 <I2C_Disable_IRQ+0x6a>
  }

  /* Disable interrupts only at the end */
  /* to avoid a breaking situation like at "t" time */
  /* all disable interrupts request are not done */
  __HAL_I2C_DISABLE_IT(hi2c, tmpisr);
 8002230:	6801      	ldr	r1, [r0, #0]
 8002232:	680a      	ldr	r2, [r1, #0]
 8002234:	ea22 0303 	bic.w	r3, r2, r3
 8002238:	600b      	str	r3, [r1, #0]
}
 800223a:	4770      	bx	lr
    tmpisr |= I2C_IT_TCI | I2C_IT_RXI;
 800223c:	4663      	mov	r3, ip
 800223e:	e7ee      	b.n	800221e <I2C_Disable_IRQ+0x36>
    tmpisr |= I2C_IT_ADDRI | I2C_IT_STOPI | I2C_IT_NACKI | I2C_IT_ERRI;
 8002240:	f043 03b8 	orr.w	r3, r3, #184	@ 0xb8
 8002244:	e7ee      	b.n	8002224 <I2C_Disable_IRQ+0x3c>
    tmpisr |= I2C_IT_ERRI | I2C_IT_NACKI;
 8002246:	f043 0390 	orr.w	r3, r3, #144	@ 0x90
 800224a:	e7ed      	b.n	8002228 <I2C_Disable_IRQ+0x40>
    tmpisr |= I2C_IT_STOPI;
 800224c:	f043 0320 	orr.w	r3, r3, #32
 8002250:	e7ec      	b.n	800222c <I2C_Disable_IRQ+0x44>
    tmpisr |= I2C_IT_TCI;
 8002252:	f043 0340 	orr.w	r3, r3, #64	@ 0x40
 8002256:	e7eb      	b.n	8002230 <I2C_Disable_IRQ+0x48>

08002258 <I2C_IsErrorOccurred>:
{
 8002258:	e92d 41f0 	stmdb	sp!, {r4, r5, r6, r7, r8, lr}
 800225c:	4604      	mov	r4, r0
  uint32_t itflag   = hi2c->Instance->ISR;
 800225e:	6803      	ldr	r3, [r0, #0]
 8002260:	699e      	ldr	r6, [r3, #24]
  if (HAL_IS_BIT_SET(itflag, I2C_FLAG_AF))
 8002262:	f016 0610 	ands.w	r6, r6, #16
 8002266:	d07c      	beq.n	8002362 <I2C_IsErrorOccurred+0x10a>
 8002268:	460d      	mov	r5, r1
 800226a:	4690      	mov	r8, r2
    __HAL_I2C_CLEAR_FLAG(hi2c, I2C_FLAG_AF);
 800226c:	2210      	movs	r2, #16
 800226e:	61da      	str	r2, [r3, #28]
  uint32_t error_code = 0;
 8002270:	2600      	movs	r6, #0
  HAL_StatusTypeDef status = HAL_OK;
 8002272:	4637      	mov	r7, r6
    while ((__HAL_I2C_GET_FLAG(hi2c, I2C_FLAG_STOPF) == RESET) && (status == HAL_OK))
 8002274:	6823      	ldr	r3, [r4, #0]
 8002276:	6998      	ldr	r0, [r3, #24]
 8002278:	f010 0f20 	tst.w	r0, #32
 800227c:	d130      	bne.n	80022e0 <I2C_IsErrorOccurred+0x88>
 800227e:	bb7f      	cbnz	r7, 80022e0 <I2C_IsErrorOccurred+0x88>
      if (Timeout != HAL_MAX_DELAY)
 8002280:	f1b5 3fff 	cmp.w	r5, #4294967295	@ 0xffffffff
 8002284:	d0f6      	beq.n	8002274 <I2C_IsErrorOccurred+0x1c>
        if (((HAL_GetTick() - tickstart) > Timeout) || (Timeout == 0U))
 8002286:	f7ff fd3f 	bl	8001d08 <HAL_GetTick>
 800228a:	eba0 0008 	sub.w	r0, r0, r8
 800228e:	42a8      	cmp	r0, r5
 8002290:	d801      	bhi.n	8002296 <I2C_IsErrorOccurred+0x3e>
 8002292:	2d00      	cmp	r5, #0
 8002294:	d1ee      	bne.n	8002274 <I2C_IsErrorOccurred+0x1c>
          tmp1 = (uint32_t)(hi2c->Instance->CR2 & I2C_CR2_STOP);
 8002296:	6821      	ldr	r1, [r4, #0]
 8002298:	684b      	ldr	r3, [r1, #4]
 800229a:	f403 4380 	and.w	r3, r3, #16384	@ 0x4000
          tmp2 = hi2c->Mode;
 800229e:	f894 2042 	ldrb.w	r2, [r4, #66]	@ 0x42
 80022a2:	b2d2      	uxtb	r2, r2
          if ((__HAL_I2C_GET_FLAG(hi2c, I2C_FLAG_BUSY) != RESET) && \
 80022a4:	6988      	ldr	r0, [r1, #24]
 80022a6:	f410 4f00 	tst.w	r0, #32768	@ 0x8000
 80022aa:	d002      	beq.n	80022b2 <I2C_IsErrorOccurred+0x5a>
 80022ac:	b90b      	cbnz	r3, 80022b2 <I2C_IsErrorOccurred+0x5a>
              (tmp1 != I2C_CR2_STOP) && \
 80022ae:	2a20      	cmp	r2, #32
 80022b0:	d10e      	bne.n	80022d0 <I2C_IsErrorOccurred+0x78>
          while (__HAL_I2C_GET_FLAG(hi2c, I2C_FLAG_STOPF) == RESET)
 80022b2:	6823      	ldr	r3, [r4, #0]
 80022b4:	699b      	ldr	r3, [r3, #24]
 80022b6:	f013 0f20 	tst.w	r3, #32
 80022ba:	d1db      	bne.n	8002274 <I2C_IsErrorOccurred+0x1c>
            if ((HAL_GetTick() - tickstart) > I2C_TIMEOUT_STOPF)
 80022bc:	f7ff fd24 	bl	8001d08 <HAL_GetTick>
 80022c0:	eba0 0008 	sub.w	r0, r0, r8
 80022c4:	2819      	cmp	r0, #25
 80022c6:	d9f4      	bls.n	80022b2 <I2C_IsErrorOccurred+0x5a>
              error_code |= HAL_I2C_ERROR_TIMEOUT;
 80022c8:	f046 0620 	orr.w	r6, r6, #32
              status = HAL_ERROR;
 80022cc:	2701      	movs	r7, #1
              break;
 80022ce:	e7d1      	b.n	8002274 <I2C_IsErrorOccurred+0x1c>
            hi2c->Instance->CR2 |= I2C_CR2_STOP;
 80022d0:	684b      	ldr	r3, [r1, #4]
 80022d2:	f443 4380 	orr.w	r3, r3, #16384	@ 0x4000
 80022d6:	604b      	str	r3, [r1, #4]
            tickstart = HAL_GetTick();
 80022d8:	f7ff fd16 	bl	8001d08 <HAL_GetTick>
 80022dc:	4680      	mov	r8, r0
 80022de:	e7e8      	b.n	80022b2 <I2C_IsErrorOccurred+0x5a>
    if (status == HAL_OK)
 80022e0:	b90f      	cbnz	r7, 80022e6 <I2C_IsErrorOccurred+0x8e>
      __HAL_I2C_CLEAR_FLAG(hi2c, I2C_FLAG_STOPF);
 80022e2:	2220      	movs	r2, #32
 80022e4:	61da      	str	r2, [r3, #28]
    error_code |= HAL_I2C_ERROR_AF;
 80022e6:	f046 0604 	orr.w	r6, r6, #4
    status = HAL_ERROR;
 80022ea:	2501      	movs	r5, #1
  itflag = hi2c->Instance->ISR;
 80022ec:	6822      	ldr	r2, [r4, #0]
 80022ee:	6993      	ldr	r3, [r2, #24]
  if (HAL_IS_BIT_SET(itflag, I2C_FLAG_BERR))
 80022f0:	f413 7f80 	tst.w	r3, #256	@ 0x100
 80022f4:	d005      	beq.n	8002302 <I2C_IsErrorOccurred+0xaa>
    error_code |= HAL_I2C_ERROR_BERR;
 80022f6:	f046 0601 	orr.w	r6, r6, #1
    __HAL_I2C_CLEAR_FLAG(hi2c, I2C_FLAG_BERR);
 80022fa:	f44f 7180 	mov.w	r1, #256	@ 0x100
 80022fe:	61d1      	str	r1, [r2, #28]
    status = HAL_ERROR;
 8002300:	2501      	movs	r5, #1
  if (HAL_IS_BIT_SET(itflag, I2C_FLAG_OVR))
 8002302:	f413 6f80 	tst.w	r3, #1024	@ 0x400
 8002306:	d006      	beq.n	8002316 <I2C_IsErrorOccurred+0xbe>
    error_code |= HAL_I2C_ERROR_OVR;
 8002308:	f046 0608 	orr.w	r6, r6, #8
    __HAL_I2C_CLEAR_FLAG(hi2c, I2C_FLAG_OVR);
 800230c:	6822      	ldr	r2, [r4, #0]
 800230e:	f44f 6180 	mov.w	r1, #1024	@ 0x400
 8002312:	61d1      	str	r1, [r2, #28]
    status = HAL_ERROR;
 8002314:	2501      	movs	r5, #1
  if (HAL_IS_BIT_SET(itflag, I2C_FLAG_ARLO))
 8002316:	f413 7f00 	tst.w	r3, #512	@ 0x200
 800231a:	d024      	beq.n	8002366 <I2C_IsErrorOccurred+0x10e>
    error_code |= HAL_I2C_ERROR_ARLO;
 800231c:	f046 0602 	orr.w	r6, r6, #2
    __HAL_I2C_CLEAR_FLAG(hi2c, I2C_FLAG_ARLO);
 8002320:	6823      	ldr	r3, [r4, #0]
 8002322:	f44f 7200 	mov.w	r2, #512	@ 0x200
 8002326:	61da      	str	r2, [r3, #28]
    status = HAL_ERROR;
 8002328:	2501      	movs	r5, #1
    I2C_Flush_TXDR(hi2c);
 800232a:	4620      	mov	r0, r4
 800232c:	f7ff ff2d 	bl	800218a <I2C_Flush_TXDR>
    I2C_RESET_CR2(hi2c);
 8002330:	6822      	ldr	r2, [r4, #0]
 8002332:	6853      	ldr	r3, [r2, #4]
 8002334:	f023 73ff 	bic.w	r3, r3, #33423360	@ 0x1fe0000
 8002338:	f423 338b 	bic.w	r3, r3, #71168	@ 0x11600
 800233c:	f423 73ff 	bic.w	r3, r3, #510	@ 0x1fe
 8002340:	f023 0301 	bic.w	r3, r3, #1
 8002344:	6053      	str	r3, [r2, #4]
    hi2c->ErrorCode |= error_code;
 8002346:	6c63      	ldr	r3, [r4, #68]	@ 0x44
 8002348:	4333      	orrs	r3, r6
 800234a:	6463      	str	r3, [r4, #68]	@ 0x44
    hi2c->State = HAL_I2C_STATE_READY;
 800234c:	2320      	movs	r3, #32
 800234e:	f884 3041 	strb.w	r3, [r4, #65]	@ 0x41
    hi2c->Mode = HAL_I2C_MODE_NONE;
 8002352:	2300      	movs	r3, #0
 8002354:	f884 3042 	strb.w	r3, [r4, #66]	@ 0x42
    __HAL_UNLOCK(hi2c);
 8002358:	f884 3040 	strb.w	r3, [r4, #64]	@ 0x40
}
 800235c:	4628      	mov	r0, r5
 800235e:	e8bd 81f0 	ldmia.w	sp!, {r4, r5, r6, r7, r8, pc}
  HAL_StatusTypeDef status = HAL_OK;
 8002362:	2500      	movs	r5, #0
 8002364:	e7c2      	b.n	80022ec <I2C_IsErrorOccurred+0x94>
  if (status != HAL_OK)
 8002366:	2d00      	cmp	r5, #0
 8002368:	d0f8      	beq.n	800235c <I2C_IsErrorOccurred+0x104>
 800236a:	e7de      	b.n	800232a <I2C_IsErrorOccurred+0xd2>

0800236c <I2C_WaitOnTXISFlagUntilTimeout>:
{
 800236c:	b570      	push	{r4, r5, r6, lr}
 800236e:	4604      	mov	r4, r0
 8002370:	460d      	mov	r5, r1
 8002372:	4616      	mov	r6, r2
  while (__HAL_I2C_GET_FLAG(hi2c, I2C_FLAG_TXIS) == RESET)
 8002374:	6823      	ldr	r3, [r4, #0]
 8002376:	699b      	ldr	r3, [r3, #24]
 8002378:	f013 0f02 	tst.w	r3, #2
 800237c:	d122      	bne.n	80023c4 <I2C_WaitOnTXISFlagUntilTimeout+0x58>
    if (I2C_IsErrorOccurred(hi2c, Timeout, Tickstart) != HAL_OK)
 800237e:	4632      	mov	r2, r6
 8002380:	4629      	mov	r1, r5
 8002382:	4620      	mov	r0, r4
 8002384:	f7ff ff68 	bl	8002258 <I2C_IsErrorOccurred>
 8002388:	b9f0      	cbnz	r0, 80023c8 <I2C_WaitOnTXISFlagUntilTimeout+0x5c>
    if (Timeout != HAL_MAX_DELAY)
 800238a:	f1b5 3fff 	cmp.w	r5, #4294967295	@ 0xffffffff
 800238e:	d0f1      	beq.n	8002374 <I2C_WaitOnTXISFlagUntilTimeout+0x8>
      if (((HAL_GetTick() - Tickstart) > Timeout) || (Timeout == 0U))
 8002390:	f7ff fcba 	bl	8001d08 <HAL_GetTick>
 8002394:	1b80      	subs	r0, r0, r6
 8002396:	42a8      	cmp	r0, r5
 8002398:	d801      	bhi.n	800239e <I2C_WaitOnTXISFlagUntilTimeout+0x32>
 800239a:	2d00      	cmp	r5, #0
 800239c:	d1ea      	bne.n	8002374 <I2C_WaitOnTXISFlagUntilTimeout+0x8>
        if ((__HAL_I2C_GET_FLAG(hi2c, I2C_FLAG_TXIS) == RESET))
 800239e:	6823      	ldr	r3, [r4, #0]
 80023a0:	699b      	ldr	r3, [r3, #24]
 80023a2:	f013 0f02 	tst.w	r3, #2
 80023a6:	d1e5      	bne.n	8002374 <I2C_WaitOnTXISFlagUntilTimeout+0x8>
          hi2c->ErrorCode |= HAL_I2C_ERROR_TIMEOUT;
 80023a8:	6c63      	ldr	r3, [r4, #68]	@ 0x44
 80023aa:	f043 0320 	orr.w	r3, r3, #32
 80023ae:	6463      	str	r3, [r4, #68]	@ 0x44
          hi2c->State = HAL_I2C_STATE_READY;
 80023b0:	2320      	movs	r3, #32
 80023b2:	f884 3041 	strb.w	r3, [r4, #65]	@ 0x41
          hi2c->Mode = HAL_I2C_MODE_NONE;
 80023b6:	2300      	movs	r3, #0
 80023b8:	f884 3042 	strb.w	r3, [r4, #66]	@ 0x42
          __HAL_UNLOCK(hi2c);
 80023bc:	f884 3040 	strb.w	r3, [r4, #64]	@ 0x40
          return HAL_ERROR;
 80023c0:	2001      	movs	r0, #1
 80023c2:	e000      	b.n	80023c6 <I2C_WaitOnTXISFlagUntilTimeout+0x5a>
  return HAL_OK;
 80023c4:	2000      	movs	r0, #0
}
 80023c6:	bd70      	pop	{r4, r5, r6, pc}
      return HAL_ERROR;
 80023c8:	2001      	movs	r0, #1
 80023ca:	e7fc      	b.n	80023c6 <I2C_WaitOnTXISFlagUntilTimeout+0x5a>

080023cc <I2C_WaitOnFlagUntilTimeout>:
{
 80023cc:	e92d 41f0 	stmdb	sp!, {r4, r5, r6, r7, r8, lr}
 80023d0:	4605      	mov	r5, r0
 80023d2:	460f      	mov	r7, r1
 80023d4:	4616      	mov	r6, r2
 80023d6:	4698      	mov	r8, r3
  while (__HAL_I2C_GET_FLAG(hi2c, Flag) == Status)
 80023d8:	682c      	ldr	r4, [r5, #0]
 80023da:	69a4      	ldr	r4, [r4, #24]
 80023dc:	ea37 0404 	bics.w	r4, r7, r4
 80023e0:	bf0c      	ite	eq
 80023e2:	2401      	moveq	r4, #1
 80023e4:	2400      	movne	r4, #0
 80023e6:	42b4      	cmp	r4, r6
 80023e8:	d122      	bne.n	8002430 <I2C_WaitOnFlagUntilTimeout+0x64>
    if (Timeout != HAL_MAX_DELAY)
 80023ea:	f1b8 3fff 	cmp.w	r8, #4294967295	@ 0xffffffff
 80023ee:	d0f3      	beq.n	80023d8 <I2C_WaitOnFlagUntilTimeout+0xc>
      if (((HAL_GetTick() - Tickstart) > Timeout) || (Timeout == 0U))
 80023f0:	f7ff fc8a 	bl	8001d08 <HAL_GetTick>
 80023f4:	9b06      	ldr	r3, [sp, #24]
 80023f6:	1ac0      	subs	r0, r0, r3
 80023f8:	4540      	cmp	r0, r8
 80023fa:	d802      	bhi.n	8002402 <I2C_WaitOnFlagUntilTimeout+0x36>
 80023fc:	f1b8 0f00 	cmp.w	r8, #0
 8002400:	d1ea      	bne.n	80023d8 <I2C_WaitOnFlagUntilTimeout+0xc>
        if ((__HAL_I2C_GET_FLAG(hi2c, Flag) == Status))
 8002402:	682b      	ldr	r3, [r5, #0]
 8002404:	699b      	ldr	r3, [r3, #24]
 8002406:	ea37 0303 	bics.w	r3, r7, r3
 800240a:	bf0c      	ite	eq
 800240c:	2301      	moveq	r3, #1
 800240e:	2300      	movne	r3, #0
 8002410:	42b3      	cmp	r3, r6
 8002412:	d1e1      	bne.n	80023d8 <I2C_WaitOnFlagUntilTimeout+0xc>
          hi2c->ErrorCode |= HAL_I2C_ERROR_TIMEOUT;
 8002414:	6c6b      	ldr	r3, [r5, #68]	@ 0x44
 8002416:	f043 0320 	orr.w	r3, r3, #32
 800241a:	646b      	str	r3, [r5, #68]	@ 0x44
          hi2c->State = HAL_I2C_STATE_READY;
 800241c:	2320      	movs	r3, #32
 800241e:	f885 3041 	strb.w	r3, [r5, #65]	@ 0x41
          hi2c->Mode = HAL_I2C_MODE_NONE;
 8002422:	2300      	movs	r3, #0
 8002424:	f885 3042 	strb.w	r3, [r5, #66]	@ 0x42
          __HAL_UNLOCK(hi2c);
 8002428:	f885 3040 	strb.w	r3, [r5, #64]	@ 0x40
          return HAL_ERROR;
 800242c:	2001      	movs	r0, #1
 800242e:	e000      	b.n	8002432 <I2C_WaitOnFlagUntilTimeout+0x66>
  return HAL_OK;
 8002430:	2000      	movs	r0, #0
}
 8002432:	e8bd 81f0 	ldmia.w	sp!, {r4, r5, r6, r7, r8, pc}

08002436 <I2C_WaitOnSTOPFlagUntilTimeout>:
{
 8002436:	b570      	push	{r4, r5, r6, lr}
 8002438:	4604      	mov	r4, r0
 800243a:	460d      	mov	r5, r1
 800243c:	4616      	mov	r6, r2
  while (__HAL_I2C_GET_FLAG(hi2c, I2C_FLAG_STOPF) == RESET)
 800243e:	e004      	b.n	800244a <I2C_WaitOnSTOPFlagUntilTimeout+0x14>
      if ((__HAL_I2C_GET_FLAG(hi2c, I2C_FLAG_STOPF) == RESET))
 8002440:	6823      	ldr	r3, [r4, #0]
 8002442:	699b      	ldr	r3, [r3, #24]
 8002444:	f013 0f20 	tst.w	r3, #32
 8002448:	d012      	beq.n	8002470 <I2C_WaitOnSTOPFlagUntilTimeout+0x3a>
  while (__HAL_I2C_GET_FLAG(hi2c, I2C_FLAG_STOPF) == RESET)
 800244a:	6823      	ldr	r3, [r4, #0]
 800244c:	699b      	ldr	r3, [r3, #24]
 800244e:	f013 0f20 	tst.w	r3, #32
 8002452:	d11b      	bne.n	800248c <I2C_WaitOnSTOPFlagUntilTimeout+0x56>
    if (I2C_IsErrorOccurred(hi2c, Timeout, Tickstart) != HAL_OK)
 8002454:	4632      	mov	r2, r6
 8002456:	4629      	mov	r1, r5
 8002458:	4620      	mov	r0, r4
 800245a:	f7ff fefd 	bl	8002258 <I2C_IsErrorOccurred>
 800245e:	b9b8      	cbnz	r0, 8002490 <I2C_WaitOnSTOPFlagUntilTimeout+0x5a>
    if (((HAL_GetTick() - Tickstart) > Timeout) || (Timeout == 0U))
 8002460:	f7ff fc52 	bl	8001d08 <HAL_GetTick>
 8002464:	1b80      	subs	r0, r0, r6
 8002466:	42a8      	cmp	r0, r5
 8002468:	d8ea      	bhi.n	8002440 <I2C_WaitOnSTOPFlagUntilTimeout+0xa>
 800246a:	2d00      	cmp	r5, #0
 800246c:	d1ed      	bne.n	800244a <I2C_WaitOnSTOPFlagUntilTimeout+0x14>
 800246e:	e7e7      	b.n	8002440 <I2C_WaitOnSTOPFlagUntilTimeout+0xa>
        hi2c->ErrorCode |= HAL_I2C_ERROR_TIMEOUT;
 8002470:	6c63      	ldr	r3, [r4, #68]	@ 0x44
 8002472:	f043 0320 	orr.w	r3, r3, #32
 8002476:	6463      	str	r3, [r4, #68]	@ 0x44
        hi2c->State = HAL_I2C_STATE_READY;
 8002478:	2320      	movs	r3, #32
 800247a:	f884 3041 	strb.w	r3, [r4, #65]	@ 0x41
        hi2c->Mode = HAL_I2C_MODE_NONE;
 800247e:	2300      	movs	r3, #0
 8002480:	f884 3042 	strb.w	r3, [r4, #66]	@ 0x42
        __HAL_UNLOCK(hi2c);
 8002484:	f884 3040 	strb.w	r3, [r4, #64]	@ 0x40
        return HAL_ERROR;
 8002488:	2001      	movs	r0, #1
 800248a:	e000      	b.n	800248e <I2C_WaitOnSTOPFlagUntilTimeout+0x58>
  return HAL_OK;
 800248c:	2000      	movs	r0, #0
}
 800248e:	bd70      	pop	{r4, r5, r6, pc}
      return HAL_ERROR;
 8002490:	2001      	movs	r0, #1
 8002492:	e7fc      	b.n	800248e <I2C_WaitOnSTOPFlagUntilTimeout+0x58>

08002494 <I2C_WaitOnRXNEFlagUntilTimeout>:
{
 8002494:	b570      	push	{r4, r5, r6, lr}
 8002496:	4604      	mov	r4, r0
 8002498:	460d      	mov	r5, r1
 800249a:	4616      	mov	r6, r2
  while (__HAL_I2C_GET_FLAG(hi2c, I2C_FLAG_RXNE) == RESET)
 800249c:	e02d      	b.n	80024fa <I2C_WaitOnRXNEFlagUntilTimeout+0x66>
      if ((__HAL_I2C_GET_FLAG(hi2c, I2C_FLAG_RXNE) == SET) && (hi2c->XferSize > 0U))
 800249e:	699a      	ldr	r2, [r3, #24]
 80024a0:	f012 0f04 	tst.w	r2, #4
 80024a4:	d002      	beq.n	80024ac <I2C_WaitOnRXNEFlagUntilTimeout+0x18>
 80024a6:	8d22      	ldrh	r2, [r4, #40]	@ 0x28
 80024a8:	2a00      	cmp	r2, #0
 80024aa:	d14c      	bne.n	8002546 <I2C_WaitOnRXNEFlagUntilTimeout+0xb2>
        if (__HAL_I2C_GET_FLAG(hi2c, I2C_FLAG_AF) == SET)
 80024ac:	699a      	ldr	r2, [r3, #24]
 80024ae:	f012 0f10 	tst.w	r2, #16
 80024b2:	d01a      	beq.n	80024ea <I2C_WaitOnRXNEFlagUntilTimeout+0x56>
          __HAL_I2C_CLEAR_FLAG(hi2c, I2C_FLAG_AF);
 80024b4:	2210      	movs	r2, #16
 80024b6:	61da      	str	r2, [r3, #28]
          hi2c->ErrorCode = HAL_I2C_ERROR_AF;
 80024b8:	2304      	movs	r3, #4
 80024ba:	6463      	str	r3, [r4, #68]	@ 0x44
        __HAL_I2C_CLEAR_FLAG(hi2c, I2C_FLAG_STOPF);
 80024bc:	6823      	ldr	r3, [r4, #0]
 80024be:	2220      	movs	r2, #32
 80024c0:	61da      	str	r2, [r3, #28]
        I2C_RESET_CR2(hi2c);
 80024c2:	6821      	ldr	r1, [r4, #0]
 80024c4:	684b      	ldr	r3, [r1, #4]
 80024c6:	f023 73ff 	bic.w	r3, r3, #33423360	@ 0x1fe0000
 80024ca:	f423 338b 	bic.w	r3, r3, #71168	@ 0x11600
 80024ce:	f423 73ff 	bic.w	r3, r3, #510	@ 0x1fe
 80024d2:	f023 0301 	bic.w	r3, r3, #1
 80024d6:	604b      	str	r3, [r1, #4]
        hi2c->State = HAL_I2C_STATE_READY;
 80024d8:	f884 2041 	strb.w	r2, [r4, #65]	@ 0x41
        hi2c->Mode = HAL_I2C_MODE_NONE;
 80024dc:	2300      	movs	r3, #0
 80024de:	f884 3042 	strb.w	r3, [r4, #66]	@ 0x42
        __HAL_UNLOCK(hi2c);
 80024e2:	f884 3040 	strb.w	r3, [r4, #64]	@ 0x40
        return HAL_ERROR;
 80024e6:	2101      	movs	r1, #1
 80024e8:	e02d      	b.n	8002546 <I2C_WaitOnRXNEFlagUntilTimeout+0xb2>
          hi2c->ErrorCode = HAL_I2C_ERROR_NONE;
 80024ea:	2300      	movs	r3, #0
 80024ec:	6463      	str	r3, [r4, #68]	@ 0x44
 80024ee:	e7e5      	b.n	80024bc <I2C_WaitOnRXNEFlagUntilTimeout+0x28>
      if ((__HAL_I2C_GET_FLAG(hi2c, I2C_FLAG_RXNE) == RESET))
 80024f0:	6823      	ldr	r3, [r4, #0]
 80024f2:	699b      	ldr	r3, [r3, #24]
 80024f4:	f013 0f04 	tst.w	r3, #4
 80024f8:	d018      	beq.n	800252c <I2C_WaitOnRXNEFlagUntilTimeout+0x98>
  while (__HAL_I2C_GET_FLAG(hi2c, I2C_FLAG_RXNE) == RESET)
 80024fa:	6823      	ldr	r3, [r4, #0]
 80024fc:	699b      	ldr	r3, [r3, #24]
 80024fe:	f013 0f04 	tst.w	r3, #4
 8002502:	d11f      	bne.n	8002544 <I2C_WaitOnRXNEFlagUntilTimeout+0xb0>
    if (I2C_IsErrorOccurred(hi2c, Timeout, Tickstart) != HAL_OK)
 8002504:	4632      	mov	r2, r6
 8002506:	4629      	mov	r1, r5
 8002508:	4620      	mov	r0, r4
 800250a:	f7ff fea5 	bl	8002258 <I2C_IsErrorOccurred>
 800250e:	4601      	mov	r1, r0
 8002510:	b9d8      	cbnz	r0, 800254a <I2C_WaitOnRXNEFlagUntilTimeout+0xb6>
    if (__HAL_I2C_GET_FLAG(hi2c, I2C_FLAG_STOPF) == SET)
 8002512:	6823      	ldr	r3, [r4, #0]
 8002514:	699a      	ldr	r2, [r3, #24]
 8002516:	f012 0f20 	tst.w	r2, #32
 800251a:	d1c0      	bne.n	800249e <I2C_WaitOnRXNEFlagUntilTimeout+0xa>
    if (((HAL_GetTick() - Tickstart) > Timeout) || (Timeout == 0U))
 800251c:	f7ff fbf4 	bl	8001d08 <HAL_GetTick>
 8002520:	1b80      	subs	r0, r0, r6
 8002522:	42a8      	cmp	r0, r5
 8002524:	d8e4      	bhi.n	80024f0 <I2C_WaitOnRXNEFlagUntilTimeout+0x5c>
 8002526:	2d00      	cmp	r5, #0
 8002528:	d1e7      	bne.n	80024fa <I2C_WaitOnRXNEFlagUntilTimeout+0x66>
 800252a:	e7e1      	b.n	80024f0 <I2C_WaitOnRXNEFlagUntilTimeout+0x5c>
        hi2c->ErrorCode |= HAL_I2C_ERROR_TIMEOUT;
 800252c:	6c63      	ldr	r3, [r4, #68]	@ 0x44
 800252e:	f043 0320 	orr.w	r3, r3, #32
 8002532:	6463      	str	r3, [r4, #68]	@ 0x44
        hi2c->State = HAL_I2C_STATE_READY;
 8002534:	2320      	movs	r3, #32
 8002536:	f884 3041 	strb.w	r3, [r4, #65]	@ 0x41
        __HAL_UNLOCK(hi2c);
 800253a:	2300      	movs	r3, #0
 800253c:	f884 3040 	strb.w	r3, [r4, #64]	@ 0x40
        return HAL_ERROR;
 8002540:	2101      	movs	r1, #1
 8002542:	e000      	b.n	8002546 <I2C_WaitOnRXNEFlagUntilTimeout+0xb2>
  return HAL_OK;
 8002544:	2100      	movs	r1, #0
}
 8002546:	4608      	mov	r0, r1
 8002548:	bd70      	pop	{r4, r5, r6, pc}
      return HAL_ERROR;
 800254a:	2101      	movs	r1, #1
 800254c:	e7fb      	b.n	8002546 <I2C_WaitOnRXNEFlagUntilTimeout+0xb2>

0800254e <HAL_I2C_Init>:
  if (hi2c == NULL)
 800254e:	2800      	cmp	r0, #0
 8002550:	d05f      	beq.n	8002612 <HAL_I2C_Init+0xc4>
{
 8002552:	b510      	push	{r4, lr}
 8002554:	4604      	mov	r4, r0
  if (hi2c->State == HAL_I2C_STATE_RESET)
 8002556:	f890 3041 	ldrb.w	r3, [r0, #65]	@ 0x41
 800255a:	2b00      	cmp	r3, #0
 800255c:	d048      	beq.n	80025f0 <HAL_I2C_Init+0xa2>
  hi2c->State = HAL_I2C_STATE_BUSY;
 800255e:	2324      	movs	r3, #36	@ 0x24
 8002560:	f884 3041 	strb.w	r3, [r4, #65]	@ 0x41
  __HAL_I2C_DISABLE(hi2c);
 8002564:	6822      	ldr	r2, [r4, #0]
 8002566:	6813      	ldr	r3, [r2, #0]
 8002568:	f023 0301 	bic.w	r3, r3, #1
 800256c:	6013      	str	r3, [r2, #0]
  hi2c->Instance->TIMINGR = hi2c->Init.Timing & TIMING_CLEAR_MASK;
 800256e:	6863      	ldr	r3, [r4, #4]
 8002570:	6822      	ldr	r2, [r4, #0]
 8002572:	f023 6370 	bic.w	r3, r3, #251658240	@ 0xf000000
 8002576:	6113      	str	r3, [r2, #16]
  hi2c->Instance->OAR1 &= ~I2C_OAR1_OA1EN;
 8002578:	6822      	ldr	r2, [r4, #0]
 800257a:	6893      	ldr	r3, [r2, #8]
 800257c:	f423 4300 	bic.w	r3, r3, #32768	@ 0x8000
 8002580:	6093      	str	r3, [r2, #8]
  if (hi2c->Init.AddressingMode == I2C_ADDRESSINGMODE_7BIT)
 8002582:	68e3      	ldr	r3, [r4, #12]
 8002584:	2b01      	cmp	r3, #1
 8002586:	d038      	beq.n	80025fa <HAL_I2C_Init+0xac>
    hi2c->Instance->OAR1 = (I2C_OAR1_OA1EN | I2C_OAR1_OA1MODE | hi2c->Init.OwnAddress1);
 8002588:	68a3      	ldr	r3, [r4, #8]
 800258a:	6822      	ldr	r2, [r4, #0]
 800258c:	f443 4304 	orr.w	r3, r3, #33792	@ 0x8400
 8002590:	6093      	str	r3, [r2, #8]
  if (hi2c->Init.AddressingMode == I2C_ADDRESSINGMODE_10BIT)
 8002592:	68e3      	ldr	r3, [r4, #12]
 8002594:	2b02      	cmp	r3, #2
 8002596:	d036      	beq.n	8002606 <HAL_I2C_Init+0xb8>
    CLEAR_BIT(hi2c->Instance->CR2, I2C_CR2_ADD10);
 8002598:	6822      	ldr	r2, [r4, #0]
 800259a:	6853      	ldr	r3, [r2, #4]
 800259c:	f423 6300 	bic.w	r3, r3, #2048	@ 0x800
 80025a0:	6053      	str	r3, [r2, #4]
  hi2c->Instance->CR2 |= (I2C_CR2_AUTOEND | I2C_CR2_NACK);
 80025a2:	6822      	ldr	r2, [r4, #0]
 80025a4:	6853      	ldr	r3, [r2, #4]
 80025a6:	f043 7300 	orr.w	r3, r3, #33554432	@ 0x2000000
 80025aa:	f443 4300 	orr.w	r3, r3, #32768	@ 0x8000
 80025ae:	6053      	str	r3, [r2, #4]
  hi2c->Instance->OAR2 &= ~I2C_DUALADDRESS_ENABLE;
 80025b0:	6822      	ldr	r2, [r4, #0]
 80025b2:	68d3      	ldr	r3, [r2, #12]
 80025b4:	f423 4300 	bic.w	r3, r3, #32768	@ 0x8000
 80025b8:	60d3      	str	r3, [r2, #12]
  hi2c->Instance->OAR2 = (hi2c->Init.DualAddressMode | hi2c->Init.OwnAddress2 | \
 80025ba:	6923      	ldr	r3, [r4, #16]
 80025bc:	6962      	ldr	r2, [r4, #20]
 80025be:	4313      	orrs	r3, r2
                          (hi2c->Init.OwnAddress2Masks << 8));
 80025c0:	69a1      	ldr	r1, [r4, #24]
  hi2c->Instance->OAR2 = (hi2c->Init.DualAddressMode | hi2c->Init.OwnAddress2 | \
 80025c2:	6822      	ldr	r2, [r4, #0]
 80025c4:	ea43 2301 	orr.w	r3, r3, r1, lsl #8
 80025c8:	60d3      	str	r3, [r2, #12]
  hi2c->Instance->CR1 = (hi2c->Init.GeneralCallMode | hi2c->Init.NoStretchMode);
 80025ca:	69e3      	ldr	r3, [r4, #28]
 80025cc:	6a21      	ldr	r1, [r4, #32]
 80025ce:	6822      	ldr	r2, [r4, #0]
 80025d0:	430b      	orrs	r3, r1
 80025d2:	6013      	str	r3, [r2, #0]
  __HAL_I2C_ENABLE(hi2c);
 80025d4:	6822      	ldr	r2, [r4, #0]
 80025d6:	6813      	ldr	r3, [r2, #0]
 80025d8:	f043 0301 	orr.w	r3, r3, #1
 80025dc:	6013      	str	r3, [r2, #0]
  hi2c->ErrorCode = HAL_I2C_ERROR_NONE;
 80025de:	2000      	movs	r0, #0
 80025e0:	6460      	str	r0, [r4, #68]	@ 0x44
  hi2c->State = HAL_I2C_STATE_READY;
 80025e2:	2320      	movs	r3, #32
 80025e4:	f884 3041 	strb.w	r3, [r4, #65]	@ 0x41
  hi2c->PreviousState = I2C_STATE_NONE;
 80025e8:	6320      	str	r0, [r4, #48]	@ 0x30
  hi2c->Mode = HAL_I2C_MODE_NONE;
 80025ea:	f884 0042 	strb.w	r0, [r4, #66]	@ 0x42
}
 80025ee:	bd10      	pop	{r4, pc}
    hi2c->Lock = HAL_UNLOCKED;
 80025f0:	f880 3040 	strb.w	r3, [r0, #64]	@ 0x40
    HAL_I2C_MspInit(hi2c);
 80025f4:	f7ff f94a 	bl	800188c <HAL_I2C_MspInit>
 80025f8:	e7b1      	b.n	800255e <HAL_I2C_Init+0x10>
    hi2c->Instance->OAR1 = (I2C_OAR1_OA1EN | hi2c->Init.OwnAddress1);
 80025fa:	68a3      	ldr	r3, [r4, #8]
 80025fc:	6822      	ldr	r2, [r4, #0]
 80025fe:	f443 4300 	orr.w	r3, r3, #32768	@ 0x8000
 8002602:	6093      	str	r3, [r2, #8]
 8002604:	e7c5      	b.n	8002592 <HAL_I2C_Init+0x44>
    SET_BIT(hi2c->Instance->CR2, I2C_CR2_ADD10);
 8002606:	6822      	ldr	r2, [r4, #0]
 8002608:	6853      	ldr	r3, [r2, #4]
 800260a:	f443 6300 	orr.w	r3, r3, #2048	@ 0x800
 800260e:	6053      	str	r3, [r2, #4]
 8002610:	e7c7      	b.n	80025a2 <HAL_I2C_Init+0x54>
    return HAL_ERROR;
 8002612:	2001      	movs	r0, #1
}
 8002614:	4770      	bx	lr
	...

08002618 <HAL_I2C_Master_Transmit>:
{
 8002618:	e92d 47f0 	stmdb	sp!, {r4, r5, r6, r7, r8, r9, sl, lr}
 800261c:	b082      	sub	sp, #8
 800261e:	460f      	mov	r7, r1
 8002620:	9e0a      	ldr	r6, [sp, #40]	@ 0x28
  if (hi2c->State == HAL_I2C_STATE_READY)
 8002622:	f890 1041 	ldrb.w	r1, [r0, #65]	@ 0x41
 8002626:	b2c9      	uxtb	r1, r1
 8002628:	2920      	cmp	r1, #32
 800262a:	f040 80b7 	bne.w	800279c <HAL_I2C_Master_Transmit+0x184>
 800262e:	4604      	mov	r4, r0
 8002630:	4690      	mov	r8, r2
 8002632:	4699      	mov	r9, r3
    __HAL_LOCK(hi2c);
 8002634:	f890 3040 	ldrb.w	r3, [r0, #64]	@ 0x40
 8002638:	2b01      	cmp	r3, #1
 800263a:	f000 80b3 	beq.w	80027a4 <HAL_I2C_Master_Transmit+0x18c>
 800263e:	f04f 0a01 	mov.w	sl, #1
 8002642:	f880 a040 	strb.w	sl, [r0, #64]	@ 0x40
    tickstart = HAL_GetTick();
 8002646:	f7ff fb5f 	bl	8001d08 <HAL_GetTick>
 800264a:	4605      	mov	r5, r0
    if (I2C_WaitOnFlagUntilTimeout(hi2c, I2C_FLAG_BUSY, SET, I2C_TIMEOUT_BUSY, tickstart) != HAL_OK)
 800264c:	9000      	str	r0, [sp, #0]
 800264e:	2319      	movs	r3, #25
 8002650:	4652      	mov	r2, sl
 8002652:	f44f 4100 	mov.w	r1, #32768	@ 0x8000
 8002656:	4620      	mov	r0, r4
 8002658:	f7ff feb8 	bl	80023cc <I2C_WaitOnFlagUntilTimeout>
 800265c:	2800      	cmp	r0, #0
 800265e:	f040 80a3 	bne.w	80027a8 <HAL_I2C_Master_Transmit+0x190>
    hi2c->State     = HAL_I2C_STATE_BUSY_TX;
 8002662:	2321      	movs	r3, #33	@ 0x21
 8002664:	f884 3041 	strb.w	r3, [r4, #65]	@ 0x41
    hi2c->Mode      = HAL_I2C_MODE_MASTER;
 8002668:	2310      	movs	r3, #16
 800266a:	f884 3042 	strb.w	r3, [r4, #66]	@ 0x42
    hi2c->ErrorCode = HAL_I2C_ERROR_NONE;
 800266e:	2300      	movs	r3, #0
 8002670:	6463      	str	r3, [r4, #68]	@ 0x44
    hi2c->pBuffPtr  = pData;
 8002672:	f8c4 8024 	str.w	r8, [r4, #36]	@ 0x24
    hi2c->XferCount = Size;
 8002676:	f8a4 902a 	strh.w	r9, [r4, #42]	@ 0x2a
    hi2c->XferISR   = NULL;
 800267a:	6363      	str	r3, [r4, #52]	@ 0x34
    if (hi2c->XferCount > MAX_NBYTE_SIZE)
 800267c:	8d63      	ldrh	r3, [r4, #42]	@ 0x2a
 800267e:	b29b      	uxth	r3, r3
 8002680:	2bff      	cmp	r3, #255	@ 0xff
 8002682:	d91e      	bls.n	80026c2 <HAL_I2C_Master_Transmit+0xaa>
      hi2c->XferSize = MAX_NBYTE_SIZE;
 8002684:	23ff      	movs	r3, #255	@ 0xff
 8002686:	8523      	strh	r3, [r4, #40]	@ 0x28
      xfermode = I2C_RELOAD_MODE;
 8002688:	f04f 7380 	mov.w	r3, #16777216	@ 0x1000000
    if (hi2c->XferSize > 0U)
 800268c:	8d22      	ldrh	r2, [r4, #40]	@ 0x28
 800268e:	b1ea      	cbz	r2, 80026cc <HAL_I2C_Master_Transmit+0xb4>
      hi2c->Instance->TXDR = *hi2c->pBuffPtr;
 8002690:	6822      	ldr	r2, [r4, #0]
 8002692:	f898 1000 	ldrb.w	r1, [r8]
 8002696:	6291      	str	r1, [r2, #40]	@ 0x28
      hi2c->pBuffPtr++;
 8002698:	6a62      	ldr	r2, [r4, #36]	@ 0x24
 800269a:	3201      	adds	r2, #1
 800269c:	6262      	str	r2, [r4, #36]	@ 0x24
      hi2c->XferCount--;
 800269e:	8d62      	ldrh	r2, [r4, #42]	@ 0x2a
 80026a0:	b292      	uxth	r2, r2
 80026a2:	3a01      	subs	r2, #1
 80026a4:	b292      	uxth	r2, r2
 80026a6:	8562      	strh	r2, [r4, #42]	@ 0x2a
      hi2c->XferSize--;
 80026a8:	8d22      	ldrh	r2, [r4, #40]	@ 0x28
 80026aa:	3a01      	subs	r2, #1
 80026ac:	b292      	uxth	r2, r2
 80026ae:	8522      	strh	r2, [r4, #40]	@ 0x28
      I2C_TransferConfig(hi2c, DevAddress, (uint8_t)(hi2c->XferSize + 1U), xfermode,
 80026b0:	3201      	adds	r2, #1
 80026b2:	4941      	ldr	r1, [pc, #260]	@ (80027b8 <HAL_I2C_Master_Transmit+0x1a0>)
 80026b4:	9100      	str	r1, [sp, #0]
 80026b6:	b2d2      	uxtb	r2, r2
 80026b8:	4639      	mov	r1, r7
 80026ba:	4620      	mov	r0, r4
 80026bc:	f7ff fd76 	bl	80021ac <I2C_TransferConfig>
 80026c0:	e018      	b.n	80026f4 <HAL_I2C_Master_Transmit+0xdc>
      hi2c->XferSize = hi2c->XferCount;
 80026c2:	8d63      	ldrh	r3, [r4, #42]	@ 0x2a
 80026c4:	8523      	strh	r3, [r4, #40]	@ 0x28
      xfermode = I2C_AUTOEND_MODE;
 80026c6:	f04f 7300 	mov.w	r3, #33554432	@ 0x2000000
 80026ca:	e7df      	b.n	800268c <HAL_I2C_Master_Transmit+0x74>
      I2C_TransferConfig(hi2c, DevAddress, (uint8_t)hi2c->XferSize, xfermode,
 80026cc:	493a      	ldr	r1, [pc, #232]	@ (80027b8 <HAL_I2C_Master_Transmit+0x1a0>)
 80026ce:	9100      	str	r1, [sp, #0]
 80026d0:	b2d2      	uxtb	r2, r2
 80026d2:	4639      	mov	r1, r7
 80026d4:	4620      	mov	r0, r4
 80026d6:	f7ff fd69 	bl	80021ac <I2C_TransferConfig>
 80026da:	e00b      	b.n	80026f4 <HAL_I2C_Master_Transmit+0xdc>
          hi2c->XferSize = hi2c->XferCount;
 80026dc:	8d62      	ldrh	r2, [r4, #42]	@ 0x2a
 80026de:	b292      	uxth	r2, r2
 80026e0:	8522      	strh	r2, [r4, #40]	@ 0x28
          I2C_TransferConfig(hi2c, DevAddress, (uint8_t)hi2c->XferSize, I2C_AUTOEND_MODE,
 80026e2:	2300      	movs	r3, #0
 80026e4:	9300      	str	r3, [sp, #0]
 80026e6:	f04f 7300 	mov.w	r3, #33554432	@ 0x2000000
 80026ea:	b2d2      	uxtb	r2, r2
 80026ec:	4639      	mov	r1, r7
 80026ee:	4620      	mov	r0, r4
 80026f0:	f7ff fd5c 	bl	80021ac <I2C_TransferConfig>
    while (hi2c->XferCount > 0U)
 80026f4:	8d63      	ldrh	r3, [r4, #42]	@ 0x2a
 80026f6:	b29b      	uxth	r3, r3
 80026f8:	2b00      	cmp	r3, #0
 80026fa:	d033      	beq.n	8002764 <HAL_I2C_Master_Transmit+0x14c>
      if (I2C_WaitOnTXISFlagUntilTimeout(hi2c, Timeout, tickstart) != HAL_OK)
 80026fc:	462a      	mov	r2, r5
 80026fe:	4631      	mov	r1, r6
 8002700:	4620      	mov	r0, r4
 8002702:	f7ff fe33 	bl	800236c <I2C_WaitOnTXISFlagUntilTimeout>
 8002706:	2800      	cmp	r0, #0
 8002708:	d150      	bne.n	80027ac <HAL_I2C_Master_Transmit+0x194>
      hi2c->Instance->TXDR = *hi2c->pBuffPtr;
 800270a:	6a62      	ldr	r2, [r4, #36]	@ 0x24
 800270c:	6823      	ldr	r3, [r4, #0]
 800270e:	7812      	ldrb	r2, [r2, #0]
 8002710:	629a      	str	r2, [r3, #40]	@ 0x28
      hi2c->pBuffPtr++;
 8002712:	6a63      	ldr	r3, [r4, #36]	@ 0x24
 8002714:	3301      	adds	r3, #1
 8002716:	6263      	str	r3, [r4, #36]	@ 0x24
      hi2c->XferCount--;
 8002718:	8d63      	ldrh	r3, [r4, #42]	@ 0x2a
 800271a:	b29b      	uxth	r3, r3
 800271c:	3b01      	subs	r3, #1
 800271e:	b29b      	uxth	r3, r3
 8002720:	8563      	strh	r3, [r4, #42]	@ 0x2a
      hi2c->XferSize--;
 8002722:	8d23      	ldrh	r3, [r4, #40]	@ 0x28
 8002724:	3b01      	subs	r3, #1
 8002726:	b29b      	uxth	r3, r3
 8002728:	8523      	strh	r3, [r4, #40]	@ 0x28
      if ((hi2c->XferCount != 0U) && (hi2c->XferSize == 0U))
 800272a:	8d62      	ldrh	r2, [r4, #42]	@ 0x2a
 800272c:	b292      	uxth	r2, r2
 800272e:	2a00      	cmp	r2, #0
 8002730:	d0e0      	beq.n	80026f4 <HAL_I2C_Master_Transmit+0xdc>
 8002732:	2b00      	cmp	r3, #0
 8002734:	d1de      	bne.n	80026f4 <HAL_I2C_Master_Transmit+0xdc>
        if (I2C_WaitOnFlagUntilTimeout(hi2c, I2C_FLAG_TCR, RESET, Timeout, tickstart) != HAL_OK)
 8002736:	9500      	str	r5, [sp, #0]
 8002738:	4633      	mov	r3, r6
 800273a:	2200      	movs	r2, #0
 800273c:	2180      	movs	r1, #128	@ 0x80
 800273e:	4620      	mov	r0, r4
 8002740:	f7ff fe44 	bl	80023cc <I2C_WaitOnFlagUntilTimeout>
 8002744:	bba0      	cbnz	r0, 80027b0 <HAL_I2C_Master_Transmit+0x198>
        if (hi2c->XferCount > MAX_NBYTE_SIZE)
 8002746:	8d63      	ldrh	r3, [r4, #42]	@ 0x2a
 8002748:	b29b      	uxth	r3, r3
 800274a:	2bff      	cmp	r3, #255	@ 0xff
 800274c:	d9c6      	bls.n	80026dc <HAL_I2C_Master_Transmit+0xc4>
          hi2c->XferSize = MAX_NBYTE_SIZE;
 800274e:	22ff      	movs	r2, #255	@ 0xff
 8002750:	8522      	strh	r2, [r4, #40]	@ 0x28
          I2C_TransferConfig(hi2c, DevAddress, (uint8_t)hi2c->XferSize, I2C_RELOAD_MODE,
 8002752:	2300      	movs	r3, #0
 8002754:	9300      	str	r3, [sp, #0]
 8002756:	f04f 7380 	mov.w	r3, #16777216	@ 0x1000000
 800275a:	4639      	mov	r1, r7
 800275c:	4620      	mov	r0, r4
 800275e:	f7ff fd25 	bl	80021ac <I2C_TransferConfig>
 8002762:	e7c7      	b.n	80026f4 <HAL_I2C_Master_Transmit+0xdc>
    if (I2C_WaitOnSTOPFlagUntilTimeout(hi2c, Timeout, tickstart) != HAL_OK)
 8002764:	462a      	mov	r2, r5
 8002766:	4631      	mov	r1, r6
 8002768:	4620      	mov	r0, r4
 800276a:	f7ff fe64 	bl	8002436 <I2C_WaitOnSTOPFlagUntilTimeout>
 800276e:	bb08      	cbnz	r0, 80027b4 <HAL_I2C_Master_Transmit+0x19c>
    __HAL_I2C_CLEAR_FLAG(hi2c, I2C_FLAG_STOPF);
 8002770:	6823      	ldr	r3, [r4, #0]
 8002772:	2220      	movs	r2, #32
 8002774:	61da      	str	r2, [r3, #28]
    I2C_RESET_CR2(hi2c);
 8002776:	6821      	ldr	r1, [r4, #0]
 8002778:	684b      	ldr	r3, [r1, #4]
 800277a:	f023 73ff 	bic.w	r3, r3, #33423360	@ 0x1fe0000
 800277e:	f423 338b 	bic.w	r3, r3, #71168	@ 0x11600
 8002782:	f423 73ff 	bic.w	r3, r3, #510	@ 0x1fe
 8002786:	f023 0301 	bic.w	r3, r3, #1
 800278a:	604b      	str	r3, [r1, #4]
    hi2c->State = HAL_I2C_STATE_READY;
 800278c:	f884 2041 	strb.w	r2, [r4, #65]	@ 0x41
    hi2c->Mode  = HAL_I2C_MODE_NONE;
 8002790:	2300      	movs	r3, #0
 8002792:	f884 3042 	strb.w	r3, [r4, #66]	@ 0x42
    __HAL_UNLOCK(hi2c);
 8002796:	f884 3040 	strb.w	r3, [r4, #64]	@ 0x40
    return HAL_OK;
 800279a:	e000      	b.n	800279e <HAL_I2C_Master_Transmit+0x186>
    return HAL_BUSY;
 800279c:	2002      	movs	r0, #2
}
 800279e:	b002      	add	sp, #8
 80027a0:	e8bd 87f0 	ldmia.w	sp!, {r4, r5, r6, r7, r8, r9, sl, pc}
    __HAL_LOCK(hi2c);
 80027a4:	2002      	movs	r0, #2
 80027a6:	e7fa      	b.n	800279e <HAL_I2C_Master_Transmit+0x186>
      return HAL_ERROR;
 80027a8:	2001      	movs	r0, #1
 80027aa:	e7f8      	b.n	800279e <HAL_I2C_Master_Transmit+0x186>
        return HAL_ERROR;
 80027ac:	2001      	movs	r0, #1
 80027ae:	e7f6      	b.n	800279e <HAL_I2C_Master_Transmit+0x186>
          return HAL_ERROR;
 80027b0:	2001      	movs	r0, #1
 80027b2:	e7f4      	b.n	800279e <HAL_I2C_Master_Transmit+0x186>
      return HAL_ERROR;
 80027b4:	2001      	movs	r0, #1
 80027b6:	e7f2      	b.n	800279e <HAL_I2C_Master_Transmit+0x186>
 80027b8:	80002000 	.word	0x80002000

080027bc <HAL_I2C_Master_Receive>:
{
 80027bc:	e92d 47f0 	stmdb	sp!, {r4, r5, r6, r7, r8, r9, sl, lr}
 80027c0:	b082      	sub	sp, #8
 80027c2:	460f      	mov	r7, r1
 80027c4:	9e0a      	ldr	r6, [sp, #40]	@ 0x28
  if (hi2c->State == HAL_I2C_STATE_READY)
 80027c6:	f890 1041 	ldrb.w	r1, [r0, #65]	@ 0x41
 80027ca:	b2c9      	uxtb	r1, r1
 80027cc:	2920      	cmp	r1, #32
 80027ce:	f040 80a2 	bne.w	8002916 <HAL_I2C_Master_Receive+0x15a>
 80027d2:	4604      	mov	r4, r0
 80027d4:	4690      	mov	r8, r2
 80027d6:	4699      	mov	r9, r3
    __HAL_LOCK(hi2c);
 80027d8:	f890 3040 	ldrb.w	r3, [r0, #64]	@ 0x40
 80027dc:	2b01      	cmp	r3, #1
 80027de:	f000 809e 	beq.w	800291e <HAL_I2C_Master_Receive+0x162>
 80027e2:	f04f 0a01 	mov.w	sl, #1
 80027e6:	f880 a040 	strb.w	sl, [r0, #64]	@ 0x40
    tickstart = HAL_GetTick();
 80027ea:	f7ff fa8d 	bl	8001d08 <HAL_GetTick>
 80027ee:	4605      	mov	r5, r0
    if (I2C_WaitOnFlagUntilTimeout(hi2c, I2C_FLAG_BUSY, SET, I2C_TIMEOUT_BUSY, tickstart) != HAL_OK)
 80027f0:	9000      	str	r0, [sp, #0]
 80027f2:	2319      	movs	r3, #25
 80027f4:	4652      	mov	r2, sl
 80027f6:	f44f 4100 	mov.w	r1, #32768	@ 0x8000
 80027fa:	4620      	mov	r0, r4
 80027fc:	f7ff fde6 	bl	80023cc <I2C_WaitOnFlagUntilTimeout>
 8002800:	2800      	cmp	r0, #0
 8002802:	f040 808e 	bne.w	8002922 <HAL_I2C_Master_Receive+0x166>
    hi2c->State     = HAL_I2C_STATE_BUSY_RX;
 8002806:	2322      	movs	r3, #34	@ 0x22
 8002808:	f884 3041 	strb.w	r3, [r4, #65]	@ 0x41
    hi2c->Mode      = HAL_I2C_MODE_MASTER;
 800280c:	2310      	movs	r3, #16
 800280e:	f884 3042 	strb.w	r3, [r4, #66]	@ 0x42
    hi2c->ErrorCode = HAL_I2C_ERROR_NONE;
 8002812:	2300      	movs	r3, #0
 8002814:	6463      	str	r3, [r4, #68]	@ 0x44
    hi2c->pBuffPtr  = pData;
 8002816:	f8c4 8024 	str.w	r8, [r4, #36]	@ 0x24
    hi2c->XferCount = Size;
 800281a:	f8a4 902a 	strh.w	r9, [r4, #42]	@ 0x2a
    hi2c->XferISR   = NULL;
 800281e:	6363      	str	r3, [r4, #52]	@ 0x34
    if (hi2c->XferCount > MAX_NBYTE_SIZE)
 8002820:	8d63      	ldrh	r3, [r4, #42]	@ 0x2a
 8002822:	b29b      	uxth	r3, r3
 8002824:	2bff      	cmp	r3, #255	@ 0xff
 8002826:	d90a      	bls.n	800283e <HAL_I2C_Master_Receive+0x82>
      hi2c->XferSize = MAX_NBYTE_SIZE;
 8002828:	22ff      	movs	r2, #255	@ 0xff
 800282a:	8522      	strh	r2, [r4, #40]	@ 0x28
      I2C_TransferConfig(hi2c, DevAddress, (uint8_t)hi2c->XferSize, I2C_RELOAD_MODE,
 800282c:	4b41      	ldr	r3, [pc, #260]	@ (8002934 <HAL_I2C_Master_Receive+0x178>)
 800282e:	9300      	str	r3, [sp, #0]
 8002830:	f04f 7380 	mov.w	r3, #16777216	@ 0x1000000
 8002834:	4639      	mov	r1, r7
 8002836:	4620      	mov	r0, r4
 8002838:	f7ff fcb8 	bl	80021ac <I2C_TransferConfig>
 800283c:	e018      	b.n	8002870 <HAL_I2C_Master_Receive+0xb4>
      hi2c->XferSize = hi2c->XferCount;
 800283e:	8d62      	ldrh	r2, [r4, #42]	@ 0x2a
 8002840:	b292      	uxth	r2, r2
 8002842:	8522      	strh	r2, [r4, #40]	@ 0x28
      I2C_TransferConfig(hi2c, DevAddress, (uint8_t)hi2c->XferSize, I2C_AUTOEND_MODE,
 8002844:	4b3b      	ldr	r3, [pc, #236]	@ (8002934 <HAL_I2C_Master_Receive+0x178>)
 8002846:	9300      	str	r3, [sp, #0]
 8002848:	f04f 7300 	mov.w	r3, #33554432	@ 0x2000000
 800284c:	b2d2      	uxtb	r2, r2
 800284e:	4639      	mov	r1, r7
 8002850:	4620      	mov	r0, r4
 8002852:	f7ff fcab 	bl	80021ac <I2C_TransferConfig>
 8002856:	e00b      	b.n	8002870 <HAL_I2C_Master_Receive+0xb4>
          hi2c->XferSize = hi2c->XferCount;
 8002858:	8d62      	ldrh	r2, [r4, #42]	@ 0x2a
 800285a:	b292      	uxth	r2, r2
 800285c:	8522      	strh	r2, [r4, #40]	@ 0x28
          I2C_TransferConfig(hi2c, DevAddress, (uint8_t)hi2c->XferSize, I2C_AUTOEND_MODE,
 800285e:	2300      	movs	r3, #0
 8002860:	9300      	str	r3, [sp, #0]
 8002862:	f04f 7300 	mov.w	r3, #33554432	@ 0x2000000
 8002866:	b2d2      	uxtb	r2, r2
 8002868:	4639      	mov	r1, r7
 800286a:	4620      	mov	r0, r4
 800286c:	f7ff fc9e 	bl	80021ac <I2C_TransferConfig>
    while (hi2c->XferCount > 0U)
 8002870:	8d63      	ldrh	r3, [r4, #42]	@ 0x2a
 8002872:	b29b      	uxth	r3, r3
 8002874:	2b00      	cmp	r3, #0
 8002876:	d032      	beq.n	80028de <HAL_I2C_Master_Receive+0x122>
      if (I2C_WaitOnRXNEFlagUntilTimeout(hi2c, Timeout, tickstart) != HAL_OK)
 8002878:	462a      	mov	r2, r5
 800287a:	4631      	mov	r1, r6
 800287c:	4620      	mov	r0, r4
 800287e:	f7ff fe09 	bl	8002494 <I2C_WaitOnRXNEFlagUntilTimeout>
 8002882:	2800      	cmp	r0, #0
 8002884:	d14f      	bne.n	8002926 <HAL_I2C_Master_Receive+0x16a>
      *hi2c->pBuffPtr = (uint8_t)hi2c->Instance->RXDR;
 8002886:	6823      	ldr	r3, [r4, #0]
 8002888:	6a5a      	ldr	r2, [r3, #36]	@ 0x24
 800288a:	6a63      	ldr	r3, [r4, #36]	@ 0x24
 800288c:	701a      	strb	r2, [r3, #0]
      hi2c->pBuffPtr++;
 800288e:	6a63      	ldr	r3, [r4, #36]	@ 0x24
 8002890:	3301      	adds	r3, #1
 8002892:	6263      	str	r3, [r4, #36]	@ 0x24
      hi2c->XferSize--;
 8002894:	8d22      	ldrh	r2, [r4, #40]	@ 0x28
 8002896:	3a01      	subs	r2, #1
 8002898:	b292      	uxth	r2, r2
 800289a:	8522      	strh	r2, [r4, #40]	@ 0x28
      hi2c->XferCount--;
 800289c:	8d63      	ldrh	r3, [r4, #42]	@ 0x2a
 800289e:	b29b      	uxth	r3, r3
 80028a0:	3b01      	subs	r3, #1
 80028a2:	b29b      	uxth	r3, r3
 80028a4:	8563      	strh	r3, [r4, #42]	@ 0x2a
      if ((hi2c->XferCount != 0U) && (hi2c->XferSize == 0U))
 80028a6:	8d63      	ldrh	r3, [r4, #42]	@ 0x2a
 80028a8:	b29b      	uxth	r3, r3
 80028aa:	2b00      	cmp	r3, #0
 80028ac:	d0e0      	beq.n	8002870 <HAL_I2C_Master_Receive+0xb4>
 80028ae:	2a00      	cmp	r2, #0
 80028b0:	d1de      	bne.n	8002870 <HAL_I2C_Master_Receive+0xb4>
        if (I2C_WaitOnFlagUntilTimeout(hi2c, I2C_FLAG_TCR, RESET, Timeout, tickstart) != HAL_OK)
 80028b2:	9500      	str	r5, [sp, #0]
 80028b4:	4633      	mov	r3, r6
 80028b6:	2180      	movs	r1, #128	@ 0x80
 80028b8:	4620      	mov	r0, r4
 80028ba:	f7ff fd87 	bl	80023cc <I2C_WaitOnFlagUntilTimeout>
 80028be:	bba0      	cbnz	r0, 800292a <HAL_I2C_Master_Receive+0x16e>
        if (hi2c->XferCount > MAX_NBYTE_SIZE)
 80028c0:	8d63      	ldrh	r3, [r4, #42]	@ 0x2a
 80028c2:	b29b      	uxth	r3, r3
 80028c4:	2bff      	cmp	r3, #255	@ 0xff
 80028c6:	d9c7      	bls.n	8002858 <HAL_I2C_Master_Receive+0x9c>
          hi2c->XferSize = MAX_NBYTE_SIZE;
 80028c8:	22ff      	movs	r2, #255	@ 0xff
 80028ca:	8522      	strh	r2, [r4, #40]	@ 0x28
          I2C_TransferConfig(hi2c, DevAddress, (uint8_t)hi2c->XferSize, I2C_RELOAD_MODE,
 80028cc:	2300      	movs	r3, #0
 80028ce:	9300      	str	r3, [sp, #0]
 80028d0:	f04f 7380 	mov.w	r3, #16777216	@ 0x1000000
 80028d4:	4639      	mov	r1, r7
 80028d6:	4620      	mov	r0, r4
 80028d8:	f7ff fc68 	bl	80021ac <I2C_TransferConfig>
 80028dc:	e7c8      	b.n	8002870 <HAL_I2C_Master_Receive+0xb4>
    if (I2C_WaitOnSTOPFlagUntilTimeout(hi2c, Timeout, tickstart) != HAL_OK)
 80028de:	462a      	mov	r2, r5
 80028e0:	4631      	mov	r1, r6
 80028e2:	4620      	mov	r0, r4
 80028e4:	f7ff fda7 	bl	8002436 <I2C_WaitOnSTOPFlagUntilTimeout>
 80028e8:	bb08      	cbnz	r0, 800292e <HAL_I2C_Master_Receive+0x172>
    __HAL_I2C_CLEAR_FLAG(hi2c, I2C_FLAG_STOPF);
 80028ea:	6823      	ldr	r3, [r4, #0]
 80028ec:	2220      	movs	r2, #32
 80028ee:	61da      	str	r2, [r3, #28]
    I2C_RESET_CR2(hi2c);
 80028f0:	6821      	ldr	r1, [r4, #0]
 80028f2:	684b      	ldr	r3, [r1, #4]
 80028f4:	f023 73ff 	bic.w	r3, r3, #33423360	@ 0x1fe0000
 80028f8:	f423 338b 	bic.w	r3, r3, #71168	@ 0x11600
 80028fc:	f423 73ff 	bic.w	r3, r3, #510	@ 0x1fe
 8002900:	f023 0301 	bic.w	r3, r3, #1
 8002904:	604b      	str	r3, [r1, #4]
    hi2c->State = HAL_I2C_STATE_READY;
 8002906:	f884 2041 	strb.w	r2, [r4, #65]	@ 0x41
    hi2c->Mode  = HAL_I2C_MODE_NONE;
 800290a:	2300      	movs	r3, #0
 800290c:	f884 3042 	strb.w	r3, [r4, #66]	@ 0x42
    __HAL_UNLOCK(hi2c);
 8002910:	f884 3040 	strb.w	r3, [r4, #64]	@ 0x40
    return HAL_OK;
 8002914:	e000      	b.n	8002918 <HAL_I2C_Master_Receive+0x15c>
    return HAL_BUSY;
 8002916:	2002      	movs	r0, #2
}
 8002918:	b002      	add	sp, #8
 800291a:	e8bd 87f0 	ldmia.w	sp!, {r4, r5, r6, r7, r8, r9, sl, pc}
    __HAL_LOCK(hi2c);
 800291e:	2002      	movs	r0, #2
 8002920:	e7fa      	b.n	8002918 <HAL_I2C_Master_Receive+0x15c>
      return HAL_ERROR;
 8002922:	2001      	movs	r0, #1
 8002924:	e7f8      	b.n	8002918 <HAL_I2C_Master_Receive+0x15c>
        return HAL_ERROR;
 8002926:	2001      	movs	r0, #1
 8002928:	e7f6      	b.n	8002918 <HAL_I2C_Master_Receive+0x15c>
          return HAL_ERROR;
 800292a:	2001      	movs	r0, #1
 800292c:	e7f4      	b.n	8002918 <HAL_I2C_Master_Receive+0x15c>
      return HAL_ERROR;
 800292e:	2001      	movs	r0, #1
 8002930:	e7f2      	b.n	8002918 <HAL_I2C_Master_Receive+0x15c>
 8002932:	bf00      	nop
 8002934:	80002400 	.word	0x80002400

08002938 <HAL_I2C_EV_IRQHandler>:
{
 8002938:	b508      	push	{r3, lr}
  uint32_t itflags   = READ_REG(hi2c->Instance->ISR);
 800293a:	6803      	ldr	r3, [r0, #0]
 800293c:	6999      	ldr	r1, [r3, #24]
  uint32_t itsources = READ_REG(hi2c->Instance->CR1);
 800293e:	681a      	ldr	r2, [r3, #0]
  if (hi2c->XferISR != NULL)
 8002940:	6b43      	ldr	r3, [r0, #52]	@ 0x34
 8002942:	b103      	cbz	r3, 8002946 <HAL_I2C_EV_IRQHandler+0xe>
    hi2c->XferISR(hi2c, itflags, itsources);
 8002944:	4798      	blx	r3
}
 8002946:	bd08      	pop	{r3, pc}

08002948 <HAL_I2C_SlaveTxCpltCallback>:
}
 8002948:	4770      	bx	lr

0800294a <HAL_I2C_SlaveRxCpltCallback>:
}
 800294a:	4770      	bx	lr

0800294c <I2C_ITSlaveSeqCplt>:
{
 800294c:	b510      	push	{r4, lr}
 800294e:	4604      	mov	r4, r0
  uint32_t tmpcr1value = READ_REG(hi2c->Instance->CR1);
 8002950:	6803      	ldr	r3, [r0, #0]
 8002952:	681a      	ldr	r2, [r3, #0]
  hi2c->Mode = HAL_I2C_MODE_NONE;
 8002954:	2100      	movs	r1, #0
 8002956:	f880 1042 	strb.w	r1, [r0, #66]	@ 0x42
  if (I2C_CHECK_IT_SOURCE(tmpcr1value, I2C_CR1_TXDMAEN) != RESET)
 800295a:	f412 4f80 	tst.w	r2, #16384	@ 0x4000
 800295e:	d00e      	beq.n	800297e <I2C_ITSlaveSeqCplt+0x32>
    hi2c->Instance->CR1 &= ~I2C_CR1_TXDMAEN;
 8002960:	681a      	ldr	r2, [r3, #0]
 8002962:	f422 4280 	bic.w	r2, r2, #16384	@ 0x4000
 8002966:	601a      	str	r2, [r3, #0]
  if (hi2c->State == HAL_I2C_STATE_BUSY_TX_LISTEN)
 8002968:	f894 3041 	ldrb.w	r3, [r4, #65]	@ 0x41
 800296c:	b2db      	uxtb	r3, r3
 800296e:	2b29      	cmp	r3, #41	@ 0x29
 8002970:	d00d      	beq.n	800298e <I2C_ITSlaveSeqCplt+0x42>
  else if (hi2c->State == HAL_I2C_STATE_BUSY_RX_LISTEN)
 8002972:	f894 3041 	ldrb.w	r3, [r4, #65]	@ 0x41
 8002976:	b2db      	uxtb	r3, r3
 8002978:	2b2a      	cmp	r3, #42	@ 0x2a
 800297a:	d018      	beq.n	80029ae <I2C_ITSlaveSeqCplt+0x62>
}
 800297c:	bd10      	pop	{r4, pc}
  else if (I2C_CHECK_IT_SOURCE(tmpcr1value, I2C_CR1_RXDMAEN) != RESET)
 800297e:	f412 4f00 	tst.w	r2, #32768	@ 0x8000
 8002982:	d0f1      	beq.n	8002968 <I2C_ITSlaveSeqCplt+0x1c>
    hi2c->Instance->CR1 &= ~I2C_CR1_RXDMAEN;
 8002984:	681a      	ldr	r2, [r3, #0]
 8002986:	f422 4200 	bic.w	r2, r2, #32768	@ 0x8000
 800298a:	601a      	str	r2, [r3, #0]
 800298c:	e7ec      	b.n	8002968 <I2C_ITSlaveSeqCplt+0x1c>
    hi2c->State         = HAL_I2C_STATE_LISTEN;
 800298e:	2328      	movs	r3, #40	@ 0x28
 8002990:	f884 3041 	strb.w	r3, [r4, #65]	@ 0x41
    hi2c->PreviousState = I2C_STATE_SLAVE_BUSY_TX;
 8002994:	2321      	movs	r3, #33	@ 0x21
 8002996:	6323      	str	r3, [r4, #48]	@ 0x30
    I2C_Disable_IRQ(hi2c, I2C_XFER_TX_IT);
 8002998:	2101      	movs	r1, #1
 800299a:	4620      	mov	r0, r4
 800299c:	f7ff fc24 	bl	80021e8 <I2C_Disable_IRQ>
    __HAL_UNLOCK(hi2c);
 80029a0:	2300      	movs	r3, #0
 80029a2:	f884 3040 	strb.w	r3, [r4, #64]	@ 0x40
    HAL_I2C_SlaveTxCpltCallback(hi2c);
 80029a6:	4620      	mov	r0, r4
 80029a8:	f7ff ffce 	bl	8002948 <HAL_I2C_SlaveTxCpltCallback>
 80029ac:	e7e6      	b.n	800297c <I2C_ITSlaveSeqCplt+0x30>
    hi2c->State         = HAL_I2C_STATE_LISTEN;
 80029ae:	2328      	movs	r3, #40	@ 0x28
 80029b0:	f884 3041 	strb.w	r3, [r4, #65]	@ 0x41
    hi2c->PreviousState = I2C_STATE_SLAVE_BUSY_RX;
 80029b4:	2322      	movs	r3, #34	@ 0x22
 80029b6:	6323      	str	r3, [r4, #48]	@ 0x30
    I2C_Disable_IRQ(hi2c, I2C_XFER_RX_IT);
 80029b8:	2102      	movs	r1, #2
 80029ba:	4620      	mov	r0, r4
 80029bc:	f7ff fc14 	bl	80021e8 <I2C_Disable_IRQ>
    __HAL_UNLOCK(hi2c);
 80029c0:	2300      	movs	r3, #0
 80029c2:	f884 3040 	strb.w	r3, [r4, #64]	@ 0x40
    HAL_I2C_SlaveRxCpltCallback(hi2c);
 80029c6:	4620      	mov	r0, r4
 80029c8:	f7ff ffbf 	bl	800294a <HAL_I2C_SlaveRxCpltCallback>
}
 80029cc:	e7d6      	b.n	800297c <I2C_ITSlaveSeqCplt+0x30>

080029ce <HAL_I2C_AddrCallback>:
}
 80029ce:	4770      	bx	lr

080029d0 <I2C_ITAddrCplt>:
{
 80029d0:	b5f8      	push	{r3, r4, r5, r6, r7, lr}
 80029d2:	4604      	mov	r4, r0
  if (((uint32_t)hi2c->State & (uint32_t)HAL_I2C_STATE_LISTEN) == (uint32_t)HAL_I2C_STATE_LISTEN)
 80029d4:	f890 3041 	ldrb.w	r3, [r0, #65]	@ 0x41
 80029d8:	f003 0328 	and.w	r3, r3, #40	@ 0x28
 80029dc:	2b28      	cmp	r3, #40	@ 0x28
 80029de:	d006      	beq.n	80029ee <I2C_ITAddrCplt+0x1e>
    __HAL_I2C_CLEAR_FLAG(hi2c, I2C_FLAG_ADDR);
 80029e0:	6803      	ldr	r3, [r0, #0]
 80029e2:	2208      	movs	r2, #8
 80029e4:	61da      	str	r2, [r3, #28]
    __HAL_UNLOCK(hi2c);
 80029e6:	2300      	movs	r3, #0
 80029e8:	f880 3040 	strb.w	r3, [r0, #64]	@ 0x40
}
 80029ec:	bdf8      	pop	{r3, r4, r5, r6, r7, pc}
    transferdirection = I2C_GET_DIR(hi2c);
 80029ee:	6803      	ldr	r3, [r0, #0]
 80029f0:	699e      	ldr	r6, [r3, #24]
 80029f2:	f3c6 4600 	ubfx	r6, r6, #16, #1
    slaveaddrcode     = I2C_GET_ADDR_MATCH(hi2c);
 80029f6:	699a      	ldr	r2, [r3, #24]
 80029f8:	0c12      	lsrs	r2, r2, #16
 80029fa:	f002 05fe 	and.w	r5, r2, #254	@ 0xfe
    ownadd1code       = I2C_GET_OWN_ADDRESS1(hi2c);
 80029fe:	689a      	ldr	r2, [r3, #8]
 8002a00:	f3c2 0209 	ubfx	r2, r2, #0, #10
    ownadd2code       = I2C_GET_OWN_ADDRESS2(hi2c);
 8002a04:	68df      	ldr	r7, [r3, #12]
 8002a06:	f007 07fe 	and.w	r7, r7, #254	@ 0xfe
    if (hi2c->Init.AddressingMode == I2C_ADDRESSINGMODE_10BIT)
 8002a0a:	68c1      	ldr	r1, [r0, #12]
 8002a0c:	2902      	cmp	r1, #2
 8002a0e:	d122      	bne.n	8002a56 <I2C_ITAddrCplt+0x86>
      if ((slaveaddrcode & SLAVE_ADDR_MSK) == ((ownadd1code >> SLAVE_ADDR_SHIFT) & SLAVE_ADDR_MSK))
 8002a10:	ea85 15d2 	eor.w	r5, r5, r2, lsr #7
 8002a14:	f015 0f06 	tst.w	r5, #6
 8002a18:	d110      	bne.n	8002a3c <I2C_ITAddrCplt+0x6c>
        hi2c->AddrEventCount++;
 8002a1a:	6c81      	ldr	r1, [r0, #72]	@ 0x48
 8002a1c:	3101      	adds	r1, #1
 8002a1e:	6481      	str	r1, [r0, #72]	@ 0x48
        if (hi2c->AddrEventCount == 2U)
 8002a20:	6c81      	ldr	r1, [r0, #72]	@ 0x48
 8002a22:	2902      	cmp	r1, #2
 8002a24:	d1e2      	bne.n	80029ec <I2C_ITAddrCplt+0x1c>
          hi2c->AddrEventCount = 0U;
 8002a26:	2100      	movs	r1, #0
 8002a28:	6481      	str	r1, [r0, #72]	@ 0x48
          __HAL_I2C_CLEAR_FLAG(hi2c, I2C_FLAG_ADDR);
 8002a2a:	2008      	movs	r0, #8
 8002a2c:	61d8      	str	r0, [r3, #28]
          __HAL_UNLOCK(hi2c);
 8002a2e:	f884 1040 	strb.w	r1, [r4, #64]	@ 0x40
          HAL_I2C_AddrCallback(hi2c, transferdirection, slaveaddrcode);
 8002a32:	4631      	mov	r1, r6
 8002a34:	4620      	mov	r0, r4
 8002a36:	f7ff ffca 	bl	80029ce <HAL_I2C_AddrCallback>
 8002a3a:	e7d7      	b.n	80029ec <I2C_ITAddrCplt+0x1c>
        I2C_Disable_IRQ(hi2c, I2C_XFER_LISTEN_IT);
 8002a3c:	f44f 4100 	mov.w	r1, #32768	@ 0x8000
 8002a40:	f7ff fbd2 	bl	80021e8 <I2C_Disable_IRQ>
        __HAL_UNLOCK(hi2c);
 8002a44:	2300      	movs	r3, #0
 8002a46:	f884 3040 	strb.w	r3, [r4, #64]	@ 0x40
        HAL_I2C_AddrCallback(hi2c, transferdirection, slaveaddrcode);
 8002a4a:	463a      	mov	r2, r7
 8002a4c:	4631      	mov	r1, r6
 8002a4e:	4620      	mov	r0, r4
 8002a50:	f7ff ffbd 	bl	80029ce <HAL_I2C_AddrCallback>
 8002a54:	e7ca      	b.n	80029ec <I2C_ITAddrCplt+0x1c>
      I2C_Disable_IRQ(hi2c, I2C_XFER_LISTEN_IT);
 8002a56:	f44f 4100 	mov.w	r1, #32768	@ 0x8000
 8002a5a:	f7ff fbc5 	bl	80021e8 <I2C_Disable_IRQ>
      __HAL_UNLOCK(hi2c);
 8002a5e:	2300      	movs	r3, #0
 8002a60:	f884 3040 	strb.w	r3, [r4, #64]	@ 0x40
      HAL_I2C_AddrCallback(hi2c, transferdirection, slaveaddrcode);
 8002a64:	462a      	mov	r2, r5
 8002a66:	4631      	mov	r1, r6
 8002a68:	4620      	mov	r0, r4
 8002a6a:	f7ff ffb0 	bl	80029ce <HAL_I2C_AddrCallback>
 8002a6e:	e7bd      	b.n	80029ec <I2C_ITAddrCplt+0x1c>

08002a70 <HAL_I2C_ListenCpltCallback>:
}
 8002a70:	4770      	bx	lr
	...

08002a74 <I2C_ITListenCplt>:
{
 8002a74:	b510      	push	{r4, lr}
 8002a76:	4604      	mov	r4, r0
  hi2c->XferOptions = I2C_NO_OPTION_FRAME;
 8002a78:	4b17      	ldr	r3, [pc, #92]	@ (8002ad8 <I2C_ITListenCplt+0x64>)
 8002a7a:	62c3      	str	r3, [r0, #44]	@ 0x2c
  hi2c->PreviousState = I2C_STATE_NONE;
 8002a7c:	2300      	movs	r3, #0
 8002a7e:	6303      	str	r3, [r0, #48]	@ 0x30
  hi2c->State = HAL_I2C_STATE_READY;
 8002a80:	2220      	movs	r2, #32
 8002a82:	f880 2041 	strb.w	r2, [r0, #65]	@ 0x41
  hi2c->Mode = HAL_I2C_MODE_NONE;
 8002a86:	f880 3042 	strb.w	r3, [r0, #66]	@ 0x42
  hi2c->XferISR = NULL;
 8002a8a:	6343      	str	r3, [r0, #52]	@ 0x34
  if (I2C_CHECK_FLAG(ITFlags, I2C_FLAG_RXNE) != RESET)
 8002a8c:	f011 0f04 	tst.w	r1, #4
 8002a90:	d013      	beq.n	8002aba <I2C_ITListenCplt+0x46>
    *hi2c->pBuffPtr = (uint8_t)hi2c->Instance->RXDR;
 8002a92:	6803      	ldr	r3, [r0, #0]
 8002a94:	6a5a      	ldr	r2, [r3, #36]	@ 0x24
 8002a96:	6a43      	ldr	r3, [r0, #36]	@ 0x24
 8002a98:	701a      	strb	r2, [r3, #0]
    hi2c->pBuffPtr++;
 8002a9a:	6a43      	ldr	r3, [r0, #36]	@ 0x24
 8002a9c:	3301      	adds	r3, #1
 8002a9e:	6243      	str	r3, [r0, #36]	@ 0x24
    if ((hi2c->XferSize > 0U))
 8002aa0:	8d03      	ldrh	r3, [r0, #40]	@ 0x28
 8002aa2:	b153      	cbz	r3, 8002aba <I2C_ITListenCplt+0x46>
      hi2c->XferSize--;
 8002aa4:	3b01      	subs	r3, #1
 8002aa6:	8503      	strh	r3, [r0, #40]	@ 0x28
      hi2c->XferCount--;
 8002aa8:	8d43      	ldrh	r3, [r0, #42]	@ 0x2a
 8002aaa:	b29b      	uxth	r3, r3
 8002aac:	3b01      	subs	r3, #1
 8002aae:	b29b      	uxth	r3, r3
 8002ab0:	8543      	strh	r3, [r0, #42]	@ 0x2a
      hi2c->ErrorCode |= HAL_I2C_ERROR_AF;
 8002ab2:	6c43      	ldr	r3, [r0, #68]	@ 0x44
 8002ab4:	f043 0304 	orr.w	r3, r3, #4
 8002ab8:	6443      	str	r3, [r0, #68]	@ 0x44
  I2C_Disable_IRQ(hi2c, I2C_XFER_LISTEN_IT | I2C_XFER_RX_IT | I2C_XFER_TX_IT);
 8002aba:	f248 0103 	movw	r1, #32771	@ 0x8003
 8002abe:	4620      	mov	r0, r4
 8002ac0:	f7ff fb92 	bl	80021e8 <I2C_Disable_IRQ>
  __HAL_I2C_CLEAR_FLAG(hi2c, I2C_FLAG_AF);
 8002ac4:	6823      	ldr	r3, [r4, #0]
 8002ac6:	2210      	movs	r2, #16
 8002ac8:	61da      	str	r2, [r3, #28]
  __HAL_UNLOCK(hi2c);
 8002aca:	2300      	movs	r3, #0
 8002acc:	f884 3040 	strb.w	r3, [r4, #64]	@ 0x40
  HAL_I2C_ListenCpltCallback(hi2c);
 8002ad0:	4620      	mov	r0, r4
 8002ad2:	f7ff ffcd 	bl	8002a70 <HAL_I2C_ListenCpltCallback>
}
 8002ad6:	bd10      	pop	{r4, pc}
 8002ad8:	ffff0000 	.word	0xffff0000

08002adc <HAL_I2C_ErrorCallback>:
}
 8002adc:	4770      	bx	lr

08002ade <HAL_I2C_AbortCpltCallback>:
}
 8002ade:	4770      	bx	lr

08002ae0 <I2C_TreatErrorCallback>:
{
 8002ae0:	b508      	push	{r3, lr}
  if (hi2c->State == HAL_I2C_STATE_ABORT)
 8002ae2:	f890 3041 	ldrb.w	r3, [r0, #65]	@ 0x41
 8002ae6:	b2db      	uxtb	r3, r3
 8002ae8:	2b60      	cmp	r3, #96	@ 0x60
 8002aea:	d006      	beq.n	8002afa <I2C_TreatErrorCallback+0x1a>
    hi2c->PreviousState = I2C_STATE_NONE;
 8002aec:	2300      	movs	r3, #0
 8002aee:	6303      	str	r3, [r0, #48]	@ 0x30
    __HAL_UNLOCK(hi2c);
 8002af0:	f880 3040 	strb.w	r3, [r0, #64]	@ 0x40
    HAL_I2C_ErrorCallback(hi2c);
 8002af4:	f7ff fff2 	bl	8002adc <HAL_I2C_ErrorCallback>
}
 8002af8:	bd08      	pop	{r3, pc}
    hi2c->State = HAL_I2C_STATE_READY;
 8002afa:	2320      	movs	r3, #32
 8002afc:	f880 3041 	strb.w	r3, [r0, #65]	@ 0x41
    hi2c->PreviousState = I2C_STATE_NONE;
 8002b00:	2300      	movs	r3, #0
 8002b02:	6303      	str	r3, [r0, #48]	@ 0x30
    __HAL_UNLOCK(hi2c);
 8002b04:	f880 3040 	strb.w	r3, [r0, #64]	@ 0x40
    HAL_I2C_AbortCpltCallback(hi2c);
 8002b08:	f7ff ffe9 	bl	8002ade <HAL_I2C_AbortCpltCallback>
 8002b0c:	e7f4      	b.n	8002af8 <I2C_TreatErrorCallback+0x18>
	...

08002b10 <I2C_ITError>:
{
 8002b10:	b510      	push	{r4, lr}
 8002b12:	4604      	mov	r4, r0
  HAL_I2C_StateTypeDef tmpstate = hi2c->State;
 8002b14:	f890 3041 	ldrb.w	r3, [r0, #65]	@ 0x41
  hi2c->Mode          = HAL_I2C_MODE_NONE;
 8002b18:	2200      	movs	r2, #0
 8002b1a:	f880 2042 	strb.w	r2, [r0, #66]	@ 0x42
  hi2c->XferOptions   = I2C_NO_OPTION_FRAME;
 8002b1e:	4845      	ldr	r0, [pc, #276]	@ (8002c34 <I2C_ITError+0x124>)
 8002b20:	62e0      	str	r0, [r4, #44]	@ 0x2c
  hi2c->XferCount     = 0U;
 8002b22:	8562      	strh	r2, [r4, #42]	@ 0x2a
  hi2c->ErrorCode |= ErrorCode;
 8002b24:	6c62      	ldr	r2, [r4, #68]	@ 0x44
 8002b26:	430a      	orrs	r2, r1
 8002b28:	6462      	str	r2, [r4, #68]	@ 0x44
      (tmpstate == HAL_I2C_STATE_BUSY_TX_LISTEN) ||
 8002b2a:	3b28      	subs	r3, #40	@ 0x28
 8002b2c:	b2db      	uxtb	r3, r3
  if ((tmpstate == HAL_I2C_STATE_LISTEN)         ||
 8002b2e:	2b02      	cmp	r3, #2
 8002b30:	d819      	bhi.n	8002b66 <I2C_ITError+0x56>
    I2C_Disable_IRQ(hi2c, I2C_XFER_RX_IT | I2C_XFER_TX_IT);
 8002b32:	2103      	movs	r1, #3
 8002b34:	4620      	mov	r0, r4
 8002b36:	f7ff fb57 	bl	80021e8 <I2C_Disable_IRQ>
    hi2c->State         = HAL_I2C_STATE_LISTEN;
 8002b3a:	2328      	movs	r3, #40	@ 0x28
 8002b3c:	f884 3041 	strb.w	r3, [r4, #65]	@ 0x41
    hi2c->XferISR       = I2C_Slave_ISR_IT;
 8002b40:	4b3d      	ldr	r3, [pc, #244]	@ (8002c38 <I2C_ITError+0x128>)
 8002b42:	6363      	str	r3, [r4, #52]	@ 0x34
  tmppreviousstate = hi2c->PreviousState;
 8002b44:	6b23      	ldr	r3, [r4, #48]	@ 0x30
  if ((hi2c->hdmatx != NULL) && ((tmppreviousstate == I2C_STATE_MASTER_BUSY_TX) || \
 8002b46:	6ba2      	ldr	r2, [r4, #56]	@ 0x38
 8002b48:	b11a      	cbz	r2, 8002b52 <I2C_ITError+0x42>
 8002b4a:	2b11      	cmp	r3, #17
 8002b4c:	d030      	beq.n	8002bb0 <I2C_ITError+0xa0>
 8002b4e:	2b21      	cmp	r3, #33	@ 0x21
 8002b50:	d02e      	beq.n	8002bb0 <I2C_ITError+0xa0>
  else if ((hi2c->hdmarx != NULL) && ((tmppreviousstate == I2C_STATE_MASTER_BUSY_RX) || \
 8002b52:	6be2      	ldr	r2, [r4, #60]	@ 0x3c
 8002b54:	b11a      	cbz	r2, 8002b5e <I2C_ITError+0x4e>
 8002b56:	2b12      	cmp	r3, #18
 8002b58:	d04b      	beq.n	8002bf2 <I2C_ITError+0xe2>
 8002b5a:	2b22      	cmp	r3, #34	@ 0x22
 8002b5c:	d049      	beq.n	8002bf2 <I2C_ITError+0xe2>
    I2C_TreatErrorCallback(hi2c);
 8002b5e:	4620      	mov	r0, r4
 8002b60:	f7ff ffbe 	bl	8002ae0 <I2C_TreatErrorCallback>
}
 8002b64:	bd10      	pop	{r4, pc}
    I2C_Disable_IRQ(hi2c, I2C_XFER_LISTEN_IT | I2C_XFER_RX_IT | I2C_XFER_TX_IT);
 8002b66:	f248 0103 	movw	r1, #32771	@ 0x8003
 8002b6a:	4620      	mov	r0, r4
 8002b6c:	f7ff fb3c 	bl	80021e8 <I2C_Disable_IRQ>
    I2C_Flush_TXDR(hi2c);
 8002b70:	4620      	mov	r0, r4
 8002b72:	f7ff fb0a 	bl	800218a <I2C_Flush_TXDR>
    if (hi2c->State != HAL_I2C_STATE_ABORT)
 8002b76:	f894 3041 	ldrb.w	r3, [r4, #65]	@ 0x41
 8002b7a:	b2db      	uxtb	r3, r3
 8002b7c:	2b60      	cmp	r3, #96	@ 0x60
 8002b7e:	d014      	beq.n	8002baa <I2C_ITError+0x9a>
      hi2c->State         = HAL_I2C_STATE_READY;
 8002b80:	2320      	movs	r3, #32
 8002b82:	f884 3041 	strb.w	r3, [r4, #65]	@ 0x41
      if (__HAL_I2C_GET_FLAG(hi2c, I2C_FLAG_STOPF) == SET)
 8002b86:	6823      	ldr	r3, [r4, #0]
 8002b88:	699a      	ldr	r2, [r3, #24]
 8002b8a:	f012 0f20 	tst.w	r2, #32
 8002b8e:	d00c      	beq.n	8002baa <I2C_ITError+0x9a>
        if (__HAL_I2C_GET_FLAG(hi2c, I2C_FLAG_AF) == SET)
 8002b90:	699a      	ldr	r2, [r3, #24]
 8002b92:	f012 0f10 	tst.w	r2, #16
 8002b96:	d005      	beq.n	8002ba4 <I2C_ITError+0x94>
          __HAL_I2C_CLEAR_FLAG(hi2c, I2C_FLAG_AF);
 8002b98:	2210      	movs	r2, #16
 8002b9a:	61da      	str	r2, [r3, #28]
          hi2c->ErrorCode |= HAL_I2C_ERROR_AF;
 8002b9c:	6c63      	ldr	r3, [r4, #68]	@ 0x44
 8002b9e:	f043 0304 	orr.w	r3, r3, #4
 8002ba2:	6463      	str	r3, [r4, #68]	@ 0x44
        __HAL_I2C_CLEAR_FLAG(hi2c, I2C_FLAG_STOPF);
 8002ba4:	6823      	ldr	r3, [r4, #0]
 8002ba6:	2220      	movs	r2, #32
 8002ba8:	61da      	str	r2, [r3, #28]
    hi2c->XferISR       = NULL;
 8002baa:	2300      	movs	r3, #0
 8002bac:	6363      	str	r3, [r4, #52]	@ 0x34
 8002bae:	e7c9      	b.n	8002b44 <I2C_ITError+0x34>
    if ((hi2c->Instance->CR1 & I2C_CR1_TXDMAEN) == I2C_CR1_TXDMAEN)
 8002bb0:	6823      	ldr	r3, [r4, #0]
 8002bb2:	681a      	ldr	r2, [r3, #0]
 8002bb4:	f412 4f80 	tst.w	r2, #16384	@ 0x4000
 8002bb8:	d003      	beq.n	8002bc2 <I2C_ITError+0xb2>
      hi2c->Instance->CR1 &= ~I2C_CR1_TXDMAEN;
 8002bba:	681a      	ldr	r2, [r3, #0]
 8002bbc:	f422 4280 	bic.w	r2, r2, #16384	@ 0x4000
 8002bc0:	601a      	str	r2, [r3, #0]
    if (HAL_DMA_GetState(hi2c->hdmatx) != HAL_DMA_STATE_READY)
 8002bc2:	6ba0      	ldr	r0, [r4, #56]	@ 0x38
 8002bc4:	f7ff f9f4 	bl	8001fb0 <HAL_DMA_GetState>
 8002bc8:	2801      	cmp	r0, #1
 8002bca:	d00e      	beq.n	8002bea <I2C_ITError+0xda>
      hi2c->hdmatx->XferAbortCallback = I2C_DMAAbort;
 8002bcc:	6ba3      	ldr	r3, [r4, #56]	@ 0x38
 8002bce:	4a1b      	ldr	r2, [pc, #108]	@ (8002c3c <I2C_ITError+0x12c>)
 8002bd0:	639a      	str	r2, [r3, #56]	@ 0x38
      __HAL_UNLOCK(hi2c);
 8002bd2:	2300      	movs	r3, #0
 8002bd4:	f884 3040 	strb.w	r3, [r4, #64]	@ 0x40
      if (HAL_DMA_Abort_IT(hi2c->hdmatx) != HAL_OK)
 8002bd8:	6ba0      	ldr	r0, [r4, #56]	@ 0x38
 8002bda:	f7ff f9c1 	bl	8001f60 <HAL_DMA_Abort_IT>
 8002bde:	2800      	cmp	r0, #0
 8002be0:	d0c0      	beq.n	8002b64 <I2C_ITError+0x54>
        hi2c->hdmatx->XferAbortCallback(hi2c->hdmatx);
 8002be2:	6ba0      	ldr	r0, [r4, #56]	@ 0x38
 8002be4:	6b83      	ldr	r3, [r0, #56]	@ 0x38
 8002be6:	4798      	blx	r3
 8002be8:	e7bc      	b.n	8002b64 <I2C_ITError+0x54>
      I2C_TreatErrorCallback(hi2c);
 8002bea:	4620      	mov	r0, r4
 8002bec:	f7ff ff78 	bl	8002ae0 <I2C_TreatErrorCallback>
 8002bf0:	e7b8      	b.n	8002b64 <I2C_ITError+0x54>
    if ((hi2c->Instance->CR1 & I2C_CR1_RXDMAEN) == I2C_CR1_RXDMAEN)
 8002bf2:	6823      	ldr	r3, [r4, #0]
 8002bf4:	681a      	ldr	r2, [r3, #0]
 8002bf6:	f412 4f00 	tst.w	r2, #32768	@ 0x8000
 8002bfa:	d003      	beq.n	8002c04 <I2C_ITError+0xf4>
      hi2c->Instance->CR1 &= ~I2C_CR1_RXDMAEN;
 8002bfc:	681a      	ldr	r2, [r3, #0]
 8002bfe:	f422 4200 	bic.w	r2, r2, #32768	@ 0x8000
 8002c02:	601a      	str	r2, [r3, #0]
    if (HAL_DMA_GetState(hi2c->hdmarx) != HAL_DMA_STATE_READY)
 8002c04:	6be0      	ldr	r0, [r4, #60]	@ 0x3c
 8002c06:	f7ff f9d3 	bl	8001fb0 <HAL_DMA_GetState>
 8002c0a:	2801      	cmp	r0, #1
 8002c0c:	d00e      	beq.n	8002c2c <I2C_ITError+0x11c>
      hi2c->hdmarx->XferAbortCallback = I2C_DMAAbort;
 8002c0e:	6be3      	ldr	r3, [r4, #60]	@ 0x3c
 8002c10:	4a0a      	ldr	r2, [pc, #40]	@ (8002c3c <I2C_ITError+0x12c>)
 8002c12:	639a      	str	r2, [r3, #56]	@ 0x38
      __HAL_UNLOCK(hi2c);
 8002c14:	2300      	movs	r3, #0
 8002c16:	f884 3040 	strb.w	r3, [r4, #64]	@ 0x40
      if (HAL_DMA_Abort_IT(hi2c->hdmarx) != HAL_OK)
 8002c1a:	6be0      	ldr	r0, [r4, #60]	@ 0x3c
 8002c1c:	f7ff f9a0 	bl	8001f60 <HAL_DMA_Abort_IT>
 8002c20:	2800      	cmp	r0, #0
 8002c22:	d09f      	beq.n	8002b64 <I2C_ITError+0x54>
        hi2c->hdmarx->XferAbortCallback(hi2c->hdmarx);
 8002c24:	6be0      	ldr	r0, [r4, #60]	@ 0x3c
 8002c26:	6b83      	ldr	r3, [r0, #56]	@ 0x38
 8002c28:	4798      	blx	r3
 8002c2a:	e79b      	b.n	8002b64 <I2C_ITError+0x54>
      I2C_TreatErrorCallback(hi2c);
 8002c2c:	4620      	mov	r0, r4
 8002c2e:	f7ff ff57 	bl	8002ae0 <I2C_TreatErrorCallback>
 8002c32:	e797      	b.n	8002b64 <I2C_ITError+0x54>
 8002c34:	ffff0000 	.word	0xffff0000
 8002c38:	08002db5 	.word	0x08002db5
 8002c3c:	08002f6d 	.word	0x08002f6d

08002c40 <I2C_ITSlaveCplt>:
{
 8002c40:	b570      	push	{r4, r5, r6, lr}
 8002c42:	4604      	mov	r4, r0
 8002c44:	460d      	mov	r5, r1
  uint32_t tmpcr1value = READ_REG(hi2c->Instance->CR1);
 8002c46:	6802      	ldr	r2, [r0, #0]
 8002c48:	6816      	ldr	r6, [r2, #0]
  HAL_I2C_StateTypeDef tmpstate = hi2c->State;
 8002c4a:	f890 3041 	ldrb.w	r3, [r0, #65]	@ 0x41
  __HAL_I2C_CLEAR_FLAG(hi2c, I2C_FLAG_STOPF);
 8002c4e:	2120      	movs	r1, #32
 8002c50:	61d1      	str	r1, [r2, #28]
  if ((tmpstate == HAL_I2C_STATE_BUSY_TX) || (tmpstate == HAL_I2C_STATE_BUSY_TX_LISTEN))
 8002c52:	3b21      	subs	r3, #33	@ 0x21
 8002c54:	2b09      	cmp	r3, #9
 8002c56:	d80c      	bhi.n	8002c72 <I2C_ITSlaveCplt+0x32>
 8002c58:	e8df f003 	tbb	[pc, r3]
 8002c5c:	0b0b6305 	.word	0x0b0b6305
 8002c60:	6a0b0b0b 	.word	0x6a0b0b0b
 8002c64:	6305      	.short	0x6305
    I2C_Disable_IRQ(hi2c, I2C_XFER_LISTEN_IT | I2C_XFER_TX_IT);
 8002c66:	f248 0101 	movw	r1, #32769	@ 0x8001
 8002c6a:	f7ff fabd 	bl	80021e8 <I2C_Disable_IRQ>
    hi2c->PreviousState = I2C_STATE_SLAVE_BUSY_TX;
 8002c6e:	2321      	movs	r3, #33	@ 0x21
 8002c70:	6323      	str	r3, [r4, #48]	@ 0x30
  hi2c->Instance->CR2 |= I2C_CR2_NACK;
 8002c72:	6822      	ldr	r2, [r4, #0]
 8002c74:	6853      	ldr	r3, [r2, #4]
 8002c76:	f443 4300 	orr.w	r3, r3, #32768	@ 0x8000
 8002c7a:	6053      	str	r3, [r2, #4]
  I2C_RESET_CR2(hi2c);
 8002c7c:	6822      	ldr	r2, [r4, #0]
 8002c7e:	6853      	ldr	r3, [r2, #4]
 8002c80:	f023 73ff 	bic.w	r3, r3, #33423360	@ 0x1fe0000
 8002c84:	f423 338b 	bic.w	r3, r3, #71168	@ 0x11600
 8002c88:	f423 73ff 	bic.w	r3, r3, #510	@ 0x1fe
 8002c8c:	f023 0301 	bic.w	r3, r3, #1
 8002c90:	6053      	str	r3, [r2, #4]
  I2C_Flush_TXDR(hi2c);
 8002c92:	4620      	mov	r0, r4
 8002c94:	f7ff fa79 	bl	800218a <I2C_Flush_TXDR>
  if (I2C_CHECK_IT_SOURCE(tmpcr1value, I2C_CR1_TXDMAEN) != RESET)
 8002c98:	f416 4f80 	tst.w	r6, #16384	@ 0x4000
 8002c9c:	d04f      	beq.n	8002d3e <I2C_ITSlaveCplt+0xfe>
    hi2c->Instance->CR1 &= ~I2C_CR1_TXDMAEN;
 8002c9e:	6822      	ldr	r2, [r4, #0]
 8002ca0:	6813      	ldr	r3, [r2, #0]
 8002ca2:	f423 4380 	bic.w	r3, r3, #16384	@ 0x4000
 8002ca6:	6013      	str	r3, [r2, #0]
    if (hi2c->hdmatx != NULL)
 8002ca8:	6ba3      	ldr	r3, [r4, #56]	@ 0x38
 8002caa:	b11b      	cbz	r3, 8002cb4 <I2C_ITSlaveCplt+0x74>
      hi2c->XferCount = (uint16_t)I2C_GET_DMA_REMAIN_DATA(hi2c->hdmatx);
 8002cac:	681b      	ldr	r3, [r3, #0]
 8002cae:	685b      	ldr	r3, [r3, #4]
 8002cb0:	b29b      	uxth	r3, r3
 8002cb2:	8563      	strh	r3, [r4, #42]	@ 0x2a
  if (I2C_CHECK_FLAG(tmpITFlags, I2C_FLAG_RXNE) != RESET)
 8002cb4:	f015 0f04 	tst.w	r5, #4
 8002cb8:	d011      	beq.n	8002cde <I2C_ITSlaveCplt+0x9e>
    tmpITFlags &= ~I2C_FLAG_RXNE;
 8002cba:	f025 0504 	bic.w	r5, r5, #4
    *hi2c->pBuffPtr = (uint8_t)hi2c->Instance->RXDR;
 8002cbe:	6823      	ldr	r3, [r4, #0]
 8002cc0:	6a5a      	ldr	r2, [r3, #36]	@ 0x24
 8002cc2:	6a63      	ldr	r3, [r4, #36]	@ 0x24
 8002cc4:	701a      	strb	r2, [r3, #0]
    hi2c->pBuffPtr++;
 8002cc6:	6a63      	ldr	r3, [r4, #36]	@ 0x24
 8002cc8:	3301      	adds	r3, #1
 8002cca:	6263      	str	r3, [r4, #36]	@ 0x24
    if ((hi2c->XferSize > 0U))
 8002ccc:	8d23      	ldrh	r3, [r4, #40]	@ 0x28
 8002cce:	b133      	cbz	r3, 8002cde <I2C_ITSlaveCplt+0x9e>
      hi2c->XferSize--;
 8002cd0:	3b01      	subs	r3, #1
 8002cd2:	8523      	strh	r3, [r4, #40]	@ 0x28
      hi2c->XferCount--;
 8002cd4:	8d63      	ldrh	r3, [r4, #42]	@ 0x2a
 8002cd6:	b29b      	uxth	r3, r3
 8002cd8:	3b01      	subs	r3, #1
 8002cda:	b29b      	uxth	r3, r3
 8002cdc:	8563      	strh	r3, [r4, #42]	@ 0x2a
  if (hi2c->XferCount != 0U)
 8002cde:	8d63      	ldrh	r3, [r4, #42]	@ 0x2a
 8002ce0:	b29b      	uxth	r3, r3
 8002ce2:	b11b      	cbz	r3, 8002cec <I2C_ITSlaveCplt+0xac>
    hi2c->ErrorCode |= HAL_I2C_ERROR_AF;
 8002ce4:	6c63      	ldr	r3, [r4, #68]	@ 0x44
 8002ce6:	f043 0304 	orr.w	r3, r3, #4
 8002cea:	6463      	str	r3, [r4, #68]	@ 0x44
  hi2c->Mode = HAL_I2C_MODE_NONE;
 8002cec:	2300      	movs	r3, #0
 8002cee:	f884 3042 	strb.w	r3, [r4, #66]	@ 0x42
  hi2c->XferISR = NULL;
 8002cf2:	6363      	str	r3, [r4, #52]	@ 0x34
  if (hi2c->ErrorCode != HAL_I2C_ERROR_NONE)
 8002cf4:	6c63      	ldr	r3, [r4, #68]	@ 0x44
 8002cf6:	2b00      	cmp	r3, #0
 8002cf8:	d131      	bne.n	8002d5e <I2C_ITSlaveCplt+0x11e>
  else if (hi2c->XferOptions != I2C_NO_OPTION_FRAME)
 8002cfa:	6ae3      	ldr	r3, [r4, #44]	@ 0x2c
 8002cfc:	f513 3f80 	cmn.w	r3, #65536	@ 0x10000
 8002d00:	d13b      	bne.n	8002d7a <I2C_ITSlaveCplt+0x13a>
  else if (hi2c->State == HAL_I2C_STATE_BUSY_RX)
 8002d02:	f894 3041 	ldrb.w	r3, [r4, #65]	@ 0x41
 8002d06:	b2db      	uxtb	r3, r3
 8002d08:	2b22      	cmp	r3, #34	@ 0x22
 8002d0a:	d046      	beq.n	8002d9a <I2C_ITSlaveCplt+0x15a>
    hi2c->State = HAL_I2C_STATE_READY;
 8002d0c:	2320      	movs	r3, #32
 8002d0e:	f884 3041 	strb.w	r3, [r4, #65]	@ 0x41
    hi2c->PreviousState = I2C_STATE_NONE;
 8002d12:	2300      	movs	r3, #0
 8002d14:	6323      	str	r3, [r4, #48]	@ 0x30
    __HAL_UNLOCK(hi2c);
 8002d16:	f884 3040 	strb.w	r3, [r4, #64]	@ 0x40
    HAL_I2C_SlaveTxCpltCallback(hi2c);
 8002d1a:	4620      	mov	r0, r4
 8002d1c:	f7ff fe14 	bl	8002948 <HAL_I2C_SlaveTxCpltCallback>
}
 8002d20:	e03a      	b.n	8002d98 <I2C_ITSlaveCplt+0x158>
    I2C_Disable_IRQ(hi2c, I2C_XFER_LISTEN_IT | I2C_XFER_RX_IT);
 8002d22:	f248 0102 	movw	r1, #32770	@ 0x8002
 8002d26:	f7ff fa5f 	bl	80021e8 <I2C_Disable_IRQ>
    hi2c->PreviousState = I2C_STATE_SLAVE_BUSY_RX;
 8002d2a:	2322      	movs	r3, #34	@ 0x22
 8002d2c:	6323      	str	r3, [r4, #48]	@ 0x30
 8002d2e:	e7a0      	b.n	8002c72 <I2C_ITSlaveCplt+0x32>
    I2C_Disable_IRQ(hi2c, I2C_XFER_LISTEN_IT | I2C_XFER_TX_IT | I2C_XFER_RX_IT);
 8002d30:	f248 0103 	movw	r1, #32771	@ 0x8003
 8002d34:	f7ff fa58 	bl	80021e8 <I2C_Disable_IRQ>
    hi2c->PreviousState = I2C_STATE_NONE;
 8002d38:	2300      	movs	r3, #0
 8002d3a:	6323      	str	r3, [r4, #48]	@ 0x30
 8002d3c:	e799      	b.n	8002c72 <I2C_ITSlaveCplt+0x32>
  else if (I2C_CHECK_IT_SOURCE(tmpcr1value, I2C_CR1_RXDMAEN) != RESET)
 8002d3e:	f416 4f00 	tst.w	r6, #32768	@ 0x8000
 8002d42:	d0b7      	beq.n	8002cb4 <I2C_ITSlaveCplt+0x74>
    hi2c->Instance->CR1 &= ~I2C_CR1_RXDMAEN;
 8002d44:	6822      	ldr	r2, [r4, #0]
 8002d46:	6813      	ldr	r3, [r2, #0]
 8002d48:	f423 4300 	bic.w	r3, r3, #32768	@ 0x8000
 8002d4c:	6013      	str	r3, [r2, #0]
    if (hi2c->hdmarx != NULL)
 8002d4e:	6be3      	ldr	r3, [r4, #60]	@ 0x3c
 8002d50:	2b00      	cmp	r3, #0
 8002d52:	d0af      	beq.n	8002cb4 <I2C_ITSlaveCplt+0x74>
      hi2c->XferCount = (uint16_t)I2C_GET_DMA_REMAIN_DATA(hi2c->hdmarx);
 8002d54:	681b      	ldr	r3, [r3, #0]
 8002d56:	685b      	ldr	r3, [r3, #4]
 8002d58:	b29b      	uxth	r3, r3
 8002d5a:	8563      	strh	r3, [r4, #42]	@ 0x2a
 8002d5c:	e7aa      	b.n	8002cb4 <I2C_ITSlaveCplt+0x74>
    I2C_ITError(hi2c, hi2c->ErrorCode);
 8002d5e:	6c61      	ldr	r1, [r4, #68]	@ 0x44
 8002d60:	4620      	mov	r0, r4
 8002d62:	f7ff fed5 	bl	8002b10 <I2C_ITError>
    if (hi2c->State == HAL_I2C_STATE_LISTEN)
 8002d66:	f894 3041 	ldrb.w	r3, [r4, #65]	@ 0x41
 8002d6a:	b2db      	uxtb	r3, r3
 8002d6c:	2b28      	cmp	r3, #40	@ 0x28
 8002d6e:	d113      	bne.n	8002d98 <I2C_ITSlaveCplt+0x158>
      I2C_ITListenCplt(hi2c, tmpITFlags);
 8002d70:	4629      	mov	r1, r5
 8002d72:	4620      	mov	r0, r4
 8002d74:	f7ff fe7e 	bl	8002a74 <I2C_ITListenCplt>
 8002d78:	e00e      	b.n	8002d98 <I2C_ITSlaveCplt+0x158>
    I2C_ITSlaveSeqCplt(hi2c);
 8002d7a:	4620      	mov	r0, r4
 8002d7c:	f7ff fde6 	bl	800294c <I2C_ITSlaveSeqCplt>
    hi2c->XferOptions = I2C_NO_OPTION_FRAME;
 8002d80:	4b0b      	ldr	r3, [pc, #44]	@ (8002db0 <I2C_ITSlaveCplt+0x170>)
 8002d82:	62e3      	str	r3, [r4, #44]	@ 0x2c
    hi2c->State = HAL_I2C_STATE_READY;
 8002d84:	2320      	movs	r3, #32
 8002d86:	f884 3041 	strb.w	r3, [r4, #65]	@ 0x41
    hi2c->PreviousState = I2C_STATE_NONE;
 8002d8a:	2300      	movs	r3, #0
 8002d8c:	6323      	str	r3, [r4, #48]	@ 0x30
    __HAL_UNLOCK(hi2c);
 8002d8e:	f884 3040 	strb.w	r3, [r4, #64]	@ 0x40
    HAL_I2C_ListenCpltCallback(hi2c);
 8002d92:	4620      	mov	r0, r4
 8002d94:	f7ff fe6c 	bl	8002a70 <HAL_I2C_ListenCpltCallback>
}
 8002d98:	bd70      	pop	{r4, r5, r6, pc}
    hi2c->State = HAL_I2C_STATE_READY;
 8002d9a:	2320      	movs	r3, #32
 8002d9c:	f884 3041 	strb.w	r3, [r4, #65]	@ 0x41
    hi2c->PreviousState = I2C_STATE_NONE;
 8002da0:	2300      	movs	r3, #0
 8002da2:	6323      	str	r3, [r4, #48]	@ 0x30
    __HAL_UNLOCK(hi2c);
 8002da4:	f884 3040 	strb.w	r3, [r4, #64]	@ 0x40
    HAL_I2C_SlaveRxCpltCallback(hi2c);
 8002da8:	4620      	mov	r0, r4
 8002daa:	f7ff fdce 	bl	800294a <HAL_I2C_SlaveRxCpltCallback>
 8002dae:	e7f3      	b.n	8002d98 <I2C_ITSlaveCplt+0x158>
 8002db0:	ffff0000 	.word	0xffff0000

08002db4 <I2C_Slave_ISR_IT>:
{
 8002db4:	b5f8      	push	{r3, r4, r5, r6, r7, lr}
  uint32_t tmpoptions = hi2c->XferOptions;
 8002db6:	6ac7      	ldr	r7, [r0, #44]	@ 0x2c
  __HAL_LOCK(hi2c);
 8002db8:	f890 3040 	ldrb.w	r3, [r0, #64]	@ 0x40
 8002dbc:	2b01      	cmp	r3, #1
 8002dbe:	f000 809e 	beq.w	8002efe <I2C_Slave_ISR_IT+0x14a>
 8002dc2:	4604      	mov	r4, r0
 8002dc4:	460d      	mov	r5, r1
 8002dc6:	4616      	mov	r6, r2
 8002dc8:	2301      	movs	r3, #1
 8002dca:	f880 3040 	strb.w	r3, [r0, #64]	@ 0x40
  if ((I2C_CHECK_FLAG(tmpITFlags, I2C_FLAG_STOPF) != RESET) && \
 8002dce:	f011 0f20 	tst.w	r1, #32
 8002dd2:	d002      	beq.n	8002dda <I2C_Slave_ISR_IT+0x26>
 8002dd4:	f012 0f20 	tst.w	r2, #32
 8002dd8:	d119      	bne.n	8002e0e <I2C_Slave_ISR_IT+0x5a>
  if ((I2C_CHECK_FLAG(tmpITFlags, I2C_FLAG_AF) != RESET) && \
 8002dda:	f015 0f10 	tst.w	r5, #16
 8002dde:	d03e      	beq.n	8002e5e <I2C_Slave_ISR_IT+0xaa>
 8002de0:	f016 0f10 	tst.w	r6, #16
 8002de4:	d03b      	beq.n	8002e5e <I2C_Slave_ISR_IT+0xaa>
    if (hi2c->XferCount == 0U)
 8002de6:	8d63      	ldrh	r3, [r4, #42]	@ 0x2a
 8002de8:	b29b      	uxth	r3, r3
 8002dea:	bb43      	cbnz	r3, 8002e3e <I2C_Slave_ISR_IT+0x8a>
      if ((hi2c->State == HAL_I2C_STATE_LISTEN) && (tmpoptions == I2C_FIRST_AND_LAST_FRAME))
 8002dec:	f894 3041 	ldrb.w	r3, [r4, #65]	@ 0x41
 8002df0:	b2db      	uxtb	r3, r3
 8002df2:	2b28      	cmp	r3, #40	@ 0x28
 8002df4:	d00e      	beq.n	8002e14 <I2C_Slave_ISR_IT+0x60>
      else if ((hi2c->State == HAL_I2C_STATE_BUSY_TX_LISTEN) && (tmpoptions != I2C_NO_OPTION_FRAME))
 8002df6:	f894 3041 	ldrb.w	r3, [r4, #65]	@ 0x41
 8002dfa:	b2db      	uxtb	r3, r3
 8002dfc:	2b29      	cmp	r3, #41	@ 0x29
 8002dfe:	d011      	beq.n	8002e24 <I2C_Slave_ISR_IT+0x70>
        __HAL_I2C_CLEAR_FLAG(hi2c, I2C_FLAG_AF);
 8002e00:	6823      	ldr	r3, [r4, #0]
 8002e02:	2210      	movs	r2, #16
 8002e04:	61da      	str	r2, [r3, #28]
  __HAL_UNLOCK(hi2c);
 8002e06:	2000      	movs	r0, #0
 8002e08:	f884 0040 	strb.w	r0, [r4, #64]	@ 0x40
}
 8002e0c:	bdf8      	pop	{r3, r4, r5, r6, r7, pc}
    I2C_ITSlaveCplt(hi2c, tmpITFlags);
 8002e0e:	f7ff ff17 	bl	8002c40 <I2C_ITSlaveCplt>
 8002e12:	e7e2      	b.n	8002dda <I2C_Slave_ISR_IT+0x26>
      if ((hi2c->State == HAL_I2C_STATE_LISTEN) && (tmpoptions == I2C_FIRST_AND_LAST_FRAME))
 8002e14:	f1b7 7f00 	cmp.w	r7, #33554432	@ 0x2000000
 8002e18:	d1ed      	bne.n	8002df6 <I2C_Slave_ISR_IT+0x42>
        I2C_ITListenCplt(hi2c, tmpITFlags);
 8002e1a:	4629      	mov	r1, r5
 8002e1c:	4620      	mov	r0, r4
 8002e1e:	f7ff fe29 	bl	8002a74 <I2C_ITListenCplt>
 8002e22:	e7f0      	b.n	8002e06 <I2C_Slave_ISR_IT+0x52>
      else if ((hi2c->State == HAL_I2C_STATE_BUSY_TX_LISTEN) && (tmpoptions != I2C_NO_OPTION_FRAME))
 8002e24:	f517 3f80 	cmn.w	r7, #65536	@ 0x10000
 8002e28:	d0ea      	beq.n	8002e00 <I2C_Slave_ISR_IT+0x4c>
        __HAL_I2C_CLEAR_FLAG(hi2c, I2C_FLAG_AF);
 8002e2a:	6823      	ldr	r3, [r4, #0]
 8002e2c:	2210      	movs	r2, #16
 8002e2e:	61da      	str	r2, [r3, #28]
        I2C_Flush_TXDR(hi2c);
 8002e30:	4620      	mov	r0, r4
 8002e32:	f7ff f9aa 	bl	800218a <I2C_Flush_TXDR>
        I2C_ITSlaveSeqCplt(hi2c);
 8002e36:	4620      	mov	r0, r4
 8002e38:	f7ff fd88 	bl	800294c <I2C_ITSlaveSeqCplt>
 8002e3c:	e7e3      	b.n	8002e06 <I2C_Slave_ISR_IT+0x52>
      __HAL_I2C_CLEAR_FLAG(hi2c, I2C_FLAG_AF);
 8002e3e:	6823      	ldr	r3, [r4, #0]
 8002e40:	2210      	movs	r2, #16
 8002e42:	61da      	str	r2, [r3, #28]
      hi2c->ErrorCode |= HAL_I2C_ERROR_AF;
 8002e44:	6c63      	ldr	r3, [r4, #68]	@ 0x44
 8002e46:	f043 0304 	orr.w	r3, r3, #4
 8002e4a:	6463      	str	r3, [r4, #68]	@ 0x44
      if ((tmpoptions == I2C_FIRST_FRAME) || (tmpoptions == I2C_NEXT_FRAME))
 8002e4c:	b117      	cbz	r7, 8002e54 <I2C_Slave_ISR_IT+0xa0>
 8002e4e:	f1b7 7f80 	cmp.w	r7, #16777216	@ 0x1000000
 8002e52:	d1d8      	bne.n	8002e06 <I2C_Slave_ISR_IT+0x52>
        I2C_ITError(hi2c, hi2c->ErrorCode);
 8002e54:	6c61      	ldr	r1, [r4, #68]	@ 0x44
 8002e56:	4620      	mov	r0, r4
 8002e58:	f7ff fe5a 	bl	8002b10 <I2C_ITError>
 8002e5c:	e7d3      	b.n	8002e06 <I2C_Slave_ISR_IT+0x52>
  else if ((I2C_CHECK_FLAG(tmpITFlags, I2C_FLAG_RXNE) != RESET) && \
 8002e5e:	f015 0f04 	tst.w	r5, #4
 8002e62:	d01f      	beq.n	8002ea4 <I2C_Slave_ISR_IT+0xf0>
 8002e64:	f016 0f04 	tst.w	r6, #4
 8002e68:	d01c      	beq.n	8002ea4 <I2C_Slave_ISR_IT+0xf0>
    if (hi2c->XferCount > 0U)
 8002e6a:	8d63      	ldrh	r3, [r4, #42]	@ 0x2a
 8002e6c:	b29b      	uxth	r3, r3
 8002e6e:	b173      	cbz	r3, 8002e8e <I2C_Slave_ISR_IT+0xda>
      *hi2c->pBuffPtr = (uint8_t)hi2c->Instance->RXDR;
 8002e70:	6823      	ldr	r3, [r4, #0]
 8002e72:	6a5a      	ldr	r2, [r3, #36]	@ 0x24
 8002e74:	6a63      	ldr	r3, [r4, #36]	@ 0x24
 8002e76:	701a      	strb	r2, [r3, #0]
      hi2c->pBuffPtr++;
 8002e78:	6a63      	ldr	r3, [r4, #36]	@ 0x24
 8002e7a:	3301      	adds	r3, #1
 8002e7c:	6263      	str	r3, [r4, #36]	@ 0x24
      hi2c->XferSize--;
 8002e7e:	8d23      	ldrh	r3, [r4, #40]	@ 0x28
 8002e80:	3b01      	subs	r3, #1
 8002e82:	8523      	strh	r3, [r4, #40]	@ 0x28
      hi2c->XferCount--;
 8002e84:	8d63      	ldrh	r3, [r4, #42]	@ 0x2a
 8002e86:	b29b      	uxth	r3, r3
 8002e88:	3b01      	subs	r3, #1
 8002e8a:	b29b      	uxth	r3, r3
 8002e8c:	8563      	strh	r3, [r4, #42]	@ 0x2a
    if ((hi2c->XferCount == 0U) && \
 8002e8e:	8d63      	ldrh	r3, [r4, #42]	@ 0x2a
 8002e90:	b29b      	uxth	r3, r3
 8002e92:	2b00      	cmp	r3, #0
 8002e94:	d1b7      	bne.n	8002e06 <I2C_Slave_ISR_IT+0x52>
 8002e96:	f517 3f80 	cmn.w	r7, #65536	@ 0x10000
 8002e9a:	d0b4      	beq.n	8002e06 <I2C_Slave_ISR_IT+0x52>
      I2C_ITSlaveSeqCplt(hi2c);
 8002e9c:	4620      	mov	r0, r4
 8002e9e:	f7ff fd55 	bl	800294c <I2C_ITSlaveSeqCplt>
 8002ea2:	e7b0      	b.n	8002e06 <I2C_Slave_ISR_IT+0x52>
  else if ((I2C_CHECK_FLAG(tmpITFlags, I2C_FLAG_ADDR) != RESET) && \
 8002ea4:	f015 0f08 	tst.w	r5, #8
 8002ea8:	d002      	beq.n	8002eb0 <I2C_Slave_ISR_IT+0xfc>
 8002eaa:	f016 0f08 	tst.w	r6, #8
 8002eae:	d118      	bne.n	8002ee2 <I2C_Slave_ISR_IT+0x12e>
  else if ((I2C_CHECK_FLAG(tmpITFlags, I2C_FLAG_TXIS) != RESET) && \
 8002eb0:	f015 0f02 	tst.w	r5, #2
 8002eb4:	d0a7      	beq.n	8002e06 <I2C_Slave_ISR_IT+0x52>
 8002eb6:	f016 0f02 	tst.w	r6, #2
 8002eba:	d0a4      	beq.n	8002e06 <I2C_Slave_ISR_IT+0x52>
    if (hi2c->XferCount > 0U)
 8002ebc:	8d63      	ldrh	r3, [r4, #42]	@ 0x2a
 8002ebe:	b29b      	uxth	r3, r3
 8002ec0:	b1a3      	cbz	r3, 8002eec <I2C_Slave_ISR_IT+0x138>
      hi2c->Instance->TXDR = *hi2c->pBuffPtr;
 8002ec2:	6a62      	ldr	r2, [r4, #36]	@ 0x24
 8002ec4:	6823      	ldr	r3, [r4, #0]
 8002ec6:	7812      	ldrb	r2, [r2, #0]
 8002ec8:	629a      	str	r2, [r3, #40]	@ 0x28
      hi2c->pBuffPtr++;
 8002eca:	6a63      	ldr	r3, [r4, #36]	@ 0x24
 8002ecc:	3301      	adds	r3, #1
 8002ece:	6263      	str	r3, [r4, #36]	@ 0x24
      hi2c->XferCount--;
 8002ed0:	8d63      	ldrh	r3, [r4, #42]	@ 0x2a
 8002ed2:	b29b      	uxth	r3, r3
 8002ed4:	3b01      	subs	r3, #1
 8002ed6:	b29b      	uxth	r3, r3
 8002ed8:	8563      	strh	r3, [r4, #42]	@ 0x2a
      hi2c->XferSize--;
 8002eda:	8d23      	ldrh	r3, [r4, #40]	@ 0x28
 8002edc:	3b01      	subs	r3, #1
 8002ede:	8523      	strh	r3, [r4, #40]	@ 0x28
 8002ee0:	e791      	b.n	8002e06 <I2C_Slave_ISR_IT+0x52>
    I2C_ITAddrCplt(hi2c, tmpITFlags);
 8002ee2:	4629      	mov	r1, r5
 8002ee4:	4620      	mov	r0, r4
 8002ee6:	f7ff fd73 	bl	80029d0 <I2C_ITAddrCplt>
 8002eea:	e78c      	b.n	8002e06 <I2C_Slave_ISR_IT+0x52>
      if ((tmpoptions == I2C_NEXT_FRAME) || (tmpoptions == I2C_FIRST_FRAME))
 8002eec:	f1b7 7f80 	cmp.w	r7, #16777216	@ 0x1000000
 8002ef0:	d001      	beq.n	8002ef6 <I2C_Slave_ISR_IT+0x142>
 8002ef2:	2f00      	cmp	r7, #0
 8002ef4:	d187      	bne.n	8002e06 <I2C_Slave_ISR_IT+0x52>
        I2C_ITSlaveSeqCplt(hi2c);
 8002ef6:	4620      	mov	r0, r4
 8002ef8:	f7ff fd28 	bl	800294c <I2C_ITSlaveSeqCplt>
 8002efc:	e783      	b.n	8002e06 <I2C_Slave_ISR_IT+0x52>
  __HAL_LOCK(hi2c);
 8002efe:	2002      	movs	r0, #2
 8002f00:	e784      	b.n	8002e0c <I2C_Slave_ISR_IT+0x58>

08002f02 <HAL_I2C_ER_IRQHandler>:
{
 8002f02:	b510      	push	{r4, lr}
  uint32_t itflags   = READ_REG(hi2c->Instance->ISR);
 8002f04:	6802      	ldr	r2, [r0, #0]
 8002f06:	6993      	ldr	r3, [r2, #24]
  uint32_t itsources = READ_REG(hi2c->Instance->CR1);
 8002f08:	6811      	ldr	r1, [r2, #0]
  if ((I2C_CHECK_FLAG(itflags, I2C_FLAG_BERR) != RESET) && \
 8002f0a:	f413 7f80 	tst.w	r3, #256	@ 0x100
 8002f0e:	d009      	beq.n	8002f24 <HAL_I2C_ER_IRQHandler+0x22>
 8002f10:	f011 0f80 	tst.w	r1, #128	@ 0x80
 8002f14:	d006      	beq.n	8002f24 <HAL_I2C_ER_IRQHandler+0x22>
    hi2c->ErrorCode |= HAL_I2C_ERROR_BERR;
 8002f16:	6c44      	ldr	r4, [r0, #68]	@ 0x44
 8002f18:	f044 0401 	orr.w	r4, r4, #1
 8002f1c:	6444      	str	r4, [r0, #68]	@ 0x44
    __HAL_I2C_CLEAR_FLAG(hi2c, I2C_FLAG_BERR);
 8002f1e:	f44f 7480 	mov.w	r4, #256	@ 0x100
 8002f22:	61d4      	str	r4, [r2, #28]
  if ((I2C_CHECK_FLAG(itflags, I2C_FLAG_OVR) != RESET) && \
 8002f24:	f413 6f80 	tst.w	r3, #1024	@ 0x400
 8002f28:	d00a      	beq.n	8002f40 <HAL_I2C_ER_IRQHandler+0x3e>
 8002f2a:	f011 0f80 	tst.w	r1, #128	@ 0x80
 8002f2e:	d007      	beq.n	8002f40 <HAL_I2C_ER_IRQHandler+0x3e>
    hi2c->ErrorCode |= HAL_I2C_ERROR_OVR;
 8002f30:	6c42      	ldr	r2, [r0, #68]	@ 0x44
 8002f32:	f042 0208 	orr.w	r2, r2, #8
 8002f36:	6442      	str	r2, [r0, #68]	@ 0x44
    __HAL_I2C_CLEAR_FLAG(hi2c, I2C_FLAG_OVR);
 8002f38:	6802      	ldr	r2, [r0, #0]
 8002f3a:	f44f 6480 	mov.w	r4, #1024	@ 0x400
 8002f3e:	61d4      	str	r4, [r2, #28]
  if ((I2C_CHECK_FLAG(itflags, I2C_FLAG_ARLO) != RESET) && \
 8002f40:	f413 7f00 	tst.w	r3, #512	@ 0x200
 8002f44:	d00a      	beq.n	8002f5c <HAL_I2C_ER_IRQHandler+0x5a>
 8002f46:	f011 0f80 	tst.w	r1, #128	@ 0x80
 8002f4a:	d007      	beq.n	8002f5c <HAL_I2C_ER_IRQHandler+0x5a>
    hi2c->ErrorCode |= HAL_I2C_ERROR_ARLO;
 8002f4c:	6c43      	ldr	r3, [r0, #68]	@ 0x44
 8002f4e:	f043 0302 	orr.w	r3, r3, #2
 8002f52:	6443      	str	r3, [r0, #68]	@ 0x44
    __HAL_I2C_CLEAR_FLAG(hi2c, I2C_FLAG_ARLO);
 8002f54:	6803      	ldr	r3, [r0, #0]
 8002f56:	f44f 7200 	mov.w	r2, #512	@ 0x200
 8002f5a:	61da      	str	r2, [r3, #28]
  tmperror = hi2c->ErrorCode;
 8002f5c:	6c41      	ldr	r1, [r0, #68]	@ 0x44
  if ((tmperror & (HAL_I2C_ERROR_BERR | HAL_I2C_ERROR_OVR | HAL_I2C_ERROR_ARLO)) !=  HAL_I2C_ERROR_NONE)
 8002f5e:	f011 0f0b 	tst.w	r1, #11
 8002f62:	d100      	bne.n	8002f66 <HAL_I2C_ER_IRQHandler+0x64>
}
 8002f64:	bd10      	pop	{r4, pc}
    I2C_ITError(hi2c, tmperror);
 8002f66:	f7ff fdd3 	bl	8002b10 <I2C_ITError>
}
 8002f6a:	e7fb      	b.n	8002f64 <HAL_I2C_ER_IRQHandler+0x62>

08002f6c <I2C_DMAAbort>:
{
 8002f6c:	b508      	push	{r3, lr}
  I2C_HandleTypeDef *hi2c = (I2C_HandleTypeDef *)(((DMA_HandleTypeDef *)hdma)->Parent);
 8002f6e:	6a80      	ldr	r0, [r0, #40]	@ 0x28
  if (hi2c->hdmatx != NULL)
 8002f70:	6b83      	ldr	r3, [r0, #56]	@ 0x38
 8002f72:	b10b      	cbz	r3, 8002f78 <I2C_DMAAbort+0xc>
    hi2c->hdmatx->XferAbortCallback = NULL;
 8002f74:	2200      	movs	r2, #0
 8002f76:	639a      	str	r2, [r3, #56]	@ 0x38
  if (hi2c->hdmarx != NULL)
 8002f78:	6bc3      	ldr	r3, [r0, #60]	@ 0x3c
 8002f7a:	b10b      	cbz	r3, 8002f80 <I2C_DMAAbort+0x14>
    hi2c->hdmarx->XferAbortCallback = NULL;
 8002f7c:	2200      	movs	r2, #0
 8002f7e:	639a      	str	r2, [r3, #56]	@ 0x38
  I2C_TreatErrorCallback(hi2c);
 8002f80:	f7ff fdae 	bl	8002ae0 <I2C_TreatErrorCallback>
}
 8002f84:	bd08      	pop	{r3, pc}

08002f86 <HAL_I2CEx_ConfigAnalogFilter>:
  *                the configuration information for the specified I2Cx peripheral.
  * @param  AnalogFilter New state of the Analog filter.
  * @retval HAL status
  */
HAL_StatusTypeDef HAL_I2CEx_ConfigAnalogFilter(I2C_HandleTypeDef *hi2c, uint32_t AnalogFilter)
{
 8002f86:	4603      	mov	r3, r0
  /* Check the parameters */
  assert_param(IS_I2C_ALL_INSTANCE(hi2c->Instance));
  assert_param(IS_I2C_ANALOG_FILTER(AnalogFilter));

  if (hi2c->State == HAL_I2C_STATE_READY)
 8002f88:	f890 2041 	ldrb.w	r2, [r0, #65]	@ 0x41
 8002f8c:	b2d2      	uxtb	r2, r2
 8002f8e:	2a20      	cmp	r2, #32
 8002f90:	d123      	bne.n	8002fda <HAL_I2CEx_ConfigAnalogFilter+0x54>
  {
    /* Process Locked */
    __HAL_LOCK(hi2c);
 8002f92:	f890 2040 	ldrb.w	r2, [r0, #64]	@ 0x40
 8002f96:	2a01      	cmp	r2, #1
 8002f98:	d021      	beq.n	8002fde <HAL_I2CEx_ConfigAnalogFilter+0x58>
 8002f9a:	2201      	movs	r2, #1
 8002f9c:	f880 2040 	strb.w	r2, [r0, #64]	@ 0x40

    hi2c->State = HAL_I2C_STATE_BUSY;
 8002fa0:	2224      	movs	r2, #36	@ 0x24
 8002fa2:	f880 2041 	strb.w	r2, [r0, #65]	@ 0x41

    /* Disable the selected I2C peripheral */
    __HAL_I2C_DISABLE(hi2c);
 8002fa6:	6800      	ldr	r0, [r0, #0]
 8002fa8:	6802      	ldr	r2, [r0, #0]
 8002faa:	f022 0201 	bic.w	r2, r2, #1
 8002fae:	6002      	str	r2, [r0, #0]

    /* Reset I2Cx ANOFF bit */
    hi2c->Instance->CR1 &= ~(I2C_CR1_ANFOFF);
 8002fb0:	6818      	ldr	r0, [r3, #0]
 8002fb2:	6802      	ldr	r2, [r0, #0]
 8002fb4:	f422 5280 	bic.w	r2, r2, #4096	@ 0x1000
 8002fb8:	6002      	str	r2, [r0, #0]

    /* Set analog filter bit*/
    hi2c->Instance->CR1 |= AnalogFilter;
 8002fba:	6818      	ldr	r0, [r3, #0]
 8002fbc:	6802      	ldr	r2, [r0, #0]
 8002fbe:	4311      	orrs	r1, r2
 8002fc0:	6001      	str	r1, [r0, #0]

    __HAL_I2C_ENABLE(hi2c);
 8002fc2:	6819      	ldr	r1, [r3, #0]
 8002fc4:	680a      	ldr	r2, [r1, #0]
 8002fc6:	f042 0201 	orr.w	r2, r2, #1
 8002fca:	600a      	str	r2, [r1, #0]

    hi2c->State = HAL_I2C_STATE_READY;
 8002fcc:	2220      	movs	r2, #32
 8002fce:	f883 2041 	strb.w	r2, [r3, #65]	@ 0x41

    /* Process Unlocked */
    __HAL_UNLOCK(hi2c);
 8002fd2:	2000      	movs	r0, #0
 8002fd4:	f883 0040 	strb.w	r0, [r3, #64]	@ 0x40

    return HAL_OK;
 8002fd8:	4770      	bx	lr
  }
  else
  {
    return HAL_BUSY;
 8002fda:	2002      	movs	r0, #2
 8002fdc:	4770      	bx	lr
    __HAL_LOCK(hi2c);
 8002fde:	2002      	movs	r0, #2
  }
}
 8002fe0:	4770      	bx	lr

08002fe2 <HAL_I2CEx_ConfigDigitalFilter>:
  *                the configuration information for the specified I2Cx peripheral.
  * @param  DigitalFilter Coefficient of digital noise filter between Min_Data=0x00 and Max_Data=0x0F.
  * @retval HAL status
  */
HAL_StatusTypeDef HAL_I2CEx_ConfigDigitalFilter(I2C_HandleTypeDef *hi2c, uint32_t DigitalFilter)
{
 8002fe2:	4603      	mov	r3, r0

  /* Check the parameters */
  assert_param(IS_I2C_ALL_INSTANCE(hi2c->Instance));
  assert_param(IS_I2C_DIGITAL_FILTER(DigitalFilter));

  if (hi2c->State == HAL_I2C_STATE_READY)
 8002fe4:	f890 2041 	ldrb.w	r2, [r0, #65]	@ 0x41
 8002fe8:	b2d2      	uxtb	r2, r2
 8002fea:	2a20      	cmp	r2, #32
 8002fec:	d121      	bne.n	8003032 <HAL_I2CEx_ConfigDigitalFilter+0x50>
  {
    /* Process Locked */
    __HAL_LOCK(hi2c);
 8002fee:	f890 2040 	ldrb.w	r2, [r0, #64]	@ 0x40
 8002ff2:	2a01      	cmp	r2, #1
 8002ff4:	d01f      	beq.n	8003036 <HAL_I2CEx_ConfigDigitalFilter+0x54>
 8002ff6:	2201      	movs	r2, #1
 8002ff8:	f880 2040 	strb.w	r2, [r0, #64]	@ 0x40

    hi2c->State = HAL_I2C_STATE_BUSY;
 8002ffc:	2224      	movs	r2, #36	@ 0x24
 8002ffe:	f880 2041 	strb.w	r2, [r0, #65]	@ 0x41

    /* Disable the selected I2C peripheral */
    __HAL_I2C_DISABLE(hi2c);
 8003002:	6800      	ldr	r0, [r0, #0]
 8003004:	6802      	ldr	r2, [r0, #0]
 8003006:	f022 0201 	bic.w	r2, r2, #1
 800300a:	6002      	str	r2, [r0, #0]

    /* Get the old register value */
    tmpreg = hi2c->Instance->CR1;
 800300c:	6818      	ldr	r0, [r3, #0]
 800300e:	6802      	ldr	r2, [r0, #0]

    /* Reset I2Cx DNF bits [11:8] */
    tmpreg &= ~(I2C_CR1_DNF);
 8003010:	f422 6270 	bic.w	r2, r2, #3840	@ 0xf00

    /* Set I2Cx DNF coefficient */
    tmpreg |= DigitalFilter << 8U;
 8003014:	ea42 2201 	orr.w	r2, r2, r1, lsl #8

    /* Store the new register value */
    hi2c->Instance->CR1 = tmpreg;
 8003018:	6002      	str	r2, [r0, #0]

    __HAL_I2C_ENABLE(hi2c);
 800301a:	6819      	ldr	r1, [r3, #0]
 800301c:	680a      	ldr	r2, [r1, #0]
 800301e:	f042 0201 	orr.w	r2, r2, #1
 8003022:	600a      	str	r2, [r1, #0]

    hi2c->State = HAL_I2C_STATE_READY;
 8003024:	2220      	movs	r2, #32
 8003026:	f883 2041 	strb.w	r2, [r3, #65]	@ 0x41

    /* Process Unlocked */
    __HAL_UNLOCK(hi2c);
 800302a:	2000      	movs	r0, #0
 800302c:	f883 0040 	strb.w	r0, [r3, #64]	@ 0x40

    return HAL_OK;
 8003030:	4770      	bx	lr
  }
  else
  {
    return HAL_BUSY;
 8003032:	2002      	movs	r0, #2
 8003034:	4770      	bx	lr
    __HAL_LOCK(hi2c);
 8003036:	2002      	movs	r0, #2
  }
}
 8003038:	4770      	bx	lr
	...

0800303c <HAL_MspInit>:
/* USER CODE END 0 */
/**
  * Initializes the Global MSP.
  */
void HAL_MspInit(void)
{
 800303c:	b082      	sub	sp, #8

  /* USER CODE BEGIN MspInit 0 */

  /* USER CODE END MspInit 0 */

  __HAL_RCC_SYSCFG_CLK_ENABLE();
 800303e:	4b0a      	ldr	r3, [pc, #40]	@ (8003068 <HAL_MspInit+0x2c>)
 8003040:	6e1a      	ldr	r2, [r3, #96]	@ 0x60
 8003042:	f042 0201 	orr.w	r2, r2, #1
 8003046:	661a      	str	r2, [r3, #96]	@ 0x60
 8003048:	6e1a      	ldr	r2, [r3, #96]	@ 0x60
 800304a:	f002 0201 	and.w	r2, r2, #1
 800304e:	9200      	str	r2, [sp, #0]
 8003050:	9a00      	ldr	r2, [sp, #0]
  __HAL_RCC_PWR_CLK_ENABLE();
 8003052:	6d9a      	ldr	r2, [r3, #88]	@ 0x58
 8003054:	f042 5280 	orr.w	r2, r2, #268435456	@ 0x10000000
 8003058:	659a      	str	r2, [r3, #88]	@ 0x58
 800305a:	6d9b      	ldr	r3, [r3, #88]	@ 0x58
 800305c:	f003 5380 	and.w	r3, r3, #268435456	@ 0x10000000
 8003060:	9301      	str	r3, [sp, #4]
 8003062:	9b01      	ldr	r3, [sp, #4]
  /* System interrupt init*/

  /* USER CODE BEGIN MspInit 1 */

  /* USER CODE END MspInit 1 */
}
 8003064:	b002      	add	sp, #8
 8003066:	4770      	bx	lr
 8003068:	40021000 	.word	0x40021000

0800306c <HAL_PWREx_GetVoltageRange>:
    else
    {
      return PWR_REGULATOR_VOLTAGE_SCALE1_BOOST;
    }
#else
  return  (PWR->CR1 & PWR_CR1_VOS);
 800306c:	4b02      	ldr	r3, [pc, #8]	@ (8003078 <HAL_PWREx_GetVoltageRange+0xc>)
 800306e:	6818      	ldr	r0, [r3, #0]
#endif
}
 8003070:	f400 60c0 	and.w	r0, r0, #1536	@ 0x600
 8003074:	4770      	bx	lr
 8003076:	bf00      	nop
 8003078:	40007000 	.word	0x40007000

0800307c <HAL_PWREx_ControlVoltageScaling>:
  }

#else

  /* If Set Range 1 */
  if (VoltageScaling == PWR_REGULATOR_VOLTAGE_SCALE1)
 800307c:	f5b0 7f00 	cmp.w	r0, #512	@ 0x200
 8003080:	d00f      	beq.n	80030a2 <HAL_PWREx_ControlVoltageScaling+0x26>
      }
    }
  }
  else
  {
    if (READ_BIT(PWR->CR1, PWR_CR1_VOS) != PWR_REGULATOR_VOLTAGE_SCALE2)
 8003082:	4b1f      	ldr	r3, [pc, #124]	@ (8003100 <HAL_PWREx_ControlVoltageScaling+0x84>)
 8003084:	681b      	ldr	r3, [r3, #0]
 8003086:	f403 63c0 	and.w	r3, r3, #1536	@ 0x600
 800308a:	f5b3 6f80 	cmp.w	r3, #1024	@ 0x400
 800308e:	d034      	beq.n	80030fa <HAL_PWREx_ControlVoltageScaling+0x7e>
    {
      /* Set Range 2 */
      MODIFY_REG(PWR->CR1, PWR_CR1_VOS, PWR_REGULATOR_VOLTAGE_SCALE2);
 8003090:	4a1b      	ldr	r2, [pc, #108]	@ (8003100 <HAL_PWREx_ControlVoltageScaling+0x84>)
 8003092:	6813      	ldr	r3, [r2, #0]
 8003094:	f423 63c0 	bic.w	r3, r3, #1536	@ 0x600
 8003098:	f443 6380 	orr.w	r3, r3, #1024	@ 0x400
 800309c:	6013      	str	r3, [r2, #0]
      /* No need to wait for VOSF to be cleared for this transition */
    }
  }
#endif

  return HAL_OK;
 800309e:	2000      	movs	r0, #0
 80030a0:	4770      	bx	lr
    if (READ_BIT(PWR->CR1, PWR_CR1_VOS) != PWR_REGULATOR_VOLTAGE_SCALE1)
 80030a2:	4b17      	ldr	r3, [pc, #92]	@ (8003100 <HAL_PWREx_ControlVoltageScaling+0x84>)
 80030a4:	681b      	ldr	r3, [r3, #0]
 80030a6:	f403 63c0 	and.w	r3, r3, #1536	@ 0x600
 80030aa:	f5b3 7f00 	cmp.w	r3, #512	@ 0x200
 80030ae:	d020      	beq.n	80030f2 <HAL_PWREx_ControlVoltageScaling+0x76>
      MODIFY_REG(PWR->CR1, PWR_CR1_VOS, PWR_REGULATOR_VOLTAGE_SCALE1);
 80030b0:	4a13      	ldr	r2, [pc, #76]	@ (8003100 <HAL_PWREx_ControlVoltageScaling+0x84>)
 80030b2:	6813      	ldr	r3, [r2, #0]
 80030b4:	f423 63c0 	bic.w	r3, r3, #1536	@ 0x600
 80030b8:	f443 7300 	orr.w	r3, r3, #512	@ 0x200
 80030bc:	6013      	str	r3, [r2, #0]
      wait_loop_index = ((PWR_FLAG_SETTING_DELAY_US * SystemCoreClock) / 1000000U) + 1U;
 80030be:	4b11      	ldr	r3, [pc, #68]	@ (8003104 <HAL_PWREx_ControlVoltageScaling+0x88>)
 80030c0:	681b      	ldr	r3, [r3, #0]
 80030c2:	2232      	movs	r2, #50	@ 0x32
 80030c4:	fb02 f303 	mul.w	r3, r2, r3
 80030c8:	4a0f      	ldr	r2, [pc, #60]	@ (8003108 <HAL_PWREx_ControlVoltageScaling+0x8c>)
 80030ca:	fba2 2303 	umull	r2, r3, r2, r3
 80030ce:	0c9b      	lsrs	r3, r3, #18
 80030d0:	3301      	adds	r3, #1
      while ((HAL_IS_BIT_SET(PWR->SR2, PWR_SR2_VOSF)) && (wait_loop_index != 0U))
 80030d2:	e000      	b.n	80030d6 <HAL_PWREx_ControlVoltageScaling+0x5a>
        wait_loop_index--;
 80030d4:	3b01      	subs	r3, #1
      while ((HAL_IS_BIT_SET(PWR->SR2, PWR_SR2_VOSF)) && (wait_loop_index != 0U))
 80030d6:	4a0a      	ldr	r2, [pc, #40]	@ (8003100 <HAL_PWREx_ControlVoltageScaling+0x84>)
 80030d8:	6952      	ldr	r2, [r2, #20]
 80030da:	f412 6f80 	tst.w	r2, #1024	@ 0x400
 80030de:	d001      	beq.n	80030e4 <HAL_PWREx_ControlVoltageScaling+0x68>
 80030e0:	2b00      	cmp	r3, #0
 80030e2:	d1f7      	bne.n	80030d4 <HAL_PWREx_ControlVoltageScaling+0x58>
      if (HAL_IS_BIT_SET(PWR->SR2, PWR_SR2_VOSF))
 80030e4:	4b06      	ldr	r3, [pc, #24]	@ (8003100 <HAL_PWREx_ControlVoltageScaling+0x84>)
 80030e6:	695b      	ldr	r3, [r3, #20]
 80030e8:	f413 6f80 	tst.w	r3, #1024	@ 0x400
 80030ec:	d103      	bne.n	80030f6 <HAL_PWREx_ControlVoltageScaling+0x7a>
  return HAL_OK;
 80030ee:	2000      	movs	r0, #0
 80030f0:	4770      	bx	lr
 80030f2:	2000      	movs	r0, #0
 80030f4:	4770      	bx	lr
        return HAL_TIMEOUT;
 80030f6:	2003      	movs	r0, #3
 80030f8:	4770      	bx	lr
  return HAL_OK;
 80030fa:	2000      	movs	r0, #0
}
 80030fc:	4770      	bx	lr
 80030fe:	bf00      	nop
 8003100:	40007000 	.word	0x40007000
 8003104:	20000018 	.word	0x20000018
 8003108:	431bde83 	.word	0x431bde83

0800310c <RCC_SetFlashLatencyFromMSIRange>:
            voltage range.
  * @param  msirange  MSI range value from RCC_MSIRANGE_0 to RCC_MSIRANGE_11
  * @retval HAL status
  */
static HAL_StatusTypeDef RCC_SetFlashLatencyFromMSIRange(uint32_t msirange)
{
 800310c:	b530      	push	{r4, r5, lr}
 800310e:	b083      	sub	sp, #12
 8003110:	4604      	mov	r4, r0
  uint32_t vos;
  uint32_t latency = FLASH_LATENCY_0;  /* default value 0WS */

  if(__HAL_RCC_PWR_IS_CLK_ENABLED())
 8003112:	4b20      	ldr	r3, [pc, #128]	@ (8003194 <RCC_SetFlashLatencyFromMSIRange+0x88>)
 8003114:	6d9b      	ldr	r3, [r3, #88]	@ 0x58
 8003116:	f013 5f80 	tst.w	r3, #268435456	@ 0x10000000
 800311a:	d00b      	beq.n	8003134 <RCC_SetFlashLatencyFromMSIRange+0x28>
  {
    vos = HAL_PWREx_GetVoltageRange();
 800311c:	f7ff ffa6 	bl	800306c <HAL_PWREx_GetVoltageRange>
    __HAL_RCC_PWR_CLK_ENABLE();
    vos = HAL_PWREx_GetVoltageRange();
    __HAL_RCC_PWR_CLK_DISABLE();
  }

  if(vos == PWR_REGULATOR_VOLTAGE_SCALE1)
 8003120:	f5b0 7f00 	cmp.w	r0, #512	@ 0x200
 8003124:	d017      	beq.n	8003156 <RCC_SetFlashLatencyFromMSIRange+0x4a>
        latency = FLASH_LATENCY_1; /* 1WS */
      }
      /* else MSI < 8Mhz default FLASH_LATENCY_0 0WS */
    }
#else
    if(msirange > RCC_MSIRANGE_8)
 8003126:	2c80      	cmp	r4, #128	@ 0x80
 8003128:	d81f      	bhi.n	800316a <RCC_SetFlashLatencyFromMSIRange+0x5e>
      /* MSI > 16Mhz */
      latency = FLASH_LATENCY_3; /* 3WS */
    }
    else
    {
      if(msirange == RCC_MSIRANGE_8)
 800312a:	d02d      	beq.n	8003188 <RCC_SetFlashLatencyFromMSIRange+0x7c>
      {
        /* MSI 16Mhz */
        latency = FLASH_LATENCY_2; /* 2WS */
      }
      else if(msirange == RCC_MSIRANGE_7)
 800312c:	2c70      	cmp	r4, #112	@ 0x70
 800312e:	d02d      	beq.n	800318c <RCC_SetFlashLatencyFromMSIRange+0x80>
  uint32_t latency = FLASH_LATENCY_0;  /* default value 0WS */
 8003130:	2100      	movs	r1, #0
 8003132:	e01b      	b.n	800316c <RCC_SetFlashLatencyFromMSIRange+0x60>
    __HAL_RCC_PWR_CLK_ENABLE();
 8003134:	4d17      	ldr	r5, [pc, #92]	@ (8003194 <RCC_SetFlashLatencyFromMSIRange+0x88>)
 8003136:	6dab      	ldr	r3, [r5, #88]	@ 0x58
 8003138:	f043 5380 	orr.w	r3, r3, #268435456	@ 0x10000000
 800313c:	65ab      	str	r3, [r5, #88]	@ 0x58
 800313e:	6dab      	ldr	r3, [r5, #88]	@ 0x58
 8003140:	f003 5380 	and.w	r3, r3, #268435456	@ 0x10000000
 8003144:	9301      	str	r3, [sp, #4]
 8003146:	9b01      	ldr	r3, [sp, #4]
    vos = HAL_PWREx_GetVoltageRange();
 8003148:	f7ff ff90 	bl	800306c <HAL_PWREx_GetVoltageRange>
    __HAL_RCC_PWR_CLK_DISABLE();
 800314c:	6dab      	ldr	r3, [r5, #88]	@ 0x58
 800314e:	f023 5380 	bic.w	r3, r3, #268435456	@ 0x10000000
 8003152:	65ab      	str	r3, [r5, #88]	@ 0x58
 8003154:	e7e4      	b.n	8003120 <RCC_SetFlashLatencyFromMSIRange+0x14>
    if(msirange > RCC_MSIRANGE_8)
 8003156:	2c80      	cmp	r4, #128	@ 0x80
 8003158:	d903      	bls.n	8003162 <RCC_SetFlashLatencyFromMSIRange+0x56>
      if(msirange > RCC_MSIRANGE_10)
 800315a:	2ca0      	cmp	r4, #160	@ 0xa0
 800315c:	d903      	bls.n	8003166 <RCC_SetFlashLatencyFromMSIRange+0x5a>
        latency = FLASH_LATENCY_2; /* 2WS */
 800315e:	2102      	movs	r1, #2
 8003160:	e004      	b.n	800316c <RCC_SetFlashLatencyFromMSIRange+0x60>
  uint32_t latency = FLASH_LATENCY_0;  /* default value 0WS */
 8003162:	2100      	movs	r1, #0
 8003164:	e002      	b.n	800316c <RCC_SetFlashLatencyFromMSIRange+0x60>
        latency = FLASH_LATENCY_1; /* 1WS */
 8003166:	2101      	movs	r1, #1
 8003168:	e000      	b.n	800316c <RCC_SetFlashLatencyFromMSIRange+0x60>
      latency = FLASH_LATENCY_3; /* 3WS */
 800316a:	2103      	movs	r1, #3
      /* else MSI < 8Mhz default FLASH_LATENCY_0 0WS */
    }
#endif
  }

  __HAL_FLASH_SET_LATENCY(latency);
 800316c:	4a0a      	ldr	r2, [pc, #40]	@ (8003198 <RCC_SetFlashLatencyFromMSIRange+0x8c>)
 800316e:	6813      	ldr	r3, [r2, #0]
 8003170:	f023 0307 	bic.w	r3, r3, #7
 8003174:	430b      	orrs	r3, r1
 8003176:	6013      	str	r3, [r2, #0]

  /* Check that the new number of wait states is taken into account to access the Flash
     memory by reading the FLASH_ACR register */
  if(__HAL_FLASH_GET_LATENCY() != latency)
 8003178:	6813      	ldr	r3, [r2, #0]
 800317a:	f003 0307 	and.w	r3, r3, #7
 800317e:	428b      	cmp	r3, r1
 8003180:	d106      	bne.n	8003190 <RCC_SetFlashLatencyFromMSIRange+0x84>
  {
    return HAL_ERROR;
  }

  return HAL_OK;
 8003182:	2000      	movs	r0, #0
}
 8003184:	b003      	add	sp, #12
 8003186:	bd30      	pop	{r4, r5, pc}
        latency = FLASH_LATENCY_2; /* 2WS */
 8003188:	2102      	movs	r1, #2
 800318a:	e7ef      	b.n	800316c <RCC_SetFlashLatencyFromMSIRange+0x60>
        latency = FLASH_LATENCY_1; /* 1WS */
 800318c:	2101      	movs	r1, #1
 800318e:	e7ed      	b.n	800316c <RCC_SetFlashLatencyFromMSIRange+0x60>
    return HAL_ERROR;
 8003190:	2001      	movs	r0, #1
 8003192:	e7f7      	b.n	8003184 <RCC_SetFlashLatencyFromMSIRange+0x78>
 8003194:	40021000 	.word	0x40021000
 8003198:	40022000 	.word	0x40022000

0800319c <HAL_RCC_GetSysClockFreq>:
  sysclk_source = __HAL_RCC_GET_SYSCLK_SOURCE();
 800319c:	4a28      	ldr	r2, [pc, #160]	@ (8003240 <HAL_RCC_GetSysClockFreq+0xa4>)
 800319e:	6893      	ldr	r3, [r2, #8]
  pll_oscsource = __HAL_RCC_GET_PLL_OSCSOURCE();
 80031a0:	68d2      	ldr	r2, [r2, #12]
 80031a2:	f002 0203 	and.w	r2, r2, #3
  if((sysclk_source == RCC_CFGR_SWS_MSI) ||
 80031a6:	f013 030c 	ands.w	r3, r3, #12
 80031aa:	d00a      	beq.n	80031c2 <HAL_RCC_GetSysClockFreq+0x26>
 80031ac:	2b0c      	cmp	r3, #12
 80031ae:	d006      	beq.n	80031be <HAL_RCC_GetSysClockFreq+0x22>
  else if(sysclk_source == RCC_CFGR_SWS_HSI)
 80031b0:	2b04      	cmp	r3, #4
 80031b2:	d01f      	beq.n	80031f4 <HAL_RCC_GetSysClockFreq+0x58>
  else if(sysclk_source == RCC_CFGR_SWS_HSE)
 80031b4:	2b08      	cmp	r3, #8
 80031b6:	d020      	beq.n	80031fa <HAL_RCC_GetSysClockFreq+0x5e>
  uint32_t msirange = 0U, sysclockfreq = 0U;
 80031b8:	2000      	movs	r0, #0
 80031ba:	4602      	mov	r2, r0
 80031bc:	e010      	b.n	80031e0 <HAL_RCC_GetSysClockFreq+0x44>
     ((sysclk_source == RCC_CFGR_SWS_PLL) && (pll_oscsource == RCC_PLLSOURCE_MSI)))
 80031be:	2a01      	cmp	r2, #1
 80031c0:	d1f6      	bne.n	80031b0 <HAL_RCC_GetSysClockFreq+0x14>
    if(READ_BIT(RCC->CR, RCC_CR_MSIRGSEL) == 0U)
 80031c2:	4a1f      	ldr	r2, [pc, #124]	@ (8003240 <HAL_RCC_GetSysClockFreq+0xa4>)
 80031c4:	6812      	ldr	r2, [r2, #0]
 80031c6:	f012 0f08 	tst.w	r2, #8
 80031ca:	d10c      	bne.n	80031e6 <HAL_RCC_GetSysClockFreq+0x4a>
      msirange = READ_BIT(RCC->CSR, RCC_CSR_MSISRANGE) >> RCC_CSR_MSISRANGE_Pos;
 80031cc:	4a1c      	ldr	r2, [pc, #112]	@ (8003240 <HAL_RCC_GetSysClockFreq+0xa4>)
 80031ce:	f8d2 2094 	ldr.w	r2, [r2, #148]	@ 0x94
 80031d2:	f3c2 2203 	ubfx	r2, r2, #8, #4
    msirange = MSIRangeTable[msirange];
 80031d6:	491b      	ldr	r1, [pc, #108]	@ (8003244 <HAL_RCC_GetSysClockFreq+0xa8>)
 80031d8:	f851 2022 	ldr.w	r2, [r1, r2, lsl #2]
    if(sysclk_source == RCC_CFGR_SWS_MSI)
 80031dc:	b143      	cbz	r3, 80031f0 <HAL_RCC_GetSysClockFreq+0x54>
  uint32_t msirange = 0U, sysclockfreq = 0U;
 80031de:	2000      	movs	r0, #0
  if(sysclk_source == RCC_CFGR_SWS_PLL)
 80031e0:	2b0c      	cmp	r3, #12
 80031e2:	d00d      	beq.n	8003200 <HAL_RCC_GetSysClockFreq+0x64>
}
 80031e4:	4770      	bx	lr
      msirange = READ_BIT(RCC->CR, RCC_CR_MSIRANGE) >> RCC_CR_MSIRANGE_Pos;
 80031e6:	4a16      	ldr	r2, [pc, #88]	@ (8003240 <HAL_RCC_GetSysClockFreq+0xa4>)
 80031e8:	6812      	ldr	r2, [r2, #0]
 80031ea:	f3c2 1203 	ubfx	r2, r2, #4, #4
 80031ee:	e7f2      	b.n	80031d6 <HAL_RCC_GetSysClockFreq+0x3a>
      sysclockfreq = msirange;
 80031f0:	4610      	mov	r0, r2
 80031f2:	e7f5      	b.n	80031e0 <HAL_RCC_GetSysClockFreq+0x44>
    sysclockfreq = HSI_VALUE;
 80031f4:	4814      	ldr	r0, [pc, #80]	@ (8003248 <HAL_RCC_GetSysClockFreq+0xac>)
  uint32_t msirange = 0U, sysclockfreq = 0U;
 80031f6:	2200      	movs	r2, #0
 80031f8:	e7f2      	b.n	80031e0 <HAL_RCC_GetSysClockFreq+0x44>
    sysclockfreq = HSE_VALUE;
 80031fa:	4814      	ldr	r0, [pc, #80]	@ (800324c <HAL_RCC_GetSysClockFreq+0xb0>)
  uint32_t msirange = 0U, sysclockfreq = 0U;
 80031fc:	2200      	movs	r2, #0
 80031fe:	e7ef      	b.n	80031e0 <HAL_RCC_GetSysClockFreq+0x44>
    pllsource = READ_BIT(RCC->PLLCFGR, RCC_PLLCFGR_PLLSRC);
 8003200:	4b0f      	ldr	r3, [pc, #60]	@ (8003240 <HAL_RCC_GetSysClockFreq+0xa4>)
 8003202:	68db      	ldr	r3, [r3, #12]
 8003204:	f003 0303 	and.w	r3, r3, #3
    switch (pllsource)
 8003208:	2b02      	cmp	r3, #2
 800320a:	d003      	beq.n	8003214 <HAL_RCC_GetSysClockFreq+0x78>
 800320c:	2b03      	cmp	r3, #3
 800320e:	d102      	bne.n	8003216 <HAL_RCC_GetSysClockFreq+0x7a>
      pllvco = HSE_VALUE;
 8003210:	4a0e      	ldr	r2, [pc, #56]	@ (800324c <HAL_RCC_GetSysClockFreq+0xb0>)
 8003212:	e000      	b.n	8003216 <HAL_RCC_GetSysClockFreq+0x7a>
    switch (pllsource)
 8003214:	4a0c      	ldr	r2, [pc, #48]	@ (8003248 <HAL_RCC_GetSysClockFreq+0xac>)
    pllm = (READ_BIT(RCC->PLLCFGR, RCC_PLLCFGR_PLLM) >> RCC_PLLCFGR_PLLM_Pos) + 1U ;
 8003216:	490a      	ldr	r1, [pc, #40]	@ (8003240 <HAL_RCC_GetSysClockFreq+0xa4>)
 8003218:	68cb      	ldr	r3, [r1, #12]
 800321a:	f3c3 1302 	ubfx	r3, r3, #4, #3
 800321e:	3301      	adds	r3, #1
    pllvco = (pllvco * (READ_BIT(RCC->PLLCFGR, RCC_PLLCFGR_PLLN) >> RCC_PLLCFGR_PLLN_Pos)) / pllm;
 8003220:	68c8      	ldr	r0, [r1, #12]
 8003222:	f3c0 2006 	ubfx	r0, r0, #8, #7
 8003226:	fb02 f000 	mul.w	r0, r2, r0
 800322a:	fbb0 f0f3 	udiv	r0, r0, r3
    pllr = ((READ_BIT(RCC->PLLCFGR, RCC_PLLCFGR_PLLR) >> RCC_PLLCFGR_PLLR_Pos) + 1U ) * 2U;
 800322e:	68cb      	ldr	r3, [r1, #12]
 8003230:	f3c3 6341 	ubfx	r3, r3, #25, #2
 8003234:	3301      	adds	r3, #1
 8003236:	005b      	lsls	r3, r3, #1
    sysclockfreq = pllvco / pllr;
 8003238:	fbb0 f0f3 	udiv	r0, r0, r3
  return sysclockfreq;
 800323c:	e7d2      	b.n	80031e4 <HAL_RCC_GetSysClockFreq+0x48>
 800323e:	bf00      	nop
 8003240:	40021000 	.word	0x40021000
 8003244:	08006140 	.word	0x08006140
 8003248:	00f42400 	.word	0x00f42400
 800324c:	007a1200 	.word	0x007a1200

08003250 <HAL_RCC_OscConfig>:
  if(RCC_OscInitStruct == NULL)
 8003250:	2800      	cmp	r0, #0
 8003252:	f000 831c 	beq.w	800388e <HAL_RCC_OscConfig+0x63e>
{
 8003256:	b5f0      	push	{r4, r5, r6, r7, lr}
 8003258:	b083      	sub	sp, #12
 800325a:	4604      	mov	r4, r0
  sysclk_source = __HAL_RCC_GET_SYSCLK_SOURCE();
 800325c:	4b96      	ldr	r3, [pc, #600]	@ (80034b8 <HAL_RCC_OscConfig+0x268>)
 800325e:	689d      	ldr	r5, [r3, #8]
 8003260:	f005 050c 	and.w	r5, r5, #12
  pll_config = __HAL_RCC_GET_PLL_OSCSOURCE();
 8003264:	68de      	ldr	r6, [r3, #12]
 8003266:	f006 0603 	and.w	r6, r6, #3
  if(((RCC_OscInitStruct->OscillatorType) & RCC_OSCILLATORTYPE_MSI) == RCC_OSCILLATORTYPE_MSI)
 800326a:	6803      	ldr	r3, [r0, #0]
 800326c:	f013 0f10 	tst.w	r3, #16
 8003270:	d05a      	beq.n	8003328 <HAL_RCC_OscConfig+0xd8>
    if((sysclk_source == RCC_CFGR_SWS_MSI) ||
 8003272:	b1e5      	cbz	r5, 80032ae <HAL_RCC_OscConfig+0x5e>
 8003274:	2d0c      	cmp	r5, #12
 8003276:	d018      	beq.n	80032aa <HAL_RCC_OscConfig+0x5a>
      if(RCC_OscInitStruct->MSIState != RCC_MSI_OFF)
 8003278:	69a3      	ldr	r3, [r4, #24]
 800327a:	2b00      	cmp	r3, #0
 800327c:	f000 80bb 	beq.w	80033f6 <HAL_RCC_OscConfig+0x1a6>
        __HAL_RCC_MSI_ENABLE();
 8003280:	4a8d      	ldr	r2, [pc, #564]	@ (80034b8 <HAL_RCC_OscConfig+0x268>)
 8003282:	6813      	ldr	r3, [r2, #0]
 8003284:	f043 0301 	orr.w	r3, r3, #1
 8003288:	6013      	str	r3, [r2, #0]
        tickstart = HAL_GetTick();
 800328a:	f7fe fd3d 	bl	8001d08 <HAL_GetTick>
 800328e:	4607      	mov	r7, r0
        while(READ_BIT(RCC->CR, RCC_CR_MSIRDY) == 0U)
 8003290:	4b89      	ldr	r3, [pc, #548]	@ (80034b8 <HAL_RCC_OscConfig+0x268>)
 8003292:	681b      	ldr	r3, [r3, #0]
 8003294:	f013 0f02 	tst.w	r3, #2
 8003298:	f040 809a 	bne.w	80033d0 <HAL_RCC_OscConfig+0x180>
          if((HAL_GetTick() - tickstart) > MSI_TIMEOUT_VALUE)
 800329c:	f7fe fd34 	bl	8001d08 <HAL_GetTick>
 80032a0:	1bc0      	subs	r0, r0, r7
 80032a2:	2802      	cmp	r0, #2
 80032a4:	d9f4      	bls.n	8003290 <HAL_RCC_OscConfig+0x40>
            return HAL_TIMEOUT;
 80032a6:	2003      	movs	r0, #3
 80032a8:	e2fc      	b.n	80038a4 <HAL_RCC_OscConfig+0x654>
       ((sysclk_source == RCC_CFGR_SWS_PLL) && (pll_config == RCC_PLLSOURCE_MSI)))
 80032aa:	2e01      	cmp	r6, #1
 80032ac:	d1e4      	bne.n	8003278 <HAL_RCC_OscConfig+0x28>
      if((READ_BIT(RCC->CR, RCC_CR_MSIRDY) != 0U) && (RCC_OscInitStruct->MSIState == RCC_MSI_OFF))
 80032ae:	4b82      	ldr	r3, [pc, #520]	@ (80034b8 <HAL_RCC_OscConfig+0x268>)
 80032b0:	681b      	ldr	r3, [r3, #0]
 80032b2:	f013 0f02 	tst.w	r3, #2
 80032b6:	d003      	beq.n	80032c0 <HAL_RCC_OscConfig+0x70>
 80032b8:	69a3      	ldr	r3, [r4, #24]
 80032ba:	2b00      	cmp	r3, #0
 80032bc:	f000 82e9 	beq.w	8003892 <HAL_RCC_OscConfig+0x642>
        if(RCC_OscInitStruct->MSIClockRange > __HAL_RCC_GET_MSI_RANGE())
 80032c0:	6a20      	ldr	r0, [r4, #32]
 80032c2:	4b7d      	ldr	r3, [pc, #500]	@ (80034b8 <HAL_RCC_OscConfig+0x268>)
 80032c4:	681b      	ldr	r3, [r3, #0]
 80032c6:	f013 0f08 	tst.w	r3, #8
 80032ca:	d05b      	beq.n	8003384 <HAL_RCC_OscConfig+0x134>
 80032cc:	4b7a      	ldr	r3, [pc, #488]	@ (80034b8 <HAL_RCC_OscConfig+0x268>)
 80032ce:	681b      	ldr	r3, [r3, #0]
 80032d0:	f003 03f0 	and.w	r3, r3, #240	@ 0xf0
 80032d4:	4298      	cmp	r0, r3
 80032d6:	d85c      	bhi.n	8003392 <HAL_RCC_OscConfig+0x142>
          __HAL_RCC_MSI_RANGE_CONFIG(RCC_OscInitStruct->MSIClockRange);
 80032d8:	4b77      	ldr	r3, [pc, #476]	@ (80034b8 <HAL_RCC_OscConfig+0x268>)
 80032da:	681a      	ldr	r2, [r3, #0]
 80032dc:	f042 0208 	orr.w	r2, r2, #8
 80032e0:	601a      	str	r2, [r3, #0]
 80032e2:	681a      	ldr	r2, [r3, #0]
 80032e4:	f022 02f0 	bic.w	r2, r2, #240	@ 0xf0
 80032e8:	6a21      	ldr	r1, [r4, #32]
 80032ea:	430a      	orrs	r2, r1
 80032ec:	601a      	str	r2, [r3, #0]
          __HAL_RCC_MSI_CALIBRATIONVALUE_ADJUST(RCC_OscInitStruct->MSICalibrationValue);
 80032ee:	685a      	ldr	r2, [r3, #4]
 80032f0:	f422 427f 	bic.w	r2, r2, #65280	@ 0xff00
 80032f4:	69e1      	ldr	r1, [r4, #28]
 80032f6:	ea42 2201 	orr.w	r2, r2, r1, lsl #8
 80032fa:	605a      	str	r2, [r3, #4]
          if(sysclk_source == RCC_CFGR_SWS_MSI)
 80032fc:	2d00      	cmp	r5, #0
 80032fe:	d060      	beq.n	80033c2 <HAL_RCC_OscConfig+0x172>
        SystemCoreClock = HAL_RCC_GetSysClockFreq() >> (AHBPrescTable[READ_BIT(RCC->CFGR, RCC_CFGR_HPRE) >> RCC_CFGR_HPRE_Pos] & 0x1FU);
 8003300:	f7ff ff4c 	bl	800319c <HAL_RCC_GetSysClockFreq>
 8003304:	4b6c      	ldr	r3, [pc, #432]	@ (80034b8 <HAL_RCC_OscConfig+0x268>)
 8003306:	689b      	ldr	r3, [r3, #8]
 8003308:	f3c3 1303 	ubfx	r3, r3, #4, #4
 800330c:	4a6b      	ldr	r2, [pc, #428]	@ (80034bc <HAL_RCC_OscConfig+0x26c>)
 800330e:	5cd3      	ldrb	r3, [r2, r3]
 8003310:	f003 031f 	and.w	r3, r3, #31
 8003314:	40d8      	lsrs	r0, r3
 8003316:	4b6a      	ldr	r3, [pc, #424]	@ (80034c0 <HAL_RCC_OscConfig+0x270>)
 8003318:	6018      	str	r0, [r3, #0]
        status = HAL_InitTick(uwTickPrio);
 800331a:	4b6a      	ldr	r3, [pc, #424]	@ (80034c4 <HAL_RCC_OscConfig+0x274>)
 800331c:	6818      	ldr	r0, [r3, #0]
 800331e:	f7fe fcaf 	bl	8001c80 <HAL_InitTick>
        if(status != HAL_OK)
 8003322:	2800      	cmp	r0, #0
 8003324:	f040 82be 	bne.w	80038a4 <HAL_RCC_OscConfig+0x654>
  if(((RCC_OscInitStruct->OscillatorType) & RCC_OSCILLATORTYPE_HSE) == RCC_OSCILLATORTYPE_HSE)
 8003328:	6823      	ldr	r3, [r4, #0]
 800332a:	f013 0f01 	tst.w	r3, #1
 800332e:	f000 8081 	beq.w	8003434 <HAL_RCC_OscConfig+0x1e4>
    if((sysclk_source == RCC_CFGR_SWS_HSE) ||
 8003332:	2d08      	cmp	r5, #8
 8003334:	d075      	beq.n	8003422 <HAL_RCC_OscConfig+0x1d2>
 8003336:	2d0c      	cmp	r5, #12
 8003338:	d071      	beq.n	800341e <HAL_RCC_OscConfig+0x1ce>
      __HAL_RCC_HSE_CONFIG(RCC_OscInitStruct->HSEState);
 800333a:	6863      	ldr	r3, [r4, #4]
 800333c:	f5b3 3f80 	cmp.w	r3, #65536	@ 0x10000
 8003340:	f000 8097 	beq.w	8003472 <HAL_RCC_OscConfig+0x222>
 8003344:	f5b3 2fa0 	cmp.w	r3, #327680	@ 0x50000
 8003348:	f000 8099 	beq.w	800347e <HAL_RCC_OscConfig+0x22e>
 800334c:	4b5a      	ldr	r3, [pc, #360]	@ (80034b8 <HAL_RCC_OscConfig+0x268>)
 800334e:	681a      	ldr	r2, [r3, #0]
 8003350:	f422 3280 	bic.w	r2, r2, #65536	@ 0x10000
 8003354:	601a      	str	r2, [r3, #0]
 8003356:	681a      	ldr	r2, [r3, #0]
 8003358:	f422 2280 	bic.w	r2, r2, #262144	@ 0x40000
 800335c:	601a      	str	r2, [r3, #0]
      if(RCC_OscInitStruct->HSEState != RCC_HSE_OFF)
 800335e:	6863      	ldr	r3, [r4, #4]
 8003360:	2b00      	cmp	r3, #0
 8003362:	f000 8099 	beq.w	8003498 <HAL_RCC_OscConfig+0x248>
        tickstart = HAL_GetTick();
 8003366:	f7fe fccf 	bl	8001d08 <HAL_GetTick>
 800336a:	4607      	mov	r7, r0
        while(READ_BIT(RCC->CR, RCC_CR_HSERDY) == 0U)
 800336c:	4b52      	ldr	r3, [pc, #328]	@ (80034b8 <HAL_RCC_OscConfig+0x268>)
 800336e:	681b      	ldr	r3, [r3, #0]
 8003370:	f413 3f00 	tst.w	r3, #131072	@ 0x20000
 8003374:	d15e      	bne.n	8003434 <HAL_RCC_OscConfig+0x1e4>
          if((HAL_GetTick() - tickstart) > HSE_TIMEOUT_VALUE)
 8003376:	f7fe fcc7 	bl	8001d08 <HAL_GetTick>
 800337a:	1bc0      	subs	r0, r0, r7
 800337c:	2864      	cmp	r0, #100	@ 0x64
 800337e:	d9f5      	bls.n	800336c <HAL_RCC_OscConfig+0x11c>
            return HAL_TIMEOUT;
 8003380:	2003      	movs	r0, #3
 8003382:	e28f      	b.n	80038a4 <HAL_RCC_OscConfig+0x654>
        if(RCC_OscInitStruct->MSIClockRange > __HAL_RCC_GET_MSI_RANGE())
 8003384:	4b4c      	ldr	r3, [pc, #304]	@ (80034b8 <HAL_RCC_OscConfig+0x268>)
 8003386:	f8d3 3094 	ldr.w	r3, [r3, #148]	@ 0x94
 800338a:	091b      	lsrs	r3, r3, #4
 800338c:	f003 03f0 	and.w	r3, r3, #240	@ 0xf0
 8003390:	e7a0      	b.n	80032d4 <HAL_RCC_OscConfig+0x84>
          if(RCC_SetFlashLatencyFromMSIRange(RCC_OscInitStruct->MSIClockRange) != HAL_OK)
 8003392:	f7ff febb 	bl	800310c <RCC_SetFlashLatencyFromMSIRange>
 8003396:	2800      	cmp	r0, #0
 8003398:	f040 827d 	bne.w	8003896 <HAL_RCC_OscConfig+0x646>
          __HAL_RCC_MSI_RANGE_CONFIG(RCC_OscInitStruct->MSIClockRange);
 800339c:	4b46      	ldr	r3, [pc, #280]	@ (80034b8 <HAL_RCC_OscConfig+0x268>)
 800339e:	681a      	ldr	r2, [r3, #0]
 80033a0:	f042 0208 	orr.w	r2, r2, #8
 80033a4:	601a      	str	r2, [r3, #0]
 80033a6:	681a      	ldr	r2, [r3, #0]
 80033a8:	f022 02f0 	bic.w	r2, r2, #240	@ 0xf0
 80033ac:	6a21      	ldr	r1, [r4, #32]
 80033ae:	430a      	orrs	r2, r1
 80033b0:	601a      	str	r2, [r3, #0]
          __HAL_RCC_MSI_CALIBRATIONVALUE_ADJUST(RCC_OscInitStruct->MSICalibrationValue);
 80033b2:	685a      	ldr	r2, [r3, #4]
 80033b4:	f422 427f 	bic.w	r2, r2, #65280	@ 0xff00
 80033b8:	69e1      	ldr	r1, [r4, #28]
 80033ba:	ea42 2201 	orr.w	r2, r2, r1, lsl #8
 80033be:	605a      	str	r2, [r3, #4]
 80033c0:	e79e      	b.n	8003300 <HAL_RCC_OscConfig+0xb0>
            if(RCC_SetFlashLatencyFromMSIRange(RCC_OscInitStruct->MSIClockRange) != HAL_OK)
 80033c2:	6a20      	ldr	r0, [r4, #32]
 80033c4:	f7ff fea2 	bl	800310c <RCC_SetFlashLatencyFromMSIRange>
 80033c8:	2800      	cmp	r0, #0
 80033ca:	d099      	beq.n	8003300 <HAL_RCC_OscConfig+0xb0>
              return HAL_ERROR;
 80033cc:	2001      	movs	r0, #1
 80033ce:	e269      	b.n	80038a4 <HAL_RCC_OscConfig+0x654>
        __HAL_RCC_MSI_RANGE_CONFIG(RCC_OscInitStruct->MSIClockRange);
 80033d0:	4b39      	ldr	r3, [pc, #228]	@ (80034b8 <HAL_RCC_OscConfig+0x268>)
 80033d2:	681a      	ldr	r2, [r3, #0]
 80033d4:	f042 0208 	orr.w	r2, r2, #8
 80033d8:	601a      	str	r2, [r3, #0]
 80033da:	681a      	ldr	r2, [r3, #0]
 80033dc:	f022 02f0 	bic.w	r2, r2, #240	@ 0xf0
 80033e0:	6a21      	ldr	r1, [r4, #32]
 80033e2:	430a      	orrs	r2, r1
 80033e4:	601a      	str	r2, [r3, #0]
        __HAL_RCC_MSI_CALIBRATIONVALUE_ADJUST(RCC_OscInitStruct->MSICalibrationValue);
 80033e6:	685a      	ldr	r2, [r3, #4]
 80033e8:	f422 427f 	bic.w	r2, r2, #65280	@ 0xff00
 80033ec:	69e1      	ldr	r1, [r4, #28]
 80033ee:	ea42 2201 	orr.w	r2, r2, r1, lsl #8
 80033f2:	605a      	str	r2, [r3, #4]
 80033f4:	e798      	b.n	8003328 <HAL_RCC_OscConfig+0xd8>
        __HAL_RCC_MSI_DISABLE();
 80033f6:	4a30      	ldr	r2, [pc, #192]	@ (80034b8 <HAL_RCC_OscConfig+0x268>)
 80033f8:	6813      	ldr	r3, [r2, #0]
 80033fa:	f023 0301 	bic.w	r3, r3, #1
 80033fe:	6013      	str	r3, [r2, #0]
        tickstart = HAL_GetTick();
 8003400:	f7fe fc82 	bl	8001d08 <HAL_GetTick>
 8003404:	4607      	mov	r7, r0
        while(READ_BIT(RCC->CR, RCC_CR_MSIRDY) != 0U)
 8003406:	4b2c      	ldr	r3, [pc, #176]	@ (80034b8 <HAL_RCC_OscConfig+0x268>)
 8003408:	681b      	ldr	r3, [r3, #0]
 800340a:	f013 0f02 	tst.w	r3, #2
 800340e:	d08b      	beq.n	8003328 <HAL_RCC_OscConfig+0xd8>
          if((HAL_GetTick() - tickstart) > MSI_TIMEOUT_VALUE)
 8003410:	f7fe fc7a 	bl	8001d08 <HAL_GetTick>
 8003414:	1bc0      	subs	r0, r0, r7
 8003416:	2802      	cmp	r0, #2
 8003418:	d9f5      	bls.n	8003406 <HAL_RCC_OscConfig+0x1b6>
            return HAL_TIMEOUT;
 800341a:	2003      	movs	r0, #3
 800341c:	e242      	b.n	80038a4 <HAL_RCC_OscConfig+0x654>
       ((sysclk_source == RCC_CFGR_SWS_PLL) && (pll_config == RCC_PLLSOURCE_HSE)))
 800341e:	2e03      	cmp	r6, #3
 8003420:	d18b      	bne.n	800333a <HAL_RCC_OscConfig+0xea>
      if((READ_BIT(RCC->CR, RCC_CR_HSERDY) != 0U) && (RCC_OscInitStruct->HSEState == RCC_HSE_OFF))
 8003422:	4b25      	ldr	r3, [pc, #148]	@ (80034b8 <HAL_RCC_OscConfig+0x268>)
 8003424:	681b      	ldr	r3, [r3, #0]
 8003426:	f413 3f00 	tst.w	r3, #131072	@ 0x20000
 800342a:	d003      	beq.n	8003434 <HAL_RCC_OscConfig+0x1e4>
 800342c:	6863      	ldr	r3, [r4, #4]
 800342e:	2b00      	cmp	r3, #0
 8003430:	f000 8233 	beq.w	800389a <HAL_RCC_OscConfig+0x64a>
  if(((RCC_OscInitStruct->OscillatorType) & RCC_OSCILLATORTYPE_HSI) == RCC_OSCILLATORTYPE_HSI)
 8003434:	6823      	ldr	r3, [r4, #0]
 8003436:	f013 0f02 	tst.w	r3, #2
 800343a:	d058      	beq.n	80034ee <HAL_RCC_OscConfig+0x29e>
    if((sysclk_source == RCC_CFGR_SWS_HSI) ||
 800343c:	2d04      	cmp	r5, #4
 800343e:	d045      	beq.n	80034cc <HAL_RCC_OscConfig+0x27c>
 8003440:	2d0c      	cmp	r5, #12
 8003442:	d041      	beq.n	80034c8 <HAL_RCC_OscConfig+0x278>
      if(RCC_OscInitStruct->HSIState != RCC_HSI_OFF)
 8003444:	68e3      	ldr	r3, [r4, #12]
 8003446:	2b00      	cmp	r3, #0
 8003448:	d077      	beq.n	800353a <HAL_RCC_OscConfig+0x2ea>
        __HAL_RCC_HSI_ENABLE();
 800344a:	4a1b      	ldr	r2, [pc, #108]	@ (80034b8 <HAL_RCC_OscConfig+0x268>)
 800344c:	6813      	ldr	r3, [r2, #0]
 800344e:	f443 7380 	orr.w	r3, r3, #256	@ 0x100
 8003452:	6013      	str	r3, [r2, #0]
        tickstart = HAL_GetTick();
 8003454:	f7fe fc58 	bl	8001d08 <HAL_GetTick>
 8003458:	4606      	mov	r6, r0
        while(READ_BIT(RCC->CR, RCC_CR_HSIRDY) == 0U)
 800345a:	4b17      	ldr	r3, [pc, #92]	@ (80034b8 <HAL_RCC_OscConfig+0x268>)
 800345c:	681b      	ldr	r3, [r3, #0]
 800345e:	f413 6f80 	tst.w	r3, #1024	@ 0x400
 8003462:	d161      	bne.n	8003528 <HAL_RCC_OscConfig+0x2d8>
          if((HAL_GetTick() - tickstart) > HSI_TIMEOUT_VALUE)
 8003464:	f7fe fc50 	bl	8001d08 <HAL_GetTick>
 8003468:	1b80      	subs	r0, r0, r6
 800346a:	2802      	cmp	r0, #2
 800346c:	d9f5      	bls.n	800345a <HAL_RCC_OscConfig+0x20a>
            return HAL_TIMEOUT;
 800346e:	2003      	movs	r0, #3
 8003470:	e218      	b.n	80038a4 <HAL_RCC_OscConfig+0x654>
      __HAL_RCC_HSE_CONFIG(RCC_OscInitStruct->HSEState);
 8003472:	4a11      	ldr	r2, [pc, #68]	@ (80034b8 <HAL_RCC_OscConfig+0x268>)
 8003474:	6813      	ldr	r3, [r2, #0]
 8003476:	f443 3380 	orr.w	r3, r3, #65536	@ 0x10000
 800347a:	6013      	str	r3, [r2, #0]
 800347c:	e76f      	b.n	800335e <HAL_RCC_OscConfig+0x10e>
 800347e:	f103 4380 	add.w	r3, r3, #1073741824	@ 0x40000000
 8003482:	f5a3 333c 	sub.w	r3, r3, #192512	@ 0x2f000
 8003486:	681a      	ldr	r2, [r3, #0]
 8003488:	f442 2280 	orr.w	r2, r2, #262144	@ 0x40000
 800348c:	601a      	str	r2, [r3, #0]
 800348e:	681a      	ldr	r2, [r3, #0]
 8003490:	f442 3280 	orr.w	r2, r2, #65536	@ 0x10000
 8003494:	601a      	str	r2, [r3, #0]
 8003496:	e762      	b.n	800335e <HAL_RCC_OscConfig+0x10e>
        tickstart = HAL_GetTick();
 8003498:	f7fe fc36 	bl	8001d08 <HAL_GetTick>
 800349c:	4607      	mov	r7, r0
        while(READ_BIT(RCC->CR, RCC_CR_HSERDY) != 0U)
 800349e:	4b06      	ldr	r3, [pc, #24]	@ (80034b8 <HAL_RCC_OscConfig+0x268>)
 80034a0:	681b      	ldr	r3, [r3, #0]
 80034a2:	f413 3f00 	tst.w	r3, #131072	@ 0x20000
 80034a6:	d0c5      	beq.n	8003434 <HAL_RCC_OscConfig+0x1e4>
          if((HAL_GetTick() - tickstart) > HSE_TIMEOUT_VALUE)
 80034a8:	f7fe fc2e 	bl	8001d08 <HAL_GetTick>
 80034ac:	1bc0      	subs	r0, r0, r7
 80034ae:	2864      	cmp	r0, #100	@ 0x64
 80034b0:	d9f5      	bls.n	800349e <HAL_RCC_OscConfig+0x24e>
            return HAL_TIMEOUT;
 80034b2:	2003      	movs	r0, #3
 80034b4:	e1f6      	b.n	80038a4 <HAL_RCC_OscConfig+0x654>
 80034b6:	bf00      	nop
 80034b8:	40021000 	.word	0x40021000
 80034bc:	08006170 	.word	0x08006170
 80034c0:	20000018 	.word	0x20000018
 80034c4:	20000014 	.word	0x20000014
       ((sysclk_source == RCC_CFGR_SWS_PLL) && (pll_config == RCC_PLLSOURCE_HSI)))
 80034c8:	2e02      	cmp	r6, #2
 80034ca:	d1bb      	bne.n	8003444 <HAL_RCC_OscConfig+0x1f4>
      if((READ_BIT(RCC->CR, RCC_CR_HSIRDY) != 0U) && (RCC_OscInitStruct->HSIState == RCC_HSI_OFF))
 80034cc:	4ba4      	ldr	r3, [pc, #656]	@ (8003760 <HAL_RCC_OscConfig+0x510>)
 80034ce:	681b      	ldr	r3, [r3, #0]
 80034d0:	f413 6f80 	tst.w	r3, #1024	@ 0x400
 80034d4:	d003      	beq.n	80034de <HAL_RCC_OscConfig+0x28e>
 80034d6:	68e3      	ldr	r3, [r4, #12]
 80034d8:	2b00      	cmp	r3, #0
 80034da:	f000 81e0 	beq.w	800389e <HAL_RCC_OscConfig+0x64e>
        __HAL_RCC_HSI_CALIBRATIONVALUE_ADJUST(RCC_OscInitStruct->HSICalibrationValue);
 80034de:	4aa0      	ldr	r2, [pc, #640]	@ (8003760 <HAL_RCC_OscConfig+0x510>)
 80034e0:	6853      	ldr	r3, [r2, #4]
 80034e2:	f023 53f8 	bic.w	r3, r3, #520093696	@ 0x1f000000
 80034e6:	6921      	ldr	r1, [r4, #16]
 80034e8:	ea43 6301 	orr.w	r3, r3, r1, lsl #24
 80034ec:	6053      	str	r3, [r2, #4]
  if(((RCC_OscInitStruct->OscillatorType) & RCC_OSCILLATORTYPE_LSI) == RCC_OSCILLATORTYPE_LSI)
 80034ee:	6823      	ldr	r3, [r4, #0]
 80034f0:	f013 0f08 	tst.w	r3, #8
 80034f4:	d04c      	beq.n	8003590 <HAL_RCC_OscConfig+0x340>
    if(RCC_OscInitStruct->LSIState != RCC_LSI_OFF)
 80034f6:	6963      	ldr	r3, [r4, #20]
 80034f8:	b39b      	cbz	r3, 8003562 <HAL_RCC_OscConfig+0x312>
      __HAL_RCC_LSI_ENABLE();
 80034fa:	4a99      	ldr	r2, [pc, #612]	@ (8003760 <HAL_RCC_OscConfig+0x510>)
 80034fc:	f8d2 3094 	ldr.w	r3, [r2, #148]	@ 0x94
 8003500:	f043 0301 	orr.w	r3, r3, #1
 8003504:	f8c2 3094 	str.w	r3, [r2, #148]	@ 0x94
      tickstart = HAL_GetTick();
 8003508:	f7fe fbfe 	bl	8001d08 <HAL_GetTick>
 800350c:	4606      	mov	r6, r0
      while(READ_BIT(RCC->CSR, RCC_CSR_LSIRDY) == 0U)
 800350e:	4b94      	ldr	r3, [pc, #592]	@ (8003760 <HAL_RCC_OscConfig+0x510>)
 8003510:	f8d3 3094 	ldr.w	r3, [r3, #148]	@ 0x94
 8003514:	f013 0f02 	tst.w	r3, #2
 8003518:	d13a      	bne.n	8003590 <HAL_RCC_OscConfig+0x340>
        if((HAL_GetTick() - tickstart) > LSI_TIMEOUT_VALUE)
 800351a:	f7fe fbf5 	bl	8001d08 <HAL_GetTick>
 800351e:	1b80      	subs	r0, r0, r6
 8003520:	2802      	cmp	r0, #2
 8003522:	d9f4      	bls.n	800350e <HAL_RCC_OscConfig+0x2be>
          return HAL_TIMEOUT;
 8003524:	2003      	movs	r0, #3
 8003526:	e1bd      	b.n	80038a4 <HAL_RCC_OscConfig+0x654>
        __HAL_RCC_HSI_CALIBRATIONVALUE_ADJUST(RCC_OscInitStruct->HSICalibrationValue);
 8003528:	4a8d      	ldr	r2, [pc, #564]	@ (8003760 <HAL_RCC_OscConfig+0x510>)
 800352a:	6853      	ldr	r3, [r2, #4]
 800352c:	f023 53f8 	bic.w	r3, r3, #520093696	@ 0x1f000000
 8003530:	6921      	ldr	r1, [r4, #16]
 8003532:	ea43 6301 	orr.w	r3, r3, r1, lsl #24
 8003536:	6053      	str	r3, [r2, #4]
 8003538:	e7d9      	b.n	80034ee <HAL_RCC_OscConfig+0x29e>
        __HAL_RCC_HSI_DISABLE();
 800353a:	4a89      	ldr	r2, [pc, #548]	@ (8003760 <HAL_RCC_OscConfig+0x510>)
 800353c:	6813      	ldr	r3, [r2, #0]
 800353e:	f423 7380 	bic.w	r3, r3, #256	@ 0x100
 8003542:	6013      	str	r3, [r2, #0]
        tickstart = HAL_GetTick();
 8003544:	f7fe fbe0 	bl	8001d08 <HAL_GetTick>
 8003548:	4606      	mov	r6, r0
        while(READ_BIT(RCC->CR, RCC_CR_HSIRDY) != 0U)
 800354a:	4b85      	ldr	r3, [pc, #532]	@ (8003760 <HAL_RCC_OscConfig+0x510>)
 800354c:	681b      	ldr	r3, [r3, #0]
 800354e:	f413 6f80 	tst.w	r3, #1024	@ 0x400
 8003552:	d0cc      	beq.n	80034ee <HAL_RCC_OscConfig+0x29e>
          if((HAL_GetTick() - tickstart) > HSI_TIMEOUT_VALUE)
 8003554:	f7fe fbd8 	bl	8001d08 <HAL_GetTick>
 8003558:	1b80      	subs	r0, r0, r6
 800355a:	2802      	cmp	r0, #2
 800355c:	d9f5      	bls.n	800354a <HAL_RCC_OscConfig+0x2fa>
            return HAL_TIMEOUT;
 800355e:	2003      	movs	r0, #3
 8003560:	e1a0      	b.n	80038a4 <HAL_RCC_OscConfig+0x654>
      __HAL_RCC_LSI_DISABLE();
 8003562:	4a7f      	ldr	r2, [pc, #508]	@ (8003760 <HAL_RCC_OscConfig+0x510>)
 8003564:	f8d2 3094 	ldr.w	r3, [r2, #148]	@ 0x94
 8003568:	f023 0301 	bic.w	r3, r3, #1
 800356c:	f8c2 3094 	str.w	r3, [r2, #148]	@ 0x94
      tickstart = HAL_GetTick();
 8003570:	f7fe fbca 	bl	8001d08 <HAL_GetTick>
 8003574:	4606      	mov	r6, r0
      while(READ_BIT(RCC->CSR, RCC_CSR_LSIRDY) != 0U)
 8003576:	4b7a      	ldr	r3, [pc, #488]	@ (8003760 <HAL_RCC_OscConfig+0x510>)
 8003578:	f8d3 3094 	ldr.w	r3, [r3, #148]	@ 0x94
 800357c:	f013 0f02 	tst.w	r3, #2
 8003580:	d006      	beq.n	8003590 <HAL_RCC_OscConfig+0x340>
        if((HAL_GetTick() - tickstart) > LSI_TIMEOUT_VALUE)
 8003582:	f7fe fbc1 	bl	8001d08 <HAL_GetTick>
 8003586:	1b80      	subs	r0, r0, r6
 8003588:	2802      	cmp	r0, #2
 800358a:	d9f4      	bls.n	8003576 <HAL_RCC_OscConfig+0x326>
          return HAL_TIMEOUT;
 800358c:	2003      	movs	r0, #3
 800358e:	e189      	b.n	80038a4 <HAL_RCC_OscConfig+0x654>
  if(((RCC_OscInitStruct->OscillatorType) & RCC_OSCILLATORTYPE_LSE) == RCC_OSCILLATORTYPE_LSE)
 8003590:	6823      	ldr	r3, [r4, #0]
 8003592:	f013 0f04 	tst.w	r3, #4
 8003596:	d07a      	beq.n	800368e <HAL_RCC_OscConfig+0x43e>
    if(HAL_IS_BIT_CLR(RCC->APB1ENR1, RCC_APB1ENR1_PWREN))
 8003598:	4b71      	ldr	r3, [pc, #452]	@ (8003760 <HAL_RCC_OscConfig+0x510>)
 800359a:	6d9b      	ldr	r3, [r3, #88]	@ 0x58
 800359c:	f013 5f80 	tst.w	r3, #268435456	@ 0x10000000
 80035a0:	d136      	bne.n	8003610 <HAL_RCC_OscConfig+0x3c0>
      __HAL_RCC_PWR_CLK_ENABLE();
 80035a2:	4b6f      	ldr	r3, [pc, #444]	@ (8003760 <HAL_RCC_OscConfig+0x510>)
 80035a4:	6d9a      	ldr	r2, [r3, #88]	@ 0x58
 80035a6:	f042 5280 	orr.w	r2, r2, #268435456	@ 0x10000000
 80035aa:	659a      	str	r2, [r3, #88]	@ 0x58
 80035ac:	6d9b      	ldr	r3, [r3, #88]	@ 0x58
 80035ae:	f003 5380 	and.w	r3, r3, #268435456	@ 0x10000000
 80035b2:	9301      	str	r3, [sp, #4]
 80035b4:	9b01      	ldr	r3, [sp, #4]
      pwrclkchanged = SET;
 80035b6:	2601      	movs	r6, #1
    if(HAL_IS_BIT_CLR(PWR->CR1, PWR_CR1_DBP))
 80035b8:	4b6a      	ldr	r3, [pc, #424]	@ (8003764 <HAL_RCC_OscConfig+0x514>)
 80035ba:	681b      	ldr	r3, [r3, #0]
 80035bc:	f413 7f80 	tst.w	r3, #256	@ 0x100
 80035c0:	d028      	beq.n	8003614 <HAL_RCC_OscConfig+0x3c4>
    __HAL_RCC_LSE_CONFIG(RCC_OscInitStruct->LSEState);
 80035c2:	68a3      	ldr	r3, [r4, #8]
 80035c4:	2b01      	cmp	r3, #1
 80035c6:	d039      	beq.n	800363c <HAL_RCC_OscConfig+0x3ec>
 80035c8:	2b05      	cmp	r3, #5
 80035ca:	d03f      	beq.n	800364c <HAL_RCC_OscConfig+0x3fc>
 80035cc:	4b64      	ldr	r3, [pc, #400]	@ (8003760 <HAL_RCC_OscConfig+0x510>)
 80035ce:	f8d3 2090 	ldr.w	r2, [r3, #144]	@ 0x90
 80035d2:	f022 0201 	bic.w	r2, r2, #1
 80035d6:	f8c3 2090 	str.w	r2, [r3, #144]	@ 0x90
 80035da:	f8d3 2090 	ldr.w	r2, [r3, #144]	@ 0x90
 80035de:	f022 0204 	bic.w	r2, r2, #4
 80035e2:	f8c3 2090 	str.w	r2, [r3, #144]	@ 0x90
    if(RCC_OscInitStruct->LSEState != RCC_LSE_OFF)
 80035e6:	68a3      	ldr	r3, [r4, #8]
 80035e8:	2b00      	cmp	r3, #0
 80035ea:	d03d      	beq.n	8003668 <HAL_RCC_OscConfig+0x418>
      tickstart = HAL_GetTick();
 80035ec:	f7fe fb8c 	bl	8001d08 <HAL_GetTick>
 80035f0:	4607      	mov	r7, r0
      while(READ_BIT(RCC->BDCR, RCC_BDCR_LSERDY) == 0U)
 80035f2:	4b5b      	ldr	r3, [pc, #364]	@ (8003760 <HAL_RCC_OscConfig+0x510>)
 80035f4:	f8d3 3090 	ldr.w	r3, [r3, #144]	@ 0x90
 80035f8:	f013 0f02 	tst.w	r3, #2
 80035fc:	d146      	bne.n	800368c <HAL_RCC_OscConfig+0x43c>
        if((HAL_GetTick() - tickstart) > RCC_LSE_TIMEOUT_VALUE)
 80035fe:	f7fe fb83 	bl	8001d08 <HAL_GetTick>
 8003602:	1bc0      	subs	r0, r0, r7
 8003604:	f241 3388 	movw	r3, #5000	@ 0x1388
 8003608:	4298      	cmp	r0, r3
 800360a:	d9f2      	bls.n	80035f2 <HAL_RCC_OscConfig+0x3a2>
          return HAL_TIMEOUT;
 800360c:	2003      	movs	r0, #3
 800360e:	e149      	b.n	80038a4 <HAL_RCC_OscConfig+0x654>
    FlagStatus       pwrclkchanged = RESET;
 8003610:	2600      	movs	r6, #0
 8003612:	e7d1      	b.n	80035b8 <HAL_RCC_OscConfig+0x368>
      SET_BIT(PWR->CR1, PWR_CR1_DBP);
 8003614:	4a53      	ldr	r2, [pc, #332]	@ (8003764 <HAL_RCC_OscConfig+0x514>)
 8003616:	6813      	ldr	r3, [r2, #0]
 8003618:	f443 7380 	orr.w	r3, r3, #256	@ 0x100
 800361c:	6013      	str	r3, [r2, #0]
      tickstart = HAL_GetTick();
 800361e:	f7fe fb73 	bl	8001d08 <HAL_GetTick>
 8003622:	4607      	mov	r7, r0
      while(HAL_IS_BIT_CLR(PWR->CR1, PWR_CR1_DBP))
 8003624:	4b4f      	ldr	r3, [pc, #316]	@ (8003764 <HAL_RCC_OscConfig+0x514>)
 8003626:	681b      	ldr	r3, [r3, #0]
 8003628:	f413 7f80 	tst.w	r3, #256	@ 0x100
 800362c:	d1c9      	bne.n	80035c2 <HAL_RCC_OscConfig+0x372>
        if((HAL_GetTick() - tickstart) > RCC_DBP_TIMEOUT_VALUE)
 800362e:	f7fe fb6b 	bl	8001d08 <HAL_GetTick>
 8003632:	1bc0      	subs	r0, r0, r7
 8003634:	2802      	cmp	r0, #2
 8003636:	d9f5      	bls.n	8003624 <HAL_RCC_OscConfig+0x3d4>
          return HAL_TIMEOUT;
 8003638:	2003      	movs	r0, #3
 800363a:	e133      	b.n	80038a4 <HAL_RCC_OscConfig+0x654>
    __HAL_RCC_LSE_CONFIG(RCC_OscInitStruct->LSEState);
 800363c:	4a48      	ldr	r2, [pc, #288]	@ (8003760 <HAL_RCC_OscConfig+0x510>)
 800363e:	f8d2 3090 	ldr.w	r3, [r2, #144]	@ 0x90
 8003642:	f043 0301 	orr.w	r3, r3, #1
 8003646:	f8c2 3090 	str.w	r3, [r2, #144]	@ 0x90
 800364a:	e7cc      	b.n	80035e6 <HAL_RCC_OscConfig+0x396>
 800364c:	4b44      	ldr	r3, [pc, #272]	@ (8003760 <HAL_RCC_OscConfig+0x510>)
 800364e:	f8d3 2090 	ldr.w	r2, [r3, #144]	@ 0x90
 8003652:	f042 0204 	orr.w	r2, r2, #4
 8003656:	f8c3 2090 	str.w	r2, [r3, #144]	@ 0x90
 800365a:	f8d3 2090 	ldr.w	r2, [r3, #144]	@ 0x90
 800365e:	f042 0201 	orr.w	r2, r2, #1
 8003662:	f8c3 2090 	str.w	r2, [r3, #144]	@ 0x90
 8003666:	e7be      	b.n	80035e6 <HAL_RCC_OscConfig+0x396>
      tickstart = HAL_GetTick();
 8003668:	f7fe fb4e 	bl	8001d08 <HAL_GetTick>
 800366c:	4607      	mov	r7, r0
      while(READ_BIT(RCC->BDCR, RCC_BDCR_LSERDY) != 0U)
 800366e:	4b3c      	ldr	r3, [pc, #240]	@ (8003760 <HAL_RCC_OscConfig+0x510>)
 8003670:	f8d3 3090 	ldr.w	r3, [r3, #144]	@ 0x90
 8003674:	f013 0f02 	tst.w	r3, #2
 8003678:	d008      	beq.n	800368c <HAL_RCC_OscConfig+0x43c>
        if((HAL_GetTick() - tickstart) > RCC_LSE_TIMEOUT_VALUE)
 800367a:	f7fe fb45 	bl	8001d08 <HAL_GetTick>
 800367e:	1bc0      	subs	r0, r0, r7
 8003680:	f241 3388 	movw	r3, #5000	@ 0x1388
 8003684:	4298      	cmp	r0, r3
 8003686:	d9f2      	bls.n	800366e <HAL_RCC_OscConfig+0x41e>
          return HAL_TIMEOUT;
 8003688:	2003      	movs	r0, #3
 800368a:	e10b      	b.n	80038a4 <HAL_RCC_OscConfig+0x654>
    if(pwrclkchanged == SET)
 800368c:	b9e6      	cbnz	r6, 80036c8 <HAL_RCC_OscConfig+0x478>
  if(((RCC_OscInitStruct->OscillatorType) & RCC_OSCILLATORTYPE_HSI48) == RCC_OSCILLATORTYPE_HSI48)
 800368e:	6823      	ldr	r3, [r4, #0]
 8003690:	f013 0f20 	tst.w	r3, #32
 8003694:	d035      	beq.n	8003702 <HAL_RCC_OscConfig+0x4b2>
    if(RCC_OscInitStruct->HSI48State != RCC_HSI48_OFF)
 8003696:	6a63      	ldr	r3, [r4, #36]	@ 0x24
 8003698:	b1e3      	cbz	r3, 80036d4 <HAL_RCC_OscConfig+0x484>
      __HAL_RCC_HSI48_ENABLE();
 800369a:	4a31      	ldr	r2, [pc, #196]	@ (8003760 <HAL_RCC_OscConfig+0x510>)
 800369c:	f8d2 3098 	ldr.w	r3, [r2, #152]	@ 0x98
 80036a0:	f043 0301 	orr.w	r3, r3, #1
 80036a4:	f8c2 3098 	str.w	r3, [r2, #152]	@ 0x98
      tickstart = HAL_GetTick();
 80036a8:	f7fe fb2e 	bl	8001d08 <HAL_GetTick>
 80036ac:	4606      	mov	r6, r0
      while(READ_BIT(RCC->CRRCR, RCC_CRRCR_HSI48RDY) == 0U)
 80036ae:	4b2c      	ldr	r3, [pc, #176]	@ (8003760 <HAL_RCC_OscConfig+0x510>)
 80036b0:	f8d3 3098 	ldr.w	r3, [r3, #152]	@ 0x98
 80036b4:	f013 0f02 	tst.w	r3, #2
 80036b8:	d123      	bne.n	8003702 <HAL_RCC_OscConfig+0x4b2>
        if((HAL_GetTick() - tickstart) > HSI48_TIMEOUT_VALUE)
 80036ba:	f7fe fb25 	bl	8001d08 <HAL_GetTick>
 80036be:	1b80      	subs	r0, r0, r6
 80036c0:	2802      	cmp	r0, #2
 80036c2:	d9f4      	bls.n	80036ae <HAL_RCC_OscConfig+0x45e>
          return HAL_TIMEOUT;
 80036c4:	2003      	movs	r0, #3
 80036c6:	e0ed      	b.n	80038a4 <HAL_RCC_OscConfig+0x654>
      __HAL_RCC_PWR_CLK_DISABLE();
 80036c8:	4a25      	ldr	r2, [pc, #148]	@ (8003760 <HAL_RCC_OscConfig+0x510>)
 80036ca:	6d93      	ldr	r3, [r2, #88]	@ 0x58
 80036cc:	f023 5380 	bic.w	r3, r3, #268435456	@ 0x10000000
 80036d0:	6593      	str	r3, [r2, #88]	@ 0x58
 80036d2:	e7dc      	b.n	800368e <HAL_RCC_OscConfig+0x43e>
      __HAL_RCC_HSI48_DISABLE();
 80036d4:	4a22      	ldr	r2, [pc, #136]	@ (8003760 <HAL_RCC_OscConfig+0x510>)
 80036d6:	f8d2 3098 	ldr.w	r3, [r2, #152]	@ 0x98
 80036da:	f023 0301 	bic.w	r3, r3, #1
 80036de:	f8c2 3098 	str.w	r3, [r2, #152]	@ 0x98
      tickstart = HAL_GetTick();
 80036e2:	f7fe fb11 	bl	8001d08 <HAL_GetTick>
 80036e6:	4606      	mov	r6, r0
      while(READ_BIT(RCC->CRRCR, RCC_CRRCR_HSI48RDY) != 0U)
 80036e8:	4b1d      	ldr	r3, [pc, #116]	@ (8003760 <HAL_RCC_OscConfig+0x510>)
 80036ea:	f8d3 3098 	ldr.w	r3, [r3, #152]	@ 0x98
 80036ee:	f013 0f02 	tst.w	r3, #2
 80036f2:	d006      	beq.n	8003702 <HAL_RCC_OscConfig+0x4b2>
        if((HAL_GetTick() - tickstart) > HSI48_TIMEOUT_VALUE)
 80036f4:	f7fe fb08 	bl	8001d08 <HAL_GetTick>
 80036f8:	1b80      	subs	r0, r0, r6
 80036fa:	2802      	cmp	r0, #2
 80036fc:	d9f4      	bls.n	80036e8 <HAL_RCC_OscConfig+0x498>
          return HAL_TIMEOUT;
 80036fe:	2003      	movs	r0, #3
 8003700:	e0d0      	b.n	80038a4 <HAL_RCC_OscConfig+0x654>
  if(RCC_OscInitStruct->PLL.PLLState != RCC_PLL_NONE)
 8003702:	6aa3      	ldr	r3, [r4, #40]	@ 0x28
 8003704:	2b00      	cmp	r3, #0
 8003706:	f000 80cc 	beq.w	80038a2 <HAL_RCC_OscConfig+0x652>
    if(RCC_OscInitStruct->PLL.PLLState == RCC_PLL_ON)
 800370a:	2b02      	cmp	r3, #2
 800370c:	d017      	beq.n	800373e <HAL_RCC_OscConfig+0x4ee>
      if(sysclk_source != RCC_CFGR_SWS_PLL)
 800370e:	2d0c      	cmp	r5, #12
 8003710:	f000 80cc 	beq.w	80038ac <HAL_RCC_OscConfig+0x65c>
        __HAL_RCC_PLL_DISABLE();
 8003714:	4a12      	ldr	r2, [pc, #72]	@ (8003760 <HAL_RCC_OscConfig+0x510>)
 8003716:	6813      	ldr	r3, [r2, #0]
 8003718:	f023 7380 	bic.w	r3, r3, #16777216	@ 0x1000000
 800371c:	6013      	str	r3, [r2, #0]
        tickstart = HAL_GetTick();
 800371e:	f7fe faf3 	bl	8001d08 <HAL_GetTick>
 8003722:	4604      	mov	r4, r0
        while(READ_BIT(RCC->CR, RCC_CR_PLLRDY) != 0U)
 8003724:	4b0e      	ldr	r3, [pc, #56]	@ (8003760 <HAL_RCC_OscConfig+0x510>)
 8003726:	681b      	ldr	r3, [r3, #0]
 8003728:	f013 7f00 	tst.w	r3, #33554432	@ 0x2000000
 800372c:	f000 80a8 	beq.w	8003880 <HAL_RCC_OscConfig+0x630>
          if((HAL_GetTick() - tickstart) > PLL_TIMEOUT_VALUE)
 8003730:	f7fe faea 	bl	8001d08 <HAL_GetTick>
 8003734:	1b00      	subs	r0, r0, r4
 8003736:	2802      	cmp	r0, #2
 8003738:	d9f4      	bls.n	8003724 <HAL_RCC_OscConfig+0x4d4>
            return HAL_TIMEOUT;
 800373a:	2003      	movs	r0, #3
 800373c:	e0b2      	b.n	80038a4 <HAL_RCC_OscConfig+0x654>
      pll_config = RCC->PLLCFGR;
 800373e:	4b08      	ldr	r3, [pc, #32]	@ (8003760 <HAL_RCC_OscConfig+0x510>)
 8003740:	68db      	ldr	r3, [r3, #12]
      if((READ_BIT(pll_config, RCC_PLLCFGR_PLLSRC)  != RCC_OscInitStruct->PLL.PLLSource) ||
 8003742:	f003 0103 	and.w	r1, r3, #3
 8003746:	6ae2      	ldr	r2, [r4, #44]	@ 0x2c
 8003748:	4291      	cmp	r1, r2
 800374a:	d00d      	beq.n	8003768 <HAL_RCC_OscConfig+0x518>
        if(sysclk_source != RCC_CFGR_SWS_PLL)
 800374c:	2d0c      	cmp	r5, #12
 800374e:	f000 80ab 	beq.w	80038a8 <HAL_RCC_OscConfig+0x658>
          if((READ_BIT(RCC->CR, RCC_CR_PLLSAI1ON) != 0U)
 8003752:	4b03      	ldr	r3, [pc, #12]	@ (8003760 <HAL_RCC_OscConfig+0x510>)
 8003754:	681b      	ldr	r3, [r3, #0]
 8003756:	f013 6f80 	tst.w	r3, #67108864	@ 0x4000000
 800375a:	d02f      	beq.n	80037bc <HAL_RCC_OscConfig+0x56c>
            return HAL_ERROR;
 800375c:	2001      	movs	r0, #1
 800375e:	e0a1      	b.n	80038a4 <HAL_RCC_OscConfig+0x654>
 8003760:	40021000 	.word	0x40021000
 8003764:	40007000 	.word	0x40007000
         (READ_BIT(pll_config, RCC_PLLCFGR_PLLM)    != ((RCC_OscInitStruct->PLL.PLLM - 1U) << RCC_PLLCFGR_PLLM_Pos)) ||
 8003768:	f003 0270 	and.w	r2, r3, #112	@ 0x70
 800376c:	6b21      	ldr	r1, [r4, #48]	@ 0x30
 800376e:	3901      	subs	r1, #1
      if((READ_BIT(pll_config, RCC_PLLCFGR_PLLSRC)  != RCC_OscInitStruct->PLL.PLLSource) ||
 8003770:	ebb2 1f01 	cmp.w	r2, r1, lsl #4
 8003774:	d1ea      	bne.n	800374c <HAL_RCC_OscConfig+0x4fc>
         (READ_BIT(pll_config, RCC_PLLCFGR_PLLN)    != (RCC_OscInitStruct->PLL.PLLN << RCC_PLLCFGR_PLLN_Pos)) ||
 8003776:	f403 42fe 	and.w	r2, r3, #32512	@ 0x7f00
 800377a:	6b61      	ldr	r1, [r4, #52]	@ 0x34
         (READ_BIT(pll_config, RCC_PLLCFGR_PLLM)    != ((RCC_OscInitStruct->PLL.PLLM - 1U) << RCC_PLLCFGR_PLLM_Pos)) ||
 800377c:	ebb2 2f01 	cmp.w	r2, r1, lsl #8
 8003780:	d1e4      	bne.n	800374c <HAL_RCC_OscConfig+0x4fc>
         (READ_BIT(pll_config, RCC_PLLCFGR_PLLPDIV) != (RCC_OscInitStruct->PLL.PLLP << RCC_PLLCFGR_PLLPDIV_Pos)) ||
 8003782:	f003 4278 	and.w	r2, r3, #4160749568	@ 0xf8000000
 8003786:	6ba1      	ldr	r1, [r4, #56]	@ 0x38
         (READ_BIT(pll_config, RCC_PLLCFGR_PLLN)    != (RCC_OscInitStruct->PLL.PLLN << RCC_PLLCFGR_PLLN_Pos)) ||
 8003788:	ebb2 6fc1 	cmp.w	r2, r1, lsl #27
 800378c:	d1de      	bne.n	800374c <HAL_RCC_OscConfig+0x4fc>
         (READ_BIT(pll_config, RCC_PLLCFGR_PLLQ)    != ((((RCC_OscInitStruct->PLL.PLLQ) >> 1U) - 1U) << RCC_PLLCFGR_PLLQ_Pos)) ||
 800378e:	f403 01c0 	and.w	r1, r3, #6291456	@ 0x600000
 8003792:	6be2      	ldr	r2, [r4, #60]	@ 0x3c
 8003794:	0852      	lsrs	r2, r2, #1
 8003796:	3a01      	subs	r2, #1
         (READ_BIT(pll_config, RCC_PLLCFGR_PLLPDIV) != (RCC_OscInitStruct->PLL.PLLP << RCC_PLLCFGR_PLLPDIV_Pos)) ||
 8003798:	ebb1 5f42 	cmp.w	r1, r2, lsl #21
 800379c:	d1d6      	bne.n	800374c <HAL_RCC_OscConfig+0x4fc>
         (READ_BIT(pll_config, RCC_PLLCFGR_PLLR)    != ((((RCC_OscInitStruct->PLL.PLLR) >> 1U) - 1U) << RCC_PLLCFGR_PLLR_Pos)))
 800379e:	f003 63c0 	and.w	r3, r3, #100663296	@ 0x6000000
 80037a2:	6c22      	ldr	r2, [r4, #64]	@ 0x40
 80037a4:	0852      	lsrs	r2, r2, #1
 80037a6:	3a01      	subs	r2, #1
         (READ_BIT(pll_config, RCC_PLLCFGR_PLLQ)    != ((((RCC_OscInitStruct->PLL.PLLQ) >> 1U) - 1U) << RCC_PLLCFGR_PLLQ_Pos)) ||
 80037a8:	ebb3 6f42 	cmp.w	r3, r2, lsl #25
 80037ac:	d1ce      	bne.n	800374c <HAL_RCC_OscConfig+0x4fc>
        if(READ_BIT(RCC->CR, RCC_CR_PLLRDY) == 0U)
 80037ae:	4b40      	ldr	r3, [pc, #256]	@ (80038b0 <HAL_RCC_OscConfig+0x660>)
 80037b0:	681b      	ldr	r3, [r3, #0]
 80037b2:	f013 7f00 	tst.w	r3, #33554432	@ 0x2000000
 80037b6:	d049      	beq.n	800384c <HAL_RCC_OscConfig+0x5fc>
  return HAL_OK;
 80037b8:	2000      	movs	r0, #0
 80037ba:	e073      	b.n	80038a4 <HAL_RCC_OscConfig+0x654>
            __HAL_RCC_PLL_DISABLE();
 80037bc:	4a3c      	ldr	r2, [pc, #240]	@ (80038b0 <HAL_RCC_OscConfig+0x660>)
 80037be:	6813      	ldr	r3, [r2, #0]
 80037c0:	f023 7380 	bic.w	r3, r3, #16777216	@ 0x1000000
 80037c4:	6013      	str	r3, [r2, #0]
            tickstart = HAL_GetTick();
 80037c6:	f7fe fa9f 	bl	8001d08 <HAL_GetTick>
 80037ca:	4605      	mov	r5, r0
            while(READ_BIT(RCC->CR, RCC_CR_PLLRDY) != 0U)
 80037cc:	4b38      	ldr	r3, [pc, #224]	@ (80038b0 <HAL_RCC_OscConfig+0x660>)
 80037ce:	681b      	ldr	r3, [r3, #0]
 80037d0:	f013 7f00 	tst.w	r3, #33554432	@ 0x2000000
 80037d4:	d006      	beq.n	80037e4 <HAL_RCC_OscConfig+0x594>
              if((HAL_GetTick() - tickstart) > PLL_TIMEOUT_VALUE)
 80037d6:	f7fe fa97 	bl	8001d08 <HAL_GetTick>
 80037da:	1b40      	subs	r0, r0, r5
 80037dc:	2802      	cmp	r0, #2
 80037de:	d9f5      	bls.n	80037cc <HAL_RCC_OscConfig+0x57c>
                return HAL_TIMEOUT;
 80037e0:	2003      	movs	r0, #3
 80037e2:	e05f      	b.n	80038a4 <HAL_RCC_OscConfig+0x654>
            __HAL_RCC_PLL_CONFIG(RCC_OscInitStruct->PLL.PLLSource,
 80037e4:	4a32      	ldr	r2, [pc, #200]	@ (80038b0 <HAL_RCC_OscConfig+0x660>)
 80037e6:	68d3      	ldr	r3, [r2, #12]
 80037e8:	4932      	ldr	r1, [pc, #200]	@ (80038b4 <HAL_RCC_OscConfig+0x664>)
 80037ea:	4019      	ands	r1, r3
 80037ec:	6ae3      	ldr	r3, [r4, #44]	@ 0x2c
 80037ee:	6b20      	ldr	r0, [r4, #48]	@ 0x30
 80037f0:	3801      	subs	r0, #1
 80037f2:	ea43 1300 	orr.w	r3, r3, r0, lsl #4
 80037f6:	6b60      	ldr	r0, [r4, #52]	@ 0x34
 80037f8:	ea43 2300 	orr.w	r3, r3, r0, lsl #8
 80037fc:	6be0      	ldr	r0, [r4, #60]	@ 0x3c
 80037fe:	0840      	lsrs	r0, r0, #1
 8003800:	3801      	subs	r0, #1
 8003802:	ea43 5340 	orr.w	r3, r3, r0, lsl #21
 8003806:	6c20      	ldr	r0, [r4, #64]	@ 0x40
 8003808:	0840      	lsrs	r0, r0, #1
 800380a:	3801      	subs	r0, #1
 800380c:	ea43 6340 	orr.w	r3, r3, r0, lsl #25
 8003810:	6ba0      	ldr	r0, [r4, #56]	@ 0x38
 8003812:	ea43 63c0 	orr.w	r3, r3, r0, lsl #27
 8003816:	4319      	orrs	r1, r3
 8003818:	60d1      	str	r1, [r2, #12]
            __HAL_RCC_PLL_ENABLE();
 800381a:	6813      	ldr	r3, [r2, #0]
 800381c:	f043 7380 	orr.w	r3, r3, #16777216	@ 0x1000000
 8003820:	6013      	str	r3, [r2, #0]
            __HAL_RCC_PLLCLKOUT_ENABLE(RCC_PLL_SYSCLK);
 8003822:	68d3      	ldr	r3, [r2, #12]
 8003824:	f043 7380 	orr.w	r3, r3, #16777216	@ 0x1000000
 8003828:	60d3      	str	r3, [r2, #12]
            tickstart = HAL_GetTick();
 800382a:	f7fe fa6d 	bl	8001d08 <HAL_GetTick>
 800382e:	4604      	mov	r4, r0
            while(READ_BIT(RCC->CR, RCC_CR_PLLRDY) == 0U)
 8003830:	4b1f      	ldr	r3, [pc, #124]	@ (80038b0 <HAL_RCC_OscConfig+0x660>)
 8003832:	681b      	ldr	r3, [r3, #0]
 8003834:	f013 7f00 	tst.w	r3, #33554432	@ 0x2000000
 8003838:	d106      	bne.n	8003848 <HAL_RCC_OscConfig+0x5f8>
              if((HAL_GetTick() - tickstart) > PLL_TIMEOUT_VALUE)
 800383a:	f7fe fa65 	bl	8001d08 <HAL_GetTick>
 800383e:	1b00      	subs	r0, r0, r4
 8003840:	2802      	cmp	r0, #2
 8003842:	d9f5      	bls.n	8003830 <HAL_RCC_OscConfig+0x5e0>
                return HAL_TIMEOUT;
 8003844:	2003      	movs	r0, #3
 8003846:	e02d      	b.n	80038a4 <HAL_RCC_OscConfig+0x654>
  return HAL_OK;
 8003848:	2000      	movs	r0, #0
 800384a:	e02b      	b.n	80038a4 <HAL_RCC_OscConfig+0x654>
          __HAL_RCC_PLL_ENABLE();
 800384c:	4b18      	ldr	r3, [pc, #96]	@ (80038b0 <HAL_RCC_OscConfig+0x660>)
 800384e:	681a      	ldr	r2, [r3, #0]
 8003850:	f042 7280 	orr.w	r2, r2, #16777216	@ 0x1000000
 8003854:	601a      	str	r2, [r3, #0]
          __HAL_RCC_PLLCLKOUT_ENABLE(RCC_PLL_SYSCLK);
 8003856:	68da      	ldr	r2, [r3, #12]
 8003858:	f042 7280 	orr.w	r2, r2, #16777216	@ 0x1000000
 800385c:	60da      	str	r2, [r3, #12]
          tickstart = HAL_GetTick();
 800385e:	f7fe fa53 	bl	8001d08 <HAL_GetTick>
 8003862:	4604      	mov	r4, r0
          while(READ_BIT(RCC->CR, RCC_CR_PLLRDY) == 0U)
 8003864:	4b12      	ldr	r3, [pc, #72]	@ (80038b0 <HAL_RCC_OscConfig+0x660>)
 8003866:	681b      	ldr	r3, [r3, #0]
 8003868:	f013 7f00 	tst.w	r3, #33554432	@ 0x2000000
 800386c:	d106      	bne.n	800387c <HAL_RCC_OscConfig+0x62c>
            if((HAL_GetTick() - tickstart) > PLL_TIMEOUT_VALUE)
 800386e:	f7fe fa4b 	bl	8001d08 <HAL_GetTick>
 8003872:	1b03      	subs	r3, r0, r4
 8003874:	2b02      	cmp	r3, #2
 8003876:	d9f5      	bls.n	8003864 <HAL_RCC_OscConfig+0x614>
              return HAL_TIMEOUT;
 8003878:	2003      	movs	r0, #3
 800387a:	e013      	b.n	80038a4 <HAL_RCC_OscConfig+0x654>
  return HAL_OK;
 800387c:	2000      	movs	r0, #0
 800387e:	e011      	b.n	80038a4 <HAL_RCC_OscConfig+0x654>
        RCC->PLLCFGR &= ~(RCC_PLLCFGR_PLLSRC | RCC_PLL_SYSCLK | RCC_PLL_48M1CLK | RCC_PLL_SAI2CLK);
 8003880:	4a0b      	ldr	r2, [pc, #44]	@ (80038b0 <HAL_RCC_OscConfig+0x660>)
 8003882:	68d1      	ldr	r1, [r2, #12]
 8003884:	4b0c      	ldr	r3, [pc, #48]	@ (80038b8 <HAL_RCC_OscConfig+0x668>)
 8003886:	400b      	ands	r3, r1
 8003888:	60d3      	str	r3, [r2, #12]
  return HAL_OK;
 800388a:	2000      	movs	r0, #0
 800388c:	e00a      	b.n	80038a4 <HAL_RCC_OscConfig+0x654>
    return HAL_ERROR;
 800388e:	2001      	movs	r0, #1
}
 8003890:	4770      	bx	lr
        return HAL_ERROR;
 8003892:	2001      	movs	r0, #1
 8003894:	e006      	b.n	80038a4 <HAL_RCC_OscConfig+0x654>
            return HAL_ERROR;
 8003896:	2001      	movs	r0, #1
 8003898:	e004      	b.n	80038a4 <HAL_RCC_OscConfig+0x654>
        return HAL_ERROR;
 800389a:	2001      	movs	r0, #1
 800389c:	e002      	b.n	80038a4 <HAL_RCC_OscConfig+0x654>
        return HAL_ERROR;
 800389e:	2001      	movs	r0, #1
 80038a0:	e000      	b.n	80038a4 <HAL_RCC_OscConfig+0x654>
  return HAL_OK;
 80038a2:	2000      	movs	r0, #0
}
 80038a4:	b003      	add	sp, #12
 80038a6:	bdf0      	pop	{r4, r5, r6, r7, pc}
          return HAL_ERROR;
 80038a8:	2001      	movs	r0, #1
 80038aa:	e7fb      	b.n	80038a4 <HAL_RCC_OscConfig+0x654>
        return HAL_ERROR;
 80038ac:	2001      	movs	r0, #1
 80038ae:	e7f9      	b.n	80038a4 <HAL_RCC_OscConfig+0x654>
 80038b0:	40021000 	.word	0x40021000
 80038b4:	019d808c 	.word	0x019d808c
 80038b8:	feeefffc 	.word	0xfeeefffc

080038bc <HAL_RCC_ClockConfig>:
  if(RCC_ClkInitStruct == NULL)
 80038bc:	2800      	cmp	r0, #0
 80038be:	f000 80af 	beq.w	8003a20 <HAL_RCC_ClockConfig+0x164>
{
 80038c2:	b570      	push	{r4, r5, r6, lr}
 80038c4:	460d      	mov	r5, r1
 80038c6:	4604      	mov	r4, r0
  if(FLatency > __HAL_FLASH_GET_LATENCY())
 80038c8:	4b59      	ldr	r3, [pc, #356]	@ (8003a30 <HAL_RCC_ClockConfig+0x174>)
 80038ca:	681b      	ldr	r3, [r3, #0]
 80038cc:	f003 0307 	and.w	r3, r3, #7
 80038d0:	428b      	cmp	r3, r1
 80038d2:	d20b      	bcs.n	80038ec <HAL_RCC_ClockConfig+0x30>
    __HAL_FLASH_SET_LATENCY(FLatency);
 80038d4:	4a56      	ldr	r2, [pc, #344]	@ (8003a30 <HAL_RCC_ClockConfig+0x174>)
 80038d6:	6813      	ldr	r3, [r2, #0]
 80038d8:	f023 0307 	bic.w	r3, r3, #7
 80038dc:	430b      	orrs	r3, r1
 80038de:	6013      	str	r3, [r2, #0]
    if(__HAL_FLASH_GET_LATENCY() != FLatency)
 80038e0:	6813      	ldr	r3, [r2, #0]
 80038e2:	f003 0307 	and.w	r3, r3, #7
 80038e6:	428b      	cmp	r3, r1
 80038e8:	f040 809c 	bne.w	8003a24 <HAL_RCC_ClockConfig+0x168>
  if(((RCC_ClkInitStruct->ClockType) & RCC_CLOCKTYPE_HCLK) == RCC_CLOCKTYPE_HCLK)
 80038ec:	6823      	ldr	r3, [r4, #0]
 80038ee:	f013 0f02 	tst.w	r3, #2
 80038f2:	d00c      	beq.n	800390e <HAL_RCC_ClockConfig+0x52>
    if(RCC_ClkInitStruct->AHBCLKDivider > READ_BIT(RCC->CFGR, RCC_CFGR_HPRE))
 80038f4:	68a2      	ldr	r2, [r4, #8]
 80038f6:	4b4f      	ldr	r3, [pc, #316]	@ (8003a34 <HAL_RCC_ClockConfig+0x178>)
 80038f8:	689b      	ldr	r3, [r3, #8]
 80038fa:	f003 03f0 	and.w	r3, r3, #240	@ 0xf0
 80038fe:	429a      	cmp	r2, r3
 8003900:	d905      	bls.n	800390e <HAL_RCC_ClockConfig+0x52>
      MODIFY_REG(RCC->CFGR, RCC_CFGR_HPRE, RCC_ClkInitStruct->AHBCLKDivider);
 8003902:	494c      	ldr	r1, [pc, #304]	@ (8003a34 <HAL_RCC_ClockConfig+0x178>)
 8003904:	688b      	ldr	r3, [r1, #8]
 8003906:	f023 03f0 	bic.w	r3, r3, #240	@ 0xf0
 800390a:	431a      	orrs	r2, r3
 800390c:	608a      	str	r2, [r1, #8]
  if(((RCC_ClkInitStruct->ClockType) & RCC_CLOCKTYPE_SYSCLK) == RCC_CLOCKTYPE_SYSCLK)
 800390e:	6823      	ldr	r3, [r4, #0]
 8003910:	f013 0f01 	tst.w	r3, #1
 8003914:	d039      	beq.n	800398a <HAL_RCC_ClockConfig+0xce>
    if(RCC_ClkInitStruct->SYSCLKSource == RCC_SYSCLKSOURCE_PLLCLK)
 8003916:	6863      	ldr	r3, [r4, #4]
 8003918:	2b03      	cmp	r3, #3
 800391a:	d009      	beq.n	8003930 <HAL_RCC_ClockConfig+0x74>
      if(RCC_ClkInitStruct->SYSCLKSource == RCC_SYSCLKSOURCE_HSE)
 800391c:	2b02      	cmp	r3, #2
 800391e:	d026      	beq.n	800396e <HAL_RCC_ClockConfig+0xb2>
      else if(RCC_ClkInitStruct->SYSCLKSource == RCC_SYSCLKSOURCE_MSI)
 8003920:	bb63      	cbnz	r3, 800397c <HAL_RCC_ClockConfig+0xc0>
        if(READ_BIT(RCC->CR, RCC_CR_MSIRDY) == 0U)
 8003922:	4a44      	ldr	r2, [pc, #272]	@ (8003a34 <HAL_RCC_ClockConfig+0x178>)
 8003924:	6812      	ldr	r2, [r2, #0]
 8003926:	f012 0f02 	tst.w	r2, #2
 800392a:	d106      	bne.n	800393a <HAL_RCC_ClockConfig+0x7e>
          return HAL_ERROR;
 800392c:	2001      	movs	r0, #1
 800392e:	e076      	b.n	8003a1e <HAL_RCC_ClockConfig+0x162>
      if(READ_BIT(RCC->CR, RCC_CR_PLLRDY) == 0U)
 8003930:	4a40      	ldr	r2, [pc, #256]	@ (8003a34 <HAL_RCC_ClockConfig+0x178>)
 8003932:	6812      	ldr	r2, [r2, #0]
 8003934:	f012 7f00 	tst.w	r2, #33554432	@ 0x2000000
 8003938:	d076      	beq.n	8003a28 <HAL_RCC_ClockConfig+0x16c>
    MODIFY_REG(RCC->CFGR, RCC_CFGR_SW, RCC_ClkInitStruct->SYSCLKSource);
 800393a:	493e      	ldr	r1, [pc, #248]	@ (8003a34 <HAL_RCC_ClockConfig+0x178>)
 800393c:	688a      	ldr	r2, [r1, #8]
 800393e:	f022 0203 	bic.w	r2, r2, #3
 8003942:	4313      	orrs	r3, r2
 8003944:	608b      	str	r3, [r1, #8]
    tickstart = HAL_GetTick();
 8003946:	f7fe f9df 	bl	8001d08 <HAL_GetTick>
 800394a:	4606      	mov	r6, r0
    while(__HAL_RCC_GET_SYSCLK_SOURCE() != (RCC_ClkInitStruct->SYSCLKSource << RCC_CFGR_SWS_Pos))
 800394c:	4b39      	ldr	r3, [pc, #228]	@ (8003a34 <HAL_RCC_ClockConfig+0x178>)
 800394e:	689b      	ldr	r3, [r3, #8]
 8003950:	f003 030c 	and.w	r3, r3, #12
 8003954:	6862      	ldr	r2, [r4, #4]
 8003956:	ebb3 0f82 	cmp.w	r3, r2, lsl #2
 800395a:	d016      	beq.n	800398a <HAL_RCC_ClockConfig+0xce>
      if((HAL_GetTick() - tickstart) > CLOCKSWITCH_TIMEOUT_VALUE)
 800395c:	f7fe f9d4 	bl	8001d08 <HAL_GetTick>
 8003960:	1b80      	subs	r0, r0, r6
 8003962:	f241 3388 	movw	r3, #5000	@ 0x1388
 8003966:	4298      	cmp	r0, r3
 8003968:	d9f0      	bls.n	800394c <HAL_RCC_ClockConfig+0x90>
        return HAL_TIMEOUT;
 800396a:	2003      	movs	r0, #3
 800396c:	e057      	b.n	8003a1e <HAL_RCC_ClockConfig+0x162>
        if(READ_BIT(RCC->CR, RCC_CR_HSERDY) == 0U)
 800396e:	4a31      	ldr	r2, [pc, #196]	@ (8003a34 <HAL_RCC_ClockConfig+0x178>)
 8003970:	6812      	ldr	r2, [r2, #0]
 8003972:	f412 3f00 	tst.w	r2, #131072	@ 0x20000
 8003976:	d1e0      	bne.n	800393a <HAL_RCC_ClockConfig+0x7e>
          return HAL_ERROR;
 8003978:	2001      	movs	r0, #1
 800397a:	e050      	b.n	8003a1e <HAL_RCC_ClockConfig+0x162>
        if(READ_BIT(RCC->CR, RCC_CR_HSIRDY) == 0U)
 800397c:	4a2d      	ldr	r2, [pc, #180]	@ (8003a34 <HAL_RCC_ClockConfig+0x178>)
 800397e:	6812      	ldr	r2, [r2, #0]
 8003980:	f412 6f80 	tst.w	r2, #1024	@ 0x400
 8003984:	d1d9      	bne.n	800393a <HAL_RCC_ClockConfig+0x7e>
          return HAL_ERROR;
 8003986:	2001      	movs	r0, #1
 8003988:	e049      	b.n	8003a1e <HAL_RCC_ClockConfig+0x162>
  if(((RCC_ClkInitStruct->ClockType) & RCC_CLOCKTYPE_HCLK) == RCC_CLOCKTYPE_HCLK)
 800398a:	6823      	ldr	r3, [r4, #0]
 800398c:	f013 0f02 	tst.w	r3, #2
 8003990:	d00c      	beq.n	80039ac <HAL_RCC_ClockConfig+0xf0>
    if(RCC_ClkInitStruct->AHBCLKDivider < READ_BIT(RCC->CFGR, RCC_CFGR_HPRE))
 8003992:	68a2      	ldr	r2, [r4, #8]
 8003994:	4b27      	ldr	r3, [pc, #156]	@ (8003a34 <HAL_RCC_ClockConfig+0x178>)
 8003996:	689b      	ldr	r3, [r3, #8]
 8003998:	f003 03f0 	and.w	r3, r3, #240	@ 0xf0
 800399c:	429a      	cmp	r2, r3
 800399e:	d205      	bcs.n	80039ac <HAL_RCC_ClockConfig+0xf0>
      MODIFY_REG(RCC->CFGR, RCC_CFGR_HPRE, RCC_ClkInitStruct->AHBCLKDivider);
 80039a0:	4924      	ldr	r1, [pc, #144]	@ (8003a34 <HAL_RCC_ClockConfig+0x178>)
 80039a2:	688b      	ldr	r3, [r1, #8]
 80039a4:	f023 03f0 	bic.w	r3, r3, #240	@ 0xf0
 80039a8:	431a      	orrs	r2, r3
 80039aa:	608a      	str	r2, [r1, #8]
  if(FLatency < __HAL_FLASH_GET_LATENCY())
 80039ac:	4b20      	ldr	r3, [pc, #128]	@ (8003a30 <HAL_RCC_ClockConfig+0x174>)
 80039ae:	681b      	ldr	r3, [r3, #0]
 80039b0:	f003 0307 	and.w	r3, r3, #7
 80039b4:	42ab      	cmp	r3, r5
 80039b6:	d90a      	bls.n	80039ce <HAL_RCC_ClockConfig+0x112>
    __HAL_FLASH_SET_LATENCY(FLatency);
 80039b8:	4a1d      	ldr	r2, [pc, #116]	@ (8003a30 <HAL_RCC_ClockConfig+0x174>)
 80039ba:	6813      	ldr	r3, [r2, #0]
 80039bc:	f023 0307 	bic.w	r3, r3, #7
 80039c0:	432b      	orrs	r3, r5
 80039c2:	6013      	str	r3, [r2, #0]
    if(__HAL_FLASH_GET_LATENCY() != FLatency)
 80039c4:	6813      	ldr	r3, [r2, #0]
 80039c6:	f003 0307 	and.w	r3, r3, #7
 80039ca:	42ab      	cmp	r3, r5
 80039cc:	d12e      	bne.n	8003a2c <HAL_RCC_ClockConfig+0x170>
  if(((RCC_ClkInitStruct->ClockType) & RCC_CLOCKTYPE_PCLK1) == RCC_CLOCKTYPE_PCLK1)
 80039ce:	6823      	ldr	r3, [r4, #0]
 80039d0:	f013 0f04 	tst.w	r3, #4
 80039d4:	d006      	beq.n	80039e4 <HAL_RCC_ClockConfig+0x128>
    MODIFY_REG(RCC->CFGR, RCC_CFGR_PPRE1, RCC_ClkInitStruct->APB1CLKDivider);
 80039d6:	4a17      	ldr	r2, [pc, #92]	@ (8003a34 <HAL_RCC_ClockConfig+0x178>)
 80039d8:	6893      	ldr	r3, [r2, #8]
 80039da:	f423 63e0 	bic.w	r3, r3, #1792	@ 0x700
 80039de:	68e1      	ldr	r1, [r4, #12]
 80039e0:	430b      	orrs	r3, r1
 80039e2:	6093      	str	r3, [r2, #8]
  if(((RCC_ClkInitStruct->ClockType) & RCC_CLOCKTYPE_PCLK2) == RCC_CLOCKTYPE_PCLK2)
 80039e4:	6823      	ldr	r3, [r4, #0]
 80039e6:	f013 0f08 	tst.w	r3, #8
 80039ea:	d007      	beq.n	80039fc <HAL_RCC_ClockConfig+0x140>
    MODIFY_REG(RCC->CFGR, RCC_CFGR_PPRE2, ((RCC_ClkInitStruct->APB2CLKDivider) << 3U));
 80039ec:	4a11      	ldr	r2, [pc, #68]	@ (8003a34 <HAL_RCC_ClockConfig+0x178>)
 80039ee:	6893      	ldr	r3, [r2, #8]
 80039f0:	f423 5360 	bic.w	r3, r3, #14336	@ 0x3800
 80039f4:	6921      	ldr	r1, [r4, #16]
 80039f6:	ea43 03c1 	orr.w	r3, r3, r1, lsl #3
 80039fa:	6093      	str	r3, [r2, #8]
  SystemCoreClock = HAL_RCC_GetSysClockFreq() >> (AHBPrescTable[READ_BIT(RCC->CFGR, RCC_CFGR_HPRE) >> RCC_CFGR_HPRE_Pos] & 0x1FU);
 80039fc:	f7ff fbce 	bl	800319c <HAL_RCC_GetSysClockFreq>
 8003a00:	4b0c      	ldr	r3, [pc, #48]	@ (8003a34 <HAL_RCC_ClockConfig+0x178>)
 8003a02:	689b      	ldr	r3, [r3, #8]
 8003a04:	f3c3 1303 	ubfx	r3, r3, #4, #4
 8003a08:	4a0b      	ldr	r2, [pc, #44]	@ (8003a38 <HAL_RCC_ClockConfig+0x17c>)
 8003a0a:	5cd3      	ldrb	r3, [r2, r3]
 8003a0c:	f003 031f 	and.w	r3, r3, #31
 8003a10:	40d8      	lsrs	r0, r3
 8003a12:	4b0a      	ldr	r3, [pc, #40]	@ (8003a3c <HAL_RCC_ClockConfig+0x180>)
 8003a14:	6018      	str	r0, [r3, #0]
  status = HAL_InitTick(uwTickPrio);
 8003a16:	4b0a      	ldr	r3, [pc, #40]	@ (8003a40 <HAL_RCC_ClockConfig+0x184>)
 8003a18:	6818      	ldr	r0, [r3, #0]
 8003a1a:	f7fe f931 	bl	8001c80 <HAL_InitTick>
}
 8003a1e:	bd70      	pop	{r4, r5, r6, pc}
    return HAL_ERROR;
 8003a20:	2001      	movs	r0, #1
}
 8003a22:	4770      	bx	lr
      return HAL_ERROR;
 8003a24:	2001      	movs	r0, #1
 8003a26:	e7fa      	b.n	8003a1e <HAL_RCC_ClockConfig+0x162>
        return HAL_ERROR;
 8003a28:	2001      	movs	r0, #1
 8003a2a:	e7f8      	b.n	8003a1e <HAL_RCC_ClockConfig+0x162>
      return HAL_ERROR;
 8003a2c:	2001      	movs	r0, #1
 8003a2e:	e7f6      	b.n	8003a1e <HAL_RCC_ClockConfig+0x162>
 8003a30:	40022000 	.word	0x40022000
 8003a34:	40021000 	.word	0x40021000
 8003a38:	08006170 	.word	0x08006170
 8003a3c:	20000018 	.word	0x20000018
 8003a40:	20000014 	.word	0x20000014

08003a44 <RCCEx_PLLSAI1_Config>:
  * @note   PLLSAI1 is temporary disable to apply new parameters
  *
  * @retval HAL status
  */
static HAL_StatusTypeDef RCCEx_PLLSAI1_Config(RCC_PLLSAI1InitTypeDef *PllSai1, uint32_t Divider)
{
 8003a44:	b5f8      	push	{r3, r4, r5, r6, r7, lr}
 8003a46:	4604      	mov	r4, r0
 8003a48:	460d      	mov	r5, r1
  assert_param(IS_RCC_PLLSAI1M_VALUE(PllSai1->PLLSAI1M));
  assert_param(IS_RCC_PLLSAI1N_VALUE(PllSai1->PLLSAI1N));
  assert_param(IS_RCC_PLLSAI1CLOCKOUT_VALUE(PllSai1->PLLSAI1ClockOut));

  /* Check that PLLSAI1 clock source and divider M can be applied */
  if(__HAL_RCC_GET_PLL_OSCSOURCE() != RCC_PLLSOURCE_NONE)
 8003a4a:	4b59      	ldr	r3, [pc, #356]	@ (8003bb0 <RCCEx_PLLSAI1_Config+0x16c>)
 8003a4c:	68db      	ldr	r3, [r3, #12]
 8003a4e:	f013 0f03 	tst.w	r3, #3
 8003a52:	d018      	beq.n	8003a86 <RCCEx_PLLSAI1_Config+0x42>
  {
    /* PLL clock source and divider M already set, check that no request for change  */
    if((__HAL_RCC_GET_PLL_OSCSOURCE() != PllSai1->PLLSAI1Source)
 8003a54:	4b56      	ldr	r3, [pc, #344]	@ (8003bb0 <RCCEx_PLLSAI1_Config+0x16c>)
 8003a56:	68db      	ldr	r3, [r3, #12]
 8003a58:	f003 0303 	and.w	r3, r3, #3
 8003a5c:	6802      	ldr	r2, [r0, #0]
 8003a5e:	4293      	cmp	r3, r2
 8003a60:	d002      	beq.n	8003a68 <RCCEx_PLLSAI1_Config+0x24>
       ||
       (((READ_BIT(RCC->PLLCFGR, RCC_PLLCFGR_PLLM) >> RCC_PLLCFGR_PLLM_Pos) + 1U) != PllSai1->PLLSAI1M)
#endif
      )
    {
      status = HAL_ERROR;
 8003a62:	2601      	movs	r6, #1
      }
    }
  }

  return status;
}
 8003a64:	4630      	mov	r0, r6
 8003a66:	bdf8      	pop	{r3, r4, r5, r6, r7, pc}
       ||
 8003a68:	2a00      	cmp	r2, #0
 8003a6a:	f000 809c 	beq.w	8003ba6 <RCCEx_PLLSAI1_Config+0x162>
       (((READ_BIT(RCC->PLLCFGR, RCC_PLLCFGR_PLLM) >> RCC_PLLCFGR_PLLM_Pos) + 1U) != PllSai1->PLLSAI1M)
 8003a6e:	4b50      	ldr	r3, [pc, #320]	@ (8003bb0 <RCCEx_PLLSAI1_Config+0x16c>)
 8003a70:	68db      	ldr	r3, [r3, #12]
 8003a72:	f3c3 1302 	ubfx	r3, r3, #4, #3
 8003a76:	3301      	adds	r3, #1
 8003a78:	6842      	ldr	r2, [r0, #4]
       ||
 8003a7a:	4293      	cmp	r3, r2
 8003a7c:	d001      	beq.n	8003a82 <RCCEx_PLLSAI1_Config+0x3e>
      status = HAL_ERROR;
 8003a7e:	2601      	movs	r6, #1
 8003a80:	e7f0      	b.n	8003a64 <RCCEx_PLLSAI1_Config+0x20>
  HAL_StatusTypeDef status = HAL_OK;
 8003a82:	2600      	movs	r6, #0
 8003a84:	e019      	b.n	8003aba <RCCEx_PLLSAI1_Config+0x76>
    switch(PllSai1->PLLSAI1Source)
 8003a86:	6803      	ldr	r3, [r0, #0]
 8003a88:	2b02      	cmp	r3, #2
 8003a8a:	d055      	beq.n	8003b38 <RCCEx_PLLSAI1_Config+0xf4>
 8003a8c:	2b03      	cmp	r3, #3
 8003a8e:	d05a      	beq.n	8003b46 <RCCEx_PLLSAI1_Config+0x102>
 8003a90:	2b01      	cmp	r3, #1
 8003a92:	f040 808a 	bne.w	8003baa <RCCEx_PLLSAI1_Config+0x166>
      if(HAL_IS_BIT_CLR(RCC->CR, RCC_CR_MSIRDY))
 8003a96:	4a46      	ldr	r2, [pc, #280]	@ (8003bb0 <RCCEx_PLLSAI1_Config+0x16c>)
 8003a98:	6812      	ldr	r2, [r2, #0]
 8003a9a:	f012 0f02 	tst.w	r2, #2
 8003a9e:	d05e      	beq.n	8003b5e <RCCEx_PLLSAI1_Config+0x11a>
      MODIFY_REG(RCC->PLLCFGR, RCC_PLLCFGR_PLLSRC | RCC_PLLCFGR_PLLM, PllSai1->PLLSAI1Source | (PllSai1->PLLSAI1M - 1U) << RCC_PLLCFGR_PLLM_Pos);
 8003aa0:	4843      	ldr	r0, [pc, #268]	@ (8003bb0 <RCCEx_PLLSAI1_Config+0x16c>)
 8003aa2:	68c2      	ldr	r2, [r0, #12]
 8003aa4:	f022 0273 	bic.w	r2, r2, #115	@ 0x73
 8003aa8:	6861      	ldr	r1, [r4, #4]
 8003aaa:	3901      	subs	r1, #1
 8003aac:	ea43 1301 	orr.w	r3, r3, r1, lsl #4
 8003ab0:	4313      	orrs	r3, r2
 8003ab2:	60c3      	str	r3, [r0, #12]
 8003ab4:	2600      	movs	r6, #0
  if(status == HAL_OK)
 8003ab6:	2e00      	cmp	r6, #0
 8003ab8:	d1d4      	bne.n	8003a64 <RCCEx_PLLSAI1_Config+0x20>
    __HAL_RCC_PLLSAI1_DISABLE();
 8003aba:	4a3d      	ldr	r2, [pc, #244]	@ (8003bb0 <RCCEx_PLLSAI1_Config+0x16c>)
 8003abc:	6813      	ldr	r3, [r2, #0]
 8003abe:	f023 6380 	bic.w	r3, r3, #67108864	@ 0x4000000
 8003ac2:	6013      	str	r3, [r2, #0]
    tickstart = HAL_GetTick();
 8003ac4:	f7fe f920 	bl	8001d08 <HAL_GetTick>
 8003ac8:	4607      	mov	r7, r0
    while(READ_BIT(RCC->CR, RCC_CR_PLLSAI1RDY) != 0U)
 8003aca:	4b39      	ldr	r3, [pc, #228]	@ (8003bb0 <RCCEx_PLLSAI1_Config+0x16c>)
 8003acc:	681b      	ldr	r3, [r3, #0]
 8003ace:	f013 6f00 	tst.w	r3, #134217728	@ 0x8000000
 8003ad2:	d005      	beq.n	8003ae0 <RCCEx_PLLSAI1_Config+0x9c>
      if((HAL_GetTick() - tickstart) > PLLSAI1_TIMEOUT_VALUE)
 8003ad4:	f7fe f918 	bl	8001d08 <HAL_GetTick>
 8003ad8:	1bc3      	subs	r3, r0, r7
 8003ada:	2b02      	cmp	r3, #2
 8003adc:	d9f5      	bls.n	8003aca <RCCEx_PLLSAI1_Config+0x86>
        status = HAL_TIMEOUT;
 8003ade:	2603      	movs	r6, #3
    if(status == HAL_OK)
 8003ae0:	2e00      	cmp	r6, #0
 8003ae2:	d1bf      	bne.n	8003a64 <RCCEx_PLLSAI1_Config+0x20>
      if(Divider == DIVIDER_P_UPDATE)
 8003ae4:	2d00      	cmp	r5, #0
 8003ae6:	d13c      	bne.n	8003b62 <RCCEx_PLLSAI1_Config+0x11e>
        MODIFY_REG(RCC->PLLSAI1CFGR,
 8003ae8:	4931      	ldr	r1, [pc, #196]	@ (8003bb0 <RCCEx_PLLSAI1_Config+0x16c>)
 8003aea:	690b      	ldr	r3, [r1, #16]
 8003aec:	f023 4378 	bic.w	r3, r3, #4160749568	@ 0xf8000000
 8003af0:	f423 43fe 	bic.w	r3, r3, #32512	@ 0x7f00
 8003af4:	68a0      	ldr	r0, [r4, #8]
 8003af6:	68e2      	ldr	r2, [r4, #12]
 8003af8:	06d2      	lsls	r2, r2, #27
 8003afa:	ea42 2200 	orr.w	r2, r2, r0, lsl #8
 8003afe:	4313      	orrs	r3, r2
 8003b00:	610b      	str	r3, [r1, #16]
      __HAL_RCC_PLLSAI1_ENABLE();
 8003b02:	4a2b      	ldr	r2, [pc, #172]	@ (8003bb0 <RCCEx_PLLSAI1_Config+0x16c>)
 8003b04:	6813      	ldr	r3, [r2, #0]
 8003b06:	f043 6380 	orr.w	r3, r3, #67108864	@ 0x4000000
 8003b0a:	6013      	str	r3, [r2, #0]
      tickstart = HAL_GetTick();
 8003b0c:	f7fe f8fc 	bl	8001d08 <HAL_GetTick>
 8003b10:	4605      	mov	r5, r0
      while(READ_BIT(RCC->CR, RCC_CR_PLLSAI1RDY) == 0U)
 8003b12:	4b27      	ldr	r3, [pc, #156]	@ (8003bb0 <RCCEx_PLLSAI1_Config+0x16c>)
 8003b14:	681b      	ldr	r3, [r3, #0]
 8003b16:	f013 6f00 	tst.w	r3, #134217728	@ 0x8000000
 8003b1a:	d105      	bne.n	8003b28 <RCCEx_PLLSAI1_Config+0xe4>
        if((HAL_GetTick() - tickstart) > PLLSAI1_TIMEOUT_VALUE)
 8003b1c:	f7fe f8f4 	bl	8001d08 <HAL_GetTick>
 8003b20:	1b40      	subs	r0, r0, r5
 8003b22:	2802      	cmp	r0, #2
 8003b24:	d9f5      	bls.n	8003b12 <RCCEx_PLLSAI1_Config+0xce>
          status = HAL_TIMEOUT;
 8003b26:	2603      	movs	r6, #3
      if(status == HAL_OK)
 8003b28:	2e00      	cmp	r6, #0
 8003b2a:	d19b      	bne.n	8003a64 <RCCEx_PLLSAI1_Config+0x20>
        __HAL_RCC_PLLSAI1CLKOUT_ENABLE(PllSai1->PLLSAI1ClockOut);
 8003b2c:	4a20      	ldr	r2, [pc, #128]	@ (8003bb0 <RCCEx_PLLSAI1_Config+0x16c>)
 8003b2e:	6913      	ldr	r3, [r2, #16]
 8003b30:	69a1      	ldr	r1, [r4, #24]
 8003b32:	430b      	orrs	r3, r1
 8003b34:	6113      	str	r3, [r2, #16]
 8003b36:	e795      	b.n	8003a64 <RCCEx_PLLSAI1_Config+0x20>
      if(HAL_IS_BIT_CLR(RCC->CR, RCC_CR_HSIRDY))
 8003b38:	4a1d      	ldr	r2, [pc, #116]	@ (8003bb0 <RCCEx_PLLSAI1_Config+0x16c>)
 8003b3a:	6812      	ldr	r2, [r2, #0]
 8003b3c:	f412 6f80 	tst.w	r2, #1024	@ 0x400
 8003b40:	d1ae      	bne.n	8003aa0 <RCCEx_PLLSAI1_Config+0x5c>
 8003b42:	2601      	movs	r6, #1
 8003b44:	e78e      	b.n	8003a64 <RCCEx_PLLSAI1_Config+0x20>
      if(HAL_IS_BIT_CLR(RCC->CR, RCC_CR_HSERDY))
 8003b46:	4a1a      	ldr	r2, [pc, #104]	@ (8003bb0 <RCCEx_PLLSAI1_Config+0x16c>)
 8003b48:	6812      	ldr	r2, [r2, #0]
 8003b4a:	f412 3f00 	tst.w	r2, #131072	@ 0x20000
 8003b4e:	d1a7      	bne.n	8003aa0 <RCCEx_PLLSAI1_Config+0x5c>
        if(HAL_IS_BIT_CLR(RCC->CR, RCC_CR_HSEBYP))
 8003b50:	4a17      	ldr	r2, [pc, #92]	@ (8003bb0 <RCCEx_PLLSAI1_Config+0x16c>)
 8003b52:	6812      	ldr	r2, [r2, #0]
 8003b54:	f412 2f80 	tst.w	r2, #262144	@ 0x40000
 8003b58:	d1a2      	bne.n	8003aa0 <RCCEx_PLLSAI1_Config+0x5c>
 8003b5a:	2601      	movs	r6, #1
 8003b5c:	e782      	b.n	8003a64 <RCCEx_PLLSAI1_Config+0x20>
        status = HAL_ERROR;
 8003b5e:	2601      	movs	r6, #1
 8003b60:	e7a9      	b.n	8003ab6 <RCCEx_PLLSAI1_Config+0x72>
      else if(Divider == DIVIDER_Q_UPDATE)
 8003b62:	2d01      	cmp	r5, #1
 8003b64:	d00f      	beq.n	8003b86 <RCCEx_PLLSAI1_Config+0x142>
        MODIFY_REG(RCC->PLLSAI1CFGR,
 8003b66:	4812      	ldr	r0, [pc, #72]	@ (8003bb0 <RCCEx_PLLSAI1_Config+0x16c>)
 8003b68:	6902      	ldr	r2, [r0, #16]
 8003b6a:	f022 62c0 	bic.w	r2, r2, #100663296	@ 0x6000000
 8003b6e:	f422 42fe 	bic.w	r2, r2, #32512	@ 0x7f00
 8003b72:	68a1      	ldr	r1, [r4, #8]
 8003b74:	6963      	ldr	r3, [r4, #20]
 8003b76:	085b      	lsrs	r3, r3, #1
 8003b78:	3b01      	subs	r3, #1
 8003b7a:	065b      	lsls	r3, r3, #25
 8003b7c:	ea43 2301 	orr.w	r3, r3, r1, lsl #8
 8003b80:	431a      	orrs	r2, r3
 8003b82:	6102      	str	r2, [r0, #16]
 8003b84:	e7bd      	b.n	8003b02 <RCCEx_PLLSAI1_Config+0xbe>
        MODIFY_REG(RCC->PLLSAI1CFGR,
 8003b86:	480a      	ldr	r0, [pc, #40]	@ (8003bb0 <RCCEx_PLLSAI1_Config+0x16c>)
 8003b88:	6902      	ldr	r2, [r0, #16]
 8003b8a:	f422 02c0 	bic.w	r2, r2, #6291456	@ 0x600000
 8003b8e:	f422 42fe 	bic.w	r2, r2, #32512	@ 0x7f00
 8003b92:	68a1      	ldr	r1, [r4, #8]
 8003b94:	6923      	ldr	r3, [r4, #16]
 8003b96:	085b      	lsrs	r3, r3, #1
 8003b98:	3b01      	subs	r3, #1
 8003b9a:	055b      	lsls	r3, r3, #21
 8003b9c:	ea43 2301 	orr.w	r3, r3, r1, lsl #8
 8003ba0:	431a      	orrs	r2, r3
 8003ba2:	6102      	str	r2, [r0, #16]
 8003ba4:	e7ad      	b.n	8003b02 <RCCEx_PLLSAI1_Config+0xbe>
      status = HAL_ERROR;
 8003ba6:	2601      	movs	r6, #1
 8003ba8:	e75c      	b.n	8003a64 <RCCEx_PLLSAI1_Config+0x20>
    switch(PllSai1->PLLSAI1Source)
 8003baa:	2601      	movs	r6, #1
 8003bac:	e75a      	b.n	8003a64 <RCCEx_PLLSAI1_Config+0x20>
 8003bae:	bf00      	nop
 8003bb0:	40021000 	.word	0x40021000

08003bb4 <HAL_RCCEx_PeriphCLKConfig>:
{
 8003bb4:	e92d 41f0 	stmdb	sp!, {r4, r5, r6, r7, r8, lr}
 8003bb8:	b082      	sub	sp, #8
 8003bba:	4604      	mov	r4, r0
  if((((PeriphClkInit->PeriphClockSelection) & RCC_PERIPHCLK_SAI1) == RCC_PERIPHCLK_SAI1))
 8003bbc:	6803      	ldr	r3, [r0, #0]
 8003bbe:	f413 6f00 	tst.w	r3, #2048	@ 0x800
 8003bc2:	d026      	beq.n	8003c12 <HAL_RCCEx_PeriphCLKConfig+0x5e>
    switch(PeriphClkInit->Sai1ClockSelection)
 8003bc4:	6c43      	ldr	r3, [r0, #68]	@ 0x44
 8003bc6:	f5b3 0f00 	cmp.w	r3, #8388608	@ 0x800000
 8003bca:	d006      	beq.n	8003bda <HAL_RCCEx_PeriphCLKConfig+0x26>
 8003bcc:	f5b3 0f40 	cmp.w	r3, #12582912	@ 0xc00000
 8003bd0:	d01d      	beq.n	8003c0e <HAL_RCCEx_PeriphCLKConfig+0x5a>
 8003bd2:	b19b      	cbz	r3, 8003bfc <HAL_RCCEx_PeriphCLKConfig+0x48>
 8003bd4:	2601      	movs	r6, #1
 8003bd6:	4637      	mov	r7, r6
 8003bd8:	e01d      	b.n	8003c16 <HAL_RCCEx_PeriphCLKConfig+0x62>
      __HAL_RCC_PLLCLKOUT_ENABLE(RCC_PLL_SAI2CLK);
 8003bda:	4ab3      	ldr	r2, [pc, #716]	@ (8003ea8 <HAL_RCCEx_PeriphCLKConfig+0x2f4>)
 8003bdc:	68d3      	ldr	r3, [r2, #12]
 8003bde:	f443 3380 	orr.w	r3, r3, #65536	@ 0x10000
 8003be2:	60d3      	str	r3, [r2, #12]
  HAL_StatusTypeDef ret = HAL_OK;      /* Intermediate status */
 8003be4:	2700      	movs	r7, #0
      __HAL_RCC_SAI1_CONFIG(PeriphClkInit->Sai1ClockSelection);
 8003be6:	4ab0      	ldr	r2, [pc, #704]	@ (8003ea8 <HAL_RCCEx_PeriphCLKConfig+0x2f4>)
 8003be8:	f8d2 3088 	ldr.w	r3, [r2, #136]	@ 0x88
 8003bec:	f423 0340 	bic.w	r3, r3, #12582912	@ 0xc00000
 8003bf0:	6c61      	ldr	r1, [r4, #68]	@ 0x44
 8003bf2:	430b      	orrs	r3, r1
 8003bf4:	f8c2 3088 	str.w	r3, [r2, #136]	@ 0x88
  HAL_StatusTypeDef status = HAL_OK;   /* Final status */
 8003bf8:	2600      	movs	r6, #0
 8003bfa:	e00c      	b.n	8003c16 <HAL_RCCEx_PeriphCLKConfig+0x62>
      ret = RCCEx_PLLSAI1_Config(&(PeriphClkInit->PLLSAI1), DIVIDER_P_UPDATE);
 8003bfc:	2100      	movs	r1, #0
 8003bfe:	3004      	adds	r0, #4
 8003c00:	f7ff ff20 	bl	8003a44 <RCCEx_PLLSAI1_Config>
    if(ret == HAL_OK)
 8003c04:	4607      	mov	r7, r0
 8003c06:	2800      	cmp	r0, #0
 8003c08:	d0ed      	beq.n	8003be6 <HAL_RCCEx_PeriphCLKConfig+0x32>
      status = ret;
 8003c0a:	4606      	mov	r6, r0
 8003c0c:	e003      	b.n	8003c16 <HAL_RCCEx_PeriphCLKConfig+0x62>
    switch(PeriphClkInit->Sai1ClockSelection)
 8003c0e:	2700      	movs	r7, #0
 8003c10:	e7e9      	b.n	8003be6 <HAL_RCCEx_PeriphCLKConfig+0x32>
  HAL_StatusTypeDef status = HAL_OK;   /* Final status */
 8003c12:	2600      	movs	r6, #0
  HAL_StatusTypeDef ret = HAL_OK;      /* Intermediate status */
 8003c14:	4637      	mov	r7, r6
  if((PeriphClkInit->PeriphClockSelection & RCC_PERIPHCLK_RTC) == RCC_PERIPHCLK_RTC)
 8003c16:	6823      	ldr	r3, [r4, #0]
 8003c18:	f413 3f00 	tst.w	r3, #131072	@ 0x20000
 8003c1c:	d06b      	beq.n	8003cf6 <HAL_RCCEx_PeriphCLKConfig+0x142>
    if(__HAL_RCC_PWR_IS_CLK_DISABLED() != 0U)
 8003c1e:	4ba2      	ldr	r3, [pc, #648]	@ (8003ea8 <HAL_RCCEx_PeriphCLKConfig+0x2f4>)
 8003c20:	6d9b      	ldr	r3, [r3, #88]	@ 0x58
 8003c22:	f013 5f80 	tst.w	r3, #268435456	@ 0x10000000
 8003c26:	d14c      	bne.n	8003cc2 <HAL_RCCEx_PeriphCLKConfig+0x10e>
      __HAL_RCC_PWR_CLK_ENABLE();
 8003c28:	4b9f      	ldr	r3, [pc, #636]	@ (8003ea8 <HAL_RCCEx_PeriphCLKConfig+0x2f4>)
 8003c2a:	6d9a      	ldr	r2, [r3, #88]	@ 0x58
 8003c2c:	f042 5280 	orr.w	r2, r2, #268435456	@ 0x10000000
 8003c30:	659a      	str	r2, [r3, #88]	@ 0x58
 8003c32:	6d9b      	ldr	r3, [r3, #88]	@ 0x58
 8003c34:	f003 5380 	and.w	r3, r3, #268435456	@ 0x10000000
 8003c38:	9301      	str	r3, [sp, #4]
 8003c3a:	9b01      	ldr	r3, [sp, #4]
      pwrclkchanged = SET;
 8003c3c:	f04f 0801 	mov.w	r8, #1
    SET_BIT(PWR->CR1, PWR_CR1_DBP);
 8003c40:	4a9a      	ldr	r2, [pc, #616]	@ (8003eac <HAL_RCCEx_PeriphCLKConfig+0x2f8>)
 8003c42:	6813      	ldr	r3, [r2, #0]
 8003c44:	f443 7380 	orr.w	r3, r3, #256	@ 0x100
 8003c48:	6013      	str	r3, [r2, #0]
    tickstart = HAL_GetTick();
 8003c4a:	f7fe f85d 	bl	8001d08 <HAL_GetTick>
 8003c4e:	4605      	mov	r5, r0
    while(READ_BIT(PWR->CR1, PWR_CR1_DBP) == 0U)
 8003c50:	4b96      	ldr	r3, [pc, #600]	@ (8003eac <HAL_RCCEx_PeriphCLKConfig+0x2f8>)
 8003c52:	681b      	ldr	r3, [r3, #0]
 8003c54:	f413 7f80 	tst.w	r3, #256	@ 0x100
 8003c58:	d105      	bne.n	8003c66 <HAL_RCCEx_PeriphCLKConfig+0xb2>
      if((HAL_GetTick() - tickstart) > RCC_DBP_TIMEOUT_VALUE)
 8003c5a:	f7fe f855 	bl	8001d08 <HAL_GetTick>
 8003c5e:	1b40      	subs	r0, r0, r5
 8003c60:	2802      	cmp	r0, #2
 8003c62:	d9f5      	bls.n	8003c50 <HAL_RCCEx_PeriphCLKConfig+0x9c>
        ret = HAL_TIMEOUT;
 8003c64:	2703      	movs	r7, #3
    if(ret == HAL_OK)
 8003c66:	2f00      	cmp	r7, #0
 8003c68:	d140      	bne.n	8003cec <HAL_RCCEx_PeriphCLKConfig+0x138>
      tmpregister = READ_BIT(RCC->BDCR, RCC_BDCR_RTCSEL);
 8003c6a:	4b8f      	ldr	r3, [pc, #572]	@ (8003ea8 <HAL_RCCEx_PeriphCLKConfig+0x2f4>)
 8003c6c:	f8d3 3090 	ldr.w	r3, [r3, #144]	@ 0x90
      if((tmpregister != RCC_RTCCLKSOURCE_NONE) && (tmpregister != PeriphClkInit->RTCClockSelection))
 8003c70:	f413 7340 	ands.w	r3, r3, #768	@ 0x300
 8003c74:	d015      	beq.n	8003ca2 <HAL_RCCEx_PeriphCLKConfig+0xee>
 8003c76:	6da2      	ldr	r2, [r4, #88]	@ 0x58
 8003c78:	429a      	cmp	r2, r3
 8003c7a:	d012      	beq.n	8003ca2 <HAL_RCCEx_PeriphCLKConfig+0xee>
        tmpregister = READ_BIT(RCC->BDCR, ~(RCC_BDCR_RTCSEL));
 8003c7c:	4a8a      	ldr	r2, [pc, #552]	@ (8003ea8 <HAL_RCCEx_PeriphCLKConfig+0x2f4>)
 8003c7e:	f8d2 3090 	ldr.w	r3, [r2, #144]	@ 0x90
 8003c82:	f423 7340 	bic.w	r3, r3, #768	@ 0x300
        __HAL_RCC_BACKUPRESET_FORCE();
 8003c86:	f8d2 1090 	ldr.w	r1, [r2, #144]	@ 0x90
 8003c8a:	f441 3180 	orr.w	r1, r1, #65536	@ 0x10000
 8003c8e:	f8c2 1090 	str.w	r1, [r2, #144]	@ 0x90
        __HAL_RCC_BACKUPRESET_RELEASE();
 8003c92:	f8d2 1090 	ldr.w	r1, [r2, #144]	@ 0x90
 8003c96:	f421 3180 	bic.w	r1, r1, #65536	@ 0x10000
 8003c9a:	f8c2 1090 	str.w	r1, [r2, #144]	@ 0x90
        RCC->BDCR = tmpregister;
 8003c9e:	f8c2 3090 	str.w	r3, [r2, #144]	@ 0x90
      if (HAL_IS_BIT_SET(tmpregister, RCC_BDCR_LSEON))
 8003ca2:	f013 0f01 	tst.w	r3, #1
 8003ca6:	d10f      	bne.n	8003cc8 <HAL_RCCEx_PeriphCLKConfig+0x114>
      if(ret == HAL_OK)
 8003ca8:	2f00      	cmp	r7, #0
 8003caa:	f040 80e3 	bne.w	8003e74 <HAL_RCCEx_PeriphCLKConfig+0x2c0>
        __HAL_RCC_RTC_CONFIG(PeriphClkInit->RTCClockSelection);
 8003cae:	4a7e      	ldr	r2, [pc, #504]	@ (8003ea8 <HAL_RCCEx_PeriphCLKConfig+0x2f4>)
 8003cb0:	f8d2 3090 	ldr.w	r3, [r2, #144]	@ 0x90
 8003cb4:	f423 7340 	bic.w	r3, r3, #768	@ 0x300
 8003cb8:	6da1      	ldr	r1, [r4, #88]	@ 0x58
 8003cba:	430b      	orrs	r3, r1
 8003cbc:	f8c2 3090 	str.w	r3, [r2, #144]	@ 0x90
 8003cc0:	e015      	b.n	8003cee <HAL_RCCEx_PeriphCLKConfig+0x13a>
    FlagStatus       pwrclkchanged = RESET;
 8003cc2:	f04f 0800 	mov.w	r8, #0
 8003cc6:	e7bb      	b.n	8003c40 <HAL_RCCEx_PeriphCLKConfig+0x8c>
        tickstart = HAL_GetTick();
 8003cc8:	f7fe f81e 	bl	8001d08 <HAL_GetTick>
 8003ccc:	4605      	mov	r5, r0
        while(READ_BIT(RCC->BDCR, RCC_BDCR_LSERDY) == 0U)
 8003cce:	4b76      	ldr	r3, [pc, #472]	@ (8003ea8 <HAL_RCCEx_PeriphCLKConfig+0x2f4>)
 8003cd0:	f8d3 3090 	ldr.w	r3, [r3, #144]	@ 0x90
 8003cd4:	f013 0f02 	tst.w	r3, #2
 8003cd8:	d1e6      	bne.n	8003ca8 <HAL_RCCEx_PeriphCLKConfig+0xf4>
          if((HAL_GetTick() - tickstart) > RCC_LSE_TIMEOUT_VALUE)
 8003cda:	f7fe f815 	bl	8001d08 <HAL_GetTick>
 8003cde:	1b40      	subs	r0, r0, r5
 8003ce0:	f241 3388 	movw	r3, #5000	@ 0x1388
 8003ce4:	4298      	cmp	r0, r3
 8003ce6:	d9f2      	bls.n	8003cce <HAL_RCCEx_PeriphCLKConfig+0x11a>
            ret = HAL_TIMEOUT;
 8003ce8:	2703      	movs	r7, #3
 8003cea:	e7dd      	b.n	8003ca8 <HAL_RCCEx_PeriphCLKConfig+0xf4>
      status = ret;
 8003cec:	463e      	mov	r6, r7
    if(pwrclkchanged == SET)
 8003cee:	f1b8 0f00 	cmp.w	r8, #0
 8003cf2:	f040 80c1 	bne.w	8003e78 <HAL_RCCEx_PeriphCLKConfig+0x2c4>
  if(((PeriphClkInit->PeriphClockSelection) & RCC_PERIPHCLK_USART1) == RCC_PERIPHCLK_USART1)
 8003cf6:	6823      	ldr	r3, [r4, #0]
 8003cf8:	f013 0f01 	tst.w	r3, #1
 8003cfc:	d008      	beq.n	8003d10 <HAL_RCCEx_PeriphCLKConfig+0x15c>
    __HAL_RCC_USART1_CONFIG(PeriphClkInit->Usart1ClockSelection);
 8003cfe:	4a6a      	ldr	r2, [pc, #424]	@ (8003ea8 <HAL_RCCEx_PeriphCLKConfig+0x2f4>)
 8003d00:	f8d2 3088 	ldr.w	r3, [r2, #136]	@ 0x88
 8003d04:	f023 0303 	bic.w	r3, r3, #3
 8003d08:	6a21      	ldr	r1, [r4, #32]
 8003d0a:	430b      	orrs	r3, r1
 8003d0c:	f8c2 3088 	str.w	r3, [r2, #136]	@ 0x88
  if(((PeriphClkInit->PeriphClockSelection) & RCC_PERIPHCLK_USART2) == RCC_PERIPHCLK_USART2)
 8003d10:	6823      	ldr	r3, [r4, #0]
 8003d12:	f013 0f02 	tst.w	r3, #2
 8003d16:	d008      	beq.n	8003d2a <HAL_RCCEx_PeriphCLKConfig+0x176>
    __HAL_RCC_USART2_CONFIG(PeriphClkInit->Usart2ClockSelection);
 8003d18:	4a63      	ldr	r2, [pc, #396]	@ (8003ea8 <HAL_RCCEx_PeriphCLKConfig+0x2f4>)
 8003d1a:	f8d2 3088 	ldr.w	r3, [r2, #136]	@ 0x88
 8003d1e:	f023 030c 	bic.w	r3, r3, #12
 8003d22:	6a61      	ldr	r1, [r4, #36]	@ 0x24
 8003d24:	430b      	orrs	r3, r1
 8003d26:	f8c2 3088 	str.w	r3, [r2, #136]	@ 0x88
  if(((PeriphClkInit->PeriphClockSelection) & RCC_PERIPHCLK_USART3) == RCC_PERIPHCLK_USART3)
 8003d2a:	6823      	ldr	r3, [r4, #0]
 8003d2c:	f013 0f04 	tst.w	r3, #4
 8003d30:	d008      	beq.n	8003d44 <HAL_RCCEx_PeriphCLKConfig+0x190>
    __HAL_RCC_USART3_CONFIG(PeriphClkInit->Usart3ClockSelection);
 8003d32:	4a5d      	ldr	r2, [pc, #372]	@ (8003ea8 <HAL_RCCEx_PeriphCLKConfig+0x2f4>)
 8003d34:	f8d2 3088 	ldr.w	r3, [r2, #136]	@ 0x88
 8003d38:	f023 0330 	bic.w	r3, r3, #48	@ 0x30
 8003d3c:	6aa1      	ldr	r1, [r4, #40]	@ 0x28
 8003d3e:	430b      	orrs	r3, r1
 8003d40:	f8c2 3088 	str.w	r3, [r2, #136]	@ 0x88
  if(((PeriphClkInit->PeriphClockSelection) & RCC_PERIPHCLK_LPUART1) == RCC_PERIPHCLK_LPUART1)
 8003d44:	6823      	ldr	r3, [r4, #0]
 8003d46:	f013 0f20 	tst.w	r3, #32
 8003d4a:	d008      	beq.n	8003d5e <HAL_RCCEx_PeriphCLKConfig+0x1aa>
    __HAL_RCC_LPUART1_CONFIG(PeriphClkInit->Lpuart1ClockSelection);
 8003d4c:	4a56      	ldr	r2, [pc, #344]	@ (8003ea8 <HAL_RCCEx_PeriphCLKConfig+0x2f4>)
 8003d4e:	f8d2 3088 	ldr.w	r3, [r2, #136]	@ 0x88
 8003d52:	f423 6340 	bic.w	r3, r3, #3072	@ 0xc00
 8003d56:	6ae1      	ldr	r1, [r4, #44]	@ 0x2c
 8003d58:	430b      	orrs	r3, r1
 8003d5a:	f8c2 3088 	str.w	r3, [r2, #136]	@ 0x88
  if(((PeriphClkInit->PeriphClockSelection) & RCC_PERIPHCLK_LPTIM1) == (RCC_PERIPHCLK_LPTIM1))
 8003d5e:	6823      	ldr	r3, [r4, #0]
 8003d60:	f413 7f00 	tst.w	r3, #512	@ 0x200
 8003d64:	d008      	beq.n	8003d78 <HAL_RCCEx_PeriphCLKConfig+0x1c4>
    __HAL_RCC_LPTIM1_CONFIG(PeriphClkInit->Lptim1ClockSelection);
 8003d66:	4a50      	ldr	r2, [pc, #320]	@ (8003ea8 <HAL_RCCEx_PeriphCLKConfig+0x2f4>)
 8003d68:	f8d2 3088 	ldr.w	r3, [r2, #136]	@ 0x88
 8003d6c:	f423 2340 	bic.w	r3, r3, #786432	@ 0xc0000
 8003d70:	6be1      	ldr	r1, [r4, #60]	@ 0x3c
 8003d72:	430b      	orrs	r3, r1
 8003d74:	f8c2 3088 	str.w	r3, [r2, #136]	@ 0x88
  if(((PeriphClkInit->PeriphClockSelection) & RCC_PERIPHCLK_LPTIM2) == (RCC_PERIPHCLK_LPTIM2))
 8003d78:	6823      	ldr	r3, [r4, #0]
 8003d7a:	f413 6f80 	tst.w	r3, #1024	@ 0x400
 8003d7e:	d008      	beq.n	8003d92 <HAL_RCCEx_PeriphCLKConfig+0x1de>
    __HAL_RCC_LPTIM2_CONFIG(PeriphClkInit->Lptim2ClockSelection);
 8003d80:	4a49      	ldr	r2, [pc, #292]	@ (8003ea8 <HAL_RCCEx_PeriphCLKConfig+0x2f4>)
 8003d82:	f8d2 3088 	ldr.w	r3, [r2, #136]	@ 0x88
 8003d86:	f423 1340 	bic.w	r3, r3, #3145728	@ 0x300000
 8003d8a:	6c21      	ldr	r1, [r4, #64]	@ 0x40
 8003d8c:	430b      	orrs	r3, r1
 8003d8e:	f8c2 3088 	str.w	r3, [r2, #136]	@ 0x88
  if(((PeriphClkInit->PeriphClockSelection) & RCC_PERIPHCLK_I2C1) == RCC_PERIPHCLK_I2C1)
 8003d92:	6823      	ldr	r3, [r4, #0]
 8003d94:	f013 0f40 	tst.w	r3, #64	@ 0x40
 8003d98:	d008      	beq.n	8003dac <HAL_RCCEx_PeriphCLKConfig+0x1f8>
    __HAL_RCC_I2C1_CONFIG(PeriphClkInit->I2c1ClockSelection);
 8003d9a:	4a43      	ldr	r2, [pc, #268]	@ (8003ea8 <HAL_RCCEx_PeriphCLKConfig+0x2f4>)
 8003d9c:	f8d2 3088 	ldr.w	r3, [r2, #136]	@ 0x88
 8003da0:	f423 5340 	bic.w	r3, r3, #12288	@ 0x3000
 8003da4:	6b21      	ldr	r1, [r4, #48]	@ 0x30
 8003da6:	430b      	orrs	r3, r1
 8003da8:	f8c2 3088 	str.w	r3, [r2, #136]	@ 0x88
  if(((PeriphClkInit->PeriphClockSelection) & RCC_PERIPHCLK_I2C2) == RCC_PERIPHCLK_I2C2)
 8003dac:	6823      	ldr	r3, [r4, #0]
 8003dae:	f013 0f80 	tst.w	r3, #128	@ 0x80
 8003db2:	d008      	beq.n	8003dc6 <HAL_RCCEx_PeriphCLKConfig+0x212>
    __HAL_RCC_I2C2_CONFIG(PeriphClkInit->I2c2ClockSelection);
 8003db4:	4a3c      	ldr	r2, [pc, #240]	@ (8003ea8 <HAL_RCCEx_PeriphCLKConfig+0x2f4>)
 8003db6:	f8d2 3088 	ldr.w	r3, [r2, #136]	@ 0x88
 8003dba:	f423 4340 	bic.w	r3, r3, #49152	@ 0xc000
 8003dbe:	6b61      	ldr	r1, [r4, #52]	@ 0x34
 8003dc0:	430b      	orrs	r3, r1
 8003dc2:	f8c2 3088 	str.w	r3, [r2, #136]	@ 0x88
  if(((PeriphClkInit->PeriphClockSelection) & RCC_PERIPHCLK_I2C3) == RCC_PERIPHCLK_I2C3)
 8003dc6:	6823      	ldr	r3, [r4, #0]
 8003dc8:	f413 7f80 	tst.w	r3, #256	@ 0x100
 8003dcc:	d008      	beq.n	8003de0 <HAL_RCCEx_PeriphCLKConfig+0x22c>
    __HAL_RCC_I2C3_CONFIG(PeriphClkInit->I2c3ClockSelection);
 8003dce:	4a36      	ldr	r2, [pc, #216]	@ (8003ea8 <HAL_RCCEx_PeriphCLKConfig+0x2f4>)
 8003dd0:	f8d2 3088 	ldr.w	r3, [r2, #136]	@ 0x88
 8003dd4:	f423 3340 	bic.w	r3, r3, #196608	@ 0x30000
 8003dd8:	6ba1      	ldr	r1, [r4, #56]	@ 0x38
 8003dda:	430b      	orrs	r3, r1
 8003ddc:	f8c2 3088 	str.w	r3, [r2, #136]	@ 0x88
  if(((PeriphClkInit->PeriphClockSelection) & RCC_PERIPHCLK_SDMMC1) == (RCC_PERIPHCLK_SDMMC1))
 8003de0:	6823      	ldr	r3, [r4, #0]
 8003de2:	f413 2f00 	tst.w	r3, #524288	@ 0x80000
 8003de6:	d00f      	beq.n	8003e08 <HAL_RCCEx_PeriphCLKConfig+0x254>
    __HAL_RCC_SDMMC1_CONFIG(PeriphClkInit->Sdmmc1ClockSelection);
 8003de8:	4a2f      	ldr	r2, [pc, #188]	@ (8003ea8 <HAL_RCCEx_PeriphCLKConfig+0x2f4>)
 8003dea:	f8d2 3088 	ldr.w	r3, [r2, #136]	@ 0x88
 8003dee:	f023 6340 	bic.w	r3, r3, #201326592	@ 0xc000000
 8003df2:	6ca1      	ldr	r1, [r4, #72]	@ 0x48
 8003df4:	430b      	orrs	r3, r1
 8003df6:	f8c2 3088 	str.w	r3, [r2, #136]	@ 0x88
    if(PeriphClkInit->Sdmmc1ClockSelection == RCC_SDMMC1CLKSOURCE_PLL)   /* PLL "Q" ? */
 8003dfa:	6ca3      	ldr	r3, [r4, #72]	@ 0x48
 8003dfc:	f1b3 6f00 	cmp.w	r3, #134217728	@ 0x8000000
 8003e00:	d040      	beq.n	8003e84 <HAL_RCCEx_PeriphCLKConfig+0x2d0>
    else if(PeriphClkInit->Sdmmc1ClockSelection == RCC_SDMMC1CLKSOURCE_PLLSAI1)
 8003e02:	f1b3 6f80 	cmp.w	r3, #67108864	@ 0x4000000
 8003e06:	d042      	beq.n	8003e8e <HAL_RCCEx_PeriphCLKConfig+0x2da>
  if(((PeriphClkInit->PeriphClockSelection) & RCC_PERIPHCLK_RNG) == (RCC_PERIPHCLK_RNG))
 8003e08:	6823      	ldr	r3, [r4, #0]
 8003e0a:	f413 2f80 	tst.w	r3, #262144	@ 0x40000
 8003e0e:	d00f      	beq.n	8003e30 <HAL_RCCEx_PeriphCLKConfig+0x27c>
    __HAL_RCC_RNG_CONFIG(PeriphClkInit->RngClockSelection);
 8003e10:	4a25      	ldr	r2, [pc, #148]	@ (8003ea8 <HAL_RCCEx_PeriphCLKConfig+0x2f4>)
 8003e12:	f8d2 3088 	ldr.w	r3, [r2, #136]	@ 0x88
 8003e16:	f023 6340 	bic.w	r3, r3, #201326592	@ 0xc000000
 8003e1a:	6ce1      	ldr	r1, [r4, #76]	@ 0x4c
 8003e1c:	430b      	orrs	r3, r1
 8003e1e:	f8c2 3088 	str.w	r3, [r2, #136]	@ 0x88
    if(PeriphClkInit->RngClockSelection == RCC_RNGCLKSOURCE_PLL)
 8003e22:	6ce3      	ldr	r3, [r4, #76]	@ 0x4c
 8003e24:	f1b3 6f00 	cmp.w	r3, #134217728	@ 0x8000000
 8003e28:	d039      	beq.n	8003e9e <HAL_RCCEx_PeriphCLKConfig+0x2ea>
    else if(PeriphClkInit->RngClockSelection == RCC_RNGCLKSOURCE_PLLSAI1)
 8003e2a:	f1b3 6f80 	cmp.w	r3, #67108864	@ 0x4000000
 8003e2e:	d03f      	beq.n	8003eb0 <HAL_RCCEx_PeriphCLKConfig+0x2fc>
  if(((PeriphClkInit->PeriphClockSelection) & RCC_PERIPHCLK_ADC) == RCC_PERIPHCLK_ADC)
 8003e30:	6823      	ldr	r3, [r4, #0]
 8003e32:	f413 4f80 	tst.w	r3, #16384	@ 0x4000
 8003e36:	d00c      	beq.n	8003e52 <HAL_RCCEx_PeriphCLKConfig+0x29e>
    __HAL_RCC_ADC_CONFIG(PeriphClkInit->AdcClockSelection);
 8003e38:	4a1b      	ldr	r2, [pc, #108]	@ (8003ea8 <HAL_RCCEx_PeriphCLKConfig+0x2f4>)
 8003e3a:	f8d2 3088 	ldr.w	r3, [r2, #136]	@ 0x88
 8003e3e:	f023 5340 	bic.w	r3, r3, #805306368	@ 0x30000000
 8003e42:	6d21      	ldr	r1, [r4, #80]	@ 0x50
 8003e44:	430b      	orrs	r3, r1
 8003e46:	f8c2 3088 	str.w	r3, [r2, #136]	@ 0x88
    if(PeriphClkInit->AdcClockSelection == RCC_ADCCLKSOURCE_PLLSAI1)
 8003e4a:	6d23      	ldr	r3, [r4, #80]	@ 0x50
 8003e4c:	f1b3 5f80 	cmp.w	r3, #268435456	@ 0x10000000
 8003e50:	d036      	beq.n	8003ec0 <HAL_RCCEx_PeriphCLKConfig+0x30c>
  if(((PeriphClkInit->PeriphClockSelection) & RCC_PERIPHCLK_SWPMI1) == RCC_PERIPHCLK_SWPMI1)
 8003e52:	6823      	ldr	r3, [r4, #0]
 8003e54:	f413 4f00 	tst.w	r3, #32768	@ 0x8000
 8003e58:	d008      	beq.n	8003e6c <HAL_RCCEx_PeriphCLKConfig+0x2b8>
    __HAL_RCC_SWPMI1_CONFIG(PeriphClkInit->Swpmi1ClockSelection);
 8003e5a:	4a13      	ldr	r2, [pc, #76]	@ (8003ea8 <HAL_RCCEx_PeriphCLKConfig+0x2f4>)
 8003e5c:	f8d2 3088 	ldr.w	r3, [r2, #136]	@ 0x88
 8003e60:	f023 4380 	bic.w	r3, r3, #1073741824	@ 0x40000000
 8003e64:	6d61      	ldr	r1, [r4, #84]	@ 0x54
 8003e66:	430b      	orrs	r3, r1
 8003e68:	f8c2 3088 	str.w	r3, [r2, #136]	@ 0x88
}
 8003e6c:	4630      	mov	r0, r6
 8003e6e:	b002      	add	sp, #8
 8003e70:	e8bd 81f0 	ldmia.w	sp!, {r4, r5, r6, r7, r8, pc}
        status = ret;
 8003e74:	463e      	mov	r6, r7
 8003e76:	e73a      	b.n	8003cee <HAL_RCCEx_PeriphCLKConfig+0x13a>
      __HAL_RCC_PWR_CLK_DISABLE();
 8003e78:	4a0b      	ldr	r2, [pc, #44]	@ (8003ea8 <HAL_RCCEx_PeriphCLKConfig+0x2f4>)
 8003e7a:	6d93      	ldr	r3, [r2, #88]	@ 0x58
 8003e7c:	f023 5380 	bic.w	r3, r3, #268435456	@ 0x10000000
 8003e80:	6593      	str	r3, [r2, #88]	@ 0x58
 8003e82:	e738      	b.n	8003cf6 <HAL_RCCEx_PeriphCLKConfig+0x142>
      __HAL_RCC_PLLCLKOUT_ENABLE(RCC_PLL_48M1CLK);
 8003e84:	68d3      	ldr	r3, [r2, #12]
 8003e86:	f443 1380 	orr.w	r3, r3, #1048576	@ 0x100000
 8003e8a:	60d3      	str	r3, [r2, #12]
 8003e8c:	e7bc      	b.n	8003e08 <HAL_RCCEx_PeriphCLKConfig+0x254>
      ret = RCCEx_PLLSAI1_Config(&(PeriphClkInit->PLLSAI1), DIVIDER_Q_UPDATE);
 8003e8e:	2101      	movs	r1, #1
 8003e90:	1d20      	adds	r0, r4, #4
 8003e92:	f7ff fdd7 	bl	8003a44 <RCCEx_PLLSAI1_Config>
      if(ret != HAL_OK)
 8003e96:	2800      	cmp	r0, #0
 8003e98:	d0b6      	beq.n	8003e08 <HAL_RCCEx_PeriphCLKConfig+0x254>
        status = ret;
 8003e9a:	4606      	mov	r6, r0
 8003e9c:	e7b4      	b.n	8003e08 <HAL_RCCEx_PeriphCLKConfig+0x254>
      __HAL_RCC_PLLCLKOUT_ENABLE(RCC_PLL_48M1CLK);
 8003e9e:	68d3      	ldr	r3, [r2, #12]
 8003ea0:	f443 1380 	orr.w	r3, r3, #1048576	@ 0x100000
 8003ea4:	60d3      	str	r3, [r2, #12]
 8003ea6:	e7c3      	b.n	8003e30 <HAL_RCCEx_PeriphCLKConfig+0x27c>
 8003ea8:	40021000 	.word	0x40021000
 8003eac:	40007000 	.word	0x40007000
      ret = RCCEx_PLLSAI1_Config(&(PeriphClkInit->PLLSAI1), DIVIDER_Q_UPDATE);
 8003eb0:	2101      	movs	r1, #1
 8003eb2:	1d20      	adds	r0, r4, #4
 8003eb4:	f7ff fdc6 	bl	8003a44 <RCCEx_PLLSAI1_Config>
      if(ret != HAL_OK)
 8003eb8:	2800      	cmp	r0, #0
 8003eba:	d0b9      	beq.n	8003e30 <HAL_RCCEx_PeriphCLKConfig+0x27c>
        status = ret;
 8003ebc:	4606      	mov	r6, r0
 8003ebe:	e7b7      	b.n	8003e30 <HAL_RCCEx_PeriphCLKConfig+0x27c>
      ret = RCCEx_PLLSAI1_Config(&(PeriphClkInit->PLLSAI1), DIVIDER_R_UPDATE);
 8003ec0:	2102      	movs	r1, #2
 8003ec2:	1d20      	adds	r0, r4, #4
 8003ec4:	f7ff fdbe 	bl	8003a44 <RCCEx_PLLSAI1_Config>
      if(ret != HAL_OK)
 8003ec8:	2800      	cmp	r0, #0
 8003eca:	d0c2      	beq.n	8003e52 <HAL_RCCEx_PeriphCLKConfig+0x29e>
        status = ret;
 8003ecc:	4606      	mov	r6, r0
 8003ece:	e7c0      	b.n	8003e52 <HAL_RCCEx_PeriphCLKConfig+0x29e>

08003ed0 <SPI_WaitFlagStateUntilTimeout>:
  * @param  Tickstart tick start value
  * @retval HAL status
  */
static HAL_StatusTypeDef SPI_WaitFlagStateUntilTimeout(SPI_HandleTypeDef *hspi, uint32_t Flag, FlagStatus State,
                                                       uint32_t Timeout, uint32_t Tickstart)
{
 8003ed0:	e92d 47f0 	stmdb	sp!, {r4, r5, r6, r7, r8, r9, sl, lr}
 8003ed4:	b082      	sub	sp, #8
 8003ed6:	4605      	mov	r5, r0
 8003ed8:	4688      	mov	r8, r1
 8003eda:	4617      	mov	r7, r2
 8003edc:	461e      	mov	r6, r3
  __IO uint32_t count;
  uint32_t tmp_timeout;
  uint32_t tmp_tickstart;

  /* Adjust Timeout value  in case of end of transfer */
  tmp_timeout   = Timeout - (HAL_GetTick() - Tickstart);
 8003ede:	f7fd ff13 	bl	8001d08 <HAL_GetTick>
 8003ee2:	9b0a      	ldr	r3, [sp, #40]	@ 0x28
 8003ee4:	1a1b      	subs	r3, r3, r0
 8003ee6:	eb03 0906 	add.w	r9, r3, r6
  tmp_tickstart = HAL_GetTick();
 8003eea:	f7fd ff0d 	bl	8001d08 <HAL_GetTick>
 8003eee:	4682      	mov	sl, r0

  /* Calculate Timeout based on a software loop to avoid blocking issue if Systick is disabled */
  count = tmp_timeout * ((SystemCoreClock * 32U) >> 20U);
 8003ef0:	4b28      	ldr	r3, [pc, #160]	@ (8003f94 <SPI_WaitFlagStateUntilTimeout+0xc4>)
 8003ef2:	681b      	ldr	r3, [r3, #0]
 8003ef4:	f3c3 33cb 	ubfx	r3, r3, #15, #12
 8003ef8:	fb09 f303 	mul.w	r3, r9, r3
 8003efc:	9301      	str	r3, [sp, #4]

  while ((__HAL_SPI_GET_FLAG(hspi, Flag) ? SET : RESET) != State)
 8003efe:	682b      	ldr	r3, [r5, #0]
 8003f00:	689c      	ldr	r4, [r3, #8]
 8003f02:	ea38 0404 	bics.w	r4, r8, r4
 8003f06:	bf0c      	ite	eq
 8003f08:	2301      	moveq	r3, #1
 8003f0a:	2300      	movne	r3, #0
 8003f0c:	42bb      	cmp	r3, r7
 8003f0e:	d03d      	beq.n	8003f8c <SPI_WaitFlagStateUntilTimeout+0xbc>
  {
    if (Timeout != HAL_MAX_DELAY)
 8003f10:	f1b6 3fff 	cmp.w	r6, #4294967295	@ 0xffffffff
 8003f14:	d0f3      	beq.n	8003efe <SPI_WaitFlagStateUntilTimeout+0x2e>
    {
      if (((HAL_GetTick() - tmp_tickstart) >= tmp_timeout) || (tmp_timeout == 0U))
 8003f16:	f7fd fef7 	bl	8001d08 <HAL_GetTick>
 8003f1a:	eba0 000a 	sub.w	r0, r0, sl
 8003f1e:	4548      	cmp	r0, r9
 8003f20:	d207      	bcs.n	8003f32 <SPI_WaitFlagStateUntilTimeout+0x62>
        __HAL_UNLOCK(hspi);

        return HAL_TIMEOUT;
      }
      /* If Systick is disabled or not incremented, deactivate timeout to go in disable loop procedure */
      if (count == 0U)
 8003f22:	9a01      	ldr	r2, [sp, #4]
 8003f24:	b102      	cbz	r2, 8003f28 <SPI_WaitFlagStateUntilTimeout+0x58>
 8003f26:	464a      	mov	r2, r9
      {
        tmp_timeout = 0U;
      }
      count--;
 8003f28:	9b01      	ldr	r3, [sp, #4]
 8003f2a:	3b01      	subs	r3, #1
 8003f2c:	9301      	str	r3, [sp, #4]
 8003f2e:	4691      	mov	r9, r2
 8003f30:	e7e5      	b.n	8003efe <SPI_WaitFlagStateUntilTimeout+0x2e>
        __HAL_SPI_DISABLE_IT(hspi, (SPI_IT_TXE | SPI_IT_RXNE | SPI_IT_ERR));
 8003f32:	682a      	ldr	r2, [r5, #0]
 8003f34:	6853      	ldr	r3, [r2, #4]
 8003f36:	f023 03e0 	bic.w	r3, r3, #224	@ 0xe0
 8003f3a:	6053      	str	r3, [r2, #4]
        if ((hspi->Init.Mode == SPI_MODE_MASTER) && ((hspi->Init.Direction == SPI_DIRECTION_1LINE)
 8003f3c:	686b      	ldr	r3, [r5, #4]
 8003f3e:	f5b3 7f82 	cmp.w	r3, #260	@ 0x104
 8003f42:	d00b      	beq.n	8003f5c <SPI_WaitFlagStateUntilTimeout+0x8c>
        if (hspi->Init.CRCCalculation == SPI_CRCCALCULATION_ENABLE)
 8003f44:	6aab      	ldr	r3, [r5, #40]	@ 0x28
 8003f46:	f5b3 5f00 	cmp.w	r3, #8192	@ 0x2000
 8003f4a:	d014      	beq.n	8003f76 <SPI_WaitFlagStateUntilTimeout+0xa6>
        hspi->State = HAL_SPI_STATE_READY;
 8003f4c:	2301      	movs	r3, #1
 8003f4e:	f885 305d 	strb.w	r3, [r5, #93]	@ 0x5d
        __HAL_UNLOCK(hspi);
 8003f52:	2300      	movs	r3, #0
 8003f54:	f885 305c 	strb.w	r3, [r5, #92]	@ 0x5c
        return HAL_TIMEOUT;
 8003f58:	2003      	movs	r0, #3
 8003f5a:	e018      	b.n	8003f8e <SPI_WaitFlagStateUntilTimeout+0xbe>
        if ((hspi->Init.Mode == SPI_MODE_MASTER) && ((hspi->Init.Direction == SPI_DIRECTION_1LINE)
 8003f5c:	68ab      	ldr	r3, [r5, #8]
 8003f5e:	f5b3 4f00 	cmp.w	r3, #32768	@ 0x8000
 8003f62:	d002      	beq.n	8003f6a <SPI_WaitFlagStateUntilTimeout+0x9a>
                                                     || (hspi->Init.Direction == SPI_DIRECTION_2LINES_RXONLY)))
 8003f64:	f5b3 6f80 	cmp.w	r3, #1024	@ 0x400
 8003f68:	d1ec      	bne.n	8003f44 <SPI_WaitFlagStateUntilTimeout+0x74>
          __HAL_SPI_DISABLE(hspi);
 8003f6a:	682a      	ldr	r2, [r5, #0]
 8003f6c:	6813      	ldr	r3, [r2, #0]
 8003f6e:	f023 0340 	bic.w	r3, r3, #64	@ 0x40
 8003f72:	6013      	str	r3, [r2, #0]
 8003f74:	e7e6      	b.n	8003f44 <SPI_WaitFlagStateUntilTimeout+0x74>
          SPI_RESET_CRC(hspi);
 8003f76:	682a      	ldr	r2, [r5, #0]
 8003f78:	6813      	ldr	r3, [r2, #0]
 8003f7a:	f423 5300 	bic.w	r3, r3, #8192	@ 0x2000
 8003f7e:	6013      	str	r3, [r2, #0]
 8003f80:	682a      	ldr	r2, [r5, #0]
 8003f82:	6813      	ldr	r3, [r2, #0]
 8003f84:	f443 5300 	orr.w	r3, r3, #8192	@ 0x2000
 8003f88:	6013      	str	r3, [r2, #0]
 8003f8a:	e7df      	b.n	8003f4c <SPI_WaitFlagStateUntilTimeout+0x7c>
    }
  }

  return HAL_OK;
 8003f8c:	2000      	movs	r0, #0
}
 8003f8e:	b002      	add	sp, #8
 8003f90:	e8bd 87f0 	ldmia.w	sp!, {r4, r5, r6, r7, r8, r9, sl, pc}
 8003f94:	20000018 	.word	0x20000018

08003f98 <SPI_WaitFifoStateUntilTimeout>:
  * @param  Tickstart tick start value
  * @retval HAL status
  */
static HAL_StatusTypeDef SPI_WaitFifoStateUntilTimeout(SPI_HandleTypeDef *hspi, uint32_t Fifo, uint32_t State,
                                                       uint32_t Timeout, uint32_t Tickstart)
{
 8003f98:	e92d 47f0 	stmdb	sp!, {r4, r5, r6, r7, r8, r9, sl, lr}
 8003f9c:	b082      	sub	sp, #8
 8003f9e:	4606      	mov	r6, r0
 8003fa0:	460c      	mov	r4, r1
 8003fa2:	4615      	mov	r5, r2
 8003fa4:	461f      	mov	r7, r3
  __IO uint32_t count;
  uint32_t tmp_timeout;
  uint32_t tmp_tickstart;
  __IO uint8_t  *ptmpreg8;
  __IO uint8_t  tmpreg8 = 0;
 8003fa6:	2300      	movs	r3, #0
 8003fa8:	f88d 3003 	strb.w	r3, [sp, #3]

  /* Adjust Timeout value  in case of end of transfer */
  tmp_timeout = Timeout - (HAL_GetTick() - Tickstart);
 8003fac:	f7fd feac 	bl	8001d08 <HAL_GetTick>
 8003fb0:	9b0a      	ldr	r3, [sp, #40]	@ 0x28
 8003fb2:	1a1b      	subs	r3, r3, r0
 8003fb4:	eb03 0807 	add.w	r8, r3, r7
  tmp_tickstart = HAL_GetTick();
 8003fb8:	f7fd fea6 	bl	8001d08 <HAL_GetTick>
 8003fbc:	4681      	mov	r9, r0

  /* Initialize the 8bit temporary pointer */
  ptmpreg8 = (__IO uint8_t *)&hspi->Instance->DR;
 8003fbe:	f8d6 a000 	ldr.w	sl, [r6]

  /* Calculate Timeout based on a software loop to avoid blocking issue if Systick is disabled */
  count = tmp_timeout * ((SystemCoreClock * 35U) >> 20U);
 8003fc2:	4b30      	ldr	r3, [pc, #192]	@ (8004084 <SPI_WaitFifoStateUntilTimeout+0xec>)
 8003fc4:	681b      	ldr	r3, [r3, #0]
 8003fc6:	eb03 0383 	add.w	r3, r3, r3, lsl #2
 8003fca:	ebc3 03c3 	rsb	r3, r3, r3, lsl #3
 8003fce:	0d1b      	lsrs	r3, r3, #20
 8003fd0:	fb08 f303 	mul.w	r3, r8, r3
 8003fd4:	9301      	str	r3, [sp, #4]

  while ((hspi->Instance->SR & Fifo) != State)
 8003fd6:	e002      	b.n	8003fde <SPI_WaitFifoStateUntilTimeout+0x46>
      tmpreg8 = *ptmpreg8;
      /* To avoid GCC warning */
      UNUSED(tmpreg8);
    }

    if (Timeout != HAL_MAX_DELAY)
 8003fd8:	f1b7 3fff 	cmp.w	r7, #4294967295	@ 0xffffffff
 8003fdc:	d112      	bne.n	8004004 <SPI_WaitFifoStateUntilTimeout+0x6c>
  while ((hspi->Instance->SR & Fifo) != State)
 8003fde:	6833      	ldr	r3, [r6, #0]
 8003fe0:	689b      	ldr	r3, [r3, #8]
 8003fe2:	ea03 0c04 	and.w	ip, r3, r4
 8003fe6:	45ac      	cmp	ip, r5
 8003fe8:	d047      	beq.n	800407a <SPI_WaitFifoStateUntilTimeout+0xe2>
    if ((Fifo == SPI_SR_FRLVL) && (State == SPI_FRLVL_EMPTY))
 8003fea:	f5b4 6fc0 	cmp.w	r4, #1536	@ 0x600
 8003fee:	d1f3      	bne.n	8003fd8 <SPI_WaitFifoStateUntilTimeout+0x40>
 8003ff0:	2d00      	cmp	r5, #0
 8003ff2:	d1f1      	bne.n	8003fd8 <SPI_WaitFifoStateUntilTimeout+0x40>
      tmpreg8 = *ptmpreg8;
 8003ff4:	f89a 300c 	ldrb.w	r3, [sl, #12]
 8003ff8:	b2db      	uxtb	r3, r3
 8003ffa:	f88d 3003 	strb.w	r3, [sp, #3]
      UNUSED(tmpreg8);
 8003ffe:	f89d 3003 	ldrb.w	r3, [sp, #3]
 8004002:	e7e9      	b.n	8003fd8 <SPI_WaitFifoStateUntilTimeout+0x40>
    {
      if (((HAL_GetTick() - tmp_tickstart) >= tmp_timeout) || (tmp_timeout == 0U))
 8004004:	f7fd fe80 	bl	8001d08 <HAL_GetTick>
 8004008:	eba0 0009 	sub.w	r0, r0, r9
 800400c:	4540      	cmp	r0, r8
 800400e:	d207      	bcs.n	8004020 <SPI_WaitFifoStateUntilTimeout+0x88>
        __HAL_UNLOCK(hspi);

        return HAL_TIMEOUT;
      }
      /* If Systick is disabled or not incremented, deactivate timeout to go in disable loop procedure */
      if (count == 0U)
 8004010:	9a01      	ldr	r2, [sp, #4]
 8004012:	b102      	cbz	r2, 8004016 <SPI_WaitFifoStateUntilTimeout+0x7e>
 8004014:	4642      	mov	r2, r8
      {
        tmp_timeout = 0U;
      }
      count--;
 8004016:	9b01      	ldr	r3, [sp, #4]
 8004018:	3b01      	subs	r3, #1
 800401a:	9301      	str	r3, [sp, #4]
 800401c:	4690      	mov	r8, r2
 800401e:	e7de      	b.n	8003fde <SPI_WaitFifoStateUntilTimeout+0x46>
        __HAL_SPI_DISABLE_IT(hspi, (SPI_IT_TXE | SPI_IT_RXNE | SPI_IT_ERR));
 8004020:	6832      	ldr	r2, [r6, #0]
 8004022:	6853      	ldr	r3, [r2, #4]
 8004024:	f023 03e0 	bic.w	r3, r3, #224	@ 0xe0
 8004028:	6053      	str	r3, [r2, #4]
        if ((hspi->Init.Mode == SPI_MODE_MASTER) && ((hspi->Init.Direction == SPI_DIRECTION_1LINE)
 800402a:	6873      	ldr	r3, [r6, #4]
 800402c:	f5b3 7f82 	cmp.w	r3, #260	@ 0x104
 8004030:	d00b      	beq.n	800404a <SPI_WaitFifoStateUntilTimeout+0xb2>
        if (hspi->Init.CRCCalculation == SPI_CRCCALCULATION_ENABLE)
 8004032:	6ab3      	ldr	r3, [r6, #40]	@ 0x28
 8004034:	f5b3 5f00 	cmp.w	r3, #8192	@ 0x2000
 8004038:	d014      	beq.n	8004064 <SPI_WaitFifoStateUntilTimeout+0xcc>
        hspi->State = HAL_SPI_STATE_READY;
 800403a:	2301      	movs	r3, #1
 800403c:	f886 305d 	strb.w	r3, [r6, #93]	@ 0x5d
        __HAL_UNLOCK(hspi);
 8004040:	2300      	movs	r3, #0
 8004042:	f886 305c 	strb.w	r3, [r6, #92]	@ 0x5c
        return HAL_TIMEOUT;
 8004046:	2003      	movs	r0, #3
 8004048:	e018      	b.n	800407c <SPI_WaitFifoStateUntilTimeout+0xe4>
        if ((hspi->Init.Mode == SPI_MODE_MASTER) && ((hspi->Init.Direction == SPI_DIRECTION_1LINE)
 800404a:	68b3      	ldr	r3, [r6, #8]
 800404c:	f5b3 4f00 	cmp.w	r3, #32768	@ 0x8000
 8004050:	d002      	beq.n	8004058 <SPI_WaitFifoStateUntilTimeout+0xc0>
                                                     || (hspi->Init.Direction == SPI_DIRECTION_2LINES_RXONLY)))
 8004052:	f5b3 6f80 	cmp.w	r3, #1024	@ 0x400
 8004056:	d1ec      	bne.n	8004032 <SPI_WaitFifoStateUntilTimeout+0x9a>
          __HAL_SPI_DISABLE(hspi);
 8004058:	6832      	ldr	r2, [r6, #0]
 800405a:	6813      	ldr	r3, [r2, #0]
 800405c:	f023 0340 	bic.w	r3, r3, #64	@ 0x40
 8004060:	6013      	str	r3, [r2, #0]
 8004062:	e7e6      	b.n	8004032 <SPI_WaitFifoStateUntilTimeout+0x9a>
          SPI_RESET_CRC(hspi);
 8004064:	6832      	ldr	r2, [r6, #0]
 8004066:	6813      	ldr	r3, [r2, #0]
 8004068:	f423 5300 	bic.w	r3, r3, #8192	@ 0x2000
 800406c:	6013      	str	r3, [r2, #0]
 800406e:	6832      	ldr	r2, [r6, #0]
 8004070:	6813      	ldr	r3, [r2, #0]
 8004072:	f443 5300 	orr.w	r3, r3, #8192	@ 0x2000
 8004076:	6013      	str	r3, [r2, #0]
 8004078:	e7df      	b.n	800403a <SPI_WaitFifoStateUntilTimeout+0xa2>
    }
  }

  return HAL_OK;
 800407a:	2000      	movs	r0, #0
}
 800407c:	b002      	add	sp, #8
 800407e:	e8bd 87f0 	ldmia.w	sp!, {r4, r5, r6, r7, r8, r9, sl, pc}
 8004082:	bf00      	nop
 8004084:	20000018 	.word	0x20000018

08004088 <SPI_EndRxTxTransaction>:
  * @param  Timeout Timeout duration
  * @param  Tickstart tick start value
  * @retval HAL status
  */
static HAL_StatusTypeDef SPI_EndRxTxTransaction(SPI_HandleTypeDef *hspi, uint32_t Timeout, uint32_t Tickstart)
{
 8004088:	b570      	push	{r4, r5, r6, lr}
 800408a:	b082      	sub	sp, #8
 800408c:	4604      	mov	r4, r0
 800408e:	460d      	mov	r5, r1
 8004090:	4616      	mov	r6, r2
  /* Control if the TX fifo is empty */
  if (SPI_WaitFifoStateUntilTimeout(hspi, SPI_FLAG_FTLVL, SPI_FTLVL_EMPTY, Timeout, Tickstart) != HAL_OK)
 8004092:	9200      	str	r2, [sp, #0]
 8004094:	460b      	mov	r3, r1
 8004096:	2200      	movs	r2, #0
 8004098:	f44f 51c0 	mov.w	r1, #6144	@ 0x1800
 800409c:	f7ff ff7c 	bl	8003f98 <SPI_WaitFifoStateUntilTimeout>
 80040a0:	b9b0      	cbnz	r0, 80040d0 <SPI_EndRxTxTransaction+0x48>
    SET_BIT(hspi->ErrorCode, HAL_SPI_ERROR_FLAG);
    return HAL_TIMEOUT;
  }

  /* Control the BSY flag */
  if (SPI_WaitFlagStateUntilTimeout(hspi, SPI_FLAG_BSY, RESET, Timeout, Tickstart) != HAL_OK)
 80040a2:	9600      	str	r6, [sp, #0]
 80040a4:	462b      	mov	r3, r5
 80040a6:	2200      	movs	r2, #0
 80040a8:	2180      	movs	r1, #128	@ 0x80
 80040aa:	4620      	mov	r0, r4
 80040ac:	f7ff ff10 	bl	8003ed0 <SPI_WaitFlagStateUntilTimeout>
 80040b0:	b9a8      	cbnz	r0, 80040de <SPI_EndRxTxTransaction+0x56>
    SET_BIT(hspi->ErrorCode, HAL_SPI_ERROR_FLAG);
    return HAL_TIMEOUT;
  }

  /* Control if the RX fifo is empty */
  if (SPI_WaitFifoStateUntilTimeout(hspi, SPI_FLAG_FRLVL, SPI_FRLVL_EMPTY, Timeout, Tickstart) != HAL_OK)
 80040b2:	9600      	str	r6, [sp, #0]
 80040b4:	462b      	mov	r3, r5
 80040b6:	2200      	movs	r2, #0
 80040b8:	f44f 61c0 	mov.w	r1, #1536	@ 0x600
 80040bc:	4620      	mov	r0, r4
 80040be:	f7ff ff6b 	bl	8003f98 <SPI_WaitFifoStateUntilTimeout>
 80040c2:	b150      	cbz	r0, 80040da <SPI_EndRxTxTransaction+0x52>
  {
    SET_BIT(hspi->ErrorCode, HAL_SPI_ERROR_FLAG);
 80040c4:	6e23      	ldr	r3, [r4, #96]	@ 0x60
 80040c6:	f043 0320 	orr.w	r3, r3, #32
 80040ca:	6623      	str	r3, [r4, #96]	@ 0x60
    return HAL_TIMEOUT;
 80040cc:	2003      	movs	r0, #3
 80040ce:	e004      	b.n	80040da <SPI_EndRxTxTransaction+0x52>
    SET_BIT(hspi->ErrorCode, HAL_SPI_ERROR_FLAG);
 80040d0:	6e23      	ldr	r3, [r4, #96]	@ 0x60
 80040d2:	f043 0320 	orr.w	r3, r3, #32
 80040d6:	6623      	str	r3, [r4, #96]	@ 0x60
    return HAL_TIMEOUT;
 80040d8:	2003      	movs	r0, #3
  }

  return HAL_OK;
}
 80040da:	b002      	add	sp, #8
 80040dc:	bd70      	pop	{r4, r5, r6, pc}
    SET_BIT(hspi->ErrorCode, HAL_SPI_ERROR_FLAG);
 80040de:	6e23      	ldr	r3, [r4, #96]	@ 0x60
 80040e0:	f043 0320 	orr.w	r3, r3, #32
 80040e4:	6623      	str	r3, [r4, #96]	@ 0x60
    return HAL_TIMEOUT;
 80040e6:	2003      	movs	r0, #3
 80040e8:	e7f7      	b.n	80040da <SPI_EndRxTxTransaction+0x52>

080040ea <HAL_SPI_Init>:
  if (hspi == NULL)
 80040ea:	2800      	cmp	r0, #0
 80040ec:	d06a      	beq.n	80041c4 <HAL_SPI_Init+0xda>
{
 80040ee:	b510      	push	{r4, lr}
 80040f0:	4604      	mov	r4, r0
  if (hspi->Init.TIMode == SPI_TIMODE_DISABLE)
 80040f2:	6a43      	ldr	r3, [r0, #36]	@ 0x24
 80040f4:	b933      	cbnz	r3, 8004104 <HAL_SPI_Init+0x1a>
    if (hspi->Init.Mode == SPI_MODE_MASTER)
 80040f6:	6843      	ldr	r3, [r0, #4]
 80040f8:	f5b3 7f82 	cmp.w	r3, #260	@ 0x104
 80040fc:	d005      	beq.n	800410a <HAL_SPI_Init+0x20>
      hspi->Init.BaudRatePrescaler = SPI_BAUDRATEPRESCALER_2;
 80040fe:	2300      	movs	r3, #0
 8004100:	61c3      	str	r3, [r0, #28]
 8004102:	e002      	b.n	800410a <HAL_SPI_Init+0x20>
    hspi->Init.CLKPolarity = SPI_POLARITY_LOW;
 8004104:	2300      	movs	r3, #0
 8004106:	6103      	str	r3, [r0, #16]
    hspi->Init.CLKPhase    = SPI_PHASE_1EDGE;
 8004108:	6143      	str	r3, [r0, #20]
  hspi->Init.CRCCalculation = SPI_CRCCALCULATION_DISABLE;
 800410a:	2300      	movs	r3, #0
 800410c:	62a3      	str	r3, [r4, #40]	@ 0x28
  if (hspi->State == HAL_SPI_STATE_RESET)
 800410e:	f894 305d 	ldrb.w	r3, [r4, #93]	@ 0x5d
 8004112:	2b00      	cmp	r3, #0
 8004114:	d04d      	beq.n	80041b2 <HAL_SPI_Init+0xc8>
  hspi->State = HAL_SPI_STATE_BUSY;
 8004116:	2302      	movs	r3, #2
 8004118:	f884 305d 	strb.w	r3, [r4, #93]	@ 0x5d
  __HAL_SPI_DISABLE(hspi);
 800411c:	6822      	ldr	r2, [r4, #0]
 800411e:	6813      	ldr	r3, [r2, #0]
 8004120:	f023 0340 	bic.w	r3, r3, #64	@ 0x40
 8004124:	6013      	str	r3, [r2, #0]
  if (hspi->Init.DataSize > SPI_DATASIZE_8BIT)
 8004126:	68e3      	ldr	r3, [r4, #12]
 8004128:	f5b3 6fe0 	cmp.w	r3, #1792	@ 0x700
 800412c:	d947      	bls.n	80041be <HAL_SPI_Init+0xd4>
    frxth = SPI_RXFIFO_THRESHOLD_HF;
 800412e:	2200      	movs	r2, #0
  if ((hspi->Init.DataSize != SPI_DATASIZE_16BIT) && (hspi->Init.DataSize != SPI_DATASIZE_8BIT))
 8004130:	f5b3 6f70 	cmp.w	r3, #3840	@ 0xf00
 8004134:	d004      	beq.n	8004140 <HAL_SPI_Init+0x56>
 8004136:	f5b3 6fe0 	cmp.w	r3, #1792	@ 0x700
 800413a:	d001      	beq.n	8004140 <HAL_SPI_Init+0x56>
    hspi->Init.CRCCalculation = SPI_CRCCALCULATION_DISABLE;
 800413c:	2300      	movs	r3, #0
 800413e:	62a3      	str	r3, [r4, #40]	@ 0x28
  WRITE_REG(hspi->Instance->CR1, ((hspi->Init.Mode & (SPI_CR1_MSTR | SPI_CR1_SSI)) |
 8004140:	6863      	ldr	r3, [r4, #4]
 8004142:	f403 7382 	and.w	r3, r3, #260	@ 0x104
 8004146:	68a1      	ldr	r1, [r4, #8]
 8004148:	f401 4104 	and.w	r1, r1, #33792	@ 0x8400
 800414c:	430b      	orrs	r3, r1
 800414e:	6921      	ldr	r1, [r4, #16]
 8004150:	f001 0102 	and.w	r1, r1, #2
 8004154:	430b      	orrs	r3, r1
 8004156:	6961      	ldr	r1, [r4, #20]
 8004158:	f001 0101 	and.w	r1, r1, #1
 800415c:	430b      	orrs	r3, r1
 800415e:	69a1      	ldr	r1, [r4, #24]
 8004160:	f401 7100 	and.w	r1, r1, #512	@ 0x200
 8004164:	430b      	orrs	r3, r1
 8004166:	69e1      	ldr	r1, [r4, #28]
 8004168:	f001 0138 	and.w	r1, r1, #56	@ 0x38
 800416c:	430b      	orrs	r3, r1
 800416e:	6a21      	ldr	r1, [r4, #32]
 8004170:	f001 0180 	and.w	r1, r1, #128	@ 0x80
 8004174:	430b      	orrs	r3, r1
 8004176:	6aa1      	ldr	r1, [r4, #40]	@ 0x28
 8004178:	f401 5100 	and.w	r1, r1, #8192	@ 0x2000
 800417c:	6820      	ldr	r0, [r4, #0]
 800417e:	430b      	orrs	r3, r1
 8004180:	6003      	str	r3, [r0, #0]
  WRITE_REG(hspi->Instance->CR2, (((hspi->Init.NSS >> 16U) & SPI_CR2_SSOE) |
 8004182:	8b63      	ldrh	r3, [r4, #26]
 8004184:	f003 0304 	and.w	r3, r3, #4
 8004188:	6a61      	ldr	r1, [r4, #36]	@ 0x24
 800418a:	f001 0110 	and.w	r1, r1, #16
 800418e:	430b      	orrs	r3, r1
 8004190:	6b61      	ldr	r1, [r4, #52]	@ 0x34
 8004192:	f001 0108 	and.w	r1, r1, #8
 8004196:	430b      	orrs	r3, r1
 8004198:	68e1      	ldr	r1, [r4, #12]
 800419a:	f401 6170 	and.w	r1, r1, #3840	@ 0xf00
 800419e:	430b      	orrs	r3, r1
 80041a0:	6821      	ldr	r1, [r4, #0]
 80041a2:	4313      	orrs	r3, r2
 80041a4:	604b      	str	r3, [r1, #4]
  hspi->ErrorCode = HAL_SPI_ERROR_NONE;
 80041a6:	2000      	movs	r0, #0
 80041a8:	6620      	str	r0, [r4, #96]	@ 0x60
  hspi->State     = HAL_SPI_STATE_READY;
 80041aa:	2301      	movs	r3, #1
 80041ac:	f884 305d 	strb.w	r3, [r4, #93]	@ 0x5d
}
 80041b0:	bd10      	pop	{r4, pc}
    hspi->Lock = HAL_UNLOCKED;
 80041b2:	f884 305c 	strb.w	r3, [r4, #92]	@ 0x5c
    HAL_SPI_MspInit(hspi);
 80041b6:	4620      	mov	r0, r4
 80041b8:	f7fd fd26 	bl	8001c08 <HAL_SPI_MspInit>
 80041bc:	e7ab      	b.n	8004116 <HAL_SPI_Init+0x2c>
    frxth = SPI_RXFIFO_THRESHOLD_QF;
 80041be:	f44f 5280 	mov.w	r2, #4096	@ 0x1000
 80041c2:	e7b5      	b.n	8004130 <HAL_SPI_Init+0x46>
    return HAL_ERROR;
 80041c4:	2001      	movs	r0, #1
}
 80041c6:	4770      	bx	lr

080041c8 <HAL_SPI_Transmit>:
{
 80041c8:	e92d 43f0 	stmdb	sp!, {r4, r5, r6, r7, r8, r9, lr}
 80041cc:	b083      	sub	sp, #12
 80041ce:	461d      	mov	r5, r3
  __HAL_LOCK(hspi);
 80041d0:	f890 305c 	ldrb.w	r3, [r0, #92]	@ 0x5c
 80041d4:	2b01      	cmp	r3, #1
 80041d6:	f000 80f4 	beq.w	80043c2 <HAL_SPI_Transmit+0x1fa>
 80041da:	4604      	mov	r4, r0
 80041dc:	4688      	mov	r8, r1
 80041de:	4691      	mov	r9, r2
 80041e0:	2301      	movs	r3, #1
 80041e2:	f880 305c 	strb.w	r3, [r0, #92]	@ 0x5c
  tickstart = HAL_GetTick();
 80041e6:	f7fd fd8f 	bl	8001d08 <HAL_GetTick>
 80041ea:	4607      	mov	r7, r0
  if (hspi->State != HAL_SPI_STATE_READY)
 80041ec:	f894 605d 	ldrb.w	r6, [r4, #93]	@ 0x5d
 80041f0:	b2f6      	uxtb	r6, r6
 80041f2:	2e01      	cmp	r6, #1
 80041f4:	f040 80dd 	bne.w	80043b2 <HAL_SPI_Transmit+0x1ea>
  if ((pData == NULL) || (Size == 0U))
 80041f8:	f1b8 0f00 	cmp.w	r8, #0
 80041fc:	f000 80da 	beq.w	80043b4 <HAL_SPI_Transmit+0x1ec>
 8004200:	f1b9 0f00 	cmp.w	r9, #0
 8004204:	f000 80d6 	beq.w	80043b4 <HAL_SPI_Transmit+0x1ec>
  hspi->State       = HAL_SPI_STATE_BUSY_TX;
 8004208:	2303      	movs	r3, #3
 800420a:	f884 305d 	strb.w	r3, [r4, #93]	@ 0x5d
  hspi->ErrorCode   = HAL_SPI_ERROR_NONE;
 800420e:	2300      	movs	r3, #0
 8004210:	6623      	str	r3, [r4, #96]	@ 0x60
  hspi->pTxBuffPtr  = (uint8_t *)pData;
 8004212:	f8c4 8038 	str.w	r8, [r4, #56]	@ 0x38
  hspi->TxXferSize  = Size;
 8004216:	f8a4 903c 	strh.w	r9, [r4, #60]	@ 0x3c
  hspi->TxXferCount = Size;
 800421a:	f8a4 903e 	strh.w	r9, [r4, #62]	@ 0x3e
  hspi->pRxBuffPtr  = (uint8_t *)NULL;
 800421e:	6423      	str	r3, [r4, #64]	@ 0x40
  hspi->RxXferSize  = 0U;
 8004220:	f8a4 3044 	strh.w	r3, [r4, #68]	@ 0x44
  hspi->RxXferCount = 0U;
 8004224:	f8a4 3046 	strh.w	r3, [r4, #70]	@ 0x46
  hspi->TxISR       = NULL;
 8004228:	6523      	str	r3, [r4, #80]	@ 0x50
  hspi->RxISR       = NULL;
 800422a:	64e3      	str	r3, [r4, #76]	@ 0x4c
  if (hspi->Init.Direction == SPI_DIRECTION_1LINE)
 800422c:	68a3      	ldr	r3, [r4, #8]
 800422e:	f5b3 4f00 	cmp.w	r3, #32768	@ 0x8000
 8004232:	d01e      	beq.n	8004272 <HAL_SPI_Transmit+0xaa>
  if ((hspi->Instance->CR1 & SPI_CR1_SPE) != SPI_CR1_SPE)
 8004234:	6823      	ldr	r3, [r4, #0]
 8004236:	681a      	ldr	r2, [r3, #0]
 8004238:	f012 0f40 	tst.w	r2, #64	@ 0x40
 800423c:	d103      	bne.n	8004246 <HAL_SPI_Transmit+0x7e>
    __HAL_SPI_ENABLE(hspi);
 800423e:	681a      	ldr	r2, [r3, #0]
 8004240:	f042 0240 	orr.w	r2, r2, #64	@ 0x40
 8004244:	601a      	str	r2, [r3, #0]
  if (hspi->Init.DataSize > SPI_DATASIZE_8BIT)
 8004246:	68e3      	ldr	r3, [r4, #12]
 8004248:	f5b3 6fe0 	cmp.w	r3, #1792	@ 0x700
 800424c:	d944      	bls.n	80042d8 <HAL_SPI_Transmit+0x110>
    if ((hspi->Init.Mode == SPI_MODE_SLAVE) || (initial_TxXferCount == 0x01U))
 800424e:	6863      	ldr	r3, [r4, #4]
 8004250:	b113      	cbz	r3, 8004258 <HAL_SPI_Transmit+0x90>
 8004252:	f1b9 0f01 	cmp.w	r9, #1
 8004256:	d120      	bne.n	800429a <HAL_SPI_Transmit+0xd2>
      hspi->Instance->DR = *((uint16_t *)hspi->pTxBuffPtr);
 8004258:	6ba2      	ldr	r2, [r4, #56]	@ 0x38
 800425a:	6823      	ldr	r3, [r4, #0]
 800425c:	8812      	ldrh	r2, [r2, #0]
 800425e:	60da      	str	r2, [r3, #12]
      hspi->pTxBuffPtr += sizeof(uint16_t);
 8004260:	6ba3      	ldr	r3, [r4, #56]	@ 0x38
 8004262:	3302      	adds	r3, #2
 8004264:	63a3      	str	r3, [r4, #56]	@ 0x38
      hspi->TxXferCount--;
 8004266:	8fe3      	ldrh	r3, [r4, #62]	@ 0x3e
 8004268:	b29b      	uxth	r3, r3
 800426a:	3b01      	subs	r3, #1
 800426c:	b29b      	uxth	r3, r3
 800426e:	87e3      	strh	r3, [r4, #62]	@ 0x3e
 8004270:	e013      	b.n	800429a <HAL_SPI_Transmit+0xd2>
    __HAL_SPI_DISABLE(hspi);
 8004272:	6822      	ldr	r2, [r4, #0]
 8004274:	6813      	ldr	r3, [r2, #0]
 8004276:	f023 0340 	bic.w	r3, r3, #64	@ 0x40
 800427a:	6013      	str	r3, [r2, #0]
    SPI_1LINE_TX(hspi);
 800427c:	6822      	ldr	r2, [r4, #0]
 800427e:	6813      	ldr	r3, [r2, #0]
 8004280:	f443 4380 	orr.w	r3, r3, #16384	@ 0x4000
 8004284:	6013      	str	r3, [r2, #0]
 8004286:	e7d5      	b.n	8004234 <HAL_SPI_Transmit+0x6c>
        if ((((HAL_GetTick() - tickstart) >=  Timeout) && (Timeout != HAL_MAX_DELAY)) || (Timeout == 0U))
 8004288:	f7fd fd3e 	bl	8001d08 <HAL_GetTick>
 800428c:	1bc0      	subs	r0, r0, r7
 800428e:	42a8      	cmp	r0, r5
 8004290:	d302      	bcc.n	8004298 <HAL_SPI_Transmit+0xd0>
 8004292:	f1b5 3fff 	cmp.w	r5, #4294967295	@ 0xffffffff
 8004296:	d11a      	bne.n	80042ce <HAL_SPI_Transmit+0x106>
 8004298:	b1cd      	cbz	r5, 80042ce <HAL_SPI_Transmit+0x106>
    while (hspi->TxXferCount > 0U)
 800429a:	8fe3      	ldrh	r3, [r4, #62]	@ 0x3e
 800429c:	b29b      	uxth	r3, r3
 800429e:	2b00      	cmp	r3, #0
 80042a0:	d06f      	beq.n	8004382 <HAL_SPI_Transmit+0x1ba>
      if (__HAL_SPI_GET_FLAG(hspi, SPI_FLAG_TXE))
 80042a2:	6823      	ldr	r3, [r4, #0]
 80042a4:	689a      	ldr	r2, [r3, #8]
 80042a6:	f012 0f02 	tst.w	r2, #2
 80042aa:	d0ed      	beq.n	8004288 <HAL_SPI_Transmit+0xc0>
        hspi->Instance->DR = *((uint16_t *)hspi->pTxBuffPtr);
 80042ac:	6ba2      	ldr	r2, [r4, #56]	@ 0x38
 80042ae:	8812      	ldrh	r2, [r2, #0]
 80042b0:	60da      	str	r2, [r3, #12]
        hspi->pTxBuffPtr += sizeof(uint16_t);
 80042b2:	6ba3      	ldr	r3, [r4, #56]	@ 0x38
 80042b4:	3302      	adds	r3, #2
 80042b6:	63a3      	str	r3, [r4, #56]	@ 0x38
        hspi->TxXferCount--;
 80042b8:	f8b4 c03e 	ldrh.w	ip, [r4, #62]	@ 0x3e
 80042bc:	fa1f fc8c 	uxth.w	ip, ip
 80042c0:	f10c 3cff 	add.w	ip, ip, #4294967295	@ 0xffffffff
 80042c4:	fa1f fc8c 	uxth.w	ip, ip
 80042c8:	f8a4 c03e 	strh.w	ip, [r4, #62]	@ 0x3e
 80042cc:	e7e5      	b.n	800429a <HAL_SPI_Transmit+0xd2>
          hspi->State = HAL_SPI_STATE_READY;
 80042ce:	2301      	movs	r3, #1
 80042d0:	f884 305d 	strb.w	r3, [r4, #93]	@ 0x5d
          errorcode = HAL_TIMEOUT;
 80042d4:	2603      	movs	r6, #3
          goto error;
 80042d6:	e06d      	b.n	80043b4 <HAL_SPI_Transmit+0x1ec>
    if ((hspi->Init.Mode == SPI_MODE_SLAVE) || (initial_TxXferCount == 0x01U))
 80042d8:	6863      	ldr	r3, [r4, #4]
 80042da:	b113      	cbz	r3, 80042e2 <HAL_SPI_Transmit+0x11a>
 80042dc:	f1b9 0f01 	cmp.w	r9, #1
 80042e0:	d132      	bne.n	8004348 <HAL_SPI_Transmit+0x180>
      if (hspi->TxXferCount > 1U)
 80042e2:	8fe3      	ldrh	r3, [r4, #62]	@ 0x3e
 80042e4:	b29b      	uxth	r3, r3
 80042e6:	2b01      	cmp	r3, #1
 80042e8:	d90c      	bls.n	8004304 <HAL_SPI_Transmit+0x13c>
        hspi->Instance->DR = *((uint16_t *)hspi->pTxBuffPtr);
 80042ea:	6ba2      	ldr	r2, [r4, #56]	@ 0x38
 80042ec:	6823      	ldr	r3, [r4, #0]
 80042ee:	8812      	ldrh	r2, [r2, #0]
 80042f0:	60da      	str	r2, [r3, #12]
        hspi->pTxBuffPtr += sizeof(uint16_t);
 80042f2:	6ba3      	ldr	r3, [r4, #56]	@ 0x38
 80042f4:	3302      	adds	r3, #2
 80042f6:	63a3      	str	r3, [r4, #56]	@ 0x38
        hspi->TxXferCount -= 2U;
 80042f8:	8fe3      	ldrh	r3, [r4, #62]	@ 0x3e
 80042fa:	b29b      	uxth	r3, r3
 80042fc:	3b02      	subs	r3, #2
 80042fe:	b29b      	uxth	r3, r3
 8004300:	87e3      	strh	r3, [r4, #62]	@ 0x3e
 8004302:	e021      	b.n	8004348 <HAL_SPI_Transmit+0x180>
        *((__IO uint8_t *)&hspi->Instance->DR) = (*hspi->pTxBuffPtr);
 8004304:	6ba2      	ldr	r2, [r4, #56]	@ 0x38
 8004306:	6823      	ldr	r3, [r4, #0]
 8004308:	7812      	ldrb	r2, [r2, #0]
 800430a:	731a      	strb	r2, [r3, #12]
        hspi->pTxBuffPtr ++;
 800430c:	6ba3      	ldr	r3, [r4, #56]	@ 0x38
 800430e:	3301      	adds	r3, #1
 8004310:	63a3      	str	r3, [r4, #56]	@ 0x38
        hspi->TxXferCount--;
 8004312:	8fe3      	ldrh	r3, [r4, #62]	@ 0x3e
 8004314:	b29b      	uxth	r3, r3
 8004316:	3b01      	subs	r3, #1
 8004318:	b29b      	uxth	r3, r3
 800431a:	87e3      	strh	r3, [r4, #62]	@ 0x3e
 800431c:	e014      	b.n	8004348 <HAL_SPI_Transmit+0x180>
          *((__IO uint8_t *)&hspi->Instance->DR) = (*hspi->pTxBuffPtr);
 800431e:	6ba3      	ldr	r3, [r4, #56]	@ 0x38
 8004320:	781b      	ldrb	r3, [r3, #0]
 8004322:	7313      	strb	r3, [r2, #12]
          hspi->pTxBuffPtr++;
 8004324:	6ba3      	ldr	r3, [r4, #56]	@ 0x38
 8004326:	3301      	adds	r3, #1
 8004328:	63a3      	str	r3, [r4, #56]	@ 0x38
          hspi->TxXferCount--;
 800432a:	8fe3      	ldrh	r3, [r4, #62]	@ 0x3e
 800432c:	b29b      	uxth	r3, r3
 800432e:	3b01      	subs	r3, #1
 8004330:	b29b      	uxth	r3, r3
 8004332:	87e3      	strh	r3, [r4, #62]	@ 0x3e
 8004334:	e008      	b.n	8004348 <HAL_SPI_Transmit+0x180>
        if ((((HAL_GetTick() - tickstart) >=  Timeout) && (Timeout != HAL_MAX_DELAY)) || (Timeout == 0U))
 8004336:	f7fd fce7 	bl	8001d08 <HAL_GetTick>
 800433a:	1bc0      	subs	r0, r0, r7
 800433c:	42a8      	cmp	r0, r5
 800433e:	d302      	bcc.n	8004346 <HAL_SPI_Transmit+0x17e>
 8004340:	f1b5 3fff 	cmp.w	r5, #4294967295	@ 0xffffffff
 8004344:	d118      	bne.n	8004378 <HAL_SPI_Transmit+0x1b0>
 8004346:	b1bd      	cbz	r5, 8004378 <HAL_SPI_Transmit+0x1b0>
    while (hspi->TxXferCount > 0U)
 8004348:	8fe3      	ldrh	r3, [r4, #62]	@ 0x3e
 800434a:	b29b      	uxth	r3, r3
 800434c:	b1cb      	cbz	r3, 8004382 <HAL_SPI_Transmit+0x1ba>
      if (__HAL_SPI_GET_FLAG(hspi, SPI_FLAG_TXE))
 800434e:	6822      	ldr	r2, [r4, #0]
 8004350:	6893      	ldr	r3, [r2, #8]
 8004352:	f013 0f02 	tst.w	r3, #2
 8004356:	d0ee      	beq.n	8004336 <HAL_SPI_Transmit+0x16e>
        if (hspi->TxXferCount > 1U)
 8004358:	8fe3      	ldrh	r3, [r4, #62]	@ 0x3e
 800435a:	b29b      	uxth	r3, r3
 800435c:	2b01      	cmp	r3, #1
 800435e:	d9de      	bls.n	800431e <HAL_SPI_Transmit+0x156>
          hspi->Instance->DR = *((uint16_t *)hspi->pTxBuffPtr);
 8004360:	6ba3      	ldr	r3, [r4, #56]	@ 0x38
 8004362:	881b      	ldrh	r3, [r3, #0]
 8004364:	60d3      	str	r3, [r2, #12]
          hspi->pTxBuffPtr += sizeof(uint16_t);
 8004366:	6ba3      	ldr	r3, [r4, #56]	@ 0x38
 8004368:	3302      	adds	r3, #2
 800436a:	63a3      	str	r3, [r4, #56]	@ 0x38
          hspi->TxXferCount -= 2U;
 800436c:	8fe3      	ldrh	r3, [r4, #62]	@ 0x3e
 800436e:	b29b      	uxth	r3, r3
 8004370:	3b02      	subs	r3, #2
 8004372:	b29b      	uxth	r3, r3
 8004374:	87e3      	strh	r3, [r4, #62]	@ 0x3e
 8004376:	e7e7      	b.n	8004348 <HAL_SPI_Transmit+0x180>
          hspi->State = HAL_SPI_STATE_READY;
 8004378:	2301      	movs	r3, #1
 800437a:	f884 305d 	strb.w	r3, [r4, #93]	@ 0x5d
          errorcode = HAL_TIMEOUT;
 800437e:	2603      	movs	r6, #3
          goto error;
 8004380:	e018      	b.n	80043b4 <HAL_SPI_Transmit+0x1ec>
  if (SPI_EndRxTxTransaction(hspi, Timeout, tickstart) != HAL_OK)
 8004382:	463a      	mov	r2, r7
 8004384:	4629      	mov	r1, r5
 8004386:	4620      	mov	r0, r4
 8004388:	f7ff fe7e 	bl	8004088 <SPI_EndRxTxTransaction>
 800438c:	b108      	cbz	r0, 8004392 <HAL_SPI_Transmit+0x1ca>
    hspi->ErrorCode = HAL_SPI_ERROR_FLAG;
 800438e:	2320      	movs	r3, #32
 8004390:	6623      	str	r3, [r4, #96]	@ 0x60
  if (hspi->Init.Direction == SPI_DIRECTION_2LINES)
 8004392:	68a3      	ldr	r3, [r4, #8]
 8004394:	b933      	cbnz	r3, 80043a4 <HAL_SPI_Transmit+0x1dc>
    __HAL_SPI_CLEAR_OVRFLAG(hspi);
 8004396:	9301      	str	r3, [sp, #4]
 8004398:	6823      	ldr	r3, [r4, #0]
 800439a:	68da      	ldr	r2, [r3, #12]
 800439c:	9201      	str	r2, [sp, #4]
 800439e:	689b      	ldr	r3, [r3, #8]
 80043a0:	9301      	str	r3, [sp, #4]
 80043a2:	9b01      	ldr	r3, [sp, #4]
  if (hspi->ErrorCode != HAL_SPI_ERROR_NONE)
 80043a4:	6e23      	ldr	r3, [r4, #96]	@ 0x60
 80043a6:	b92b      	cbnz	r3, 80043b4 <HAL_SPI_Transmit+0x1ec>
    hspi->State = HAL_SPI_STATE_READY;
 80043a8:	2301      	movs	r3, #1
 80043aa:	f884 305d 	strb.w	r3, [r4, #93]	@ 0x5d
  HAL_StatusTypeDef errorcode = HAL_OK;
 80043ae:	2600      	movs	r6, #0
 80043b0:	e000      	b.n	80043b4 <HAL_SPI_Transmit+0x1ec>
    errorcode = HAL_BUSY;
 80043b2:	2602      	movs	r6, #2
  __HAL_UNLOCK(hspi);
 80043b4:	2300      	movs	r3, #0
 80043b6:	f884 305c 	strb.w	r3, [r4, #92]	@ 0x5c
}
 80043ba:	4630      	mov	r0, r6
 80043bc:	b003      	add	sp, #12
 80043be:	e8bd 83f0 	ldmia.w	sp!, {r4, r5, r6, r7, r8, r9, pc}
  __HAL_LOCK(hspi);
 80043c2:	2602      	movs	r6, #2
 80043c4:	e7f9      	b.n	80043ba <HAL_SPI_Transmit+0x1f2>

080043c6 <HAL_SPI_ErrorCallback>:
}
 80043c6:	4770      	bx	lr

080043c8 <HAL_SPI_IRQHandler>:
{
 80043c8:	b530      	push	{r4, r5, lr}
 80043ca:	b085      	sub	sp, #20
 80043cc:	4604      	mov	r4, r0
  uint32_t itsource = hspi->Instance->CR2;
 80043ce:	6802      	ldr	r2, [r0, #0]
 80043d0:	6851      	ldr	r1, [r2, #4]
  uint32_t itflag   = hspi->Instance->SR;
 80043d2:	6893      	ldr	r3, [r2, #8]
  if ((SPI_CHECK_FLAG(itflag, SPI_FLAG_OVR) == RESET) &&
 80043d4:	f3c3 1080 	ubfx	r0, r3, #6, #1
 80043d8:	f013 0f40 	tst.w	r3, #64	@ 0x40
 80043dc:	d105      	bne.n	80043ea <HAL_SPI_IRQHandler+0x22>
 80043de:	f013 0f01 	tst.w	r3, #1
 80043e2:	d002      	beq.n	80043ea <HAL_SPI_IRQHandler+0x22>
      (SPI_CHECK_FLAG(itflag, SPI_FLAG_RXNE) != RESET) && (SPI_CHECK_IT_SOURCE(itsource, SPI_IT_RXNE) != RESET))
 80043e4:	f011 0f40 	tst.w	r1, #64	@ 0x40
 80043e8:	d169      	bne.n	80044be <HAL_SPI_IRQHandler+0xf6>
  if ((SPI_CHECK_FLAG(itflag, SPI_FLAG_TXE) != RESET) && (SPI_CHECK_IT_SOURCE(itsource, SPI_IT_TXE) != RESET))
 80043ea:	f013 0f02 	tst.w	r3, #2
 80043ee:	d002      	beq.n	80043f6 <HAL_SPI_IRQHandler+0x2e>
 80043f0:	f011 0f80 	tst.w	r1, #128	@ 0x80
 80043f4:	d167      	bne.n	80044c6 <HAL_SPI_IRQHandler+0xfe>
  if (((SPI_CHECK_FLAG(itflag, SPI_FLAG_MODF) != RESET) || (SPI_CHECK_FLAG(itflag, SPI_FLAG_OVR) != RESET)
 80043f6:	f3c3 1540 	ubfx	r5, r3, #5, #1
 80043fa:	f013 0f20 	tst.w	r3, #32
 80043fe:	d103      	bne.n	8004408 <HAL_SPI_IRQHandler+0x40>
 8004400:	b910      	cbnz	r0, 8004408 <HAL_SPI_IRQHandler+0x40>
       || (SPI_CHECK_FLAG(itflag, SPI_FLAG_FRE) != RESET)) && (SPI_CHECK_IT_SOURCE(itsource, SPI_IT_ERR) != RESET))
 8004402:	f413 7f80 	tst.w	r3, #256	@ 0x100
 8004406:	d061      	beq.n	80044cc <HAL_SPI_IRQHandler+0x104>
 8004408:	f011 0f20 	tst.w	r1, #32
 800440c:	d05e      	beq.n	80044cc <HAL_SPI_IRQHandler+0x104>
    if (SPI_CHECK_FLAG(itflag, SPI_FLAG_OVR) != RESET)
 800440e:	b178      	cbz	r0, 8004430 <HAL_SPI_IRQHandler+0x68>
      if (hspi->State != HAL_SPI_STATE_BUSY_TX)
 8004410:	f894 005d 	ldrb.w	r0, [r4, #93]	@ 0x5d
 8004414:	b2c0      	uxtb	r0, r0
 8004416:	2803      	cmp	r0, #3
 8004418:	d05a      	beq.n	80044d0 <HAL_SPI_IRQHandler+0x108>
        SET_BIT(hspi->ErrorCode, HAL_SPI_ERROR_OVR);
 800441a:	6e20      	ldr	r0, [r4, #96]	@ 0x60
 800441c:	f040 0004 	orr.w	r0, r0, #4
 8004420:	6620      	str	r0, [r4, #96]	@ 0x60
        __HAL_SPI_CLEAR_OVRFLAG(hspi);
 8004422:	2000      	movs	r0, #0
 8004424:	9000      	str	r0, [sp, #0]
 8004426:	68d0      	ldr	r0, [r2, #12]
 8004428:	9000      	str	r0, [sp, #0]
 800442a:	6890      	ldr	r0, [r2, #8]
 800442c:	9000      	str	r0, [sp, #0]
 800442e:	9800      	ldr	r0, [sp, #0]
    if (SPI_CHECK_FLAG(itflag, SPI_FLAG_MODF) != RESET)
 8004430:	b165      	cbz	r5, 800444c <HAL_SPI_IRQHandler+0x84>
      SET_BIT(hspi->ErrorCode, HAL_SPI_ERROR_MODF);
 8004432:	6e20      	ldr	r0, [r4, #96]	@ 0x60
 8004434:	f040 0001 	orr.w	r0, r0, #1
 8004438:	6620      	str	r0, [r4, #96]	@ 0x60
      __HAL_SPI_CLEAR_MODFFLAG(hspi);
 800443a:	2000      	movs	r0, #0
 800443c:	9002      	str	r0, [sp, #8]
 800443e:	6890      	ldr	r0, [r2, #8]
 8004440:	9002      	str	r0, [sp, #8]
 8004442:	6810      	ldr	r0, [r2, #0]
 8004444:	f020 0040 	bic.w	r0, r0, #64	@ 0x40
 8004448:	6010      	str	r0, [r2, #0]
 800444a:	9a02      	ldr	r2, [sp, #8]
    if (SPI_CHECK_FLAG(itflag, SPI_FLAG_FRE) != RESET)
 800444c:	f413 7f80 	tst.w	r3, #256	@ 0x100
 8004450:	d009      	beq.n	8004466 <HAL_SPI_IRQHandler+0x9e>
      SET_BIT(hspi->ErrorCode, HAL_SPI_ERROR_FRE);
 8004452:	6e23      	ldr	r3, [r4, #96]	@ 0x60
 8004454:	f043 0308 	orr.w	r3, r3, #8
 8004458:	6623      	str	r3, [r4, #96]	@ 0x60
      __HAL_SPI_CLEAR_FREFLAG(hspi);
 800445a:	2300      	movs	r3, #0
 800445c:	9303      	str	r3, [sp, #12]
 800445e:	6823      	ldr	r3, [r4, #0]
 8004460:	689b      	ldr	r3, [r3, #8]
 8004462:	9303      	str	r3, [sp, #12]
 8004464:	9b03      	ldr	r3, [sp, #12]
    if (hspi->ErrorCode != HAL_SPI_ERROR_NONE)
 8004466:	6e23      	ldr	r3, [r4, #96]	@ 0x60
 8004468:	2b00      	cmp	r3, #0
 800446a:	d02f      	beq.n	80044cc <HAL_SPI_IRQHandler+0x104>
      __HAL_SPI_DISABLE_IT(hspi, SPI_IT_RXNE | SPI_IT_TXE | SPI_IT_ERR);
 800446c:	6822      	ldr	r2, [r4, #0]
 800446e:	6853      	ldr	r3, [r2, #4]
 8004470:	f023 03e0 	bic.w	r3, r3, #224	@ 0xe0
 8004474:	6053      	str	r3, [r2, #4]
      hspi->State = HAL_SPI_STATE_READY;
 8004476:	2301      	movs	r3, #1
 8004478:	f884 305d 	strb.w	r3, [r4, #93]	@ 0x5d
      if ((HAL_IS_BIT_SET(itsource, SPI_CR2_TXDMAEN)) || (HAL_IS_BIT_SET(itsource, SPI_CR2_RXDMAEN)))
 800447c:	f011 0f03 	tst.w	r1, #3
 8004480:	d02e      	beq.n	80044e0 <HAL_SPI_IRQHandler+0x118>
        CLEAR_BIT(hspi->Instance->CR2, (SPI_CR2_TXDMAEN | SPI_CR2_RXDMAEN));
 8004482:	6822      	ldr	r2, [r4, #0]
 8004484:	6853      	ldr	r3, [r2, #4]
 8004486:	f023 0303 	bic.w	r3, r3, #3
 800448a:	6053      	str	r3, [r2, #4]
        if (hspi->hdmarx != NULL)
 800448c:	6da3      	ldr	r3, [r4, #88]	@ 0x58
 800448e:	b14b      	cbz	r3, 80044a4 <HAL_SPI_IRQHandler+0xdc>
          hspi->hdmarx->XferAbortCallback = SPI_DMAAbortOnError;
 8004490:	4a15      	ldr	r2, [pc, #84]	@ (80044e8 <HAL_SPI_IRQHandler+0x120>)
 8004492:	639a      	str	r2, [r3, #56]	@ 0x38
          if (HAL_OK != HAL_DMA_Abort_IT(hspi->hdmarx))
 8004494:	6da0      	ldr	r0, [r4, #88]	@ 0x58
 8004496:	f7fd fd63 	bl	8001f60 <HAL_DMA_Abort_IT>
 800449a:	b118      	cbz	r0, 80044a4 <HAL_SPI_IRQHandler+0xdc>
            SET_BIT(hspi->ErrorCode, HAL_SPI_ERROR_ABORT);
 800449c:	6e23      	ldr	r3, [r4, #96]	@ 0x60
 800449e:	f043 0340 	orr.w	r3, r3, #64	@ 0x40
 80044a2:	6623      	str	r3, [r4, #96]	@ 0x60
        if (hspi->hdmatx != NULL)
 80044a4:	6d63      	ldr	r3, [r4, #84]	@ 0x54
 80044a6:	b18b      	cbz	r3, 80044cc <HAL_SPI_IRQHandler+0x104>
          hspi->hdmatx->XferAbortCallback = SPI_DMAAbortOnError;
 80044a8:	4a0f      	ldr	r2, [pc, #60]	@ (80044e8 <HAL_SPI_IRQHandler+0x120>)
 80044aa:	639a      	str	r2, [r3, #56]	@ 0x38
          if (HAL_OK != HAL_DMA_Abort_IT(hspi->hdmatx))
 80044ac:	6d60      	ldr	r0, [r4, #84]	@ 0x54
 80044ae:	f7fd fd57 	bl	8001f60 <HAL_DMA_Abort_IT>
 80044b2:	b158      	cbz	r0, 80044cc <HAL_SPI_IRQHandler+0x104>
            SET_BIT(hspi->ErrorCode, HAL_SPI_ERROR_ABORT);
 80044b4:	6e23      	ldr	r3, [r4, #96]	@ 0x60
 80044b6:	f043 0340 	orr.w	r3, r3, #64	@ 0x40
 80044ba:	6623      	str	r3, [r4, #96]	@ 0x60
 80044bc:	e006      	b.n	80044cc <HAL_SPI_IRQHandler+0x104>
    hspi->RxISR(hspi);
 80044be:	6ce3      	ldr	r3, [r4, #76]	@ 0x4c
 80044c0:	4620      	mov	r0, r4
 80044c2:	4798      	blx	r3
    return;
 80044c4:	e002      	b.n	80044cc <HAL_SPI_IRQHandler+0x104>
    hspi->TxISR(hspi);
 80044c6:	6d23      	ldr	r3, [r4, #80]	@ 0x50
 80044c8:	4620      	mov	r0, r4
 80044ca:	4798      	blx	r3
}
 80044cc:	b005      	add	sp, #20
 80044ce:	bd30      	pop	{r4, r5, pc}
        __HAL_SPI_CLEAR_OVRFLAG(hspi);
 80044d0:	2300      	movs	r3, #0
 80044d2:	9301      	str	r3, [sp, #4]
 80044d4:	68d3      	ldr	r3, [r2, #12]
 80044d6:	9301      	str	r3, [sp, #4]
 80044d8:	6893      	ldr	r3, [r2, #8]
 80044da:	9301      	str	r3, [sp, #4]
 80044dc:	9b01      	ldr	r3, [sp, #4]
        return;
 80044de:	e7f5      	b.n	80044cc <HAL_SPI_IRQHandler+0x104>
        HAL_SPI_ErrorCallback(hspi);
 80044e0:	4620      	mov	r0, r4
 80044e2:	f7ff ff70 	bl	80043c6 <HAL_SPI_ErrorCallback>
    return;
 80044e6:	e7f1      	b.n	80044cc <HAL_SPI_IRQHandler+0x104>
 80044e8:	080044ed 	.word	0x080044ed

080044ec <SPI_DMAAbortOnError>:
{
 80044ec:	b508      	push	{r3, lr}
  SPI_HandleTypeDef *hspi = (SPI_HandleTypeDef *)(((DMA_HandleTypeDef *)hdma)->Parent); /* Derogation MISRAC2012-Rule-11.5 */
 80044ee:	6a80      	ldr	r0, [r0, #40]	@ 0x28
  hspi->RxXferCount = 0U;
 80044f0:	2300      	movs	r3, #0
 80044f2:	f8a0 3046 	strh.w	r3, [r0, #70]	@ 0x46
  hspi->TxXferCount = 0U;
 80044f6:	87c3      	strh	r3, [r0, #62]	@ 0x3e
  HAL_SPI_ErrorCallback(hspi);
 80044f8:	f7ff ff65 	bl	80043c6 <HAL_SPI_ErrorCallback>
}
 80044fc:	bd08      	pop	{r3, pc}

080044fe <NMI_Handler>:
{
  /* USER CODE BEGIN NonMaskableInt_IRQn 0 */

  /* USER CODE END NonMaskableInt_IRQn 0 */
  /* USER CODE BEGIN NonMaskableInt_IRQn 1 */
   while (1)
 80044fe:	e7fe      	b.n	80044fe <NMI_Handler>

08004500 <HardFault_Handler>:
void HardFault_Handler(void)
{
  /* USER CODE BEGIN HardFault_IRQn 0 */

  /* USER CODE END HardFault_IRQn 0 */
  while (1)
 8004500:	e7fe      	b.n	8004500 <HardFault_Handler>

08004502 <MemManage_Handler>:
void MemManage_Handler(void)
{
  /* USER CODE BEGIN MemoryManagement_IRQn 0 */

  /* USER CODE END MemoryManagement_IRQn 0 */
  while (1)
 8004502:	e7fe      	b.n	8004502 <MemManage_Handler>

08004504 <BusFault_Handler>:
void BusFault_Handler(void)
{
  /* USER CODE BEGIN BusFault_IRQn 0 */

  /* USER CODE END BusFault_IRQn 0 */
  while (1)
 8004504:	e7fe      	b.n	8004504 <BusFault_Handler>

08004506 <UsageFault_Handler>:
void UsageFault_Handler(void)
{
  /* USER CODE BEGIN UsageFault_IRQn 0 */

  /* USER CODE END UsageFault_IRQn 0 */
  while (1)
 8004506:	e7fe      	b.n	8004506 <UsageFault_Handler>

08004508 <SVC_Handler>:

  /* USER CODE END SVCall_IRQn 0 */
  /* USER CODE BEGIN SVCall_IRQn 1 */

  /* USER CODE END SVCall_IRQn 1 */
}
 8004508:	4770      	bx	lr

0800450a <DebugMon_Handler>:

  /* USER CODE END DebugMonitor_IRQn 0 */
  /* USER CODE BEGIN DebugMonitor_IRQn 1 */

  /* USER CODE END DebugMonitor_IRQn 1 */
}
 800450a:	4770      	bx	lr

0800450c <PendSV_Handler>:

  /* USER CODE END PendSV_IRQn 0 */
  /* USER CODE BEGIN PendSV_IRQn 1 */

  /* USER CODE END PendSV_IRQn 1 */
}
 800450c:	4770      	bx	lr

0800450e <SysTick_Handler>:

/**
  * @brief This function handles System tick timer.
  */
void SysTick_Handler(void)
{
 800450e:	b508      	push	{r3, lr}
  /* USER CODE BEGIN SysTick_IRQn 0 */

  /* USER CODE END SysTick_IRQn 0 */
  HAL_IncTick();
 8004510:	f7fd fbee 	bl	8001cf0 <HAL_IncTick>
  /* USER CODE BEGIN SysTick_IRQn 1 */

  /* USER CODE END SysTick_IRQn 1 */
}
 8004514:	bd08      	pop	{r3, pc}
	...

08004518 <SPI1_IRQHandler>:

/**
  * @brief This function handles SPI1 global interrupt.
  */
void SPI1_IRQHandler(void)
{
 8004518:	b508      	push	{r3, lr}
  /* USER CODE BEGIN SPI1_IRQn 0 */

  /* USER CODE END SPI1_IRQn 0 */
  HAL_SPI_IRQHandler(&hspi1);
 800451a:	4802      	ldr	r0, [pc, #8]	@ (8004524 <SPI1_IRQHandler+0xc>)
 800451c:	f7ff ff54 	bl	80043c8 <HAL_SPI_IRQHandler>
  /* USER CODE BEGIN SPI1_IRQn 1 */

  /* USER CODE END SPI1_IRQn 1 */
}
 8004520:	bd08      	pop	{r3, pc}
 8004522:	bf00      	nop
 8004524:	2000030c 	.word	0x2000030c

08004528 <I2C3_EV_IRQHandler>:

/**
  * @brief This function handles I2C3 event interrupt.
  */
void I2C3_EV_IRQHandler(void)
{
 8004528:	b508      	push	{r3, lr}
  /* USER CODE BEGIN I2C3_EV_IRQn 0 */

  /* USER CODE END I2C3_EV_IRQn 0 */
  HAL_I2C_EV_IRQHandler(&hi2c3);
 800452a:	4802      	ldr	r0, [pc, #8]	@ (8004534 <I2C3_EV_IRQHandler+0xc>)
 800452c:	f7fe fa04 	bl	8002938 <HAL_I2C_EV_IRQHandler>
  /* USER CODE BEGIN I2C3_EV_IRQn 1 */

  /* USER CODE END I2C3_EV_IRQn 1 */
}
 8004530:	bd08      	pop	{r3, pc}
 8004532:	bf00      	nop
 8004534:	200002ac 	.word	0x200002ac

08004538 <I2C3_ER_IRQHandler>:

/**
  * @brief This function handles I2C3 error interrupt.
  */
void I2C3_ER_IRQHandler(void)
{
 8004538:	b508      	push	{r3, lr}
  /* USER CODE BEGIN I2C3_ER_IRQn 0 */

  /* USER CODE END I2C3_ER_IRQn 0 */
  HAL_I2C_ER_IRQHandler(&hi2c3);
 800453a:	4802      	ldr	r0, [pc, #8]	@ (8004544 <I2C3_ER_IRQHandler+0xc>)
 800453c:	f7fe fce1 	bl	8002f02 <HAL_I2C_ER_IRQHandler>
  /* USER CODE BEGIN I2C3_ER_IRQn 1 */

  /* USER CODE END I2C3_ER_IRQn 1 */
}
 8004540:	bd08      	pop	{r3, pc}
 8004542:	bf00      	nop
 8004544:	200002ac 	.word	0x200002ac

08004548 <SystemInit>:
  SCB->VTOR = VECT_TAB_BASE_ADDRESS | VECT_TAB_OFFSET;
#endif

  /* FPU settings ------------------------------------------------------------*/
#if (__FPU_PRESENT == 1) && (__FPU_USED == 1)
  SCB->CPACR |= ((3UL << 20U)|(3UL << 22U));  /* set CP10 and CP11 Full Access */
 8004548:	4a03      	ldr	r2, [pc, #12]	@ (8004558 <SystemInit+0x10>)
 800454a:	f8d2 3088 	ldr.w	r3, [r2, #136]	@ 0x88
 800454e:	f443 0370 	orr.w	r3, r3, #15728640	@ 0xf00000
 8004552:	f8c2 3088 	str.w	r3, [r2, #136]	@ 0x88
#endif
}
 8004556:	4770      	bx	lr
 8004558:	e000ed00 	.word	0xe000ed00

0800455c <time_init>:
#include "time.h"
#include "stm32l431xx.h"

void time_init(void)
{
    RCC->APB1ENR1 |= RCC_APB1ENR1_TIM7EN;
 800455c:	4a12      	ldr	r2, [pc, #72]	@ (80045a8 <time_init+0x4c>)
 800455e:	6d93      	ldr	r3, [r2, #88]	@ 0x58
 8004560:	f043 0320 	orr.w	r3, r3, #32
 8004564:	6593      	str	r3, [r2, #88]	@ 0x58
    TIM7->CR1 |= TIM_CR1_CEN | TIM_CR1_URS;
 8004566:	4b11      	ldr	r3, [pc, #68]	@ (80045ac <time_init+0x50>)
 8004568:	681a      	ldr	r2, [r3, #0]
 800456a:	f042 0205 	orr.w	r2, r2, #5
 800456e:	601a      	str	r2, [r3, #0]
    TIM7->CR2 |= 2<< TIM_CR2_MMS2;
 8004570:	685a      	ldr	r2, [r3, #4]
 8004572:	605a      	str	r2, [r3, #4]
    TIM7->DIER |= TIM_DIER_UIE;
 8004574:	68da      	ldr	r2, [r3, #12]
 8004576:	f042 0201 	orr.w	r2, r2, #1
 800457a:	60da      	str	r2, [r3, #12]
    TIM7->PSC |= 1499; 
 800457c:	6a9a      	ldr	r2, [r3, #40]	@ 0x28
 800457e:	f442 62bb 	orr.w	r2, r2, #1496	@ 0x5d8
 8004582:	f042 0203 	orr.w	r2, r2, #3
 8004586:	629a      	str	r2, [r3, #40]	@ 0x28
    TIM7->ARR |= 1999;
 8004588:	6ada      	ldr	r2, [r3, #44]	@ 0x2c
 800458a:	f442 62f9 	orr.w	r2, r2, #1992	@ 0x7c8
 800458e:	f042 0207 	orr.w	r2, r2, #7
 8004592:	62da      	str	r2, [r3, #44]	@ 0x2c
    
    TIM7->CR1 |= TIM_CR1_CEN;
 8004594:	681a      	ldr	r2, [r3, #0]
 8004596:	f042 0201 	orr.w	r2, r2, #1
 800459a:	601a      	str	r2, [r3, #0]
    NVIC->ISER[(((uint32_t)IRQn) >> 5UL)] = (uint32_t)(1UL << (((uint32_t)IRQn) & 0x1FUL));
 800459c:	4b04      	ldr	r3, [pc, #16]	@ (80045b0 <time_init+0x54>)
 800459e:	f44f 0200 	mov.w	r2, #8388608	@ 0x800000
 80045a2:	605a      	str	r2, [r3, #4]
    NVIC_EnableIRQ (TIM7_IRQn);

 80045a4:	4770      	bx	lr
 80045a6:	bf00      	nop
 80045a8:	40021000 	.word	0x40021000
 80045ac:	40001400 	.word	0x40001400
 80045b0:	e000e100 	.word	0xe000e100

080045b4 <Reset_Handler>:

    .section	.text.Reset_Handler
	.weak	Reset_Handler
	.type	Reset_Handler, %function
Reset_Handler:
  ldr   sp, =_estack    /* Set stack pointer */
 80045b4:	f8df d034 	ldr.w	sp, [pc, #52]	@ 80045ec <LoopForever+0x2>

/* Call the clock system initialization function.*/
    bl  SystemInit
 80045b8:	f7ff ffc6 	bl	8004548 <SystemInit>

/* Copy the data segment initializers from flash to SRAM */
  ldr r0, =_sdata
 80045bc:	480c      	ldr	r0, [pc, #48]	@ (80045f0 <LoopForever+0x6>)
  ldr r1, =_edata
 80045be:	490d      	ldr	r1, [pc, #52]	@ (80045f4 <LoopForever+0xa>)
  ldr r2, =_sidata
 80045c0:	4a0d      	ldr	r2, [pc, #52]	@ (80045f8 <LoopForever+0xe>)
  movs r3, #0
 80045c2:	2300      	movs	r3, #0
  b LoopCopyDataInit
 80045c4:	e002      	b.n	80045cc <LoopCopyDataInit>

080045c6 <CopyDataInit>:

CopyDataInit:
  ldr r4, [r2, r3]
 80045c6:	58d4      	ldr	r4, [r2, r3]
  str r4, [r0, r3]
 80045c8:	50c4      	str	r4, [r0, r3]
  adds r3, r3, #4
 80045ca:	3304      	adds	r3, #4

080045cc <LoopCopyDataInit>:

LoopCopyDataInit:
  adds r4, r0, r3
 80045cc:	18c4      	adds	r4, r0, r3
  cmp r4, r1
 80045ce:	428c      	cmp	r4, r1
  bcc CopyDataInit
 80045d0:	d3f9      	bcc.n	80045c6 <CopyDataInit>
  
/* Zero fill the bss segment. */
  ldr r2, =_sbss
 80045d2:	4a0a      	ldr	r2, [pc, #40]	@ (80045fc <LoopForever+0x12>)
  ldr r4, =_ebss
 80045d4:	4c0a      	ldr	r4, [pc, #40]	@ (8004600 <LoopForever+0x16>)
  movs r3, #0
 80045d6:	2300      	movs	r3, #0
  b LoopFillZerobss
 80045d8:	e001      	b.n	80045de <LoopFillZerobss>

080045da <FillZerobss>:

FillZerobss:
  str  r3, [r2]
 80045da:	6013      	str	r3, [r2, #0]
  adds r2, r2, #4
 80045dc:	3204      	adds	r2, #4

080045de <LoopFillZerobss>:

LoopFillZerobss:
  cmp r2, r4
 80045de:	42a2      	cmp	r2, r4
  bcc FillZerobss
 80045e0:	d3fb      	bcc.n	80045da <FillZerobss>

/* Call static constructors */
    bl __libc_init_array
 80045e2:	f000 f819 	bl	8004618 <__libc_init_array>
/* Call the application's entry point.*/
	bl	main
 80045e6:	f7fd f9c1 	bl	800196c <main>

080045ea <LoopForever>:

LoopForever:
    b LoopForever
 80045ea:	e7fe      	b.n	80045ea <LoopForever>
  ldr   sp, =_estack    /* Set stack pointer */
 80045ec:	2000c000 	.word	0x2000c000
  ldr r0, =_sdata
 80045f0:	20000000 	.word	0x20000000
  ldr r1, =_edata
 80045f4:	20000020 	.word	0x20000020
  ldr r2, =_sidata
 80045f8:	08006190 	.word	0x08006190
  ldr r2, =_sbss
 80045fc:	20000020 	.word	0x20000020
  ldr r4, =_ebss
 8004600:	20000374 	.word	0x20000374

08004604 <CAN1_RX0_IRQHandler>:
 * @retval : None
*/
    .section	.text.Default_Handler,"ax",%progbits
Default_Handler:
Infinite_Loop:
	b	Infinite_Loop
 8004604:	e7fe      	b.n	8004604 <CAN1_RX0_IRQHandler>

08004606 <memset>:
 8004606:	4402      	add	r2, r0
 8004608:	4603      	mov	r3, r0
 800460a:	4293      	cmp	r3, r2
 800460c:	d100      	bne.n	8004610 <memset+0xa>
 800460e:	4770      	bx	lr
 8004610:	f803 1b01 	strb.w	r1, [r3], #1
 8004614:	e7f9      	b.n	800460a <memset+0x4>
	...

08004618 <__libc_init_array>:
 8004618:	b570      	push	{r4, r5, r6, lr}
 800461a:	4d0d      	ldr	r5, [pc, #52]	@ (8004650 <__libc_init_array+0x38>)
 800461c:	4c0d      	ldr	r4, [pc, #52]	@ (8004654 <__libc_init_array+0x3c>)
 800461e:	1b64      	subs	r4, r4, r5
 8004620:	10a4      	asrs	r4, r4, #2
 8004622:	2600      	movs	r6, #0
 8004624:	42a6      	cmp	r6, r4
 8004626:	d109      	bne.n	800463c <__libc_init_array+0x24>
 8004628:	4d0b      	ldr	r5, [pc, #44]	@ (8004658 <__libc_init_array+0x40>)
 800462a:	4c0c      	ldr	r4, [pc, #48]	@ (800465c <__libc_init_array+0x44>)
 800462c:	f000 f818 	bl	8004660 <_init>
 8004630:	1b64      	subs	r4, r4, r5
 8004632:	10a4      	asrs	r4, r4, #2
 8004634:	2600      	movs	r6, #0
 8004636:	42a6      	cmp	r6, r4
 8004638:	d105      	bne.n	8004646 <__libc_init_array+0x2e>
 800463a:	bd70      	pop	{r4, r5, r6, pc}
 800463c:	f855 3b04 	ldr.w	r3, [r5], #4
 8004640:	4798      	blx	r3
 8004642:	3601      	adds	r6, #1
 8004644:	e7ee      	b.n	8004624 <__libc_init_array+0xc>
 8004646:	f855 3b04 	ldr.w	r3, [r5], #4
 800464a:	4798      	blx	r3
 800464c:	3601      	adds	r6, #1
 800464e:	e7f2      	b.n	8004636 <__libc_init_array+0x1e>
 8004650:	08006180 	.word	0x08006180
 8004654:	08006180 	.word	0x08006180
 8004658:	08006180 	.word	0x08006180
 800465c:	08006184 	.word	0x08006184

08004660 <_init>:
 8004660:	b5f8      	push	{r3, r4, r5, r6, r7, lr}
 8004662:	bf00      	nop
 8004664:	bcf8      	pop	{r3, r4, r5, r6, r7}
 8004666:	bc08      	pop	{r3}
 8004668:	469e      	mov	lr, r3
 800466a:	4770      	bx	lr

0800466c <_fini>:
 800466c:	b5f8      	push	{r3, r4, r5, r6, r7, lr}
 800466e:	bf00      	nop
 8004670:	bcf8      	pop	{r3, r4, r5, r6, r7}
 8004672:	bc08      	pop	{r3}
 8004674:	469e      	mov	lr, r3
 8004676:	4770      	bx	lr
