ARM GAS  /tmp/ccvKl5wA.s 			page 1


   1              		.cpu cortex-m4
   2              		.arch armv7e-m
   3              		.fpu fpv4-sp-d16
   4              		.eabi_attribute 27, 1
   5              		.eabi_attribute 28, 1
   6              		.eabi_attribute 20, 1
   7              		.eabi_attribute 21, 1
   8              		.eabi_attribute 23, 3
   9              		.eabi_attribute 24, 1
  10              		.eabi_attribute 25, 1
  11              		.eabi_attribute 26, 1
  12              		.eabi_attribute 30, 1
  13              		.eabi_attribute 34, 1
  14              		.eabi_attribute 18, 4
  15              		.file	"gpio.c"
  16              		.text
  17              	.Ltext0:
  18              		.cfi_sections	.debug_frame
  19              		.file 1 "Core/Src/gpio.c"
  20              		.section	.text.MX_GPIO_Init,"ax",%progbits
  21              		.align	1
  22              		.global	MX_GPIO_Init
  23              		.syntax unified
  24              		.thumb
  25              		.thumb_func
  27              	MX_GPIO_Init:
  28              	.LFB288:
   1:Core/Src/gpio.c **** /* USER CODE BEGIN Header */
   2:Core/Src/gpio.c **** /**
   3:Core/Src/gpio.c ****   ******************************************************************************
   4:Core/Src/gpio.c ****   * @file    gpio.c
   5:Core/Src/gpio.c ****   * @brief   This file provides code for the configuration
   6:Core/Src/gpio.c ****   *          of all used GPIO pins.
   7:Core/Src/gpio.c ****   ******************************************************************************
   8:Core/Src/gpio.c ****   * @attention
   9:Core/Src/gpio.c ****   *
  10:Core/Src/gpio.c ****   * Copyright (c) 2024 STMicroelectronics.
  11:Core/Src/gpio.c ****   * All rights reserved.
  12:Core/Src/gpio.c ****   *
  13:Core/Src/gpio.c ****   * This software is licensed under terms that can be found in the LICENSE file
  14:Core/Src/gpio.c ****   * in the root directory of this software component.
  15:Core/Src/gpio.c ****   * If no LICENSE file comes with this software, it is provided AS-IS.
  16:Core/Src/gpio.c ****   *
  17:Core/Src/gpio.c ****   ******************************************************************************
  18:Core/Src/gpio.c ****   */
  19:Core/Src/gpio.c **** /* USER CODE END Header */
  20:Core/Src/gpio.c **** 
  21:Core/Src/gpio.c **** /* Includes ------------------------------------------------------------------*/
  22:Core/Src/gpio.c **** #include "gpio.h"
  23:Core/Src/gpio.c **** #include "stm32l4xx.h"
  24:Core/Src/gpio.c **** /* USER CODE BEGIN 0 */
  25:Core/Src/gpio.c **** 
  26:Core/Src/gpio.c **** /* USER CODE END 0 */
  27:Core/Src/gpio.c **** 
  28:Core/Src/gpio.c **** /*----------------------------------------------------------------------------*/
  29:Core/Src/gpio.c **** /* Configure GPIO                                                             */
  30:Core/Src/gpio.c **** /*----------------------------------------------------------------------------*/
ARM GAS  /tmp/ccvKl5wA.s 			page 2


  31:Core/Src/gpio.c **** /* USER CODE BEGIN 1 */
  32:Core/Src/gpio.c **** 
  33:Core/Src/gpio.c **** /* USER CODE END 1 */
  34:Core/Src/gpio.c **** 
  35:Core/Src/gpio.c **** /** Configure pins as
  36:Core/Src/gpio.c ****         * Analog
  37:Core/Src/gpio.c ****         * Input
  38:Core/Src/gpio.c ****         * Output
  39:Core/Src/gpio.c ****         * EVENT_OUT
  40:Core/Src/gpio.c ****         * EXTI
  41:Core/Src/gpio.c **** */
  42:Core/Src/gpio.c **** void MX_GPIO_Init(void)
  43:Core/Src/gpio.c **** {
  29              		.loc 1 43 1 view -0
  30              		.cfi_startproc
  31              		@ args = 0, pretend = 0, frame = 32
  32              		@ frame_needed = 0, uses_anonymous_args = 0
  33 0000 F0B5     		push	{r4, r5, r6, r7, lr}
  34              	.LCFI0:
  35              		.cfi_def_cfa_offset 20
  36              		.cfi_offset 4, -20
  37              		.cfi_offset 5, -16
  38              		.cfi_offset 6, -12
  39              		.cfi_offset 7, -8
  40              		.cfi_offset 14, -4
  41 0002 89B0     		sub	sp, sp, #36
  42              	.LCFI1:
  43              		.cfi_def_cfa_offset 56
  44:Core/Src/gpio.c **** 
  45:Core/Src/gpio.c ****   GPIO_InitTypeDef GPIO_InitStruct = {0};
  44              		.loc 1 45 3 view .LVU1
  45              		.loc 1 45 20 is_stmt 0 view .LVU2
  46 0004 0024     		movs	r4, #0
  47 0006 0394     		str	r4, [sp, #12]
  48 0008 0494     		str	r4, [sp, #16]
  49 000a 0594     		str	r4, [sp, #20]
  50 000c 0694     		str	r4, [sp, #24]
  51 000e 0794     		str	r4, [sp, #28]
  46:Core/Src/gpio.c **** 
  47:Core/Src/gpio.c ****   /* GPIO Ports Clock Enable */
  48:Core/Src/gpio.c ****   __HAL_RCC_GPIOA_CLK_ENABLE();
  52              		.loc 1 48 3 is_stmt 1 view .LVU3
  53              	.LBB6:
  54              		.loc 1 48 3 view .LVU4
  55              		.loc 1 48 3 view .LVU5
  56 0010 2D4B     		ldr	r3, .L3
  57 0012 DA6C     		ldr	r2, [r3, #76]
  58 0014 42F00102 		orr	r2, r2, #1
  59 0018 DA64     		str	r2, [r3, #76]
  60              		.loc 1 48 3 view .LVU6
  61 001a DA6C     		ldr	r2, [r3, #76]
  62 001c 02F00102 		and	r2, r2, #1
  63 0020 0192     		str	r2, [sp, #4]
  64              		.loc 1 48 3 view .LVU7
  65 0022 019A     		ldr	r2, [sp, #4]
  66              	.LBE6:
  67              		.loc 1 48 3 view .LVU8
ARM GAS  /tmp/ccvKl5wA.s 			page 3


  49:Core/Src/gpio.c ****   __HAL_RCC_GPIOB_CLK_ENABLE();
  68              		.loc 1 49 3 view .LVU9
  69              	.LBB7:
  70              		.loc 1 49 3 view .LVU10
  71              		.loc 1 49 3 view .LVU11
  72 0024 DA6C     		ldr	r2, [r3, #76]
  73 0026 42F00202 		orr	r2, r2, #2
  74 002a DA64     		str	r2, [r3, #76]
  75              		.loc 1 49 3 view .LVU12
  76 002c DB6C     		ldr	r3, [r3, #76]
  77 002e 03F00203 		and	r3, r3, #2
  78 0032 0293     		str	r3, [sp, #8]
  79              		.loc 1 49 3 view .LVU13
  80 0034 029B     		ldr	r3, [sp, #8]
  81              	.LBE7:
  82              		.loc 1 49 3 view .LVU14
  50:Core/Src/gpio.c **** 
  51:Core/Src/gpio.c ****   /*Configure GPIO pin Output Level */
  52:Core/Src/gpio.c ****   HAL_GPIO_WritePin(GPIOA, POWER_PWM_MODE_Pin|PH_IN2_Pin
  83              		.loc 1 52 3 view .LVU15
  84 0036 2246     		mov	r2, r4
  85 0038 40F20B71 		movw	r1, #1803
  86 003c 4FF09040 		mov	r0, #1207959552
  87 0040 FFF7FEFF 		bl	HAL_GPIO_WritePin
  88              	.LVL0:
  53:Core/Src/gpio.c ****                           |POWER_VOLTAGE_REMOTE_Pin|DISPLAY_CS_Pin|DISPLAY_DC_Pin | POWER_ON_OFF_Pi
  54:Core/Src/gpio.c **** 
  55:Core/Src/gpio.c ****   /*Configure GPIO pin Output Level */
  56:Core/Src/gpio.c ****   HAL_GPIO_WritePin(NSLEEP_GPIO_Port, NSLEEP_Pin, GPIO_PIN_SET);
  89              		.loc 1 56 3 view .LVU16
  90 0044 214D     		ldr	r5, .L3+4
  91 0046 0122     		movs	r2, #1
  92 0048 8021     		movs	r1, #128
  93 004a 2846     		mov	r0, r5
  94 004c FFF7FEFF 		bl	HAL_GPIO_WritePin
  95              	.LVL1:
  57:Core/Src/gpio.c **** 
  58:Core/Src/gpio.c ****   HAL_GPIO_WritePin(GPIOA, PB_CLR_Pin  |EN_IN1_Pin, GPIO_PIN_SET);
  96              		.loc 1 58 3 view .LVU17
  97 0050 0122     		movs	r2, #1
  98 0052 1421     		movs	r1, #20
  99 0054 4FF09040 		mov	r0, #1207959552
 100 0058 FFF7FEFF 		bl	HAL_GPIO_WritePin
 101              	.LVL2:
  59:Core/Src/gpio.c ****   /*Configure GPIO pins : PAPin PAPin PAPin PAPin
  60:Core/Src/gpio.c ****                            PAPin PAPin PAPin */
  61:Core/Src/gpio.c ****   GPIO_InitStruct.Pin = POWER_ON_OFF_Pin|POWER_PWM_MODE_Pin|EN_IN1_Pin|PH_IN2_Pin
 102              		.loc 1 61 3 view .LVU18
 103              		.loc 1 61 23 is_stmt 0 view .LVU19
 104 005c 40F20F73 		movw	r3, #1807
 105 0060 0393     		str	r3, [sp, #12]
  62:Core/Src/gpio.c ****                           |POWER_VOLTAGE_REMOTE_Pin|DISPLAY_CS_Pin|DISPLAY_DC_Pin;
  63:Core/Src/gpio.c ****   GPIO_InitStruct.Mode = GPIO_MODE_OUTPUT_PP;
 106              		.loc 1 63 3 is_stmt 1 view .LVU20
 107              		.loc 1 63 24 is_stmt 0 view .LVU21
 108 0062 0127     		movs	r7, #1
 109 0064 0497     		str	r7, [sp, #16]
ARM GAS  /tmp/ccvKl5wA.s 			page 4


  64:Core/Src/gpio.c ****   GPIO_InitStruct.Pull = GPIO_NOPULL;
 110              		.loc 1 64 3 is_stmt 1 view .LVU22
 111              		.loc 1 64 24 is_stmt 0 view .LVU23
 112 0066 0594     		str	r4, [sp, #20]
  65:Core/Src/gpio.c ****   GPIO_InitStruct.Speed = GPIO_SPEED_FREQ_VERY_HIGH;
 113              		.loc 1 65 3 is_stmt 1 view .LVU24
 114              		.loc 1 65 25 is_stmt 0 view .LVU25
 115 0068 0326     		movs	r6, #3
 116 006a 0696     		str	r6, [sp, #24]
  66:Core/Src/gpio.c ****   HAL_GPIO_Init(GPIOA, &GPIO_InitStruct);
 117              		.loc 1 66 3 is_stmt 1 view .LVU26
 118 006c 03A9     		add	r1, sp, #12
 119 006e 4FF09040 		mov	r0, #1207959552
 120 0072 FFF7FEFF 		bl	HAL_GPIO_Init
 121              	.LVL3:
  67:Core/Src/gpio.c **** 
  68:Core/Src/gpio.c ****   /*Configure GPIO pin : PtPin */
  69:Core/Src/gpio.c ****   GPIO_InitStruct.Pin = PB_CLR_Pin;
 122              		.loc 1 69 3 view .LVU27
 123              		.loc 1 69 23 is_stmt 0 view .LVU28
 124 0076 1023     		movs	r3, #16
 125 0078 0393     		str	r3, [sp, #12]
  70:Core/Src/gpio.c ****   GPIO_InitStruct.Mode = GPIO_MODE_OUTPUT_OD;
 126              		.loc 1 70 3 is_stmt 1 view .LVU29
 127              		.loc 1 70 24 is_stmt 0 view .LVU30
 128 007a 1123     		movs	r3, #17
 129 007c 0493     		str	r3, [sp, #16]
  71:Core/Src/gpio.c ****   GPIO_InitStruct.Pull = GPIO_NOPULL;
 130              		.loc 1 71 3 is_stmt 1 view .LVU31
 131              		.loc 1 71 24 is_stmt 0 view .LVU32
 132 007e 0594     		str	r4, [sp, #20]
  72:Core/Src/gpio.c ****   GPIO_InitStruct.Speed = GPIO_SPEED_FREQ_LOW;
 133              		.loc 1 72 3 is_stmt 1 view .LVU33
 134              		.loc 1 72 25 is_stmt 0 view .LVU34
 135 0080 0694     		str	r4, [sp, #24]
  73:Core/Src/gpio.c ****   HAL_GPIO_Init(PB_CLR_GPIO_Port, &GPIO_InitStruct);
 136              		.loc 1 73 3 is_stmt 1 view .LVU35
 137 0082 03A9     		add	r1, sp, #12
 138 0084 4FF09040 		mov	r0, #1207959552
 139 0088 FFF7FEFF 		bl	HAL_GPIO_Init
 140              	.LVL4:
  74:Core/Src/gpio.c **** 
  75:Core/Src/gpio.c ****   /*Configure GPIO pins : PAPin PAPin PAPin PAPin */
  76:Core/Src/gpio.c ****   GPIO_InitStruct.Pin = BUTTON_POWER_Pin|PB_INT_Pin|NFAULT_Pin|RCOUT_Pin;
 141              		.loc 1 76 3 view .LVU36
 142              		.loc 1 76 23 is_stmt 0 view .LVU37
 143 008c 49F62003 		movw	r3, #38944
 144 0090 0393     		str	r3, [sp, #12]
  77:Core/Src/gpio.c ****   GPIO_InitStruct.Mode = GPIO_MODE_INPUT;
 145              		.loc 1 77 3 is_stmt 1 view .LVU38
 146              		.loc 1 77 24 is_stmt 0 view .LVU39
 147 0092 0494     		str	r4, [sp, #16]
  78:Core/Src/gpio.c ****   GPIO_InitStruct.Pull = GPIO_NOPULL;
 148              		.loc 1 78 3 is_stmt 1 view .LVU40
 149              		.loc 1 78 24 is_stmt 0 view .LVU41
 150 0094 0594     		str	r4, [sp, #20]
  79:Core/Src/gpio.c ****   HAL_GPIO_Init(GPIOA, &GPIO_InitStruct);
ARM GAS  /tmp/ccvKl5wA.s 			page 5


 151              		.loc 1 79 3 is_stmt 1 view .LVU42
 152 0096 03A9     		add	r1, sp, #12
 153 0098 4FF09040 		mov	r0, #1207959552
 154 009c FFF7FEFF 		bl	HAL_GPIO_Init
 155              	.LVL5:
  80:Core/Src/gpio.c **** 
  81:Core/Src/gpio.c ****   /*Configure GPIO pins : PBPin PBPin */
  82:Core/Src/gpio.c ****   GPIO_InitStruct.Pin = BUTTON_1_Pin|BUTTON_2_Pin;
 156              		.loc 1 82 3 view .LVU43
 157              		.loc 1 82 23 is_stmt 0 view .LVU44
 158 00a0 4223     		movs	r3, #66
 159 00a2 0393     		str	r3, [sp, #12]
  83:Core/Src/gpio.c ****   GPIO_InitStruct.Mode = GPIO_MODE_INPUT;
 160              		.loc 1 83 3 is_stmt 1 view .LVU45
 161              		.loc 1 83 24 is_stmt 0 view .LVU46
 162 00a4 0494     		str	r4, [sp, #16]
  84:Core/Src/gpio.c ****   GPIO_InitStruct.Pull = GPIO_NOPULL;
 163              		.loc 1 84 3 is_stmt 1 view .LVU47
 164              		.loc 1 84 24 is_stmt 0 view .LVU48
 165 00a6 0594     		str	r4, [sp, #20]
  85:Core/Src/gpio.c ****   HAL_GPIO_Init(GPIOB, &GPIO_InitStruct);
 166              		.loc 1 85 3 is_stmt 1 view .LVU49
 167 00a8 03A9     		add	r1, sp, #12
 168 00aa 2846     		mov	r0, r5
 169 00ac FFF7FEFF 		bl	HAL_GPIO_Init
 170              	.LVL6:
  86:Core/Src/gpio.c **** 
  87:Core/Src/gpio.c ****   /*Configure GPIO pin : PtPin */
  88:Core/Src/gpio.c ****   GPIO_InitStruct.Pin = NSLEEP_Pin;
 171              		.loc 1 88 3 view .LVU50
 172              		.loc 1 88 23 is_stmt 0 view .LVU51
 173 00b0 8023     		movs	r3, #128
 174 00b2 0393     		str	r3, [sp, #12]
  89:Core/Src/gpio.c ****   GPIO_InitStruct.Mode = GPIO_MODE_OUTPUT_PP;
 175              		.loc 1 89 3 is_stmt 1 view .LVU52
 176              		.loc 1 89 24 is_stmt 0 view .LVU53
 177 00b4 0497     		str	r7, [sp, #16]
  90:Core/Src/gpio.c ****   GPIO_InitStruct.Pull = GPIO_NOPULL;
 178              		.loc 1 90 3 is_stmt 1 view .LVU54
 179              		.loc 1 90 24 is_stmt 0 view .LVU55
 180 00b6 0594     		str	r4, [sp, #20]
  91:Core/Src/gpio.c ****   GPIO_InitStruct.Speed = GPIO_SPEED_FREQ_VERY_HIGH;
 181              		.loc 1 91 3 is_stmt 1 view .LVU56
 182              		.loc 1 91 25 is_stmt 0 view .LVU57
 183 00b8 0696     		str	r6, [sp, #24]
  92:Core/Src/gpio.c ****   HAL_GPIO_Init(NSLEEP_GPIO_Port, &GPIO_InitStruct);
 184              		.loc 1 92 3 is_stmt 1 view .LVU58
 185 00ba 03A9     		add	r1, sp, #12
 186 00bc 2846     		mov	r0, r5
 187 00be FFF7FEFF 		bl	HAL_GPIO_Init
 188              	.LVL7:
  93:Core/Src/gpio.c **** 
  94:Core/Src/gpio.c **** }
 189              		.loc 1 94 1 is_stmt 0 view .LVU59
 190 00c2 09B0     		add	sp, sp, #36
 191              	.LCFI2:
 192              		.cfi_def_cfa_offset 20
ARM GAS  /tmp/ccvKl5wA.s 			page 6


 193              		@ sp needed
 194 00c4 F0BD     		pop	{r4, r5, r6, r7, pc}
 195              	.L4:
 196 00c6 00BF     		.align	2
 197              	.L3:
 198 00c8 00100240 		.word	1073876992
 199 00cc 00040048 		.word	1207960576
 200              		.cfi_endproc
 201              	.LFE288:
 203              		.section	.text.button_interrupt_init,"ax",%progbits
 204              		.align	1
 205              		.global	button_interrupt_init
 206              		.syntax unified
 207              		.thumb
 208              		.thumb_func
 210              	button_interrupt_init:
 211              	.LFB289:
  95:Core/Src/gpio.c **** 
  96:Core/Src/gpio.c **** /* USER CODE BEGIN 2 */
  97:Core/Src/gpio.c **** void button_interrupt_init (void)
  98:Core/Src/gpio.c **** {
 212              		.loc 1 98 1 is_stmt 1 view -0
 213              		.cfi_startproc
 214              		@ args = 0, pretend = 0, frame = 0
 215              		@ frame_needed = 0, uses_anonymous_args = 0
 216              		@ link register save eliminated.
  99:Core/Src/gpio.c ****   SYSCFG->EXTICR[0] |= (SYSCFG_EXTICR1_EXTI0_PB   << SYSCFG_EXTICR1_EXTI1_Pos); //PB1
 217              		.loc 1 99 3 view .LVU61
 218              		.loc 1 99 17 is_stmt 0 view .LVU62
 219 0000 0C4B     		ldr	r3, .L6
 220 0002 9A68     		ldr	r2, [r3, #8]
 221              		.loc 1 99 21 view .LVU63
 222 0004 42F01002 		orr	r2, r2, #16
 223 0008 9A60     		str	r2, [r3, #8]
 100:Core/Src/gpio.c ****   SYSCFG->EXTICR[1] |= (SYSCFG_EXTICR1_EXTI0_PB   << SYSCFG_EXTICR1_EXTI2_Pos ); //PB6
 224              		.loc 1 100 3 is_stmt 1 view .LVU64
 225              		.loc 1 100 17 is_stmt 0 view .LVU65
 226 000a DA68     		ldr	r2, [r3, #12]
 227              		.loc 1 100 21 view .LVU66
 228 000c 42F48072 		orr	r2, r2, #256
 229 0010 DA60     		str	r2, [r3, #12]
 101:Core/Src/gpio.c ****   EXTI->IMR1  |= (EXTI_IMR1_IM1 | EXTI_IMR1_IM6 );
 230              		.loc 1 101 3 is_stmt 1 view .LVU67
 231              		.loc 1 101 7 is_stmt 0 view .LVU68
 232 0012 03F58063 		add	r3, r3, #1024
 233 0016 1A68     		ldr	r2, [r3]
 234              		.loc 1 101 15 view .LVU69
 235 0018 42F04202 		orr	r2, r2, #66
 236 001c 1A60     		str	r2, [r3]
 102:Core/Src/gpio.c ****   EXTI->FTSR1 |= (EXTI_FTSR1_FT1 | EXTI_FTSR1_FT6);
 237              		.loc 1 102 3 is_stmt 1 view .LVU70
 238              		.loc 1 102 7 is_stmt 0 view .LVU71
 239 001e DA68     		ldr	r2, [r3, #12]
 240              		.loc 1 102 15 view .LVU72
 241 0020 42F04202 		orr	r2, r2, #66
 242 0024 DA60     		str	r2, [r3, #12]
 103:Core/Src/gpio.c ****   NVIC_EnableIRQ(EXTI1_IRQn);
ARM GAS  /tmp/ccvKl5wA.s 			page 7


 243              		.loc 1 103 3 is_stmt 1 view .LVU73
 244              	.LVL8:
 245              	.LBB8:
 246              	.LBI8:
 247              		.file 2 "Drivers/CMSIS/Include/core_cm4.h"
   1:Drivers/CMSIS/Include/core_cm4.h **** /**************************************************************************//**
   2:Drivers/CMSIS/Include/core_cm4.h ****  * @file     core_cm4.h
   3:Drivers/CMSIS/Include/core_cm4.h ****  * @brief    CMSIS Cortex-M4 Core Peripheral Access Layer Header File
   4:Drivers/CMSIS/Include/core_cm4.h ****  * @version  V5.1.0
   5:Drivers/CMSIS/Include/core_cm4.h ****  * @date     13. March 2019
   6:Drivers/CMSIS/Include/core_cm4.h ****  ******************************************************************************/
   7:Drivers/CMSIS/Include/core_cm4.h **** /*
   8:Drivers/CMSIS/Include/core_cm4.h ****  * Copyright (c) 2009-2019 Arm Limited. All rights reserved.
   9:Drivers/CMSIS/Include/core_cm4.h ****  *
  10:Drivers/CMSIS/Include/core_cm4.h ****  * SPDX-License-Identifier: Apache-2.0
  11:Drivers/CMSIS/Include/core_cm4.h ****  *
  12:Drivers/CMSIS/Include/core_cm4.h ****  * Licensed under the Apache License, Version 2.0 (the License); you may
  13:Drivers/CMSIS/Include/core_cm4.h ****  * not use this file except in compliance with the License.
  14:Drivers/CMSIS/Include/core_cm4.h ****  * You may obtain a copy of the License at
  15:Drivers/CMSIS/Include/core_cm4.h ****  *
  16:Drivers/CMSIS/Include/core_cm4.h ****  * www.apache.org/licenses/LICENSE-2.0
  17:Drivers/CMSIS/Include/core_cm4.h ****  *
  18:Drivers/CMSIS/Include/core_cm4.h ****  * Unless required by applicable law or agreed to in writing, software
  19:Drivers/CMSIS/Include/core_cm4.h ****  * distributed under the License is distributed on an AS IS BASIS, WITHOUT
  20:Drivers/CMSIS/Include/core_cm4.h ****  * WARRANTIES OR CONDITIONS OF ANY KIND, either express or implied.
  21:Drivers/CMSIS/Include/core_cm4.h ****  * See the License for the specific language governing permissions and
  22:Drivers/CMSIS/Include/core_cm4.h ****  * limitations under the License.
  23:Drivers/CMSIS/Include/core_cm4.h ****  */
  24:Drivers/CMSIS/Include/core_cm4.h **** 
  25:Drivers/CMSIS/Include/core_cm4.h **** #if   defined ( __ICCARM__ )
  26:Drivers/CMSIS/Include/core_cm4.h ****   #pragma system_include         /* treat file as system include file for MISRA check */
  27:Drivers/CMSIS/Include/core_cm4.h **** #elif defined (__clang__)
  28:Drivers/CMSIS/Include/core_cm4.h ****   #pragma clang system_header   /* treat file as system include file */
  29:Drivers/CMSIS/Include/core_cm4.h **** #endif
  30:Drivers/CMSIS/Include/core_cm4.h **** 
  31:Drivers/CMSIS/Include/core_cm4.h **** #ifndef __CORE_CM4_H_GENERIC
  32:Drivers/CMSIS/Include/core_cm4.h **** #define __CORE_CM4_H_GENERIC
  33:Drivers/CMSIS/Include/core_cm4.h **** 
  34:Drivers/CMSIS/Include/core_cm4.h **** #include <stdint.h>
  35:Drivers/CMSIS/Include/core_cm4.h **** 
  36:Drivers/CMSIS/Include/core_cm4.h **** #ifdef __cplusplus
  37:Drivers/CMSIS/Include/core_cm4.h ****  extern "C" {
  38:Drivers/CMSIS/Include/core_cm4.h **** #endif
  39:Drivers/CMSIS/Include/core_cm4.h **** 
  40:Drivers/CMSIS/Include/core_cm4.h **** /**
  41:Drivers/CMSIS/Include/core_cm4.h ****   \page CMSIS_MISRA_Exceptions  MISRA-C:2004 Compliance Exceptions
  42:Drivers/CMSIS/Include/core_cm4.h ****   CMSIS violates the following MISRA-C:2004 rules:
  43:Drivers/CMSIS/Include/core_cm4.h **** 
  44:Drivers/CMSIS/Include/core_cm4.h ****    \li Required Rule 8.5, object/function definition in header file.<br>
  45:Drivers/CMSIS/Include/core_cm4.h ****      Function definitions in header files are used to allow 'inlining'.
  46:Drivers/CMSIS/Include/core_cm4.h **** 
  47:Drivers/CMSIS/Include/core_cm4.h ****    \li Required Rule 18.4, declaration of union type or object of union type: '{...}'.<br>
  48:Drivers/CMSIS/Include/core_cm4.h ****      Unions are used for effective representation of core registers.
  49:Drivers/CMSIS/Include/core_cm4.h **** 
  50:Drivers/CMSIS/Include/core_cm4.h ****    \li Advisory Rule 19.7, Function-like macro defined.<br>
  51:Drivers/CMSIS/Include/core_cm4.h ****      Function-like macros are used to allow more efficient code.
  52:Drivers/CMSIS/Include/core_cm4.h ****  */
ARM GAS  /tmp/ccvKl5wA.s 			page 8


  53:Drivers/CMSIS/Include/core_cm4.h **** 
  54:Drivers/CMSIS/Include/core_cm4.h **** 
  55:Drivers/CMSIS/Include/core_cm4.h **** /*******************************************************************************
  56:Drivers/CMSIS/Include/core_cm4.h ****  *                 CMSIS definitions
  57:Drivers/CMSIS/Include/core_cm4.h ****  ******************************************************************************/
  58:Drivers/CMSIS/Include/core_cm4.h **** /**
  59:Drivers/CMSIS/Include/core_cm4.h ****   \ingroup Cortex_M4
  60:Drivers/CMSIS/Include/core_cm4.h ****   @{
  61:Drivers/CMSIS/Include/core_cm4.h ****  */
  62:Drivers/CMSIS/Include/core_cm4.h **** 
  63:Drivers/CMSIS/Include/core_cm4.h **** #include "cmsis_version.h"
  64:Drivers/CMSIS/Include/core_cm4.h **** 
  65:Drivers/CMSIS/Include/core_cm4.h **** /* CMSIS CM4 definitions */
  66:Drivers/CMSIS/Include/core_cm4.h **** #define __CM4_CMSIS_VERSION_MAIN  (__CM_CMSIS_VERSION_MAIN)              /*!< \deprecated [31:16] C
  67:Drivers/CMSIS/Include/core_cm4.h **** #define __CM4_CMSIS_VERSION_SUB   (__CM_CMSIS_VERSION_SUB)               /*!< \deprecated [15:0]  C
  68:Drivers/CMSIS/Include/core_cm4.h **** #define __CM4_CMSIS_VERSION       ((__CM4_CMSIS_VERSION_MAIN << 16U) | \
  69:Drivers/CMSIS/Include/core_cm4.h ****                                     __CM4_CMSIS_VERSION_SUB           )  /*!< \deprecated CMSIS HAL
  70:Drivers/CMSIS/Include/core_cm4.h **** 
  71:Drivers/CMSIS/Include/core_cm4.h **** #define __CORTEX_M                (4U)                                   /*!< Cortex-M Core */
  72:Drivers/CMSIS/Include/core_cm4.h **** 
  73:Drivers/CMSIS/Include/core_cm4.h **** /** __FPU_USED indicates whether an FPU is used or not.
  74:Drivers/CMSIS/Include/core_cm4.h ****     For this, __FPU_PRESENT has to be checked prior to making use of FPU specific registers and fun
  75:Drivers/CMSIS/Include/core_cm4.h **** */
  76:Drivers/CMSIS/Include/core_cm4.h **** #if defined ( __CC_ARM )
  77:Drivers/CMSIS/Include/core_cm4.h ****   #if defined __TARGET_FPU_VFP
  78:Drivers/CMSIS/Include/core_cm4.h ****     #if defined (__FPU_PRESENT) && (__FPU_PRESENT == 1U)
  79:Drivers/CMSIS/Include/core_cm4.h ****       #define __FPU_USED       1U
  80:Drivers/CMSIS/Include/core_cm4.h ****     #else
  81:Drivers/CMSIS/Include/core_cm4.h ****       #error "Compiler generates FPU instructions for a device without an FPU (check __FPU_PRESENT)
  82:Drivers/CMSIS/Include/core_cm4.h ****       #define __FPU_USED       0U
  83:Drivers/CMSIS/Include/core_cm4.h ****     #endif
  84:Drivers/CMSIS/Include/core_cm4.h ****   #else
  85:Drivers/CMSIS/Include/core_cm4.h ****     #define __FPU_USED         0U
  86:Drivers/CMSIS/Include/core_cm4.h ****   #endif
  87:Drivers/CMSIS/Include/core_cm4.h **** 
  88:Drivers/CMSIS/Include/core_cm4.h **** #elif defined (__ARMCC_VERSION) && (__ARMCC_VERSION >= 6010050)
  89:Drivers/CMSIS/Include/core_cm4.h ****   #if defined __ARM_FP
  90:Drivers/CMSIS/Include/core_cm4.h ****     #if defined (__FPU_PRESENT) && (__FPU_PRESENT == 1U)
  91:Drivers/CMSIS/Include/core_cm4.h ****       #define __FPU_USED       1U
  92:Drivers/CMSIS/Include/core_cm4.h ****     #else
  93:Drivers/CMSIS/Include/core_cm4.h ****       #warning "Compiler generates FPU instructions for a device without an FPU (check __FPU_PRESEN
  94:Drivers/CMSIS/Include/core_cm4.h ****       #define __FPU_USED       0U
  95:Drivers/CMSIS/Include/core_cm4.h ****     #endif
  96:Drivers/CMSIS/Include/core_cm4.h ****   #else
  97:Drivers/CMSIS/Include/core_cm4.h ****     #define __FPU_USED         0U
  98:Drivers/CMSIS/Include/core_cm4.h ****   #endif
  99:Drivers/CMSIS/Include/core_cm4.h **** 
 100:Drivers/CMSIS/Include/core_cm4.h **** #elif defined ( __GNUC__ )
 101:Drivers/CMSIS/Include/core_cm4.h ****   #if defined (__VFP_FP__) && !defined(__SOFTFP__)
 102:Drivers/CMSIS/Include/core_cm4.h ****     #if defined (__FPU_PRESENT) && (__FPU_PRESENT == 1U)
 103:Drivers/CMSIS/Include/core_cm4.h ****       #define __FPU_USED       1U
 104:Drivers/CMSIS/Include/core_cm4.h ****     #else
 105:Drivers/CMSIS/Include/core_cm4.h ****       #error "Compiler generates FPU instructions for a device without an FPU (check __FPU_PRESENT)
 106:Drivers/CMSIS/Include/core_cm4.h ****       #define __FPU_USED       0U
 107:Drivers/CMSIS/Include/core_cm4.h ****     #endif
 108:Drivers/CMSIS/Include/core_cm4.h ****   #else
 109:Drivers/CMSIS/Include/core_cm4.h ****     #define __FPU_USED         0U
ARM GAS  /tmp/ccvKl5wA.s 			page 9


 110:Drivers/CMSIS/Include/core_cm4.h ****   #endif
 111:Drivers/CMSIS/Include/core_cm4.h **** 
 112:Drivers/CMSIS/Include/core_cm4.h **** #elif defined ( __ICCARM__ )
 113:Drivers/CMSIS/Include/core_cm4.h ****   #if defined __ARMVFP__
 114:Drivers/CMSIS/Include/core_cm4.h ****     #if defined (__FPU_PRESENT) && (__FPU_PRESENT == 1U)
 115:Drivers/CMSIS/Include/core_cm4.h ****       #define __FPU_USED       1U
 116:Drivers/CMSIS/Include/core_cm4.h ****     #else
 117:Drivers/CMSIS/Include/core_cm4.h ****       #error "Compiler generates FPU instructions for a device without an FPU (check __FPU_PRESENT)
 118:Drivers/CMSIS/Include/core_cm4.h ****       #define __FPU_USED       0U
 119:Drivers/CMSIS/Include/core_cm4.h ****     #endif
 120:Drivers/CMSIS/Include/core_cm4.h ****   #else
 121:Drivers/CMSIS/Include/core_cm4.h ****     #define __FPU_USED         0U
 122:Drivers/CMSIS/Include/core_cm4.h ****   #endif
 123:Drivers/CMSIS/Include/core_cm4.h **** 
 124:Drivers/CMSIS/Include/core_cm4.h **** #elif defined ( __TI_ARM__ )
 125:Drivers/CMSIS/Include/core_cm4.h ****   #if defined __TI_VFP_SUPPORT__
 126:Drivers/CMSIS/Include/core_cm4.h ****     #if defined (__FPU_PRESENT) && (__FPU_PRESENT == 1U)
 127:Drivers/CMSIS/Include/core_cm4.h ****       #define __FPU_USED       1U
 128:Drivers/CMSIS/Include/core_cm4.h ****     #else
 129:Drivers/CMSIS/Include/core_cm4.h ****       #error "Compiler generates FPU instructions for a device without an FPU (check __FPU_PRESENT)
 130:Drivers/CMSIS/Include/core_cm4.h ****       #define __FPU_USED       0U
 131:Drivers/CMSIS/Include/core_cm4.h ****     #endif
 132:Drivers/CMSIS/Include/core_cm4.h ****   #else
 133:Drivers/CMSIS/Include/core_cm4.h ****     #define __FPU_USED         0U
 134:Drivers/CMSIS/Include/core_cm4.h ****   #endif
 135:Drivers/CMSIS/Include/core_cm4.h **** 
 136:Drivers/CMSIS/Include/core_cm4.h **** #elif defined ( __TASKING__ )
 137:Drivers/CMSIS/Include/core_cm4.h ****   #if defined __FPU_VFP__
 138:Drivers/CMSIS/Include/core_cm4.h ****     #if defined (__FPU_PRESENT) && (__FPU_PRESENT == 1U)
 139:Drivers/CMSIS/Include/core_cm4.h ****       #define __FPU_USED       1U
 140:Drivers/CMSIS/Include/core_cm4.h ****     #else
 141:Drivers/CMSIS/Include/core_cm4.h ****       #error "Compiler generates FPU instructions for a device without an FPU (check __FPU_PRESENT)
 142:Drivers/CMSIS/Include/core_cm4.h ****       #define __FPU_USED       0U
 143:Drivers/CMSIS/Include/core_cm4.h ****     #endif
 144:Drivers/CMSIS/Include/core_cm4.h ****   #else
 145:Drivers/CMSIS/Include/core_cm4.h ****     #define __FPU_USED         0U
 146:Drivers/CMSIS/Include/core_cm4.h ****   #endif
 147:Drivers/CMSIS/Include/core_cm4.h **** 
 148:Drivers/CMSIS/Include/core_cm4.h **** #elif defined ( __CSMC__ )
 149:Drivers/CMSIS/Include/core_cm4.h ****   #if ( __CSMC__ & 0x400U)
 150:Drivers/CMSIS/Include/core_cm4.h ****     #if defined (__FPU_PRESENT) && (__FPU_PRESENT == 1U)
 151:Drivers/CMSIS/Include/core_cm4.h ****       #define __FPU_USED       1U
 152:Drivers/CMSIS/Include/core_cm4.h ****     #else
 153:Drivers/CMSIS/Include/core_cm4.h ****       #error "Compiler generates FPU instructions for a device without an FPU (check __FPU_PRESENT)
 154:Drivers/CMSIS/Include/core_cm4.h ****       #define __FPU_USED       0U
 155:Drivers/CMSIS/Include/core_cm4.h ****     #endif
 156:Drivers/CMSIS/Include/core_cm4.h ****   #else
 157:Drivers/CMSIS/Include/core_cm4.h ****     #define __FPU_USED         0U
 158:Drivers/CMSIS/Include/core_cm4.h ****   #endif
 159:Drivers/CMSIS/Include/core_cm4.h **** 
 160:Drivers/CMSIS/Include/core_cm4.h **** #endif
 161:Drivers/CMSIS/Include/core_cm4.h **** 
 162:Drivers/CMSIS/Include/core_cm4.h **** #include "cmsis_compiler.h"               /* CMSIS compiler specific defines */
 163:Drivers/CMSIS/Include/core_cm4.h **** 
 164:Drivers/CMSIS/Include/core_cm4.h **** 
 165:Drivers/CMSIS/Include/core_cm4.h **** #ifdef __cplusplus
 166:Drivers/CMSIS/Include/core_cm4.h **** }
ARM GAS  /tmp/ccvKl5wA.s 			page 10


 167:Drivers/CMSIS/Include/core_cm4.h **** #endif
 168:Drivers/CMSIS/Include/core_cm4.h **** 
 169:Drivers/CMSIS/Include/core_cm4.h **** #endif /* __CORE_CM4_H_GENERIC */
 170:Drivers/CMSIS/Include/core_cm4.h **** 
 171:Drivers/CMSIS/Include/core_cm4.h **** #ifndef __CMSIS_GENERIC
 172:Drivers/CMSIS/Include/core_cm4.h **** 
 173:Drivers/CMSIS/Include/core_cm4.h **** #ifndef __CORE_CM4_H_DEPENDANT
 174:Drivers/CMSIS/Include/core_cm4.h **** #define __CORE_CM4_H_DEPENDANT
 175:Drivers/CMSIS/Include/core_cm4.h **** 
 176:Drivers/CMSIS/Include/core_cm4.h **** #ifdef __cplusplus
 177:Drivers/CMSIS/Include/core_cm4.h ****  extern "C" {
 178:Drivers/CMSIS/Include/core_cm4.h **** #endif
 179:Drivers/CMSIS/Include/core_cm4.h **** 
 180:Drivers/CMSIS/Include/core_cm4.h **** /* check device defines and use defaults */
 181:Drivers/CMSIS/Include/core_cm4.h **** #if defined __CHECK_DEVICE_DEFINES
 182:Drivers/CMSIS/Include/core_cm4.h ****   #ifndef __CM4_REV
 183:Drivers/CMSIS/Include/core_cm4.h ****     #define __CM4_REV               0x0000U
 184:Drivers/CMSIS/Include/core_cm4.h ****     #warning "__CM4_REV not defined in device header file; using default!"
 185:Drivers/CMSIS/Include/core_cm4.h ****   #endif
 186:Drivers/CMSIS/Include/core_cm4.h **** 
 187:Drivers/CMSIS/Include/core_cm4.h ****   #ifndef __FPU_PRESENT
 188:Drivers/CMSIS/Include/core_cm4.h ****     #define __FPU_PRESENT             0U
 189:Drivers/CMSIS/Include/core_cm4.h ****     #warning "__FPU_PRESENT not defined in device header file; using default!"
 190:Drivers/CMSIS/Include/core_cm4.h ****   #endif
 191:Drivers/CMSIS/Include/core_cm4.h **** 
 192:Drivers/CMSIS/Include/core_cm4.h ****   #ifndef __MPU_PRESENT
 193:Drivers/CMSIS/Include/core_cm4.h ****     #define __MPU_PRESENT             0U
 194:Drivers/CMSIS/Include/core_cm4.h ****     #warning "__MPU_PRESENT not defined in device header file; using default!"
 195:Drivers/CMSIS/Include/core_cm4.h ****   #endif
 196:Drivers/CMSIS/Include/core_cm4.h **** 
 197:Drivers/CMSIS/Include/core_cm4.h ****   #ifndef __NVIC_PRIO_BITS
 198:Drivers/CMSIS/Include/core_cm4.h ****     #define __NVIC_PRIO_BITS          3U
 199:Drivers/CMSIS/Include/core_cm4.h ****     #warning "__NVIC_PRIO_BITS not defined in device header file; using default!"
 200:Drivers/CMSIS/Include/core_cm4.h ****   #endif
 201:Drivers/CMSIS/Include/core_cm4.h **** 
 202:Drivers/CMSIS/Include/core_cm4.h ****   #ifndef __Vendor_SysTickConfig
 203:Drivers/CMSIS/Include/core_cm4.h ****     #define __Vendor_SysTickConfig    0U
 204:Drivers/CMSIS/Include/core_cm4.h ****     #warning "__Vendor_SysTickConfig not defined in device header file; using default!"
 205:Drivers/CMSIS/Include/core_cm4.h ****   #endif
 206:Drivers/CMSIS/Include/core_cm4.h **** #endif
 207:Drivers/CMSIS/Include/core_cm4.h **** 
 208:Drivers/CMSIS/Include/core_cm4.h **** /* IO definitions (access restrictions to peripheral registers) */
 209:Drivers/CMSIS/Include/core_cm4.h **** /**
 210:Drivers/CMSIS/Include/core_cm4.h ****     \defgroup CMSIS_glob_defs CMSIS Global Defines
 211:Drivers/CMSIS/Include/core_cm4.h **** 
 212:Drivers/CMSIS/Include/core_cm4.h ****     <strong>IO Type Qualifiers</strong> are used
 213:Drivers/CMSIS/Include/core_cm4.h ****     \li to specify the access to peripheral variables.
 214:Drivers/CMSIS/Include/core_cm4.h ****     \li for automatic generation of peripheral register debug information.
 215:Drivers/CMSIS/Include/core_cm4.h **** */
 216:Drivers/CMSIS/Include/core_cm4.h **** #ifdef __cplusplus
 217:Drivers/CMSIS/Include/core_cm4.h ****   #define   __I     volatile             /*!< Defines 'read only' permissions */
 218:Drivers/CMSIS/Include/core_cm4.h **** #else
 219:Drivers/CMSIS/Include/core_cm4.h ****   #define   __I     volatile const       /*!< Defines 'read only' permissions */
 220:Drivers/CMSIS/Include/core_cm4.h **** #endif
 221:Drivers/CMSIS/Include/core_cm4.h **** #define     __O     volatile             /*!< Defines 'write only' permissions */
 222:Drivers/CMSIS/Include/core_cm4.h **** #define     __IO    volatile             /*!< Defines 'read / write' permissions */
 223:Drivers/CMSIS/Include/core_cm4.h **** 
ARM GAS  /tmp/ccvKl5wA.s 			page 11


 224:Drivers/CMSIS/Include/core_cm4.h **** /* following defines should be used for structure members */
 225:Drivers/CMSIS/Include/core_cm4.h **** #define     __IM     volatile const      /*! Defines 'read only' structure member permissions */
 226:Drivers/CMSIS/Include/core_cm4.h **** #define     __OM     volatile            /*! Defines 'write only' structure member permissions */
 227:Drivers/CMSIS/Include/core_cm4.h **** #define     __IOM    volatile            /*! Defines 'read / write' structure member permissions */
 228:Drivers/CMSIS/Include/core_cm4.h **** 
 229:Drivers/CMSIS/Include/core_cm4.h **** /*@} end of group Cortex_M4 */
 230:Drivers/CMSIS/Include/core_cm4.h **** 
 231:Drivers/CMSIS/Include/core_cm4.h **** 
 232:Drivers/CMSIS/Include/core_cm4.h **** 
 233:Drivers/CMSIS/Include/core_cm4.h **** /*******************************************************************************
 234:Drivers/CMSIS/Include/core_cm4.h ****  *                 Register Abstraction
 235:Drivers/CMSIS/Include/core_cm4.h ****   Core Register contain:
 236:Drivers/CMSIS/Include/core_cm4.h ****   - Core Register
 237:Drivers/CMSIS/Include/core_cm4.h ****   - Core NVIC Register
 238:Drivers/CMSIS/Include/core_cm4.h ****   - Core SCB Register
 239:Drivers/CMSIS/Include/core_cm4.h ****   - Core SysTick Register
 240:Drivers/CMSIS/Include/core_cm4.h ****   - Core Debug Register
 241:Drivers/CMSIS/Include/core_cm4.h ****   - Core MPU Register
 242:Drivers/CMSIS/Include/core_cm4.h ****   - Core FPU Register
 243:Drivers/CMSIS/Include/core_cm4.h ****  ******************************************************************************/
 244:Drivers/CMSIS/Include/core_cm4.h **** /**
 245:Drivers/CMSIS/Include/core_cm4.h ****   \defgroup CMSIS_core_register Defines and Type Definitions
 246:Drivers/CMSIS/Include/core_cm4.h ****   \brief Type definitions and defines for Cortex-M processor based devices.
 247:Drivers/CMSIS/Include/core_cm4.h **** */
 248:Drivers/CMSIS/Include/core_cm4.h **** 
 249:Drivers/CMSIS/Include/core_cm4.h **** /**
 250:Drivers/CMSIS/Include/core_cm4.h ****   \ingroup    CMSIS_core_register
 251:Drivers/CMSIS/Include/core_cm4.h ****   \defgroup   CMSIS_CORE  Status and Control Registers
 252:Drivers/CMSIS/Include/core_cm4.h ****   \brief      Core Register type definitions.
 253:Drivers/CMSIS/Include/core_cm4.h ****   @{
 254:Drivers/CMSIS/Include/core_cm4.h ****  */
 255:Drivers/CMSIS/Include/core_cm4.h **** 
 256:Drivers/CMSIS/Include/core_cm4.h **** /**
 257:Drivers/CMSIS/Include/core_cm4.h ****   \brief  Union type to access the Application Program Status Register (APSR).
 258:Drivers/CMSIS/Include/core_cm4.h ****  */
 259:Drivers/CMSIS/Include/core_cm4.h **** typedef union
 260:Drivers/CMSIS/Include/core_cm4.h **** {
 261:Drivers/CMSIS/Include/core_cm4.h ****   struct
 262:Drivers/CMSIS/Include/core_cm4.h ****   {
 263:Drivers/CMSIS/Include/core_cm4.h ****     uint32_t _reserved0:16;              /*!< bit:  0..15  Reserved */
 264:Drivers/CMSIS/Include/core_cm4.h ****     uint32_t GE:4;                       /*!< bit: 16..19  Greater than or Equal flags */
 265:Drivers/CMSIS/Include/core_cm4.h ****     uint32_t _reserved1:7;               /*!< bit: 20..26  Reserved */
 266:Drivers/CMSIS/Include/core_cm4.h ****     uint32_t Q:1;                        /*!< bit:     27  Saturation condition flag */
 267:Drivers/CMSIS/Include/core_cm4.h ****     uint32_t V:1;                        /*!< bit:     28  Overflow condition code flag */
 268:Drivers/CMSIS/Include/core_cm4.h ****     uint32_t C:1;                        /*!< bit:     29  Carry condition code flag */
 269:Drivers/CMSIS/Include/core_cm4.h ****     uint32_t Z:1;                        /*!< bit:     30  Zero condition code flag */
 270:Drivers/CMSIS/Include/core_cm4.h ****     uint32_t N:1;                        /*!< bit:     31  Negative condition code flag */
 271:Drivers/CMSIS/Include/core_cm4.h ****   } b;                                   /*!< Structure used for bit  access */
 272:Drivers/CMSIS/Include/core_cm4.h ****   uint32_t w;                            /*!< Type      used for word access */
 273:Drivers/CMSIS/Include/core_cm4.h **** } APSR_Type;
 274:Drivers/CMSIS/Include/core_cm4.h **** 
 275:Drivers/CMSIS/Include/core_cm4.h **** /* APSR Register Definitions */
 276:Drivers/CMSIS/Include/core_cm4.h **** #define APSR_N_Pos                         31U                                            /*!< APSR
 277:Drivers/CMSIS/Include/core_cm4.h **** #define APSR_N_Msk                         (1UL << APSR_N_Pos)                            /*!< APSR
 278:Drivers/CMSIS/Include/core_cm4.h **** 
 279:Drivers/CMSIS/Include/core_cm4.h **** #define APSR_Z_Pos                         30U                                            /*!< APSR
 280:Drivers/CMSIS/Include/core_cm4.h **** #define APSR_Z_Msk                         (1UL << APSR_Z_Pos)                            /*!< APSR
ARM GAS  /tmp/ccvKl5wA.s 			page 12


 281:Drivers/CMSIS/Include/core_cm4.h **** 
 282:Drivers/CMSIS/Include/core_cm4.h **** #define APSR_C_Pos                         29U                                            /*!< APSR
 283:Drivers/CMSIS/Include/core_cm4.h **** #define APSR_C_Msk                         (1UL << APSR_C_Pos)                            /*!< APSR
 284:Drivers/CMSIS/Include/core_cm4.h **** 
 285:Drivers/CMSIS/Include/core_cm4.h **** #define APSR_V_Pos                         28U                                            /*!< APSR
 286:Drivers/CMSIS/Include/core_cm4.h **** #define APSR_V_Msk                         (1UL << APSR_V_Pos)                            /*!< APSR
 287:Drivers/CMSIS/Include/core_cm4.h **** 
 288:Drivers/CMSIS/Include/core_cm4.h **** #define APSR_Q_Pos                         27U                                            /*!< APSR
 289:Drivers/CMSIS/Include/core_cm4.h **** #define APSR_Q_Msk                         (1UL << APSR_Q_Pos)                            /*!< APSR
 290:Drivers/CMSIS/Include/core_cm4.h **** 
 291:Drivers/CMSIS/Include/core_cm4.h **** #define APSR_GE_Pos                        16U                                            /*!< APSR
 292:Drivers/CMSIS/Include/core_cm4.h **** #define APSR_GE_Msk                        (0xFUL << APSR_GE_Pos)                         /*!< APSR
 293:Drivers/CMSIS/Include/core_cm4.h **** 
 294:Drivers/CMSIS/Include/core_cm4.h **** 
 295:Drivers/CMSIS/Include/core_cm4.h **** /**
 296:Drivers/CMSIS/Include/core_cm4.h ****   \brief  Union type to access the Interrupt Program Status Register (IPSR).
 297:Drivers/CMSIS/Include/core_cm4.h ****  */
 298:Drivers/CMSIS/Include/core_cm4.h **** typedef union
 299:Drivers/CMSIS/Include/core_cm4.h **** {
 300:Drivers/CMSIS/Include/core_cm4.h ****   struct
 301:Drivers/CMSIS/Include/core_cm4.h ****   {
 302:Drivers/CMSIS/Include/core_cm4.h ****     uint32_t ISR:9;                      /*!< bit:  0.. 8  Exception number */
 303:Drivers/CMSIS/Include/core_cm4.h ****     uint32_t _reserved0:23;              /*!< bit:  9..31  Reserved */
 304:Drivers/CMSIS/Include/core_cm4.h ****   } b;                                   /*!< Structure used for bit  access */
 305:Drivers/CMSIS/Include/core_cm4.h ****   uint32_t w;                            /*!< Type      used for word access */
 306:Drivers/CMSIS/Include/core_cm4.h **** } IPSR_Type;
 307:Drivers/CMSIS/Include/core_cm4.h **** 
 308:Drivers/CMSIS/Include/core_cm4.h **** /* IPSR Register Definitions */
 309:Drivers/CMSIS/Include/core_cm4.h **** #define IPSR_ISR_Pos                        0U                                            /*!< IPSR
 310:Drivers/CMSIS/Include/core_cm4.h **** #define IPSR_ISR_Msk                       (0x1FFUL /*<< IPSR_ISR_Pos*/)                  /*!< IPSR
 311:Drivers/CMSIS/Include/core_cm4.h **** 
 312:Drivers/CMSIS/Include/core_cm4.h **** 
 313:Drivers/CMSIS/Include/core_cm4.h **** /**
 314:Drivers/CMSIS/Include/core_cm4.h ****   \brief  Union type to access the Special-Purpose Program Status Registers (xPSR).
 315:Drivers/CMSIS/Include/core_cm4.h ****  */
 316:Drivers/CMSIS/Include/core_cm4.h **** typedef union
 317:Drivers/CMSIS/Include/core_cm4.h **** {
 318:Drivers/CMSIS/Include/core_cm4.h ****   struct
 319:Drivers/CMSIS/Include/core_cm4.h ****   {
 320:Drivers/CMSIS/Include/core_cm4.h ****     uint32_t ISR:9;                      /*!< bit:  0.. 8  Exception number */
 321:Drivers/CMSIS/Include/core_cm4.h ****     uint32_t _reserved0:1;               /*!< bit:      9  Reserved */
 322:Drivers/CMSIS/Include/core_cm4.h ****     uint32_t ICI_IT_1:6;                 /*!< bit: 10..15  ICI/IT part 1 */
 323:Drivers/CMSIS/Include/core_cm4.h ****     uint32_t GE:4;                       /*!< bit: 16..19  Greater than or Equal flags */
 324:Drivers/CMSIS/Include/core_cm4.h ****     uint32_t _reserved1:4;               /*!< bit: 20..23  Reserved */
 325:Drivers/CMSIS/Include/core_cm4.h ****     uint32_t T:1;                        /*!< bit:     24  Thumb bit */
 326:Drivers/CMSIS/Include/core_cm4.h ****     uint32_t ICI_IT_2:2;                 /*!< bit: 25..26  ICI/IT part 2 */
 327:Drivers/CMSIS/Include/core_cm4.h ****     uint32_t Q:1;                        /*!< bit:     27  Saturation condition flag */
 328:Drivers/CMSIS/Include/core_cm4.h ****     uint32_t V:1;                        /*!< bit:     28  Overflow condition code flag */
 329:Drivers/CMSIS/Include/core_cm4.h ****     uint32_t C:1;                        /*!< bit:     29  Carry condition code flag */
 330:Drivers/CMSIS/Include/core_cm4.h ****     uint32_t Z:1;                        /*!< bit:     30  Zero condition code flag */
 331:Drivers/CMSIS/Include/core_cm4.h ****     uint32_t N:1;                        /*!< bit:     31  Negative condition code flag */
 332:Drivers/CMSIS/Include/core_cm4.h ****   } b;                                   /*!< Structure used for bit  access */
 333:Drivers/CMSIS/Include/core_cm4.h ****   uint32_t w;                            /*!< Type      used for word access */
 334:Drivers/CMSIS/Include/core_cm4.h **** } xPSR_Type;
 335:Drivers/CMSIS/Include/core_cm4.h **** 
 336:Drivers/CMSIS/Include/core_cm4.h **** /* xPSR Register Definitions */
 337:Drivers/CMSIS/Include/core_cm4.h **** #define xPSR_N_Pos                         31U                                            /*!< xPSR
ARM GAS  /tmp/ccvKl5wA.s 			page 13


 338:Drivers/CMSIS/Include/core_cm4.h **** #define xPSR_N_Msk                         (1UL << xPSR_N_Pos)                            /*!< xPSR
 339:Drivers/CMSIS/Include/core_cm4.h **** 
 340:Drivers/CMSIS/Include/core_cm4.h **** #define xPSR_Z_Pos                         30U                                            /*!< xPSR
 341:Drivers/CMSIS/Include/core_cm4.h **** #define xPSR_Z_Msk                         (1UL << xPSR_Z_Pos)                            /*!< xPSR
 342:Drivers/CMSIS/Include/core_cm4.h **** 
 343:Drivers/CMSIS/Include/core_cm4.h **** #define xPSR_C_Pos                         29U                                            /*!< xPSR
 344:Drivers/CMSIS/Include/core_cm4.h **** #define xPSR_C_Msk                         (1UL << xPSR_C_Pos)                            /*!< xPSR
 345:Drivers/CMSIS/Include/core_cm4.h **** 
 346:Drivers/CMSIS/Include/core_cm4.h **** #define xPSR_V_Pos                         28U                                            /*!< xPSR
 347:Drivers/CMSIS/Include/core_cm4.h **** #define xPSR_V_Msk                         (1UL << xPSR_V_Pos)                            /*!< xPSR
 348:Drivers/CMSIS/Include/core_cm4.h **** 
 349:Drivers/CMSIS/Include/core_cm4.h **** #define xPSR_Q_Pos                         27U                                            /*!< xPSR
 350:Drivers/CMSIS/Include/core_cm4.h **** #define xPSR_Q_Msk                         (1UL << xPSR_Q_Pos)                            /*!< xPSR
 351:Drivers/CMSIS/Include/core_cm4.h **** 
 352:Drivers/CMSIS/Include/core_cm4.h **** #define xPSR_ICI_IT_2_Pos                  25U                                            /*!< xPSR
 353:Drivers/CMSIS/Include/core_cm4.h **** #define xPSR_ICI_IT_2_Msk                  (3UL << xPSR_ICI_IT_2_Pos)                     /*!< xPSR
 354:Drivers/CMSIS/Include/core_cm4.h **** 
 355:Drivers/CMSIS/Include/core_cm4.h **** #define xPSR_T_Pos                         24U                                            /*!< xPSR
 356:Drivers/CMSIS/Include/core_cm4.h **** #define xPSR_T_Msk                         (1UL << xPSR_T_Pos)                            /*!< xPSR
 357:Drivers/CMSIS/Include/core_cm4.h **** 
 358:Drivers/CMSIS/Include/core_cm4.h **** #define xPSR_GE_Pos                        16U                                            /*!< xPSR
 359:Drivers/CMSIS/Include/core_cm4.h **** #define xPSR_GE_Msk                        (0xFUL << xPSR_GE_Pos)                         /*!< xPSR
 360:Drivers/CMSIS/Include/core_cm4.h **** 
 361:Drivers/CMSIS/Include/core_cm4.h **** #define xPSR_ICI_IT_1_Pos                  10U                                            /*!< xPSR
 362:Drivers/CMSIS/Include/core_cm4.h **** #define xPSR_ICI_IT_1_Msk                  (0x3FUL << xPSR_ICI_IT_1_Pos)                  /*!< xPSR
 363:Drivers/CMSIS/Include/core_cm4.h **** 
 364:Drivers/CMSIS/Include/core_cm4.h **** #define xPSR_ISR_Pos                        0U                                            /*!< xPSR
 365:Drivers/CMSIS/Include/core_cm4.h **** #define xPSR_ISR_Msk                       (0x1FFUL /*<< xPSR_ISR_Pos*/)                  /*!< xPSR
 366:Drivers/CMSIS/Include/core_cm4.h **** 
 367:Drivers/CMSIS/Include/core_cm4.h **** 
 368:Drivers/CMSIS/Include/core_cm4.h **** /**
 369:Drivers/CMSIS/Include/core_cm4.h ****   \brief  Union type to access the Control Registers (CONTROL).
 370:Drivers/CMSIS/Include/core_cm4.h ****  */
 371:Drivers/CMSIS/Include/core_cm4.h **** typedef union
 372:Drivers/CMSIS/Include/core_cm4.h **** {
 373:Drivers/CMSIS/Include/core_cm4.h ****   struct
 374:Drivers/CMSIS/Include/core_cm4.h ****   {
 375:Drivers/CMSIS/Include/core_cm4.h ****     uint32_t nPRIV:1;                    /*!< bit:      0  Execution privilege in Thread mode */
 376:Drivers/CMSIS/Include/core_cm4.h ****     uint32_t SPSEL:1;                    /*!< bit:      1  Stack to be used */
 377:Drivers/CMSIS/Include/core_cm4.h ****     uint32_t FPCA:1;                     /*!< bit:      2  FP extension active flag */
 378:Drivers/CMSIS/Include/core_cm4.h ****     uint32_t _reserved0:29;              /*!< bit:  3..31  Reserved */
 379:Drivers/CMSIS/Include/core_cm4.h ****   } b;                                   /*!< Structure used for bit  access */
 380:Drivers/CMSIS/Include/core_cm4.h ****   uint32_t w;                            /*!< Type      used for word access */
 381:Drivers/CMSIS/Include/core_cm4.h **** } CONTROL_Type;
 382:Drivers/CMSIS/Include/core_cm4.h **** 
 383:Drivers/CMSIS/Include/core_cm4.h **** /* CONTROL Register Definitions */
 384:Drivers/CMSIS/Include/core_cm4.h **** #define CONTROL_FPCA_Pos                    2U                                            /*!< CONT
 385:Drivers/CMSIS/Include/core_cm4.h **** #define CONTROL_FPCA_Msk                   (1UL << CONTROL_FPCA_Pos)                      /*!< CONT
 386:Drivers/CMSIS/Include/core_cm4.h **** 
 387:Drivers/CMSIS/Include/core_cm4.h **** #define CONTROL_SPSEL_Pos                   1U                                            /*!< CONT
 388:Drivers/CMSIS/Include/core_cm4.h **** #define CONTROL_SPSEL_Msk                  (1UL << CONTROL_SPSEL_Pos)                     /*!< CONT
 389:Drivers/CMSIS/Include/core_cm4.h **** 
 390:Drivers/CMSIS/Include/core_cm4.h **** #define CONTROL_nPRIV_Pos                   0U                                            /*!< CONT
 391:Drivers/CMSIS/Include/core_cm4.h **** #define CONTROL_nPRIV_Msk                  (1UL /*<< CONTROL_nPRIV_Pos*/)                 /*!< CONT
 392:Drivers/CMSIS/Include/core_cm4.h **** 
 393:Drivers/CMSIS/Include/core_cm4.h **** /*@} end of group CMSIS_CORE */
 394:Drivers/CMSIS/Include/core_cm4.h **** 
ARM GAS  /tmp/ccvKl5wA.s 			page 14


 395:Drivers/CMSIS/Include/core_cm4.h **** 
 396:Drivers/CMSIS/Include/core_cm4.h **** /**
 397:Drivers/CMSIS/Include/core_cm4.h ****   \ingroup    CMSIS_core_register
 398:Drivers/CMSIS/Include/core_cm4.h ****   \defgroup   CMSIS_NVIC  Nested Vectored Interrupt Controller (NVIC)
 399:Drivers/CMSIS/Include/core_cm4.h ****   \brief      Type definitions for the NVIC Registers
 400:Drivers/CMSIS/Include/core_cm4.h ****   @{
 401:Drivers/CMSIS/Include/core_cm4.h ****  */
 402:Drivers/CMSIS/Include/core_cm4.h **** 
 403:Drivers/CMSIS/Include/core_cm4.h **** /**
 404:Drivers/CMSIS/Include/core_cm4.h ****   \brief  Structure type to access the Nested Vectored Interrupt Controller (NVIC).
 405:Drivers/CMSIS/Include/core_cm4.h ****  */
 406:Drivers/CMSIS/Include/core_cm4.h **** typedef struct
 407:Drivers/CMSIS/Include/core_cm4.h **** {
 408:Drivers/CMSIS/Include/core_cm4.h ****   __IOM uint32_t ISER[8U];               /*!< Offset: 0x000 (R/W)  Interrupt Set Enable Register */
 409:Drivers/CMSIS/Include/core_cm4.h ****         uint32_t RESERVED0[24U];
 410:Drivers/CMSIS/Include/core_cm4.h ****   __IOM uint32_t ICER[8U];               /*!< Offset: 0x080 (R/W)  Interrupt Clear Enable Register 
 411:Drivers/CMSIS/Include/core_cm4.h ****         uint32_t RESERVED1[24U];
 412:Drivers/CMSIS/Include/core_cm4.h ****   __IOM uint32_t ISPR[8U];               /*!< Offset: 0x100 (R/W)  Interrupt Set Pending Register *
 413:Drivers/CMSIS/Include/core_cm4.h ****         uint32_t RESERVED2[24U];
 414:Drivers/CMSIS/Include/core_cm4.h ****   __IOM uint32_t ICPR[8U];               /*!< Offset: 0x180 (R/W)  Interrupt Clear Pending Register
 415:Drivers/CMSIS/Include/core_cm4.h ****         uint32_t RESERVED3[24U];
 416:Drivers/CMSIS/Include/core_cm4.h ****   __IOM uint32_t IABR[8U];               /*!< Offset: 0x200 (R/W)  Interrupt Active bit Register */
 417:Drivers/CMSIS/Include/core_cm4.h ****         uint32_t RESERVED4[56U];
 418:Drivers/CMSIS/Include/core_cm4.h ****   __IOM uint8_t  IP[240U];               /*!< Offset: 0x300 (R/W)  Interrupt Priority Register (8Bi
 419:Drivers/CMSIS/Include/core_cm4.h ****         uint32_t RESERVED5[644U];
 420:Drivers/CMSIS/Include/core_cm4.h ****   __OM  uint32_t STIR;                   /*!< Offset: 0xE00 ( /W)  Software Trigger Interrupt Regis
 421:Drivers/CMSIS/Include/core_cm4.h **** }  NVIC_Type;
 422:Drivers/CMSIS/Include/core_cm4.h **** 
 423:Drivers/CMSIS/Include/core_cm4.h **** /* Software Triggered Interrupt Register Definitions */
 424:Drivers/CMSIS/Include/core_cm4.h **** #define NVIC_STIR_INTID_Pos                 0U                                         /*!< STIR: I
 425:Drivers/CMSIS/Include/core_cm4.h **** #define NVIC_STIR_INTID_Msk                (0x1FFUL /*<< NVIC_STIR_INTID_Pos*/)        /*!< STIR: I
 426:Drivers/CMSIS/Include/core_cm4.h **** 
 427:Drivers/CMSIS/Include/core_cm4.h **** /*@} end of group CMSIS_NVIC */
 428:Drivers/CMSIS/Include/core_cm4.h **** 
 429:Drivers/CMSIS/Include/core_cm4.h **** 
 430:Drivers/CMSIS/Include/core_cm4.h **** /**
 431:Drivers/CMSIS/Include/core_cm4.h ****   \ingroup  CMSIS_core_register
 432:Drivers/CMSIS/Include/core_cm4.h ****   \defgroup CMSIS_SCB     System Control Block (SCB)
 433:Drivers/CMSIS/Include/core_cm4.h ****   \brief    Type definitions for the System Control Block Registers
 434:Drivers/CMSIS/Include/core_cm4.h ****   @{
 435:Drivers/CMSIS/Include/core_cm4.h ****  */
 436:Drivers/CMSIS/Include/core_cm4.h **** 
 437:Drivers/CMSIS/Include/core_cm4.h **** /**
 438:Drivers/CMSIS/Include/core_cm4.h ****   \brief  Structure type to access the System Control Block (SCB).
 439:Drivers/CMSIS/Include/core_cm4.h ****  */
 440:Drivers/CMSIS/Include/core_cm4.h **** typedef struct
 441:Drivers/CMSIS/Include/core_cm4.h **** {
 442:Drivers/CMSIS/Include/core_cm4.h ****   __IM  uint32_t CPUID;                  /*!< Offset: 0x000 (R/ )  CPUID Base Register */
 443:Drivers/CMSIS/Include/core_cm4.h ****   __IOM uint32_t ICSR;                   /*!< Offset: 0x004 (R/W)  Interrupt Control and State Regi
 444:Drivers/CMSIS/Include/core_cm4.h ****   __IOM uint32_t VTOR;                   /*!< Offset: 0x008 (R/W)  Vector Table Offset Register */
 445:Drivers/CMSIS/Include/core_cm4.h ****   __IOM uint32_t AIRCR;                  /*!< Offset: 0x00C (R/W)  Application Interrupt and Reset 
 446:Drivers/CMSIS/Include/core_cm4.h ****   __IOM uint32_t SCR;                    /*!< Offset: 0x010 (R/W)  System Control Register */
 447:Drivers/CMSIS/Include/core_cm4.h ****   __IOM uint32_t CCR;                    /*!< Offset: 0x014 (R/W)  Configuration Control Register *
 448:Drivers/CMSIS/Include/core_cm4.h ****   __IOM uint8_t  SHP[12U];               /*!< Offset: 0x018 (R/W)  System Handlers Priority Registe
 449:Drivers/CMSIS/Include/core_cm4.h ****   __IOM uint32_t SHCSR;                  /*!< Offset: 0x024 (R/W)  System Handler Control and State
 450:Drivers/CMSIS/Include/core_cm4.h ****   __IOM uint32_t CFSR;                   /*!< Offset: 0x028 (R/W)  Configurable Fault Status Regist
 451:Drivers/CMSIS/Include/core_cm4.h ****   __IOM uint32_t HFSR;                   /*!< Offset: 0x02C (R/W)  HardFault Status Register */
ARM GAS  /tmp/ccvKl5wA.s 			page 15


 452:Drivers/CMSIS/Include/core_cm4.h ****   __IOM uint32_t DFSR;                   /*!< Offset: 0x030 (R/W)  Debug Fault Status Register */
 453:Drivers/CMSIS/Include/core_cm4.h ****   __IOM uint32_t MMFAR;                  /*!< Offset: 0x034 (R/W)  MemManage Fault Address Register
 454:Drivers/CMSIS/Include/core_cm4.h ****   __IOM uint32_t BFAR;                   /*!< Offset: 0x038 (R/W)  BusFault Address Register */
 455:Drivers/CMSIS/Include/core_cm4.h ****   __IOM uint32_t AFSR;                   /*!< Offset: 0x03C (R/W)  Auxiliary Fault Status Register 
 456:Drivers/CMSIS/Include/core_cm4.h ****   __IM  uint32_t PFR[2U];                /*!< Offset: 0x040 (R/ )  Processor Feature Register */
 457:Drivers/CMSIS/Include/core_cm4.h ****   __IM  uint32_t DFR;                    /*!< Offset: 0x048 (R/ )  Debug Feature Register */
 458:Drivers/CMSIS/Include/core_cm4.h ****   __IM  uint32_t ADR;                    /*!< Offset: 0x04C (R/ )  Auxiliary Feature Register */
 459:Drivers/CMSIS/Include/core_cm4.h ****   __IM  uint32_t MMFR[4U];               /*!< Offset: 0x050 (R/ )  Memory Model Feature Register */
 460:Drivers/CMSIS/Include/core_cm4.h ****   __IM  uint32_t ISAR[5U];               /*!< Offset: 0x060 (R/ )  Instruction Set Attributes Regis
 461:Drivers/CMSIS/Include/core_cm4.h ****         uint32_t RESERVED0[5U];
 462:Drivers/CMSIS/Include/core_cm4.h ****   __IOM uint32_t CPACR;                  /*!< Offset: 0x088 (R/W)  Coprocessor Access Control Regis
 463:Drivers/CMSIS/Include/core_cm4.h **** } SCB_Type;
 464:Drivers/CMSIS/Include/core_cm4.h **** 
 465:Drivers/CMSIS/Include/core_cm4.h **** /* SCB CPUID Register Definitions */
 466:Drivers/CMSIS/Include/core_cm4.h **** #define SCB_CPUID_IMPLEMENTER_Pos          24U                                            /*!< SCB 
 467:Drivers/CMSIS/Include/core_cm4.h **** #define SCB_CPUID_IMPLEMENTER_Msk          (0xFFUL << SCB_CPUID_IMPLEMENTER_Pos)          /*!< SCB 
 468:Drivers/CMSIS/Include/core_cm4.h **** 
 469:Drivers/CMSIS/Include/core_cm4.h **** #define SCB_CPUID_VARIANT_Pos              20U                                            /*!< SCB 
 470:Drivers/CMSIS/Include/core_cm4.h **** #define SCB_CPUID_VARIANT_Msk              (0xFUL << SCB_CPUID_VARIANT_Pos)               /*!< SCB 
 471:Drivers/CMSIS/Include/core_cm4.h **** 
 472:Drivers/CMSIS/Include/core_cm4.h **** #define SCB_CPUID_ARCHITECTURE_Pos         16U                                            /*!< SCB 
 473:Drivers/CMSIS/Include/core_cm4.h **** #define SCB_CPUID_ARCHITECTURE_Msk         (0xFUL << SCB_CPUID_ARCHITECTURE_Pos)          /*!< SCB 
 474:Drivers/CMSIS/Include/core_cm4.h **** 
 475:Drivers/CMSIS/Include/core_cm4.h **** #define SCB_CPUID_PARTNO_Pos                4U                                            /*!< SCB 
 476:Drivers/CMSIS/Include/core_cm4.h **** #define SCB_CPUID_PARTNO_Msk               (0xFFFUL << SCB_CPUID_PARTNO_Pos)              /*!< SCB 
 477:Drivers/CMSIS/Include/core_cm4.h **** 
 478:Drivers/CMSIS/Include/core_cm4.h **** #define SCB_CPUID_REVISION_Pos              0U                                            /*!< SCB 
 479:Drivers/CMSIS/Include/core_cm4.h **** #define SCB_CPUID_REVISION_Msk             (0xFUL /*<< SCB_CPUID_REVISION_Pos*/)          /*!< SCB 
 480:Drivers/CMSIS/Include/core_cm4.h **** 
 481:Drivers/CMSIS/Include/core_cm4.h **** /* SCB Interrupt Control State Register Definitions */
 482:Drivers/CMSIS/Include/core_cm4.h **** #define SCB_ICSR_NMIPENDSET_Pos            31U                                            /*!< SCB 
 483:Drivers/CMSIS/Include/core_cm4.h **** #define SCB_ICSR_NMIPENDSET_Msk            (1UL << SCB_ICSR_NMIPENDSET_Pos)               /*!< SCB 
 484:Drivers/CMSIS/Include/core_cm4.h **** 
 485:Drivers/CMSIS/Include/core_cm4.h **** #define SCB_ICSR_PENDSVSET_Pos             28U                                            /*!< SCB 
 486:Drivers/CMSIS/Include/core_cm4.h **** #define SCB_ICSR_PENDSVSET_Msk             (1UL << SCB_ICSR_PENDSVSET_Pos)                /*!< SCB 
 487:Drivers/CMSIS/Include/core_cm4.h **** 
 488:Drivers/CMSIS/Include/core_cm4.h **** #define SCB_ICSR_PENDSVCLR_Pos             27U                                            /*!< SCB 
 489:Drivers/CMSIS/Include/core_cm4.h **** #define SCB_ICSR_PENDSVCLR_Msk             (1UL << SCB_ICSR_PENDSVCLR_Pos)                /*!< SCB 
 490:Drivers/CMSIS/Include/core_cm4.h **** 
 491:Drivers/CMSIS/Include/core_cm4.h **** #define SCB_ICSR_PENDSTSET_Pos             26U                                            /*!< SCB 
 492:Drivers/CMSIS/Include/core_cm4.h **** #define SCB_ICSR_PENDSTSET_Msk             (1UL << SCB_ICSR_PENDSTSET_Pos)                /*!< SCB 
 493:Drivers/CMSIS/Include/core_cm4.h **** 
 494:Drivers/CMSIS/Include/core_cm4.h **** #define SCB_ICSR_PENDSTCLR_Pos             25U                                            /*!< SCB 
 495:Drivers/CMSIS/Include/core_cm4.h **** #define SCB_ICSR_PENDSTCLR_Msk             (1UL << SCB_ICSR_PENDSTCLR_Pos)                /*!< SCB 
 496:Drivers/CMSIS/Include/core_cm4.h **** 
 497:Drivers/CMSIS/Include/core_cm4.h **** #define SCB_ICSR_ISRPREEMPT_Pos            23U                                            /*!< SCB 
 498:Drivers/CMSIS/Include/core_cm4.h **** #define SCB_ICSR_ISRPREEMPT_Msk            (1UL << SCB_ICSR_ISRPREEMPT_Pos)               /*!< SCB 
 499:Drivers/CMSIS/Include/core_cm4.h **** 
 500:Drivers/CMSIS/Include/core_cm4.h **** #define SCB_ICSR_ISRPENDING_Pos            22U                                            /*!< SCB 
 501:Drivers/CMSIS/Include/core_cm4.h **** #define SCB_ICSR_ISRPENDING_Msk            (1UL << SCB_ICSR_ISRPENDING_Pos)               /*!< SCB 
 502:Drivers/CMSIS/Include/core_cm4.h **** 
 503:Drivers/CMSIS/Include/core_cm4.h **** #define SCB_ICSR_VECTPENDING_Pos           12U                                            /*!< SCB 
 504:Drivers/CMSIS/Include/core_cm4.h **** #define SCB_ICSR_VECTPENDING_Msk           (0x1FFUL << SCB_ICSR_VECTPENDING_Pos)          /*!< SCB 
 505:Drivers/CMSIS/Include/core_cm4.h **** 
 506:Drivers/CMSIS/Include/core_cm4.h **** #define SCB_ICSR_RETTOBASE_Pos             11U                                            /*!< SCB 
 507:Drivers/CMSIS/Include/core_cm4.h **** #define SCB_ICSR_RETTOBASE_Msk             (1UL << SCB_ICSR_RETTOBASE_Pos)                /*!< SCB 
 508:Drivers/CMSIS/Include/core_cm4.h **** 
ARM GAS  /tmp/ccvKl5wA.s 			page 16


 509:Drivers/CMSIS/Include/core_cm4.h **** #define SCB_ICSR_VECTACTIVE_Pos             0U                                            /*!< SCB 
 510:Drivers/CMSIS/Include/core_cm4.h **** #define SCB_ICSR_VECTACTIVE_Msk            (0x1FFUL /*<< SCB_ICSR_VECTACTIVE_Pos*/)       /*!< SCB 
 511:Drivers/CMSIS/Include/core_cm4.h **** 
 512:Drivers/CMSIS/Include/core_cm4.h **** /* SCB Vector Table Offset Register Definitions */
 513:Drivers/CMSIS/Include/core_cm4.h **** #define SCB_VTOR_TBLOFF_Pos                 7U                                            /*!< SCB 
 514:Drivers/CMSIS/Include/core_cm4.h **** #define SCB_VTOR_TBLOFF_Msk                (0x1FFFFFFUL << SCB_VTOR_TBLOFF_Pos)           /*!< SCB 
 515:Drivers/CMSIS/Include/core_cm4.h **** 
 516:Drivers/CMSIS/Include/core_cm4.h **** /* SCB Application Interrupt and Reset Control Register Definitions */
 517:Drivers/CMSIS/Include/core_cm4.h **** #define SCB_AIRCR_VECTKEY_Pos              16U                                            /*!< SCB 
 518:Drivers/CMSIS/Include/core_cm4.h **** #define SCB_AIRCR_VECTKEY_Msk              (0xFFFFUL << SCB_AIRCR_VECTKEY_Pos)            /*!< SCB 
 519:Drivers/CMSIS/Include/core_cm4.h **** 
 520:Drivers/CMSIS/Include/core_cm4.h **** #define SCB_AIRCR_VECTKEYSTAT_Pos          16U                                            /*!< SCB 
 521:Drivers/CMSIS/Include/core_cm4.h **** #define SCB_AIRCR_VECTKEYSTAT_Msk          (0xFFFFUL << SCB_AIRCR_VECTKEYSTAT_Pos)        /*!< SCB 
 522:Drivers/CMSIS/Include/core_cm4.h **** 
 523:Drivers/CMSIS/Include/core_cm4.h **** #define SCB_AIRCR_ENDIANESS_Pos            15U                                            /*!< SCB 
 524:Drivers/CMSIS/Include/core_cm4.h **** #define SCB_AIRCR_ENDIANESS_Msk            (1UL << SCB_AIRCR_ENDIANESS_Pos)               /*!< SCB 
 525:Drivers/CMSIS/Include/core_cm4.h **** 
 526:Drivers/CMSIS/Include/core_cm4.h **** #define SCB_AIRCR_PRIGROUP_Pos              8U                                            /*!< SCB 
 527:Drivers/CMSIS/Include/core_cm4.h **** #define SCB_AIRCR_PRIGROUP_Msk             (7UL << SCB_AIRCR_PRIGROUP_Pos)                /*!< SCB 
 528:Drivers/CMSIS/Include/core_cm4.h **** 
 529:Drivers/CMSIS/Include/core_cm4.h **** #define SCB_AIRCR_SYSRESETREQ_Pos           2U                                            /*!< SCB 
 530:Drivers/CMSIS/Include/core_cm4.h **** #define SCB_AIRCR_SYSRESETREQ_Msk          (1UL << SCB_AIRCR_SYSRESETREQ_Pos)             /*!< SCB 
 531:Drivers/CMSIS/Include/core_cm4.h **** 
 532:Drivers/CMSIS/Include/core_cm4.h **** #define SCB_AIRCR_VECTCLRACTIVE_Pos         1U                                            /*!< SCB 
 533:Drivers/CMSIS/Include/core_cm4.h **** #define SCB_AIRCR_VECTCLRACTIVE_Msk        (1UL << SCB_AIRCR_VECTCLRACTIVE_Pos)           /*!< SCB 
 534:Drivers/CMSIS/Include/core_cm4.h **** 
 535:Drivers/CMSIS/Include/core_cm4.h **** #define SCB_AIRCR_VECTRESET_Pos             0U                                            /*!< SCB 
 536:Drivers/CMSIS/Include/core_cm4.h **** #define SCB_AIRCR_VECTRESET_Msk            (1UL /*<< SCB_AIRCR_VECTRESET_Pos*/)           /*!< SCB 
 537:Drivers/CMSIS/Include/core_cm4.h **** 
 538:Drivers/CMSIS/Include/core_cm4.h **** /* SCB System Control Register Definitions */
 539:Drivers/CMSIS/Include/core_cm4.h **** #define SCB_SCR_SEVONPEND_Pos               4U                                            /*!< SCB 
 540:Drivers/CMSIS/Include/core_cm4.h **** #define SCB_SCR_SEVONPEND_Msk              (1UL << SCB_SCR_SEVONPEND_Pos)                 /*!< SCB 
 541:Drivers/CMSIS/Include/core_cm4.h **** 
 542:Drivers/CMSIS/Include/core_cm4.h **** #define SCB_SCR_SLEEPDEEP_Pos               2U                                            /*!< SCB 
 543:Drivers/CMSIS/Include/core_cm4.h **** #define SCB_SCR_SLEEPDEEP_Msk              (1UL << SCB_SCR_SLEEPDEEP_Pos)                 /*!< SCB 
 544:Drivers/CMSIS/Include/core_cm4.h **** 
 545:Drivers/CMSIS/Include/core_cm4.h **** #define SCB_SCR_SLEEPONEXIT_Pos             1U                                            /*!< SCB 
 546:Drivers/CMSIS/Include/core_cm4.h **** #define SCB_SCR_SLEEPONEXIT_Msk            (1UL << SCB_SCR_SLEEPONEXIT_Pos)               /*!< SCB 
 547:Drivers/CMSIS/Include/core_cm4.h **** 
 548:Drivers/CMSIS/Include/core_cm4.h **** /* SCB Configuration Control Register Definitions */
 549:Drivers/CMSIS/Include/core_cm4.h **** #define SCB_CCR_STKALIGN_Pos                9U                                            /*!< SCB 
 550:Drivers/CMSIS/Include/core_cm4.h **** #define SCB_CCR_STKALIGN_Msk               (1UL << SCB_CCR_STKALIGN_Pos)                  /*!< SCB 
 551:Drivers/CMSIS/Include/core_cm4.h **** 
 552:Drivers/CMSIS/Include/core_cm4.h **** #define SCB_CCR_BFHFNMIGN_Pos               8U                                            /*!< SCB 
 553:Drivers/CMSIS/Include/core_cm4.h **** #define SCB_CCR_BFHFNMIGN_Msk              (1UL << SCB_CCR_BFHFNMIGN_Pos)                 /*!< SCB 
 554:Drivers/CMSIS/Include/core_cm4.h **** 
 555:Drivers/CMSIS/Include/core_cm4.h **** #define SCB_CCR_DIV_0_TRP_Pos               4U                                            /*!< SCB 
 556:Drivers/CMSIS/Include/core_cm4.h **** #define SCB_CCR_DIV_0_TRP_Msk              (1UL << SCB_CCR_DIV_0_TRP_Pos)                 /*!< SCB 
 557:Drivers/CMSIS/Include/core_cm4.h **** 
 558:Drivers/CMSIS/Include/core_cm4.h **** #define SCB_CCR_UNALIGN_TRP_Pos             3U                                            /*!< SCB 
 559:Drivers/CMSIS/Include/core_cm4.h **** #define SCB_CCR_UNALIGN_TRP_Msk            (1UL << SCB_CCR_UNALIGN_TRP_Pos)               /*!< SCB 
 560:Drivers/CMSIS/Include/core_cm4.h **** 
 561:Drivers/CMSIS/Include/core_cm4.h **** #define SCB_CCR_USERSETMPEND_Pos            1U                                            /*!< SCB 
 562:Drivers/CMSIS/Include/core_cm4.h **** #define SCB_CCR_USERSETMPEND_Msk           (1UL << SCB_CCR_USERSETMPEND_Pos)              /*!< SCB 
 563:Drivers/CMSIS/Include/core_cm4.h **** 
 564:Drivers/CMSIS/Include/core_cm4.h **** #define SCB_CCR_NONBASETHRDENA_Pos          0U                                            /*!< SCB 
 565:Drivers/CMSIS/Include/core_cm4.h **** #define SCB_CCR_NONBASETHRDENA_Msk         (1UL /*<< SCB_CCR_NONBASETHRDENA_Pos*/)        /*!< SCB 
ARM GAS  /tmp/ccvKl5wA.s 			page 17


 566:Drivers/CMSIS/Include/core_cm4.h **** 
 567:Drivers/CMSIS/Include/core_cm4.h **** /* SCB System Handler Control and State Register Definitions */
 568:Drivers/CMSIS/Include/core_cm4.h **** #define SCB_SHCSR_USGFAULTENA_Pos          18U                                            /*!< SCB 
 569:Drivers/CMSIS/Include/core_cm4.h **** #define SCB_SHCSR_USGFAULTENA_Msk          (1UL << SCB_SHCSR_USGFAULTENA_Pos)             /*!< SCB 
 570:Drivers/CMSIS/Include/core_cm4.h **** 
 571:Drivers/CMSIS/Include/core_cm4.h **** #define SCB_SHCSR_BUSFAULTENA_Pos          17U                                            /*!< SCB 
 572:Drivers/CMSIS/Include/core_cm4.h **** #define SCB_SHCSR_BUSFAULTENA_Msk          (1UL << SCB_SHCSR_BUSFAULTENA_Pos)             /*!< SCB 
 573:Drivers/CMSIS/Include/core_cm4.h **** 
 574:Drivers/CMSIS/Include/core_cm4.h **** #define SCB_SHCSR_MEMFAULTENA_Pos          16U                                            /*!< SCB 
 575:Drivers/CMSIS/Include/core_cm4.h **** #define SCB_SHCSR_MEMFAULTENA_Msk          (1UL << SCB_SHCSR_MEMFAULTENA_Pos)             /*!< SCB 
 576:Drivers/CMSIS/Include/core_cm4.h **** 
 577:Drivers/CMSIS/Include/core_cm4.h **** #define SCB_SHCSR_SVCALLPENDED_Pos         15U                                            /*!< SCB 
 578:Drivers/CMSIS/Include/core_cm4.h **** #define SCB_SHCSR_SVCALLPENDED_Msk         (1UL << SCB_SHCSR_SVCALLPENDED_Pos)            /*!< SCB 
 579:Drivers/CMSIS/Include/core_cm4.h **** 
 580:Drivers/CMSIS/Include/core_cm4.h **** #define SCB_SHCSR_BUSFAULTPENDED_Pos       14U                                            /*!< SCB 
 581:Drivers/CMSIS/Include/core_cm4.h **** #define SCB_SHCSR_BUSFAULTPENDED_Msk       (1UL << SCB_SHCSR_BUSFAULTPENDED_Pos)          /*!< SCB 
 582:Drivers/CMSIS/Include/core_cm4.h **** 
 583:Drivers/CMSIS/Include/core_cm4.h **** #define SCB_SHCSR_MEMFAULTPENDED_Pos       13U                                            /*!< SCB 
 584:Drivers/CMSIS/Include/core_cm4.h **** #define SCB_SHCSR_MEMFAULTPENDED_Msk       (1UL << SCB_SHCSR_MEMFAULTPENDED_Pos)          /*!< SCB 
 585:Drivers/CMSIS/Include/core_cm4.h **** 
 586:Drivers/CMSIS/Include/core_cm4.h **** #define SCB_SHCSR_USGFAULTPENDED_Pos       12U                                            /*!< SCB 
 587:Drivers/CMSIS/Include/core_cm4.h **** #define SCB_SHCSR_USGFAULTPENDED_Msk       (1UL << SCB_SHCSR_USGFAULTPENDED_Pos)          /*!< SCB 
 588:Drivers/CMSIS/Include/core_cm4.h **** 
 589:Drivers/CMSIS/Include/core_cm4.h **** #define SCB_SHCSR_SYSTICKACT_Pos           11U                                            /*!< SCB 
 590:Drivers/CMSIS/Include/core_cm4.h **** #define SCB_SHCSR_SYSTICKACT_Msk           (1UL << SCB_SHCSR_SYSTICKACT_Pos)              /*!< SCB 
 591:Drivers/CMSIS/Include/core_cm4.h **** 
 592:Drivers/CMSIS/Include/core_cm4.h **** #define SCB_SHCSR_PENDSVACT_Pos            10U                                            /*!< SCB 
 593:Drivers/CMSIS/Include/core_cm4.h **** #define SCB_SHCSR_PENDSVACT_Msk            (1UL << SCB_SHCSR_PENDSVACT_Pos)               /*!< SCB 
 594:Drivers/CMSIS/Include/core_cm4.h **** 
 595:Drivers/CMSIS/Include/core_cm4.h **** #define SCB_SHCSR_MONITORACT_Pos            8U                                            /*!< SCB 
 596:Drivers/CMSIS/Include/core_cm4.h **** #define SCB_SHCSR_MONITORACT_Msk           (1UL << SCB_SHCSR_MONITORACT_Pos)              /*!< SCB 
 597:Drivers/CMSIS/Include/core_cm4.h **** 
 598:Drivers/CMSIS/Include/core_cm4.h **** #define SCB_SHCSR_SVCALLACT_Pos             7U                                            /*!< SCB 
 599:Drivers/CMSIS/Include/core_cm4.h **** #define SCB_SHCSR_SVCALLACT_Msk            (1UL << SCB_SHCSR_SVCALLACT_Pos)               /*!< SCB 
 600:Drivers/CMSIS/Include/core_cm4.h **** 
 601:Drivers/CMSIS/Include/core_cm4.h **** #define SCB_SHCSR_USGFAULTACT_Pos           3U                                            /*!< SCB 
 602:Drivers/CMSIS/Include/core_cm4.h **** #define SCB_SHCSR_USGFAULTACT_Msk          (1UL << SCB_SHCSR_USGFAULTACT_Pos)             /*!< SCB 
 603:Drivers/CMSIS/Include/core_cm4.h **** 
 604:Drivers/CMSIS/Include/core_cm4.h **** #define SCB_SHCSR_BUSFAULTACT_Pos           1U                                            /*!< SCB 
 605:Drivers/CMSIS/Include/core_cm4.h **** #define SCB_SHCSR_BUSFAULTACT_Msk          (1UL << SCB_SHCSR_BUSFAULTACT_Pos)             /*!< SCB 
 606:Drivers/CMSIS/Include/core_cm4.h **** 
 607:Drivers/CMSIS/Include/core_cm4.h **** #define SCB_SHCSR_MEMFAULTACT_Pos           0U                                            /*!< SCB 
 608:Drivers/CMSIS/Include/core_cm4.h **** #define SCB_SHCSR_MEMFAULTACT_Msk          (1UL /*<< SCB_SHCSR_MEMFAULTACT_Pos*/)         /*!< SCB 
 609:Drivers/CMSIS/Include/core_cm4.h **** 
 610:Drivers/CMSIS/Include/core_cm4.h **** /* SCB Configurable Fault Status Register Definitions */
 611:Drivers/CMSIS/Include/core_cm4.h **** #define SCB_CFSR_USGFAULTSR_Pos            16U                                            /*!< SCB 
 612:Drivers/CMSIS/Include/core_cm4.h **** #define SCB_CFSR_USGFAULTSR_Msk            (0xFFFFUL << SCB_CFSR_USGFAULTSR_Pos)          /*!< SCB 
 613:Drivers/CMSIS/Include/core_cm4.h **** 
 614:Drivers/CMSIS/Include/core_cm4.h **** #define SCB_CFSR_BUSFAULTSR_Pos             8U                                            /*!< SCB 
 615:Drivers/CMSIS/Include/core_cm4.h **** #define SCB_CFSR_BUSFAULTSR_Msk            (0xFFUL << SCB_CFSR_BUSFAULTSR_Pos)            /*!< SCB 
 616:Drivers/CMSIS/Include/core_cm4.h **** 
 617:Drivers/CMSIS/Include/core_cm4.h **** #define SCB_CFSR_MEMFAULTSR_Pos             0U                                            /*!< SCB 
 618:Drivers/CMSIS/Include/core_cm4.h **** #define SCB_CFSR_MEMFAULTSR_Msk            (0xFFUL /*<< SCB_CFSR_MEMFAULTSR_Pos*/)        /*!< SCB 
 619:Drivers/CMSIS/Include/core_cm4.h **** 
 620:Drivers/CMSIS/Include/core_cm4.h **** /* MemManage Fault Status Register (part of SCB Configurable Fault Status Register) */
 621:Drivers/CMSIS/Include/core_cm4.h **** #define SCB_CFSR_MMARVALID_Pos             (SCB_SHCSR_MEMFAULTACT_Pos + 7U)               /*!< SCB 
 622:Drivers/CMSIS/Include/core_cm4.h **** #define SCB_CFSR_MMARVALID_Msk             (1UL << SCB_CFSR_MMARVALID_Pos)                /*!< SCB 
ARM GAS  /tmp/ccvKl5wA.s 			page 18


 623:Drivers/CMSIS/Include/core_cm4.h **** 
 624:Drivers/CMSIS/Include/core_cm4.h **** #define SCB_CFSR_MLSPERR_Pos               (SCB_SHCSR_MEMFAULTACT_Pos + 5U)               /*!< SCB 
 625:Drivers/CMSIS/Include/core_cm4.h **** #define SCB_CFSR_MLSPERR_Msk               (1UL << SCB_CFSR_MLSPERR_Pos)                  /*!< SCB 
 626:Drivers/CMSIS/Include/core_cm4.h **** 
 627:Drivers/CMSIS/Include/core_cm4.h **** #define SCB_CFSR_MSTKERR_Pos               (SCB_SHCSR_MEMFAULTACT_Pos + 4U)               /*!< SCB 
 628:Drivers/CMSIS/Include/core_cm4.h **** #define SCB_CFSR_MSTKERR_Msk               (1UL << SCB_CFSR_MSTKERR_Pos)                  /*!< SCB 
 629:Drivers/CMSIS/Include/core_cm4.h **** 
 630:Drivers/CMSIS/Include/core_cm4.h **** #define SCB_CFSR_MUNSTKERR_Pos             (SCB_SHCSR_MEMFAULTACT_Pos + 3U)               /*!< SCB 
 631:Drivers/CMSIS/Include/core_cm4.h **** #define SCB_CFSR_MUNSTKERR_Msk             (1UL << SCB_CFSR_MUNSTKERR_Pos)                /*!< SCB 
 632:Drivers/CMSIS/Include/core_cm4.h **** 
 633:Drivers/CMSIS/Include/core_cm4.h **** #define SCB_CFSR_DACCVIOL_Pos              (SCB_SHCSR_MEMFAULTACT_Pos + 1U)               /*!< SCB 
 634:Drivers/CMSIS/Include/core_cm4.h **** #define SCB_CFSR_DACCVIOL_Msk              (1UL << SCB_CFSR_DACCVIOL_Pos)                 /*!< SCB 
 635:Drivers/CMSIS/Include/core_cm4.h **** 
 636:Drivers/CMSIS/Include/core_cm4.h **** #define SCB_CFSR_IACCVIOL_Pos              (SCB_SHCSR_MEMFAULTACT_Pos + 0U)               /*!< SCB 
 637:Drivers/CMSIS/Include/core_cm4.h **** #define SCB_CFSR_IACCVIOL_Msk              (1UL /*<< SCB_CFSR_IACCVIOL_Pos*/)             /*!< SCB 
 638:Drivers/CMSIS/Include/core_cm4.h **** 
 639:Drivers/CMSIS/Include/core_cm4.h **** /* BusFault Status Register (part of SCB Configurable Fault Status Register) */
 640:Drivers/CMSIS/Include/core_cm4.h **** #define SCB_CFSR_BFARVALID_Pos            (SCB_CFSR_BUSFAULTSR_Pos + 7U)                  /*!< SCB 
 641:Drivers/CMSIS/Include/core_cm4.h **** #define SCB_CFSR_BFARVALID_Msk            (1UL << SCB_CFSR_BFARVALID_Pos)                 /*!< SCB 
 642:Drivers/CMSIS/Include/core_cm4.h **** 
 643:Drivers/CMSIS/Include/core_cm4.h **** #define SCB_CFSR_LSPERR_Pos               (SCB_CFSR_BUSFAULTSR_Pos + 5U)                  /*!< SCB 
 644:Drivers/CMSIS/Include/core_cm4.h **** #define SCB_CFSR_LSPERR_Msk               (1UL << SCB_CFSR_LSPERR_Pos)                    /*!< SCB 
 645:Drivers/CMSIS/Include/core_cm4.h **** 
 646:Drivers/CMSIS/Include/core_cm4.h **** #define SCB_CFSR_STKERR_Pos               (SCB_CFSR_BUSFAULTSR_Pos + 4U)                  /*!< SCB 
 647:Drivers/CMSIS/Include/core_cm4.h **** #define SCB_CFSR_STKERR_Msk               (1UL << SCB_CFSR_STKERR_Pos)                    /*!< SCB 
 648:Drivers/CMSIS/Include/core_cm4.h **** 
 649:Drivers/CMSIS/Include/core_cm4.h **** #define SCB_CFSR_UNSTKERR_Pos             (SCB_CFSR_BUSFAULTSR_Pos + 3U)                  /*!< SCB 
 650:Drivers/CMSIS/Include/core_cm4.h **** #define SCB_CFSR_UNSTKERR_Msk             (1UL << SCB_CFSR_UNSTKERR_Pos)                  /*!< SCB 
 651:Drivers/CMSIS/Include/core_cm4.h **** 
 652:Drivers/CMSIS/Include/core_cm4.h **** #define SCB_CFSR_IMPRECISERR_Pos          (SCB_CFSR_BUSFAULTSR_Pos + 2U)                  /*!< SCB 
 653:Drivers/CMSIS/Include/core_cm4.h **** #define SCB_CFSR_IMPRECISERR_Msk          (1UL << SCB_CFSR_IMPRECISERR_Pos)               /*!< SCB 
 654:Drivers/CMSIS/Include/core_cm4.h **** 
 655:Drivers/CMSIS/Include/core_cm4.h **** #define SCB_CFSR_PRECISERR_Pos            (SCB_CFSR_BUSFAULTSR_Pos + 1U)                  /*!< SCB 
 656:Drivers/CMSIS/Include/core_cm4.h **** #define SCB_CFSR_PRECISERR_Msk            (1UL << SCB_CFSR_PRECISERR_Pos)                 /*!< SCB 
 657:Drivers/CMSIS/Include/core_cm4.h **** 
 658:Drivers/CMSIS/Include/core_cm4.h **** #define SCB_CFSR_IBUSERR_Pos              (SCB_CFSR_BUSFAULTSR_Pos + 0U)                  /*!< SCB 
 659:Drivers/CMSIS/Include/core_cm4.h **** #define SCB_CFSR_IBUSERR_Msk              (1UL << SCB_CFSR_IBUSERR_Pos)                   /*!< SCB 
 660:Drivers/CMSIS/Include/core_cm4.h **** 
 661:Drivers/CMSIS/Include/core_cm4.h **** /* UsageFault Status Register (part of SCB Configurable Fault Status Register) */
 662:Drivers/CMSIS/Include/core_cm4.h **** #define SCB_CFSR_DIVBYZERO_Pos            (SCB_CFSR_USGFAULTSR_Pos + 9U)                  /*!< SCB 
 663:Drivers/CMSIS/Include/core_cm4.h **** #define SCB_CFSR_DIVBYZERO_Msk            (1UL << SCB_CFSR_DIVBYZERO_Pos)                 /*!< SCB 
 664:Drivers/CMSIS/Include/core_cm4.h **** 
 665:Drivers/CMSIS/Include/core_cm4.h **** #define SCB_CFSR_UNALIGNED_Pos            (SCB_CFSR_USGFAULTSR_Pos + 8U)                  /*!< SCB 
 666:Drivers/CMSIS/Include/core_cm4.h **** #define SCB_CFSR_UNALIGNED_Msk            (1UL << SCB_CFSR_UNALIGNED_Pos)                 /*!< SCB 
 667:Drivers/CMSIS/Include/core_cm4.h **** 
 668:Drivers/CMSIS/Include/core_cm4.h **** #define SCB_CFSR_NOCP_Pos                 (SCB_CFSR_USGFAULTSR_Pos + 3U)                  /*!< SCB 
 669:Drivers/CMSIS/Include/core_cm4.h **** #define SCB_CFSR_NOCP_Msk                 (1UL << SCB_CFSR_NOCP_Pos)                      /*!< SCB 
 670:Drivers/CMSIS/Include/core_cm4.h **** 
 671:Drivers/CMSIS/Include/core_cm4.h **** #define SCB_CFSR_INVPC_Pos                (SCB_CFSR_USGFAULTSR_Pos + 2U)                  /*!< SCB 
 672:Drivers/CMSIS/Include/core_cm4.h **** #define SCB_CFSR_INVPC_Msk                (1UL << SCB_CFSR_INVPC_Pos)                     /*!< SCB 
 673:Drivers/CMSIS/Include/core_cm4.h **** 
 674:Drivers/CMSIS/Include/core_cm4.h **** #define SCB_CFSR_INVSTATE_Pos             (SCB_CFSR_USGFAULTSR_Pos + 1U)                  /*!< SCB 
 675:Drivers/CMSIS/Include/core_cm4.h **** #define SCB_CFSR_INVSTATE_Msk             (1UL << SCB_CFSR_INVSTATE_Pos)                  /*!< SCB 
 676:Drivers/CMSIS/Include/core_cm4.h **** 
 677:Drivers/CMSIS/Include/core_cm4.h **** #define SCB_CFSR_UNDEFINSTR_Pos           (SCB_CFSR_USGFAULTSR_Pos + 0U)                  /*!< SCB 
 678:Drivers/CMSIS/Include/core_cm4.h **** #define SCB_CFSR_UNDEFINSTR_Msk           (1UL << SCB_CFSR_UNDEFINSTR_Pos)                /*!< SCB 
 679:Drivers/CMSIS/Include/core_cm4.h **** 
ARM GAS  /tmp/ccvKl5wA.s 			page 19


 680:Drivers/CMSIS/Include/core_cm4.h **** /* SCB Hard Fault Status Register Definitions */
 681:Drivers/CMSIS/Include/core_cm4.h **** #define SCB_HFSR_DEBUGEVT_Pos              31U                                            /*!< SCB 
 682:Drivers/CMSIS/Include/core_cm4.h **** #define SCB_HFSR_DEBUGEVT_Msk              (1UL << SCB_HFSR_DEBUGEVT_Pos)                 /*!< SCB 
 683:Drivers/CMSIS/Include/core_cm4.h **** 
 684:Drivers/CMSIS/Include/core_cm4.h **** #define SCB_HFSR_FORCED_Pos                30U                                            /*!< SCB 
 685:Drivers/CMSIS/Include/core_cm4.h **** #define SCB_HFSR_FORCED_Msk                (1UL << SCB_HFSR_FORCED_Pos)                   /*!< SCB 
 686:Drivers/CMSIS/Include/core_cm4.h **** 
 687:Drivers/CMSIS/Include/core_cm4.h **** #define SCB_HFSR_VECTTBL_Pos                1U                                            /*!< SCB 
 688:Drivers/CMSIS/Include/core_cm4.h **** #define SCB_HFSR_VECTTBL_Msk               (1UL << SCB_HFSR_VECTTBL_Pos)                  /*!< SCB 
 689:Drivers/CMSIS/Include/core_cm4.h **** 
 690:Drivers/CMSIS/Include/core_cm4.h **** /* SCB Debug Fault Status Register Definitions */
 691:Drivers/CMSIS/Include/core_cm4.h **** #define SCB_DFSR_EXTERNAL_Pos               4U                                            /*!< SCB 
 692:Drivers/CMSIS/Include/core_cm4.h **** #define SCB_DFSR_EXTERNAL_Msk              (1UL << SCB_DFSR_EXTERNAL_Pos)                 /*!< SCB 
 693:Drivers/CMSIS/Include/core_cm4.h **** 
 694:Drivers/CMSIS/Include/core_cm4.h **** #define SCB_DFSR_VCATCH_Pos                 3U                                            /*!< SCB 
 695:Drivers/CMSIS/Include/core_cm4.h **** #define SCB_DFSR_VCATCH_Msk                (1UL << SCB_DFSR_VCATCH_Pos)                   /*!< SCB 
 696:Drivers/CMSIS/Include/core_cm4.h **** 
 697:Drivers/CMSIS/Include/core_cm4.h **** #define SCB_DFSR_DWTTRAP_Pos                2U                                            /*!< SCB 
 698:Drivers/CMSIS/Include/core_cm4.h **** #define SCB_DFSR_DWTTRAP_Msk               (1UL << SCB_DFSR_DWTTRAP_Pos)                  /*!< SCB 
 699:Drivers/CMSIS/Include/core_cm4.h **** 
 700:Drivers/CMSIS/Include/core_cm4.h **** #define SCB_DFSR_BKPT_Pos                   1U                                            /*!< SCB 
 701:Drivers/CMSIS/Include/core_cm4.h **** #define SCB_DFSR_BKPT_Msk                  (1UL << SCB_DFSR_BKPT_Pos)                     /*!< SCB 
 702:Drivers/CMSIS/Include/core_cm4.h **** 
 703:Drivers/CMSIS/Include/core_cm4.h **** #define SCB_DFSR_HALTED_Pos                 0U                                            /*!< SCB 
 704:Drivers/CMSIS/Include/core_cm4.h **** #define SCB_DFSR_HALTED_Msk                (1UL /*<< SCB_DFSR_HALTED_Pos*/)               /*!< SCB 
 705:Drivers/CMSIS/Include/core_cm4.h **** 
 706:Drivers/CMSIS/Include/core_cm4.h **** /*@} end of group CMSIS_SCB */
 707:Drivers/CMSIS/Include/core_cm4.h **** 
 708:Drivers/CMSIS/Include/core_cm4.h **** 
 709:Drivers/CMSIS/Include/core_cm4.h **** /**
 710:Drivers/CMSIS/Include/core_cm4.h ****   \ingroup  CMSIS_core_register
 711:Drivers/CMSIS/Include/core_cm4.h ****   \defgroup CMSIS_SCnSCB System Controls not in SCB (SCnSCB)
 712:Drivers/CMSIS/Include/core_cm4.h ****   \brief    Type definitions for the System Control and ID Register not in the SCB
 713:Drivers/CMSIS/Include/core_cm4.h ****   @{
 714:Drivers/CMSIS/Include/core_cm4.h ****  */
 715:Drivers/CMSIS/Include/core_cm4.h **** 
 716:Drivers/CMSIS/Include/core_cm4.h **** /**
 717:Drivers/CMSIS/Include/core_cm4.h ****   \brief  Structure type to access the System Control and ID Register not in the SCB.
 718:Drivers/CMSIS/Include/core_cm4.h ****  */
 719:Drivers/CMSIS/Include/core_cm4.h **** typedef struct
 720:Drivers/CMSIS/Include/core_cm4.h **** {
 721:Drivers/CMSIS/Include/core_cm4.h ****         uint32_t RESERVED0[1U];
 722:Drivers/CMSIS/Include/core_cm4.h ****   __IM  uint32_t ICTR;                   /*!< Offset: 0x004 (R/ )  Interrupt Controller Type Regist
 723:Drivers/CMSIS/Include/core_cm4.h ****   __IOM uint32_t ACTLR;                  /*!< Offset: 0x008 (R/W)  Auxiliary Control Register */
 724:Drivers/CMSIS/Include/core_cm4.h **** } SCnSCB_Type;
 725:Drivers/CMSIS/Include/core_cm4.h **** 
 726:Drivers/CMSIS/Include/core_cm4.h **** /* Interrupt Controller Type Register Definitions */
 727:Drivers/CMSIS/Include/core_cm4.h **** #define SCnSCB_ICTR_INTLINESNUM_Pos         0U                                         /*!< ICTR: I
 728:Drivers/CMSIS/Include/core_cm4.h **** #define SCnSCB_ICTR_INTLINESNUM_Msk        (0xFUL /*<< SCnSCB_ICTR_INTLINESNUM_Pos*/)  /*!< ICTR: I
 729:Drivers/CMSIS/Include/core_cm4.h **** 
 730:Drivers/CMSIS/Include/core_cm4.h **** /* Auxiliary Control Register Definitions */
 731:Drivers/CMSIS/Include/core_cm4.h **** #define SCnSCB_ACTLR_DISOOFP_Pos            9U                                         /*!< ACTLR: 
 732:Drivers/CMSIS/Include/core_cm4.h **** #define SCnSCB_ACTLR_DISOOFP_Msk           (1UL << SCnSCB_ACTLR_DISOOFP_Pos)           /*!< ACTLR: 
 733:Drivers/CMSIS/Include/core_cm4.h **** 
 734:Drivers/CMSIS/Include/core_cm4.h **** #define SCnSCB_ACTLR_DISFPCA_Pos            8U                                         /*!< ACTLR: 
 735:Drivers/CMSIS/Include/core_cm4.h **** #define SCnSCB_ACTLR_DISFPCA_Msk           (1UL << SCnSCB_ACTLR_DISFPCA_Pos)           /*!< ACTLR: 
 736:Drivers/CMSIS/Include/core_cm4.h **** 
ARM GAS  /tmp/ccvKl5wA.s 			page 20


 737:Drivers/CMSIS/Include/core_cm4.h **** #define SCnSCB_ACTLR_DISFOLD_Pos            2U                                         /*!< ACTLR: 
 738:Drivers/CMSIS/Include/core_cm4.h **** #define SCnSCB_ACTLR_DISFOLD_Msk           (1UL << SCnSCB_ACTLR_DISFOLD_Pos)           /*!< ACTLR: 
 739:Drivers/CMSIS/Include/core_cm4.h **** 
 740:Drivers/CMSIS/Include/core_cm4.h **** #define SCnSCB_ACTLR_DISDEFWBUF_Pos         1U                                         /*!< ACTLR: 
 741:Drivers/CMSIS/Include/core_cm4.h **** #define SCnSCB_ACTLR_DISDEFWBUF_Msk        (1UL << SCnSCB_ACTLR_DISDEFWBUF_Pos)        /*!< ACTLR: 
 742:Drivers/CMSIS/Include/core_cm4.h **** 
 743:Drivers/CMSIS/Include/core_cm4.h **** #define SCnSCB_ACTLR_DISMCYCINT_Pos         0U                                         /*!< ACTLR: 
 744:Drivers/CMSIS/Include/core_cm4.h **** #define SCnSCB_ACTLR_DISMCYCINT_Msk        (1UL /*<< SCnSCB_ACTLR_DISMCYCINT_Pos*/)    /*!< ACTLR: 
 745:Drivers/CMSIS/Include/core_cm4.h **** 
 746:Drivers/CMSIS/Include/core_cm4.h **** /*@} end of group CMSIS_SCnotSCB */
 747:Drivers/CMSIS/Include/core_cm4.h **** 
 748:Drivers/CMSIS/Include/core_cm4.h **** 
 749:Drivers/CMSIS/Include/core_cm4.h **** /**
 750:Drivers/CMSIS/Include/core_cm4.h ****   \ingroup  CMSIS_core_register
 751:Drivers/CMSIS/Include/core_cm4.h ****   \defgroup CMSIS_SysTick     System Tick Timer (SysTick)
 752:Drivers/CMSIS/Include/core_cm4.h ****   \brief    Type definitions for the System Timer Registers.
 753:Drivers/CMSIS/Include/core_cm4.h ****   @{
 754:Drivers/CMSIS/Include/core_cm4.h ****  */
 755:Drivers/CMSIS/Include/core_cm4.h **** 
 756:Drivers/CMSIS/Include/core_cm4.h **** /**
 757:Drivers/CMSIS/Include/core_cm4.h ****   \brief  Structure type to access the System Timer (SysTick).
 758:Drivers/CMSIS/Include/core_cm4.h ****  */
 759:Drivers/CMSIS/Include/core_cm4.h **** typedef struct
 760:Drivers/CMSIS/Include/core_cm4.h **** {
 761:Drivers/CMSIS/Include/core_cm4.h ****   __IOM uint32_t CTRL;                   /*!< Offset: 0x000 (R/W)  SysTick Control and Status Regis
 762:Drivers/CMSIS/Include/core_cm4.h ****   __IOM uint32_t LOAD;                   /*!< Offset: 0x004 (R/W)  SysTick Reload Value Register */
 763:Drivers/CMSIS/Include/core_cm4.h ****   __IOM uint32_t VAL;                    /*!< Offset: 0x008 (R/W)  SysTick Current Value Register *
 764:Drivers/CMSIS/Include/core_cm4.h ****   __IM  uint32_t CALIB;                  /*!< Offset: 0x00C (R/ )  SysTick Calibration Register */
 765:Drivers/CMSIS/Include/core_cm4.h **** } SysTick_Type;
 766:Drivers/CMSIS/Include/core_cm4.h **** 
 767:Drivers/CMSIS/Include/core_cm4.h **** /* SysTick Control / Status Register Definitions */
 768:Drivers/CMSIS/Include/core_cm4.h **** #define SysTick_CTRL_COUNTFLAG_Pos         16U                                            /*!< SysT
 769:Drivers/CMSIS/Include/core_cm4.h **** #define SysTick_CTRL_COUNTFLAG_Msk         (1UL << SysTick_CTRL_COUNTFLAG_Pos)            /*!< SysT
 770:Drivers/CMSIS/Include/core_cm4.h **** 
 771:Drivers/CMSIS/Include/core_cm4.h **** #define SysTick_CTRL_CLKSOURCE_Pos          2U                                            /*!< SysT
 772:Drivers/CMSIS/Include/core_cm4.h **** #define SysTick_CTRL_CLKSOURCE_Msk         (1UL << SysTick_CTRL_CLKSOURCE_Pos)            /*!< SysT
 773:Drivers/CMSIS/Include/core_cm4.h **** 
 774:Drivers/CMSIS/Include/core_cm4.h **** #define SysTick_CTRL_TICKINT_Pos            1U                                            /*!< SysT
 775:Drivers/CMSIS/Include/core_cm4.h **** #define SysTick_CTRL_TICKINT_Msk           (1UL << SysTick_CTRL_TICKINT_Pos)              /*!< SysT
 776:Drivers/CMSIS/Include/core_cm4.h **** 
 777:Drivers/CMSIS/Include/core_cm4.h **** #define SysTick_CTRL_ENABLE_Pos             0U                                            /*!< SysT
 778:Drivers/CMSIS/Include/core_cm4.h **** #define SysTick_CTRL_ENABLE_Msk            (1UL /*<< SysTick_CTRL_ENABLE_Pos*/)           /*!< SysT
 779:Drivers/CMSIS/Include/core_cm4.h **** 
 780:Drivers/CMSIS/Include/core_cm4.h **** /* SysTick Reload Register Definitions */
 781:Drivers/CMSIS/Include/core_cm4.h **** #define SysTick_LOAD_RELOAD_Pos             0U                                            /*!< SysT
 782:Drivers/CMSIS/Include/core_cm4.h **** #define SysTick_LOAD_RELOAD_Msk            (0xFFFFFFUL /*<< SysTick_LOAD_RELOAD_Pos*/)    /*!< SysT
 783:Drivers/CMSIS/Include/core_cm4.h **** 
 784:Drivers/CMSIS/Include/core_cm4.h **** /* SysTick Current Register Definitions */
 785:Drivers/CMSIS/Include/core_cm4.h **** #define SysTick_VAL_CURRENT_Pos             0U                                            /*!< SysT
 786:Drivers/CMSIS/Include/core_cm4.h **** #define SysTick_VAL_CURRENT_Msk            (0xFFFFFFUL /*<< SysTick_VAL_CURRENT_Pos*/)    /*!< SysT
 787:Drivers/CMSIS/Include/core_cm4.h **** 
 788:Drivers/CMSIS/Include/core_cm4.h **** /* SysTick Calibration Register Definitions */
 789:Drivers/CMSIS/Include/core_cm4.h **** #define SysTick_CALIB_NOREF_Pos            31U                                            /*!< SysT
 790:Drivers/CMSIS/Include/core_cm4.h **** #define SysTick_CALIB_NOREF_Msk            (1UL << SysTick_CALIB_NOREF_Pos)               /*!< SysT
 791:Drivers/CMSIS/Include/core_cm4.h **** 
 792:Drivers/CMSIS/Include/core_cm4.h **** #define SysTick_CALIB_SKEW_Pos             30U                                            /*!< SysT
 793:Drivers/CMSIS/Include/core_cm4.h **** #define SysTick_CALIB_SKEW_Msk             (1UL << SysTick_CALIB_SKEW_Pos)                /*!< SysT
ARM GAS  /tmp/ccvKl5wA.s 			page 21


 794:Drivers/CMSIS/Include/core_cm4.h **** 
 795:Drivers/CMSIS/Include/core_cm4.h **** #define SysTick_CALIB_TENMS_Pos             0U                                            /*!< SysT
 796:Drivers/CMSIS/Include/core_cm4.h **** #define SysTick_CALIB_TENMS_Msk            (0xFFFFFFUL /*<< SysTick_CALIB_TENMS_Pos*/)    /*!< SysT
 797:Drivers/CMSIS/Include/core_cm4.h **** 
 798:Drivers/CMSIS/Include/core_cm4.h **** /*@} end of group CMSIS_SysTick */
 799:Drivers/CMSIS/Include/core_cm4.h **** 
 800:Drivers/CMSIS/Include/core_cm4.h **** 
 801:Drivers/CMSIS/Include/core_cm4.h **** /**
 802:Drivers/CMSIS/Include/core_cm4.h ****   \ingroup  CMSIS_core_register
 803:Drivers/CMSIS/Include/core_cm4.h ****   \defgroup CMSIS_ITM     Instrumentation Trace Macrocell (ITM)
 804:Drivers/CMSIS/Include/core_cm4.h ****   \brief    Type definitions for the Instrumentation Trace Macrocell (ITM)
 805:Drivers/CMSIS/Include/core_cm4.h ****   @{
 806:Drivers/CMSIS/Include/core_cm4.h ****  */
 807:Drivers/CMSIS/Include/core_cm4.h **** 
 808:Drivers/CMSIS/Include/core_cm4.h **** /**
 809:Drivers/CMSIS/Include/core_cm4.h ****   \brief  Structure type to access the Instrumentation Trace Macrocell Register (ITM).
 810:Drivers/CMSIS/Include/core_cm4.h ****  */
 811:Drivers/CMSIS/Include/core_cm4.h **** typedef struct
 812:Drivers/CMSIS/Include/core_cm4.h **** {
 813:Drivers/CMSIS/Include/core_cm4.h ****   __OM  union
 814:Drivers/CMSIS/Include/core_cm4.h ****   {
 815:Drivers/CMSIS/Include/core_cm4.h ****     __OM  uint8_t    u8;                 /*!< Offset: 0x000 ( /W)  ITM Stimulus Port 8-bit */
 816:Drivers/CMSIS/Include/core_cm4.h ****     __OM  uint16_t   u16;                /*!< Offset: 0x000 ( /W)  ITM Stimulus Port 16-bit */
 817:Drivers/CMSIS/Include/core_cm4.h ****     __OM  uint32_t   u32;                /*!< Offset: 0x000 ( /W)  ITM Stimulus Port 32-bit */
 818:Drivers/CMSIS/Include/core_cm4.h ****   }  PORT [32U];                         /*!< Offset: 0x000 ( /W)  ITM Stimulus Port Registers */
 819:Drivers/CMSIS/Include/core_cm4.h ****         uint32_t RESERVED0[864U];
 820:Drivers/CMSIS/Include/core_cm4.h ****   __IOM uint32_t TER;                    /*!< Offset: 0xE00 (R/W)  ITM Trace Enable Register */
 821:Drivers/CMSIS/Include/core_cm4.h ****         uint32_t RESERVED1[15U];
 822:Drivers/CMSIS/Include/core_cm4.h ****   __IOM uint32_t TPR;                    /*!< Offset: 0xE40 (R/W)  ITM Trace Privilege Register */
 823:Drivers/CMSIS/Include/core_cm4.h ****         uint32_t RESERVED2[15U];
 824:Drivers/CMSIS/Include/core_cm4.h ****   __IOM uint32_t TCR;                    /*!< Offset: 0xE80 (R/W)  ITM Trace Control Register */
 825:Drivers/CMSIS/Include/core_cm4.h ****         uint32_t RESERVED3[32U];
 826:Drivers/CMSIS/Include/core_cm4.h ****         uint32_t RESERVED4[43U];
 827:Drivers/CMSIS/Include/core_cm4.h ****   __OM  uint32_t LAR;                    /*!< Offset: 0xFB0 ( /W)  ITM Lock Access Register */
 828:Drivers/CMSIS/Include/core_cm4.h ****   __IM  uint32_t LSR;                    /*!< Offset: 0xFB4 (R/ )  ITM Lock Status Register */
 829:Drivers/CMSIS/Include/core_cm4.h ****         uint32_t RESERVED5[6U];
 830:Drivers/CMSIS/Include/core_cm4.h ****   __IM  uint32_t PID4;                   /*!< Offset: 0xFD0 (R/ )  ITM Peripheral Identification Re
 831:Drivers/CMSIS/Include/core_cm4.h ****   __IM  uint32_t PID5;                   /*!< Offset: 0xFD4 (R/ )  ITM Peripheral Identification Re
 832:Drivers/CMSIS/Include/core_cm4.h ****   __IM  uint32_t PID6;                   /*!< Offset: 0xFD8 (R/ )  ITM Peripheral Identification Re
 833:Drivers/CMSIS/Include/core_cm4.h ****   __IM  uint32_t PID7;                   /*!< Offset: 0xFDC (R/ )  ITM Peripheral Identification Re
 834:Drivers/CMSIS/Include/core_cm4.h ****   __IM  uint32_t PID0;                   /*!< Offset: 0xFE0 (R/ )  ITM Peripheral Identification Re
 835:Drivers/CMSIS/Include/core_cm4.h ****   __IM  uint32_t PID1;                   /*!< Offset: 0xFE4 (R/ )  ITM Peripheral Identification Re
 836:Drivers/CMSIS/Include/core_cm4.h ****   __IM  uint32_t PID2;                   /*!< Offset: 0xFE8 (R/ )  ITM Peripheral Identification Re
 837:Drivers/CMSIS/Include/core_cm4.h ****   __IM  uint32_t PID3;                   /*!< Offset: 0xFEC (R/ )  ITM Peripheral Identification Re
 838:Drivers/CMSIS/Include/core_cm4.h ****   __IM  uint32_t CID0;                   /*!< Offset: 0xFF0 (R/ )  ITM Component  Identification Re
 839:Drivers/CMSIS/Include/core_cm4.h ****   __IM  uint32_t CID1;                   /*!< Offset: 0xFF4 (R/ )  ITM Component  Identification Re
 840:Drivers/CMSIS/Include/core_cm4.h ****   __IM  uint32_t CID2;                   /*!< Offset: 0xFF8 (R/ )  ITM Component  Identification Re
 841:Drivers/CMSIS/Include/core_cm4.h ****   __IM  uint32_t CID3;                   /*!< Offset: 0xFFC (R/ )  ITM Component  Identification Re
 842:Drivers/CMSIS/Include/core_cm4.h **** } ITM_Type;
 843:Drivers/CMSIS/Include/core_cm4.h **** 
 844:Drivers/CMSIS/Include/core_cm4.h **** /* ITM Trace Privilege Register Definitions */
 845:Drivers/CMSIS/Include/core_cm4.h **** #define ITM_TPR_PRIVMASK_Pos                0U                                            /*!< ITM 
 846:Drivers/CMSIS/Include/core_cm4.h **** #define ITM_TPR_PRIVMASK_Msk               (0xFFFFFFFFUL /*<< ITM_TPR_PRIVMASK_Pos*/)     /*!< ITM 
 847:Drivers/CMSIS/Include/core_cm4.h **** 
 848:Drivers/CMSIS/Include/core_cm4.h **** /* ITM Trace Control Register Definitions */
 849:Drivers/CMSIS/Include/core_cm4.h **** #define ITM_TCR_BUSY_Pos                   23U                                            /*!< ITM 
 850:Drivers/CMSIS/Include/core_cm4.h **** #define ITM_TCR_BUSY_Msk                   (1UL << ITM_TCR_BUSY_Pos)                      /*!< ITM 
ARM GAS  /tmp/ccvKl5wA.s 			page 22


 851:Drivers/CMSIS/Include/core_cm4.h **** 
 852:Drivers/CMSIS/Include/core_cm4.h **** #define ITM_TCR_TraceBusID_Pos             16U                                            /*!< ITM 
 853:Drivers/CMSIS/Include/core_cm4.h **** #define ITM_TCR_TraceBusID_Msk             (0x7FUL << ITM_TCR_TraceBusID_Pos)             /*!< ITM 
 854:Drivers/CMSIS/Include/core_cm4.h **** 
 855:Drivers/CMSIS/Include/core_cm4.h **** #define ITM_TCR_GTSFREQ_Pos                10U                                            /*!< ITM 
 856:Drivers/CMSIS/Include/core_cm4.h **** #define ITM_TCR_GTSFREQ_Msk                (3UL << ITM_TCR_GTSFREQ_Pos)                   /*!< ITM 
 857:Drivers/CMSIS/Include/core_cm4.h **** 
 858:Drivers/CMSIS/Include/core_cm4.h **** #define ITM_TCR_TSPrescale_Pos              8U                                            /*!< ITM 
 859:Drivers/CMSIS/Include/core_cm4.h **** #define ITM_TCR_TSPrescale_Msk             (3UL << ITM_TCR_TSPrescale_Pos)                /*!< ITM 
 860:Drivers/CMSIS/Include/core_cm4.h **** 
 861:Drivers/CMSIS/Include/core_cm4.h **** #define ITM_TCR_SWOENA_Pos                  4U                                            /*!< ITM 
 862:Drivers/CMSIS/Include/core_cm4.h **** #define ITM_TCR_SWOENA_Msk                 (1UL << ITM_TCR_SWOENA_Pos)                    /*!< ITM 
 863:Drivers/CMSIS/Include/core_cm4.h **** 
 864:Drivers/CMSIS/Include/core_cm4.h **** #define ITM_TCR_DWTENA_Pos                  3U                                            /*!< ITM 
 865:Drivers/CMSIS/Include/core_cm4.h **** #define ITM_TCR_DWTENA_Msk                 (1UL << ITM_TCR_DWTENA_Pos)                    /*!< ITM 
 866:Drivers/CMSIS/Include/core_cm4.h **** 
 867:Drivers/CMSIS/Include/core_cm4.h **** #define ITM_TCR_SYNCENA_Pos                 2U                                            /*!< ITM 
 868:Drivers/CMSIS/Include/core_cm4.h **** #define ITM_TCR_SYNCENA_Msk                (1UL << ITM_TCR_SYNCENA_Pos)                   /*!< ITM 
 869:Drivers/CMSIS/Include/core_cm4.h **** 
 870:Drivers/CMSIS/Include/core_cm4.h **** #define ITM_TCR_TSENA_Pos                   1U                                            /*!< ITM 
 871:Drivers/CMSIS/Include/core_cm4.h **** #define ITM_TCR_TSENA_Msk                  (1UL << ITM_TCR_TSENA_Pos)                     /*!< ITM 
 872:Drivers/CMSIS/Include/core_cm4.h **** 
 873:Drivers/CMSIS/Include/core_cm4.h **** #define ITM_TCR_ITMENA_Pos                  0U                                            /*!< ITM 
 874:Drivers/CMSIS/Include/core_cm4.h **** #define ITM_TCR_ITMENA_Msk                 (1UL /*<< ITM_TCR_ITMENA_Pos*/)                /*!< ITM 
 875:Drivers/CMSIS/Include/core_cm4.h **** 
 876:Drivers/CMSIS/Include/core_cm4.h **** /* ITM Lock Status Register Definitions */
 877:Drivers/CMSIS/Include/core_cm4.h **** #define ITM_LSR_ByteAcc_Pos                 2U                                            /*!< ITM 
 878:Drivers/CMSIS/Include/core_cm4.h **** #define ITM_LSR_ByteAcc_Msk                (1UL << ITM_LSR_ByteAcc_Pos)                   /*!< ITM 
 879:Drivers/CMSIS/Include/core_cm4.h **** 
 880:Drivers/CMSIS/Include/core_cm4.h **** #define ITM_LSR_Access_Pos                  1U                                            /*!< ITM 
 881:Drivers/CMSIS/Include/core_cm4.h **** #define ITM_LSR_Access_Msk                 (1UL << ITM_LSR_Access_Pos)                    /*!< ITM 
 882:Drivers/CMSIS/Include/core_cm4.h **** 
 883:Drivers/CMSIS/Include/core_cm4.h **** #define ITM_LSR_Present_Pos                 0U                                            /*!< ITM 
 884:Drivers/CMSIS/Include/core_cm4.h **** #define ITM_LSR_Present_Msk                (1UL /*<< ITM_LSR_Present_Pos*/)               /*!< ITM 
 885:Drivers/CMSIS/Include/core_cm4.h **** 
 886:Drivers/CMSIS/Include/core_cm4.h **** /*@}*/ /* end of group CMSIS_ITM */
 887:Drivers/CMSIS/Include/core_cm4.h **** 
 888:Drivers/CMSIS/Include/core_cm4.h **** 
 889:Drivers/CMSIS/Include/core_cm4.h **** /**
 890:Drivers/CMSIS/Include/core_cm4.h ****   \ingroup  CMSIS_core_register
 891:Drivers/CMSIS/Include/core_cm4.h ****   \defgroup CMSIS_DWT     Data Watchpoint and Trace (DWT)
 892:Drivers/CMSIS/Include/core_cm4.h ****   \brief    Type definitions for the Data Watchpoint and Trace (DWT)
 893:Drivers/CMSIS/Include/core_cm4.h ****   @{
 894:Drivers/CMSIS/Include/core_cm4.h ****  */
 895:Drivers/CMSIS/Include/core_cm4.h **** 
 896:Drivers/CMSIS/Include/core_cm4.h **** /**
 897:Drivers/CMSIS/Include/core_cm4.h ****   \brief  Structure type to access the Data Watchpoint and Trace Register (DWT).
 898:Drivers/CMSIS/Include/core_cm4.h ****  */
 899:Drivers/CMSIS/Include/core_cm4.h **** typedef struct
 900:Drivers/CMSIS/Include/core_cm4.h **** {
 901:Drivers/CMSIS/Include/core_cm4.h ****   __IOM uint32_t CTRL;                   /*!< Offset: 0x000 (R/W)  Control Register */
 902:Drivers/CMSIS/Include/core_cm4.h ****   __IOM uint32_t CYCCNT;                 /*!< Offset: 0x004 (R/W)  Cycle Count Register */
 903:Drivers/CMSIS/Include/core_cm4.h ****   __IOM uint32_t CPICNT;                 /*!< Offset: 0x008 (R/W)  CPI Count Register */
 904:Drivers/CMSIS/Include/core_cm4.h ****   __IOM uint32_t EXCCNT;                 /*!< Offset: 0x00C (R/W)  Exception Overhead Count Registe
 905:Drivers/CMSIS/Include/core_cm4.h ****   __IOM uint32_t SLEEPCNT;               /*!< Offset: 0x010 (R/W)  Sleep Count Register */
 906:Drivers/CMSIS/Include/core_cm4.h ****   __IOM uint32_t LSUCNT;                 /*!< Offset: 0x014 (R/W)  LSU Count Register */
 907:Drivers/CMSIS/Include/core_cm4.h ****   __IOM uint32_t FOLDCNT;                /*!< Offset: 0x018 (R/W)  Folded-instruction Count Registe
ARM GAS  /tmp/ccvKl5wA.s 			page 23


 908:Drivers/CMSIS/Include/core_cm4.h ****   __IM  uint32_t PCSR;                   /*!< Offset: 0x01C (R/ )  Program Counter Sample Register 
 909:Drivers/CMSIS/Include/core_cm4.h ****   __IOM uint32_t COMP0;                  /*!< Offset: 0x020 (R/W)  Comparator Register 0 */
 910:Drivers/CMSIS/Include/core_cm4.h ****   __IOM uint32_t MASK0;                  /*!< Offset: 0x024 (R/W)  Mask Register 0 */
 911:Drivers/CMSIS/Include/core_cm4.h ****   __IOM uint32_t FUNCTION0;              /*!< Offset: 0x028 (R/W)  Function Register 0 */
 912:Drivers/CMSIS/Include/core_cm4.h ****         uint32_t RESERVED0[1U];
 913:Drivers/CMSIS/Include/core_cm4.h ****   __IOM uint32_t COMP1;                  /*!< Offset: 0x030 (R/W)  Comparator Register 1 */
 914:Drivers/CMSIS/Include/core_cm4.h ****   __IOM uint32_t MASK1;                  /*!< Offset: 0x034 (R/W)  Mask Register 1 */
 915:Drivers/CMSIS/Include/core_cm4.h ****   __IOM uint32_t FUNCTION1;              /*!< Offset: 0x038 (R/W)  Function Register 1 */
 916:Drivers/CMSIS/Include/core_cm4.h ****         uint32_t RESERVED1[1U];
 917:Drivers/CMSIS/Include/core_cm4.h ****   __IOM uint32_t COMP2;                  /*!< Offset: 0x040 (R/W)  Comparator Register 2 */
 918:Drivers/CMSIS/Include/core_cm4.h ****   __IOM uint32_t MASK2;                  /*!< Offset: 0x044 (R/W)  Mask Register 2 */
 919:Drivers/CMSIS/Include/core_cm4.h ****   __IOM uint32_t FUNCTION2;              /*!< Offset: 0x048 (R/W)  Function Register 2 */
 920:Drivers/CMSIS/Include/core_cm4.h ****         uint32_t RESERVED2[1U];
 921:Drivers/CMSIS/Include/core_cm4.h ****   __IOM uint32_t COMP3;                  /*!< Offset: 0x050 (R/W)  Comparator Register 3 */
 922:Drivers/CMSIS/Include/core_cm4.h ****   __IOM uint32_t MASK3;                  /*!< Offset: 0x054 (R/W)  Mask Register 3 */
 923:Drivers/CMSIS/Include/core_cm4.h ****   __IOM uint32_t FUNCTION3;              /*!< Offset: 0x058 (R/W)  Function Register 3 */
 924:Drivers/CMSIS/Include/core_cm4.h **** } DWT_Type;
 925:Drivers/CMSIS/Include/core_cm4.h **** 
 926:Drivers/CMSIS/Include/core_cm4.h **** /* DWT Control Register Definitions */
 927:Drivers/CMSIS/Include/core_cm4.h **** #define DWT_CTRL_NUMCOMP_Pos               28U                                         /*!< DWT CTR
 928:Drivers/CMSIS/Include/core_cm4.h **** #define DWT_CTRL_NUMCOMP_Msk               (0xFUL << DWT_CTRL_NUMCOMP_Pos)             /*!< DWT CTR
 929:Drivers/CMSIS/Include/core_cm4.h **** 
 930:Drivers/CMSIS/Include/core_cm4.h **** #define DWT_CTRL_NOTRCPKT_Pos              27U                                         /*!< DWT CTR
 931:Drivers/CMSIS/Include/core_cm4.h **** #define DWT_CTRL_NOTRCPKT_Msk              (0x1UL << DWT_CTRL_NOTRCPKT_Pos)            /*!< DWT CTR
 932:Drivers/CMSIS/Include/core_cm4.h **** 
 933:Drivers/CMSIS/Include/core_cm4.h **** #define DWT_CTRL_NOEXTTRIG_Pos             26U                                         /*!< DWT CTR
 934:Drivers/CMSIS/Include/core_cm4.h **** #define DWT_CTRL_NOEXTTRIG_Msk             (0x1UL << DWT_CTRL_NOEXTTRIG_Pos)           /*!< DWT CTR
 935:Drivers/CMSIS/Include/core_cm4.h **** 
 936:Drivers/CMSIS/Include/core_cm4.h **** #define DWT_CTRL_NOCYCCNT_Pos              25U                                         /*!< DWT CTR
 937:Drivers/CMSIS/Include/core_cm4.h **** #define DWT_CTRL_NOCYCCNT_Msk              (0x1UL << DWT_CTRL_NOCYCCNT_Pos)            /*!< DWT CTR
 938:Drivers/CMSIS/Include/core_cm4.h **** 
 939:Drivers/CMSIS/Include/core_cm4.h **** #define DWT_CTRL_NOPRFCNT_Pos              24U                                         /*!< DWT CTR
 940:Drivers/CMSIS/Include/core_cm4.h **** #define DWT_CTRL_NOPRFCNT_Msk              (0x1UL << DWT_CTRL_NOPRFCNT_Pos)            /*!< DWT CTR
 941:Drivers/CMSIS/Include/core_cm4.h **** 
 942:Drivers/CMSIS/Include/core_cm4.h **** #define DWT_CTRL_CYCEVTENA_Pos             22U                                         /*!< DWT CTR
 943:Drivers/CMSIS/Include/core_cm4.h **** #define DWT_CTRL_CYCEVTENA_Msk             (0x1UL << DWT_CTRL_CYCEVTENA_Pos)           /*!< DWT CTR
 944:Drivers/CMSIS/Include/core_cm4.h **** 
 945:Drivers/CMSIS/Include/core_cm4.h **** #define DWT_CTRL_FOLDEVTENA_Pos            21U                                         /*!< DWT CTR
 946:Drivers/CMSIS/Include/core_cm4.h **** #define DWT_CTRL_FOLDEVTENA_Msk            (0x1UL << DWT_CTRL_FOLDEVTENA_Pos)          /*!< DWT CTR
 947:Drivers/CMSIS/Include/core_cm4.h **** 
 948:Drivers/CMSIS/Include/core_cm4.h **** #define DWT_CTRL_LSUEVTENA_Pos             20U                                         /*!< DWT CTR
 949:Drivers/CMSIS/Include/core_cm4.h **** #define DWT_CTRL_LSUEVTENA_Msk             (0x1UL << DWT_CTRL_LSUEVTENA_Pos)           /*!< DWT CTR
 950:Drivers/CMSIS/Include/core_cm4.h **** 
 951:Drivers/CMSIS/Include/core_cm4.h **** #define DWT_CTRL_SLEEPEVTENA_Pos           19U                                         /*!< DWT CTR
 952:Drivers/CMSIS/Include/core_cm4.h **** #define DWT_CTRL_SLEEPEVTENA_Msk           (0x1UL << DWT_CTRL_SLEEPEVTENA_Pos)         /*!< DWT CTR
 953:Drivers/CMSIS/Include/core_cm4.h **** 
 954:Drivers/CMSIS/Include/core_cm4.h **** #define DWT_CTRL_EXCEVTENA_Pos             18U                                         /*!< DWT CTR
 955:Drivers/CMSIS/Include/core_cm4.h **** #define DWT_CTRL_EXCEVTENA_Msk             (0x1UL << DWT_CTRL_EXCEVTENA_Pos)           /*!< DWT CTR
 956:Drivers/CMSIS/Include/core_cm4.h **** 
 957:Drivers/CMSIS/Include/core_cm4.h **** #define DWT_CTRL_CPIEVTENA_Pos             17U                                         /*!< DWT CTR
 958:Drivers/CMSIS/Include/core_cm4.h **** #define DWT_CTRL_CPIEVTENA_Msk             (0x1UL << DWT_CTRL_CPIEVTENA_Pos)           /*!< DWT CTR
 959:Drivers/CMSIS/Include/core_cm4.h **** 
 960:Drivers/CMSIS/Include/core_cm4.h **** #define DWT_CTRL_EXCTRCENA_Pos             16U                                         /*!< DWT CTR
 961:Drivers/CMSIS/Include/core_cm4.h **** #define DWT_CTRL_EXCTRCENA_Msk             (0x1UL << DWT_CTRL_EXCTRCENA_Pos)           /*!< DWT CTR
 962:Drivers/CMSIS/Include/core_cm4.h **** 
 963:Drivers/CMSIS/Include/core_cm4.h **** #define DWT_CTRL_PCSAMPLENA_Pos            12U                                         /*!< DWT CTR
 964:Drivers/CMSIS/Include/core_cm4.h **** #define DWT_CTRL_PCSAMPLENA_Msk            (0x1UL << DWT_CTRL_PCSAMPLENA_Pos)          /*!< DWT CTR
ARM GAS  /tmp/ccvKl5wA.s 			page 24


 965:Drivers/CMSIS/Include/core_cm4.h **** 
 966:Drivers/CMSIS/Include/core_cm4.h **** #define DWT_CTRL_SYNCTAP_Pos               10U                                         /*!< DWT CTR
 967:Drivers/CMSIS/Include/core_cm4.h **** #define DWT_CTRL_SYNCTAP_Msk               (0x3UL << DWT_CTRL_SYNCTAP_Pos)             /*!< DWT CTR
 968:Drivers/CMSIS/Include/core_cm4.h **** 
 969:Drivers/CMSIS/Include/core_cm4.h **** #define DWT_CTRL_CYCTAP_Pos                 9U                                         /*!< DWT CTR
 970:Drivers/CMSIS/Include/core_cm4.h **** #define DWT_CTRL_CYCTAP_Msk                (0x1UL << DWT_CTRL_CYCTAP_Pos)              /*!< DWT CTR
 971:Drivers/CMSIS/Include/core_cm4.h **** 
 972:Drivers/CMSIS/Include/core_cm4.h **** #define DWT_CTRL_POSTINIT_Pos               5U                                         /*!< DWT CTR
 973:Drivers/CMSIS/Include/core_cm4.h **** #define DWT_CTRL_POSTINIT_Msk              (0xFUL << DWT_CTRL_POSTINIT_Pos)            /*!< DWT CTR
 974:Drivers/CMSIS/Include/core_cm4.h **** 
 975:Drivers/CMSIS/Include/core_cm4.h **** #define DWT_CTRL_POSTPRESET_Pos             1U                                         /*!< DWT CTR
 976:Drivers/CMSIS/Include/core_cm4.h **** #define DWT_CTRL_POSTPRESET_Msk            (0xFUL << DWT_CTRL_POSTPRESET_Pos)          /*!< DWT CTR
 977:Drivers/CMSIS/Include/core_cm4.h **** 
 978:Drivers/CMSIS/Include/core_cm4.h **** #define DWT_CTRL_CYCCNTENA_Pos              0U                                         /*!< DWT CTR
 979:Drivers/CMSIS/Include/core_cm4.h **** #define DWT_CTRL_CYCCNTENA_Msk             (0x1UL /*<< DWT_CTRL_CYCCNTENA_Pos*/)       /*!< DWT CTR
 980:Drivers/CMSIS/Include/core_cm4.h **** 
 981:Drivers/CMSIS/Include/core_cm4.h **** /* DWT CPI Count Register Definitions */
 982:Drivers/CMSIS/Include/core_cm4.h **** #define DWT_CPICNT_CPICNT_Pos               0U                                         /*!< DWT CPI
 983:Drivers/CMSIS/Include/core_cm4.h **** #define DWT_CPICNT_CPICNT_Msk              (0xFFUL /*<< DWT_CPICNT_CPICNT_Pos*/)       /*!< DWT CPI
 984:Drivers/CMSIS/Include/core_cm4.h **** 
 985:Drivers/CMSIS/Include/core_cm4.h **** /* DWT Exception Overhead Count Register Definitions */
 986:Drivers/CMSIS/Include/core_cm4.h **** #define DWT_EXCCNT_EXCCNT_Pos               0U                                         /*!< DWT EXC
 987:Drivers/CMSIS/Include/core_cm4.h **** #define DWT_EXCCNT_EXCCNT_Msk              (0xFFUL /*<< DWT_EXCCNT_EXCCNT_Pos*/)       /*!< DWT EXC
 988:Drivers/CMSIS/Include/core_cm4.h **** 
 989:Drivers/CMSIS/Include/core_cm4.h **** /* DWT Sleep Count Register Definitions */
 990:Drivers/CMSIS/Include/core_cm4.h **** #define DWT_SLEEPCNT_SLEEPCNT_Pos           0U                                         /*!< DWT SLE
 991:Drivers/CMSIS/Include/core_cm4.h **** #define DWT_SLEEPCNT_SLEEPCNT_Msk          (0xFFUL /*<< DWT_SLEEPCNT_SLEEPCNT_Pos*/)   /*!< DWT SLE
 992:Drivers/CMSIS/Include/core_cm4.h **** 
 993:Drivers/CMSIS/Include/core_cm4.h **** /* DWT LSU Count Register Definitions */
 994:Drivers/CMSIS/Include/core_cm4.h **** #define DWT_LSUCNT_LSUCNT_Pos               0U                                         /*!< DWT LSU
 995:Drivers/CMSIS/Include/core_cm4.h **** #define DWT_LSUCNT_LSUCNT_Msk              (0xFFUL /*<< DWT_LSUCNT_LSUCNT_Pos*/)       /*!< DWT LSU
 996:Drivers/CMSIS/Include/core_cm4.h **** 
 997:Drivers/CMSIS/Include/core_cm4.h **** /* DWT Folded-instruction Count Register Definitions */
 998:Drivers/CMSIS/Include/core_cm4.h **** #define DWT_FOLDCNT_FOLDCNT_Pos             0U                                         /*!< DWT FOL
 999:Drivers/CMSIS/Include/core_cm4.h **** #define DWT_FOLDCNT_FOLDCNT_Msk            (0xFFUL /*<< DWT_FOLDCNT_FOLDCNT_Pos*/)     /*!< DWT FOL
1000:Drivers/CMSIS/Include/core_cm4.h **** 
1001:Drivers/CMSIS/Include/core_cm4.h **** /* DWT Comparator Mask Register Definitions */
1002:Drivers/CMSIS/Include/core_cm4.h **** #define DWT_MASK_MASK_Pos                   0U                                         /*!< DWT MAS
1003:Drivers/CMSIS/Include/core_cm4.h **** #define DWT_MASK_MASK_Msk                  (0x1FUL /*<< DWT_MASK_MASK_Pos*/)           /*!< DWT MAS
1004:Drivers/CMSIS/Include/core_cm4.h **** 
1005:Drivers/CMSIS/Include/core_cm4.h **** /* DWT Comparator Function Register Definitions */
1006:Drivers/CMSIS/Include/core_cm4.h **** #define DWT_FUNCTION_MATCHED_Pos           24U                                         /*!< DWT FUN
1007:Drivers/CMSIS/Include/core_cm4.h **** #define DWT_FUNCTION_MATCHED_Msk           (0x1UL << DWT_FUNCTION_MATCHED_Pos)         /*!< DWT FUN
1008:Drivers/CMSIS/Include/core_cm4.h **** 
1009:Drivers/CMSIS/Include/core_cm4.h **** #define DWT_FUNCTION_DATAVADDR1_Pos        16U                                         /*!< DWT FUN
1010:Drivers/CMSIS/Include/core_cm4.h **** #define DWT_FUNCTION_DATAVADDR1_Msk        (0xFUL << DWT_FUNCTION_DATAVADDR1_Pos)      /*!< DWT FUN
1011:Drivers/CMSIS/Include/core_cm4.h **** 
1012:Drivers/CMSIS/Include/core_cm4.h **** #define DWT_FUNCTION_DATAVADDR0_Pos        12U                                         /*!< DWT FUN
1013:Drivers/CMSIS/Include/core_cm4.h **** #define DWT_FUNCTION_DATAVADDR0_Msk        (0xFUL << DWT_FUNCTION_DATAVADDR0_Pos)      /*!< DWT FUN
1014:Drivers/CMSIS/Include/core_cm4.h **** 
1015:Drivers/CMSIS/Include/core_cm4.h **** #define DWT_FUNCTION_DATAVSIZE_Pos         10U                                         /*!< DWT FUN
1016:Drivers/CMSIS/Include/core_cm4.h **** #define DWT_FUNCTION_DATAVSIZE_Msk         (0x3UL << DWT_FUNCTION_DATAVSIZE_Pos)       /*!< DWT FUN
1017:Drivers/CMSIS/Include/core_cm4.h **** 
1018:Drivers/CMSIS/Include/core_cm4.h **** #define DWT_FUNCTION_LNK1ENA_Pos            9U                                         /*!< DWT FUN
1019:Drivers/CMSIS/Include/core_cm4.h **** #define DWT_FUNCTION_LNK1ENA_Msk           (0x1UL << DWT_FUNCTION_LNK1ENA_Pos)         /*!< DWT FUN
1020:Drivers/CMSIS/Include/core_cm4.h **** 
1021:Drivers/CMSIS/Include/core_cm4.h **** #define DWT_FUNCTION_DATAVMATCH_Pos         8U                                         /*!< DWT FUN
ARM GAS  /tmp/ccvKl5wA.s 			page 25


1022:Drivers/CMSIS/Include/core_cm4.h **** #define DWT_FUNCTION_DATAVMATCH_Msk        (0x1UL << DWT_FUNCTION_DATAVMATCH_Pos)      /*!< DWT FUN
1023:Drivers/CMSIS/Include/core_cm4.h **** 
1024:Drivers/CMSIS/Include/core_cm4.h **** #define DWT_FUNCTION_CYCMATCH_Pos           7U                                         /*!< DWT FUN
1025:Drivers/CMSIS/Include/core_cm4.h **** #define DWT_FUNCTION_CYCMATCH_Msk          (0x1UL << DWT_FUNCTION_CYCMATCH_Pos)        /*!< DWT FUN
1026:Drivers/CMSIS/Include/core_cm4.h **** 
1027:Drivers/CMSIS/Include/core_cm4.h **** #define DWT_FUNCTION_EMITRANGE_Pos          5U                                         /*!< DWT FUN
1028:Drivers/CMSIS/Include/core_cm4.h **** #define DWT_FUNCTION_EMITRANGE_Msk         (0x1UL << DWT_FUNCTION_EMITRANGE_Pos)       /*!< DWT FUN
1029:Drivers/CMSIS/Include/core_cm4.h **** 
1030:Drivers/CMSIS/Include/core_cm4.h **** #define DWT_FUNCTION_FUNCTION_Pos           0U                                         /*!< DWT FUN
1031:Drivers/CMSIS/Include/core_cm4.h **** #define DWT_FUNCTION_FUNCTION_Msk          (0xFUL /*<< DWT_FUNCTION_FUNCTION_Pos*/)    /*!< DWT FUN
1032:Drivers/CMSIS/Include/core_cm4.h **** 
1033:Drivers/CMSIS/Include/core_cm4.h **** /*@}*/ /* end of group CMSIS_DWT */
1034:Drivers/CMSIS/Include/core_cm4.h **** 
1035:Drivers/CMSIS/Include/core_cm4.h **** 
1036:Drivers/CMSIS/Include/core_cm4.h **** /**
1037:Drivers/CMSIS/Include/core_cm4.h ****   \ingroup  CMSIS_core_register
1038:Drivers/CMSIS/Include/core_cm4.h ****   \defgroup CMSIS_TPI     Trace Port Interface (TPI)
1039:Drivers/CMSIS/Include/core_cm4.h ****   \brief    Type definitions for the Trace Port Interface (TPI)
1040:Drivers/CMSIS/Include/core_cm4.h ****   @{
1041:Drivers/CMSIS/Include/core_cm4.h ****  */
1042:Drivers/CMSIS/Include/core_cm4.h **** 
1043:Drivers/CMSIS/Include/core_cm4.h **** /**
1044:Drivers/CMSIS/Include/core_cm4.h ****   \brief  Structure type to access the Trace Port Interface Register (TPI).
1045:Drivers/CMSIS/Include/core_cm4.h ****  */
1046:Drivers/CMSIS/Include/core_cm4.h **** typedef struct
1047:Drivers/CMSIS/Include/core_cm4.h **** {
1048:Drivers/CMSIS/Include/core_cm4.h ****   __IM  uint32_t SSPSR;                  /*!< Offset: 0x000 (R/ )  Supported Parallel Port Size Reg
1049:Drivers/CMSIS/Include/core_cm4.h ****   __IOM uint32_t CSPSR;                  /*!< Offset: 0x004 (R/W)  Current Parallel Port Size Regis
1050:Drivers/CMSIS/Include/core_cm4.h ****         uint32_t RESERVED0[2U];
1051:Drivers/CMSIS/Include/core_cm4.h ****   __IOM uint32_t ACPR;                   /*!< Offset: 0x010 (R/W)  Asynchronous Clock Prescaler Reg
1052:Drivers/CMSIS/Include/core_cm4.h ****         uint32_t RESERVED1[55U];
1053:Drivers/CMSIS/Include/core_cm4.h ****   __IOM uint32_t SPPR;                   /*!< Offset: 0x0F0 (R/W)  Selected Pin Protocol Register *
1054:Drivers/CMSIS/Include/core_cm4.h ****         uint32_t RESERVED2[131U];
1055:Drivers/CMSIS/Include/core_cm4.h ****   __IM  uint32_t FFSR;                   /*!< Offset: 0x300 (R/ )  Formatter and Flush Status Regis
1056:Drivers/CMSIS/Include/core_cm4.h ****   __IOM uint32_t FFCR;                   /*!< Offset: 0x304 (R/W)  Formatter and Flush Control Regi
1057:Drivers/CMSIS/Include/core_cm4.h ****   __IM  uint32_t FSCR;                   /*!< Offset: 0x308 (R/ )  Formatter Synchronization Counte
1058:Drivers/CMSIS/Include/core_cm4.h ****         uint32_t RESERVED3[759U];
1059:Drivers/CMSIS/Include/core_cm4.h ****   __IM  uint32_t TRIGGER;                /*!< Offset: 0xEE8 (R/ )  TRIGGER Register */
1060:Drivers/CMSIS/Include/core_cm4.h ****   __IM  uint32_t FIFO0;                  /*!< Offset: 0xEEC (R/ )  Integration ETM Data */
1061:Drivers/CMSIS/Include/core_cm4.h ****   __IM  uint32_t ITATBCTR2;              /*!< Offset: 0xEF0 (R/ )  ITATBCTR2 */
1062:Drivers/CMSIS/Include/core_cm4.h ****         uint32_t RESERVED4[1U];
1063:Drivers/CMSIS/Include/core_cm4.h ****   __IM  uint32_t ITATBCTR0;              /*!< Offset: 0xEF8 (R/ )  ITATBCTR0 */
1064:Drivers/CMSIS/Include/core_cm4.h ****   __IM  uint32_t FIFO1;                  /*!< Offset: 0xEFC (R/ )  Integration ITM Data */
1065:Drivers/CMSIS/Include/core_cm4.h ****   __IOM uint32_t ITCTRL;                 /*!< Offset: 0xF00 (R/W)  Integration Mode Control */
1066:Drivers/CMSIS/Include/core_cm4.h ****         uint32_t RESERVED5[39U];
1067:Drivers/CMSIS/Include/core_cm4.h ****   __IOM uint32_t CLAIMSET;               /*!< Offset: 0xFA0 (R/W)  Claim tag set */
1068:Drivers/CMSIS/Include/core_cm4.h ****   __IOM uint32_t CLAIMCLR;               /*!< Offset: 0xFA4 (R/W)  Claim tag clear */
1069:Drivers/CMSIS/Include/core_cm4.h ****         uint32_t RESERVED7[8U];
1070:Drivers/CMSIS/Include/core_cm4.h ****   __IM  uint32_t DEVID;                  /*!< Offset: 0xFC8 (R/ )  TPIU_DEVID */
1071:Drivers/CMSIS/Include/core_cm4.h ****   __IM  uint32_t DEVTYPE;                /*!< Offset: 0xFCC (R/ )  TPIU_DEVTYPE */
1072:Drivers/CMSIS/Include/core_cm4.h **** } TPI_Type;
1073:Drivers/CMSIS/Include/core_cm4.h **** 
1074:Drivers/CMSIS/Include/core_cm4.h **** /* TPI Asynchronous Clock Prescaler Register Definitions */
1075:Drivers/CMSIS/Include/core_cm4.h **** #define TPI_ACPR_PRESCALER_Pos              0U                                         /*!< TPI ACP
1076:Drivers/CMSIS/Include/core_cm4.h **** #define TPI_ACPR_PRESCALER_Msk             (0x1FFFUL /*<< TPI_ACPR_PRESCALER_Pos*/)    /*!< TPI ACP
1077:Drivers/CMSIS/Include/core_cm4.h **** 
1078:Drivers/CMSIS/Include/core_cm4.h **** /* TPI Selected Pin Protocol Register Definitions */
ARM GAS  /tmp/ccvKl5wA.s 			page 26


1079:Drivers/CMSIS/Include/core_cm4.h **** #define TPI_SPPR_TXMODE_Pos                 0U                                         /*!< TPI SPP
1080:Drivers/CMSIS/Include/core_cm4.h **** #define TPI_SPPR_TXMODE_Msk                (0x3UL /*<< TPI_SPPR_TXMODE_Pos*/)          /*!< TPI SPP
1081:Drivers/CMSIS/Include/core_cm4.h **** 
1082:Drivers/CMSIS/Include/core_cm4.h **** /* TPI Formatter and Flush Status Register Definitions */
1083:Drivers/CMSIS/Include/core_cm4.h **** #define TPI_FFSR_FtNonStop_Pos              3U                                         /*!< TPI FFS
1084:Drivers/CMSIS/Include/core_cm4.h **** #define TPI_FFSR_FtNonStop_Msk             (0x1UL << TPI_FFSR_FtNonStop_Pos)           /*!< TPI FFS
1085:Drivers/CMSIS/Include/core_cm4.h **** 
1086:Drivers/CMSIS/Include/core_cm4.h **** #define TPI_FFSR_TCPresent_Pos              2U                                         /*!< TPI FFS
1087:Drivers/CMSIS/Include/core_cm4.h **** #define TPI_FFSR_TCPresent_Msk             (0x1UL << TPI_FFSR_TCPresent_Pos)           /*!< TPI FFS
1088:Drivers/CMSIS/Include/core_cm4.h **** 
1089:Drivers/CMSIS/Include/core_cm4.h **** #define TPI_FFSR_FtStopped_Pos              1U                                         /*!< TPI FFS
1090:Drivers/CMSIS/Include/core_cm4.h **** #define TPI_FFSR_FtStopped_Msk             (0x1UL << TPI_FFSR_FtStopped_Pos)           /*!< TPI FFS
1091:Drivers/CMSIS/Include/core_cm4.h **** 
1092:Drivers/CMSIS/Include/core_cm4.h **** #define TPI_FFSR_FlInProg_Pos               0U                                         /*!< TPI FFS
1093:Drivers/CMSIS/Include/core_cm4.h **** #define TPI_FFSR_FlInProg_Msk              (0x1UL /*<< TPI_FFSR_FlInProg_Pos*/)        /*!< TPI FFS
1094:Drivers/CMSIS/Include/core_cm4.h **** 
1095:Drivers/CMSIS/Include/core_cm4.h **** /* TPI Formatter and Flush Control Register Definitions */
1096:Drivers/CMSIS/Include/core_cm4.h **** #define TPI_FFCR_TrigIn_Pos                 8U                                         /*!< TPI FFC
1097:Drivers/CMSIS/Include/core_cm4.h **** #define TPI_FFCR_TrigIn_Msk                (0x1UL << TPI_FFCR_TrigIn_Pos)              /*!< TPI FFC
1098:Drivers/CMSIS/Include/core_cm4.h **** 
1099:Drivers/CMSIS/Include/core_cm4.h **** #define TPI_FFCR_EnFCont_Pos                1U                                         /*!< TPI FFC
1100:Drivers/CMSIS/Include/core_cm4.h **** #define TPI_FFCR_EnFCont_Msk               (0x1UL << TPI_FFCR_EnFCont_Pos)             /*!< TPI FFC
1101:Drivers/CMSIS/Include/core_cm4.h **** 
1102:Drivers/CMSIS/Include/core_cm4.h **** /* TPI TRIGGER Register Definitions */
1103:Drivers/CMSIS/Include/core_cm4.h **** #define TPI_TRIGGER_TRIGGER_Pos             0U                                         /*!< TPI TRI
1104:Drivers/CMSIS/Include/core_cm4.h **** #define TPI_TRIGGER_TRIGGER_Msk            (0x1UL /*<< TPI_TRIGGER_TRIGGER_Pos*/)      /*!< TPI TRI
1105:Drivers/CMSIS/Include/core_cm4.h **** 
1106:Drivers/CMSIS/Include/core_cm4.h **** /* TPI Integration ETM Data Register Definitions (FIFO0) */
1107:Drivers/CMSIS/Include/core_cm4.h **** #define TPI_FIFO0_ITM_ATVALID_Pos          29U                                         /*!< TPI FIF
1108:Drivers/CMSIS/Include/core_cm4.h **** #define TPI_FIFO0_ITM_ATVALID_Msk          (0x1UL << TPI_FIFO0_ITM_ATVALID_Pos)        /*!< TPI FIF
1109:Drivers/CMSIS/Include/core_cm4.h **** 
1110:Drivers/CMSIS/Include/core_cm4.h **** #define TPI_FIFO0_ITM_bytecount_Pos        27U                                         /*!< TPI FIF
1111:Drivers/CMSIS/Include/core_cm4.h **** #define TPI_FIFO0_ITM_bytecount_Msk        (0x3UL << TPI_FIFO0_ITM_bytecount_Pos)      /*!< TPI FIF
1112:Drivers/CMSIS/Include/core_cm4.h **** 
1113:Drivers/CMSIS/Include/core_cm4.h **** #define TPI_FIFO0_ETM_ATVALID_Pos          26U                                         /*!< TPI FIF
1114:Drivers/CMSIS/Include/core_cm4.h **** #define TPI_FIFO0_ETM_ATVALID_Msk          (0x1UL << TPI_FIFO0_ETM_ATVALID_Pos)        /*!< TPI FIF
1115:Drivers/CMSIS/Include/core_cm4.h **** 
1116:Drivers/CMSIS/Include/core_cm4.h **** #define TPI_FIFO0_ETM_bytecount_Pos        24U                                         /*!< TPI FIF
1117:Drivers/CMSIS/Include/core_cm4.h **** #define TPI_FIFO0_ETM_bytecount_Msk        (0x3UL << TPI_FIFO0_ETM_bytecount_Pos)      /*!< TPI FIF
1118:Drivers/CMSIS/Include/core_cm4.h **** 
1119:Drivers/CMSIS/Include/core_cm4.h **** #define TPI_FIFO0_ETM2_Pos                 16U                                         /*!< TPI FIF
1120:Drivers/CMSIS/Include/core_cm4.h **** #define TPI_FIFO0_ETM2_Msk                 (0xFFUL << TPI_FIFO0_ETM2_Pos)              /*!< TPI FIF
1121:Drivers/CMSIS/Include/core_cm4.h **** 
1122:Drivers/CMSIS/Include/core_cm4.h **** #define TPI_FIFO0_ETM1_Pos                  8U                                         /*!< TPI FIF
1123:Drivers/CMSIS/Include/core_cm4.h **** #define TPI_FIFO0_ETM1_Msk                 (0xFFUL << TPI_FIFO0_ETM1_Pos)              /*!< TPI FIF
1124:Drivers/CMSIS/Include/core_cm4.h **** 
1125:Drivers/CMSIS/Include/core_cm4.h **** #define TPI_FIFO0_ETM0_Pos                  0U                                         /*!< TPI FIF
1126:Drivers/CMSIS/Include/core_cm4.h **** #define TPI_FIFO0_ETM0_Msk                 (0xFFUL /*<< TPI_FIFO0_ETM0_Pos*/)          /*!< TPI FIF
1127:Drivers/CMSIS/Include/core_cm4.h **** 
1128:Drivers/CMSIS/Include/core_cm4.h **** /* TPI ITATBCTR2 Register Definitions */
1129:Drivers/CMSIS/Include/core_cm4.h **** #define TPI_ITATBCTR2_ATREADY2_Pos          0U                                         /*!< TPI ITA
1130:Drivers/CMSIS/Include/core_cm4.h **** #define TPI_ITATBCTR2_ATREADY2_Msk         (0x1UL /*<< TPI_ITATBCTR2_ATREADY2_Pos*/)   /*!< TPI ITA
1131:Drivers/CMSIS/Include/core_cm4.h **** 
1132:Drivers/CMSIS/Include/core_cm4.h **** #define TPI_ITATBCTR2_ATREADY1_Pos          0U                                         /*!< TPI ITA
1133:Drivers/CMSIS/Include/core_cm4.h **** #define TPI_ITATBCTR2_ATREADY1_Msk         (0x1UL /*<< TPI_ITATBCTR2_ATREADY1_Pos*/)   /*!< TPI ITA
1134:Drivers/CMSIS/Include/core_cm4.h **** 
1135:Drivers/CMSIS/Include/core_cm4.h **** /* TPI Integration ITM Data Register Definitions (FIFO1) */
ARM GAS  /tmp/ccvKl5wA.s 			page 27


1136:Drivers/CMSIS/Include/core_cm4.h **** #define TPI_FIFO1_ITM_ATVALID_Pos          29U                                         /*!< TPI FIF
1137:Drivers/CMSIS/Include/core_cm4.h **** #define TPI_FIFO1_ITM_ATVALID_Msk          (0x1UL << TPI_FIFO1_ITM_ATVALID_Pos)        /*!< TPI FIF
1138:Drivers/CMSIS/Include/core_cm4.h **** 
1139:Drivers/CMSIS/Include/core_cm4.h **** #define TPI_FIFO1_ITM_bytecount_Pos        27U                                         /*!< TPI FIF
1140:Drivers/CMSIS/Include/core_cm4.h **** #define TPI_FIFO1_ITM_bytecount_Msk        (0x3UL << TPI_FIFO1_ITM_bytecount_Pos)      /*!< TPI FIF
1141:Drivers/CMSIS/Include/core_cm4.h **** 
1142:Drivers/CMSIS/Include/core_cm4.h **** #define TPI_FIFO1_ETM_ATVALID_Pos          26U                                         /*!< TPI FIF
1143:Drivers/CMSIS/Include/core_cm4.h **** #define TPI_FIFO1_ETM_ATVALID_Msk          (0x1UL << TPI_FIFO1_ETM_ATVALID_Pos)        /*!< TPI FIF
1144:Drivers/CMSIS/Include/core_cm4.h **** 
1145:Drivers/CMSIS/Include/core_cm4.h **** #define TPI_FIFO1_ETM_bytecount_Pos        24U                                         /*!< TPI FIF
1146:Drivers/CMSIS/Include/core_cm4.h **** #define TPI_FIFO1_ETM_bytecount_Msk        (0x3UL << TPI_FIFO1_ETM_bytecount_Pos)      /*!< TPI FIF
1147:Drivers/CMSIS/Include/core_cm4.h **** 
1148:Drivers/CMSIS/Include/core_cm4.h **** #define TPI_FIFO1_ITM2_Pos                 16U                                         /*!< TPI FIF
1149:Drivers/CMSIS/Include/core_cm4.h **** #define TPI_FIFO1_ITM2_Msk                 (0xFFUL << TPI_FIFO1_ITM2_Pos)              /*!< TPI FIF
1150:Drivers/CMSIS/Include/core_cm4.h **** 
1151:Drivers/CMSIS/Include/core_cm4.h **** #define TPI_FIFO1_ITM1_Pos                  8U                                         /*!< TPI FIF
1152:Drivers/CMSIS/Include/core_cm4.h **** #define TPI_FIFO1_ITM1_Msk                 (0xFFUL << TPI_FIFO1_ITM1_Pos)              /*!< TPI FIF
1153:Drivers/CMSIS/Include/core_cm4.h **** 
1154:Drivers/CMSIS/Include/core_cm4.h **** #define TPI_FIFO1_ITM0_Pos                  0U                                         /*!< TPI FIF
1155:Drivers/CMSIS/Include/core_cm4.h **** #define TPI_FIFO1_ITM0_Msk                 (0xFFUL /*<< TPI_FIFO1_ITM0_Pos*/)          /*!< TPI FIF
1156:Drivers/CMSIS/Include/core_cm4.h **** 
1157:Drivers/CMSIS/Include/core_cm4.h **** /* TPI ITATBCTR0 Register Definitions */
1158:Drivers/CMSIS/Include/core_cm4.h **** #define TPI_ITATBCTR0_ATREADY2_Pos          0U                                         /*!< TPI ITA
1159:Drivers/CMSIS/Include/core_cm4.h **** #define TPI_ITATBCTR0_ATREADY2_Msk         (0x1UL /*<< TPI_ITATBCTR0_ATREADY2_Pos*/)   /*!< TPI ITA
1160:Drivers/CMSIS/Include/core_cm4.h **** 
1161:Drivers/CMSIS/Include/core_cm4.h **** #define TPI_ITATBCTR0_ATREADY1_Pos          0U                                         /*!< TPI ITA
1162:Drivers/CMSIS/Include/core_cm4.h **** #define TPI_ITATBCTR0_ATREADY1_Msk         (0x1UL /*<< TPI_ITATBCTR0_ATREADY1_Pos*/)   /*!< TPI ITA
1163:Drivers/CMSIS/Include/core_cm4.h **** 
1164:Drivers/CMSIS/Include/core_cm4.h **** /* TPI Integration Mode Control Register Definitions */
1165:Drivers/CMSIS/Include/core_cm4.h **** #define TPI_ITCTRL_Mode_Pos                 0U                                         /*!< TPI ITC
1166:Drivers/CMSIS/Include/core_cm4.h **** #define TPI_ITCTRL_Mode_Msk                (0x3UL /*<< TPI_ITCTRL_Mode_Pos*/)          /*!< TPI ITC
1167:Drivers/CMSIS/Include/core_cm4.h **** 
1168:Drivers/CMSIS/Include/core_cm4.h **** /* TPI DEVID Register Definitions */
1169:Drivers/CMSIS/Include/core_cm4.h **** #define TPI_DEVID_NRZVALID_Pos             11U                                         /*!< TPI DEV
1170:Drivers/CMSIS/Include/core_cm4.h **** #define TPI_DEVID_NRZVALID_Msk             (0x1UL << TPI_DEVID_NRZVALID_Pos)           /*!< TPI DEV
1171:Drivers/CMSIS/Include/core_cm4.h **** 
1172:Drivers/CMSIS/Include/core_cm4.h **** #define TPI_DEVID_MANCVALID_Pos            10U                                         /*!< TPI DEV
1173:Drivers/CMSIS/Include/core_cm4.h **** #define TPI_DEVID_MANCVALID_Msk            (0x1UL << TPI_DEVID_MANCVALID_Pos)          /*!< TPI DEV
1174:Drivers/CMSIS/Include/core_cm4.h **** 
1175:Drivers/CMSIS/Include/core_cm4.h **** #define TPI_DEVID_PTINVALID_Pos             9U                                         /*!< TPI DEV
1176:Drivers/CMSIS/Include/core_cm4.h **** #define TPI_DEVID_PTINVALID_Msk            (0x1UL << TPI_DEVID_PTINVALID_Pos)          /*!< TPI DEV
1177:Drivers/CMSIS/Include/core_cm4.h **** 
1178:Drivers/CMSIS/Include/core_cm4.h **** #define TPI_DEVID_MinBufSz_Pos              6U                                         /*!< TPI DEV
1179:Drivers/CMSIS/Include/core_cm4.h **** #define TPI_DEVID_MinBufSz_Msk             (0x7UL << TPI_DEVID_MinBufSz_Pos)           /*!< TPI DEV
1180:Drivers/CMSIS/Include/core_cm4.h **** 
1181:Drivers/CMSIS/Include/core_cm4.h **** #define TPI_DEVID_AsynClkIn_Pos             5U                                         /*!< TPI DEV
1182:Drivers/CMSIS/Include/core_cm4.h **** #define TPI_DEVID_AsynClkIn_Msk            (0x1UL << TPI_DEVID_AsynClkIn_Pos)          /*!< TPI DEV
1183:Drivers/CMSIS/Include/core_cm4.h **** 
1184:Drivers/CMSIS/Include/core_cm4.h **** #define TPI_DEVID_NrTraceInput_Pos          0U                                         /*!< TPI DEV
1185:Drivers/CMSIS/Include/core_cm4.h **** #define TPI_DEVID_NrTraceInput_Msk         (0x1FUL /*<< TPI_DEVID_NrTraceInput_Pos*/)  /*!< TPI DEV
1186:Drivers/CMSIS/Include/core_cm4.h **** 
1187:Drivers/CMSIS/Include/core_cm4.h **** /* TPI DEVTYPE Register Definitions */
1188:Drivers/CMSIS/Include/core_cm4.h **** #define TPI_DEVTYPE_SubType_Pos             4U                                         /*!< TPI DEV
1189:Drivers/CMSIS/Include/core_cm4.h **** #define TPI_DEVTYPE_SubType_Msk            (0xFUL /*<< TPI_DEVTYPE_SubType_Pos*/)      /*!< TPI DEV
1190:Drivers/CMSIS/Include/core_cm4.h **** 
1191:Drivers/CMSIS/Include/core_cm4.h **** #define TPI_DEVTYPE_MajorType_Pos           0U                                         /*!< TPI DEV
1192:Drivers/CMSIS/Include/core_cm4.h **** #define TPI_DEVTYPE_MajorType_Msk          (0xFUL << TPI_DEVTYPE_MajorType_Pos)        /*!< TPI DEV
ARM GAS  /tmp/ccvKl5wA.s 			page 28


1193:Drivers/CMSIS/Include/core_cm4.h **** 
1194:Drivers/CMSIS/Include/core_cm4.h **** /*@}*/ /* end of group CMSIS_TPI */
1195:Drivers/CMSIS/Include/core_cm4.h **** 
1196:Drivers/CMSIS/Include/core_cm4.h **** 
1197:Drivers/CMSIS/Include/core_cm4.h **** #if defined (__MPU_PRESENT) && (__MPU_PRESENT == 1U)
1198:Drivers/CMSIS/Include/core_cm4.h **** /**
1199:Drivers/CMSIS/Include/core_cm4.h ****   \ingroup  CMSIS_core_register
1200:Drivers/CMSIS/Include/core_cm4.h ****   \defgroup CMSIS_MPU     Memory Protection Unit (MPU)
1201:Drivers/CMSIS/Include/core_cm4.h ****   \brief    Type definitions for the Memory Protection Unit (MPU)
1202:Drivers/CMSIS/Include/core_cm4.h ****   @{
1203:Drivers/CMSIS/Include/core_cm4.h ****  */
1204:Drivers/CMSIS/Include/core_cm4.h **** 
1205:Drivers/CMSIS/Include/core_cm4.h **** /**
1206:Drivers/CMSIS/Include/core_cm4.h ****   \brief  Structure type to access the Memory Protection Unit (MPU).
1207:Drivers/CMSIS/Include/core_cm4.h ****  */
1208:Drivers/CMSIS/Include/core_cm4.h **** typedef struct
1209:Drivers/CMSIS/Include/core_cm4.h **** {
1210:Drivers/CMSIS/Include/core_cm4.h ****   __IM  uint32_t TYPE;                   /*!< Offset: 0x000 (R/ )  MPU Type Register */
1211:Drivers/CMSIS/Include/core_cm4.h ****   __IOM uint32_t CTRL;                   /*!< Offset: 0x004 (R/W)  MPU Control Register */
1212:Drivers/CMSIS/Include/core_cm4.h ****   __IOM uint32_t RNR;                    /*!< Offset: 0x008 (R/W)  MPU Region RNRber Register */
1213:Drivers/CMSIS/Include/core_cm4.h ****   __IOM uint32_t RBAR;                   /*!< Offset: 0x00C (R/W)  MPU Region Base Address Register
1214:Drivers/CMSIS/Include/core_cm4.h ****   __IOM uint32_t RASR;                   /*!< Offset: 0x010 (R/W)  MPU Region Attribute and Size Re
1215:Drivers/CMSIS/Include/core_cm4.h ****   __IOM uint32_t RBAR_A1;                /*!< Offset: 0x014 (R/W)  MPU Alias 1 Region Base Address 
1216:Drivers/CMSIS/Include/core_cm4.h ****   __IOM uint32_t RASR_A1;                /*!< Offset: 0x018 (R/W)  MPU Alias 1 Region Attribute and
1217:Drivers/CMSIS/Include/core_cm4.h ****   __IOM uint32_t RBAR_A2;                /*!< Offset: 0x01C (R/W)  MPU Alias 2 Region Base Address 
1218:Drivers/CMSIS/Include/core_cm4.h ****   __IOM uint32_t RASR_A2;                /*!< Offset: 0x020 (R/W)  MPU Alias 2 Region Attribute and
1219:Drivers/CMSIS/Include/core_cm4.h ****   __IOM uint32_t RBAR_A3;                /*!< Offset: 0x024 (R/W)  MPU Alias 3 Region Base Address 
1220:Drivers/CMSIS/Include/core_cm4.h ****   __IOM uint32_t RASR_A3;                /*!< Offset: 0x028 (R/W)  MPU Alias 3 Region Attribute and
1221:Drivers/CMSIS/Include/core_cm4.h **** } MPU_Type;
1222:Drivers/CMSIS/Include/core_cm4.h **** 
1223:Drivers/CMSIS/Include/core_cm4.h **** #define MPU_TYPE_RALIASES                  4U
1224:Drivers/CMSIS/Include/core_cm4.h **** 
1225:Drivers/CMSIS/Include/core_cm4.h **** /* MPU Type Register Definitions */
1226:Drivers/CMSIS/Include/core_cm4.h **** #define MPU_TYPE_IREGION_Pos               16U                                            /*!< MPU 
1227:Drivers/CMSIS/Include/core_cm4.h **** #define MPU_TYPE_IREGION_Msk               (0xFFUL << MPU_TYPE_IREGION_Pos)               /*!< MPU 
1228:Drivers/CMSIS/Include/core_cm4.h **** 
1229:Drivers/CMSIS/Include/core_cm4.h **** #define MPU_TYPE_DREGION_Pos                8U                                            /*!< MPU 
1230:Drivers/CMSIS/Include/core_cm4.h **** #define MPU_TYPE_DREGION_Msk               (0xFFUL << MPU_TYPE_DREGION_Pos)               /*!< MPU 
1231:Drivers/CMSIS/Include/core_cm4.h **** 
1232:Drivers/CMSIS/Include/core_cm4.h **** #define MPU_TYPE_SEPARATE_Pos               0U                                            /*!< MPU 
1233:Drivers/CMSIS/Include/core_cm4.h **** #define MPU_TYPE_SEPARATE_Msk              (1UL /*<< MPU_TYPE_SEPARATE_Pos*/)             /*!< MPU 
1234:Drivers/CMSIS/Include/core_cm4.h **** 
1235:Drivers/CMSIS/Include/core_cm4.h **** /* MPU Control Register Definitions */
1236:Drivers/CMSIS/Include/core_cm4.h **** #define MPU_CTRL_PRIVDEFENA_Pos             2U                                            /*!< MPU 
1237:Drivers/CMSIS/Include/core_cm4.h **** #define MPU_CTRL_PRIVDEFENA_Msk            (1UL << MPU_CTRL_PRIVDEFENA_Pos)               /*!< MPU 
1238:Drivers/CMSIS/Include/core_cm4.h **** 
1239:Drivers/CMSIS/Include/core_cm4.h **** #define MPU_CTRL_HFNMIENA_Pos               1U                                            /*!< MPU 
1240:Drivers/CMSIS/Include/core_cm4.h **** #define MPU_CTRL_HFNMIENA_Msk              (1UL << MPU_CTRL_HFNMIENA_Pos)                 /*!< MPU 
1241:Drivers/CMSIS/Include/core_cm4.h **** 
1242:Drivers/CMSIS/Include/core_cm4.h **** #define MPU_CTRL_ENABLE_Pos                 0U                                            /*!< MPU 
1243:Drivers/CMSIS/Include/core_cm4.h **** #define MPU_CTRL_ENABLE_Msk                (1UL /*<< MPU_CTRL_ENABLE_Pos*/)               /*!< MPU 
1244:Drivers/CMSIS/Include/core_cm4.h **** 
1245:Drivers/CMSIS/Include/core_cm4.h **** /* MPU Region Number Register Definitions */
1246:Drivers/CMSIS/Include/core_cm4.h **** #define MPU_RNR_REGION_Pos                  0U                                            /*!< MPU 
1247:Drivers/CMSIS/Include/core_cm4.h **** #define MPU_RNR_REGION_Msk                 (0xFFUL /*<< MPU_RNR_REGION_Pos*/)             /*!< MPU 
1248:Drivers/CMSIS/Include/core_cm4.h **** 
1249:Drivers/CMSIS/Include/core_cm4.h **** /* MPU Region Base Address Register Definitions */
ARM GAS  /tmp/ccvKl5wA.s 			page 29


1250:Drivers/CMSIS/Include/core_cm4.h **** #define MPU_RBAR_ADDR_Pos                   5U                                            /*!< MPU 
1251:Drivers/CMSIS/Include/core_cm4.h **** #define MPU_RBAR_ADDR_Msk                  (0x7FFFFFFUL << MPU_RBAR_ADDR_Pos)             /*!< MPU 
1252:Drivers/CMSIS/Include/core_cm4.h **** 
1253:Drivers/CMSIS/Include/core_cm4.h **** #define MPU_RBAR_VALID_Pos                  4U                                            /*!< MPU 
1254:Drivers/CMSIS/Include/core_cm4.h **** #define MPU_RBAR_VALID_Msk                 (1UL << MPU_RBAR_VALID_Pos)                    /*!< MPU 
1255:Drivers/CMSIS/Include/core_cm4.h **** 
1256:Drivers/CMSIS/Include/core_cm4.h **** #define MPU_RBAR_REGION_Pos                 0U                                            /*!< MPU 
1257:Drivers/CMSIS/Include/core_cm4.h **** #define MPU_RBAR_REGION_Msk                (0xFUL /*<< MPU_RBAR_REGION_Pos*/)             /*!< MPU 
1258:Drivers/CMSIS/Include/core_cm4.h **** 
1259:Drivers/CMSIS/Include/core_cm4.h **** /* MPU Region Attribute and Size Register Definitions */
1260:Drivers/CMSIS/Include/core_cm4.h **** #define MPU_RASR_ATTRS_Pos                 16U                                            /*!< MPU 
1261:Drivers/CMSIS/Include/core_cm4.h **** #define MPU_RASR_ATTRS_Msk                 (0xFFFFUL << MPU_RASR_ATTRS_Pos)               /*!< MPU 
1262:Drivers/CMSIS/Include/core_cm4.h **** 
1263:Drivers/CMSIS/Include/core_cm4.h **** #define MPU_RASR_XN_Pos                    28U                                            /*!< MPU 
1264:Drivers/CMSIS/Include/core_cm4.h **** #define MPU_RASR_XN_Msk                    (1UL << MPU_RASR_XN_Pos)                       /*!< MPU 
1265:Drivers/CMSIS/Include/core_cm4.h **** 
1266:Drivers/CMSIS/Include/core_cm4.h **** #define MPU_RASR_AP_Pos                    24U                                            /*!< MPU 
1267:Drivers/CMSIS/Include/core_cm4.h **** #define MPU_RASR_AP_Msk                    (0x7UL << MPU_RASR_AP_Pos)                     /*!< MPU 
1268:Drivers/CMSIS/Include/core_cm4.h **** 
1269:Drivers/CMSIS/Include/core_cm4.h **** #define MPU_RASR_TEX_Pos                   19U                                            /*!< MPU 
1270:Drivers/CMSIS/Include/core_cm4.h **** #define MPU_RASR_TEX_Msk                   (0x7UL << MPU_RASR_TEX_Pos)                    /*!< MPU 
1271:Drivers/CMSIS/Include/core_cm4.h **** 
1272:Drivers/CMSIS/Include/core_cm4.h **** #define MPU_RASR_S_Pos                     18U                                            /*!< MPU 
1273:Drivers/CMSIS/Include/core_cm4.h **** #define MPU_RASR_S_Msk                     (1UL << MPU_RASR_S_Pos)                        /*!< MPU 
1274:Drivers/CMSIS/Include/core_cm4.h **** 
1275:Drivers/CMSIS/Include/core_cm4.h **** #define MPU_RASR_C_Pos                     17U                                            /*!< MPU 
1276:Drivers/CMSIS/Include/core_cm4.h **** #define MPU_RASR_C_Msk                     (1UL << MPU_RASR_C_Pos)                        /*!< MPU 
1277:Drivers/CMSIS/Include/core_cm4.h **** 
1278:Drivers/CMSIS/Include/core_cm4.h **** #define MPU_RASR_B_Pos                     16U                                            /*!< MPU 
1279:Drivers/CMSIS/Include/core_cm4.h **** #define MPU_RASR_B_Msk                     (1UL << MPU_RASR_B_Pos)                        /*!< MPU 
1280:Drivers/CMSIS/Include/core_cm4.h **** 
1281:Drivers/CMSIS/Include/core_cm4.h **** #define MPU_RASR_SRD_Pos                    8U                                            /*!< MPU 
1282:Drivers/CMSIS/Include/core_cm4.h **** #define MPU_RASR_SRD_Msk                   (0xFFUL << MPU_RASR_SRD_Pos)                   /*!< MPU 
1283:Drivers/CMSIS/Include/core_cm4.h **** 
1284:Drivers/CMSIS/Include/core_cm4.h **** #define MPU_RASR_SIZE_Pos                   1U                                            /*!< MPU 
1285:Drivers/CMSIS/Include/core_cm4.h **** #define MPU_RASR_SIZE_Msk                  (0x1FUL << MPU_RASR_SIZE_Pos)                  /*!< MPU 
1286:Drivers/CMSIS/Include/core_cm4.h **** 
1287:Drivers/CMSIS/Include/core_cm4.h **** #define MPU_RASR_ENABLE_Pos                 0U                                            /*!< MPU 
1288:Drivers/CMSIS/Include/core_cm4.h **** #define MPU_RASR_ENABLE_Msk                (1UL /*<< MPU_RASR_ENABLE_Pos*/)               /*!< MPU 
1289:Drivers/CMSIS/Include/core_cm4.h **** 
1290:Drivers/CMSIS/Include/core_cm4.h **** /*@} end of group CMSIS_MPU */
1291:Drivers/CMSIS/Include/core_cm4.h **** #endif /* defined (__MPU_PRESENT) && (__MPU_PRESENT == 1U) */
1292:Drivers/CMSIS/Include/core_cm4.h **** 
1293:Drivers/CMSIS/Include/core_cm4.h **** 
1294:Drivers/CMSIS/Include/core_cm4.h **** /**
1295:Drivers/CMSIS/Include/core_cm4.h ****   \ingroup  CMSIS_core_register
1296:Drivers/CMSIS/Include/core_cm4.h ****   \defgroup CMSIS_FPU     Floating Point Unit (FPU)
1297:Drivers/CMSIS/Include/core_cm4.h ****   \brief    Type definitions for the Floating Point Unit (FPU)
1298:Drivers/CMSIS/Include/core_cm4.h ****   @{
1299:Drivers/CMSIS/Include/core_cm4.h ****  */
1300:Drivers/CMSIS/Include/core_cm4.h **** 
1301:Drivers/CMSIS/Include/core_cm4.h **** /**
1302:Drivers/CMSIS/Include/core_cm4.h ****   \brief  Structure type to access the Floating Point Unit (FPU).
1303:Drivers/CMSIS/Include/core_cm4.h ****  */
1304:Drivers/CMSIS/Include/core_cm4.h **** typedef struct
1305:Drivers/CMSIS/Include/core_cm4.h **** {
1306:Drivers/CMSIS/Include/core_cm4.h ****         uint32_t RESERVED0[1U];
ARM GAS  /tmp/ccvKl5wA.s 			page 30


1307:Drivers/CMSIS/Include/core_cm4.h ****   __IOM uint32_t FPCCR;                  /*!< Offset: 0x004 (R/W)  Floating-Point Context Control R
1308:Drivers/CMSIS/Include/core_cm4.h ****   __IOM uint32_t FPCAR;                  /*!< Offset: 0x008 (R/W)  Floating-Point Context Address R
1309:Drivers/CMSIS/Include/core_cm4.h ****   __IOM uint32_t FPDSCR;                 /*!< Offset: 0x00C (R/W)  Floating-Point Default Status Co
1310:Drivers/CMSIS/Include/core_cm4.h ****   __IM  uint32_t MVFR0;                  /*!< Offset: 0x010 (R/ )  Media and FP Feature Register 0 
1311:Drivers/CMSIS/Include/core_cm4.h ****   __IM  uint32_t MVFR1;                  /*!< Offset: 0x014 (R/ )  Media and FP Feature Register 1 
1312:Drivers/CMSIS/Include/core_cm4.h ****   __IM  uint32_t MVFR2;                  /*!< Offset: 0x018 (R/ )  Media and FP Feature Register 2 
1313:Drivers/CMSIS/Include/core_cm4.h **** } FPU_Type;
1314:Drivers/CMSIS/Include/core_cm4.h **** 
1315:Drivers/CMSIS/Include/core_cm4.h **** /* Floating-Point Context Control Register Definitions */
1316:Drivers/CMSIS/Include/core_cm4.h **** #define FPU_FPCCR_ASPEN_Pos                31U                                            /*!< FPCC
1317:Drivers/CMSIS/Include/core_cm4.h **** #define FPU_FPCCR_ASPEN_Msk                (1UL << FPU_FPCCR_ASPEN_Pos)                   /*!< FPCC
1318:Drivers/CMSIS/Include/core_cm4.h **** 
1319:Drivers/CMSIS/Include/core_cm4.h **** #define FPU_FPCCR_LSPEN_Pos                30U                                            /*!< FPCC
1320:Drivers/CMSIS/Include/core_cm4.h **** #define FPU_FPCCR_LSPEN_Msk                (1UL << FPU_FPCCR_LSPEN_Pos)                   /*!< FPCC
1321:Drivers/CMSIS/Include/core_cm4.h **** 
1322:Drivers/CMSIS/Include/core_cm4.h **** #define FPU_FPCCR_MONRDY_Pos                8U                                            /*!< FPCC
1323:Drivers/CMSIS/Include/core_cm4.h **** #define FPU_FPCCR_MONRDY_Msk               (1UL << FPU_FPCCR_MONRDY_Pos)                  /*!< FPCC
1324:Drivers/CMSIS/Include/core_cm4.h **** 
1325:Drivers/CMSIS/Include/core_cm4.h **** #define FPU_FPCCR_BFRDY_Pos                 6U                                            /*!< FPCC
1326:Drivers/CMSIS/Include/core_cm4.h **** #define FPU_FPCCR_BFRDY_Msk                (1UL << FPU_FPCCR_BFRDY_Pos)                   /*!< FPCC
1327:Drivers/CMSIS/Include/core_cm4.h **** 
1328:Drivers/CMSIS/Include/core_cm4.h **** #define FPU_FPCCR_MMRDY_Pos                 5U                                            /*!< FPCC
1329:Drivers/CMSIS/Include/core_cm4.h **** #define FPU_FPCCR_MMRDY_Msk                (1UL << FPU_FPCCR_MMRDY_Pos)                   /*!< FPCC
1330:Drivers/CMSIS/Include/core_cm4.h **** 
1331:Drivers/CMSIS/Include/core_cm4.h **** #define FPU_FPCCR_HFRDY_Pos                 4U                                            /*!< FPCC
1332:Drivers/CMSIS/Include/core_cm4.h **** #define FPU_FPCCR_HFRDY_Msk                (1UL << FPU_FPCCR_HFRDY_Pos)                   /*!< FPCC
1333:Drivers/CMSIS/Include/core_cm4.h **** 
1334:Drivers/CMSIS/Include/core_cm4.h **** #define FPU_FPCCR_THREAD_Pos                3U                                            /*!< FPCC
1335:Drivers/CMSIS/Include/core_cm4.h **** #define FPU_FPCCR_THREAD_Msk               (1UL << FPU_FPCCR_THREAD_Pos)                  /*!< FPCC
1336:Drivers/CMSIS/Include/core_cm4.h **** 
1337:Drivers/CMSIS/Include/core_cm4.h **** #define FPU_FPCCR_USER_Pos                  1U                                            /*!< FPCC
1338:Drivers/CMSIS/Include/core_cm4.h **** #define FPU_FPCCR_USER_Msk                 (1UL << FPU_FPCCR_USER_Pos)                    /*!< FPCC
1339:Drivers/CMSIS/Include/core_cm4.h **** 
1340:Drivers/CMSIS/Include/core_cm4.h **** #define FPU_FPCCR_LSPACT_Pos                0U                                            /*!< FPCC
1341:Drivers/CMSIS/Include/core_cm4.h **** #define FPU_FPCCR_LSPACT_Msk               (1UL /*<< FPU_FPCCR_LSPACT_Pos*/)              /*!< FPCC
1342:Drivers/CMSIS/Include/core_cm4.h **** 
1343:Drivers/CMSIS/Include/core_cm4.h **** /* Floating-Point Context Address Register Definitions */
1344:Drivers/CMSIS/Include/core_cm4.h **** #define FPU_FPCAR_ADDRESS_Pos               3U                                            /*!< FPCA
1345:Drivers/CMSIS/Include/core_cm4.h **** #define FPU_FPCAR_ADDRESS_Msk              (0x1FFFFFFFUL << FPU_FPCAR_ADDRESS_Pos)        /*!< FPCA
1346:Drivers/CMSIS/Include/core_cm4.h **** 
1347:Drivers/CMSIS/Include/core_cm4.h **** /* Floating-Point Default Status Control Register Definitions */
1348:Drivers/CMSIS/Include/core_cm4.h **** #define FPU_FPDSCR_AHP_Pos                 26U                                            /*!< FPDS
1349:Drivers/CMSIS/Include/core_cm4.h **** #define FPU_FPDSCR_AHP_Msk                 (1UL << FPU_FPDSCR_AHP_Pos)                    /*!< FPDS
1350:Drivers/CMSIS/Include/core_cm4.h **** 
1351:Drivers/CMSIS/Include/core_cm4.h **** #define FPU_FPDSCR_DN_Pos                  25U                                            /*!< FPDS
1352:Drivers/CMSIS/Include/core_cm4.h **** #define FPU_FPDSCR_DN_Msk                  (1UL << FPU_FPDSCR_DN_Pos)                     /*!< FPDS
1353:Drivers/CMSIS/Include/core_cm4.h **** 
1354:Drivers/CMSIS/Include/core_cm4.h **** #define FPU_FPDSCR_FZ_Pos                  24U                                            /*!< FPDS
1355:Drivers/CMSIS/Include/core_cm4.h **** #define FPU_FPDSCR_FZ_Msk                  (1UL << FPU_FPDSCR_FZ_Pos)                     /*!< FPDS
1356:Drivers/CMSIS/Include/core_cm4.h **** 
1357:Drivers/CMSIS/Include/core_cm4.h **** #define FPU_FPDSCR_RMode_Pos               22U                                            /*!< FPDS
1358:Drivers/CMSIS/Include/core_cm4.h **** #define FPU_FPDSCR_RMode_Msk               (3UL << FPU_FPDSCR_RMode_Pos)                  /*!< FPDS
1359:Drivers/CMSIS/Include/core_cm4.h **** 
1360:Drivers/CMSIS/Include/core_cm4.h **** /* Media and FP Feature Register 0 Definitions */
1361:Drivers/CMSIS/Include/core_cm4.h **** #define FPU_MVFR0_FP_rounding_modes_Pos    28U                                            /*!< MVFR
1362:Drivers/CMSIS/Include/core_cm4.h **** #define FPU_MVFR0_FP_rounding_modes_Msk    (0xFUL << FPU_MVFR0_FP_rounding_modes_Pos)     /*!< MVFR
1363:Drivers/CMSIS/Include/core_cm4.h **** 
ARM GAS  /tmp/ccvKl5wA.s 			page 31


1364:Drivers/CMSIS/Include/core_cm4.h **** #define FPU_MVFR0_Short_vectors_Pos        24U                                            /*!< MVFR
1365:Drivers/CMSIS/Include/core_cm4.h **** #define FPU_MVFR0_Short_vectors_Msk        (0xFUL << FPU_MVFR0_Short_vectors_Pos)         /*!< MVFR
1366:Drivers/CMSIS/Include/core_cm4.h **** 
1367:Drivers/CMSIS/Include/core_cm4.h **** #define FPU_MVFR0_Square_root_Pos          20U                                            /*!< MVFR
1368:Drivers/CMSIS/Include/core_cm4.h **** #define FPU_MVFR0_Square_root_Msk          (0xFUL << FPU_MVFR0_Square_root_Pos)           /*!< MVFR
1369:Drivers/CMSIS/Include/core_cm4.h **** 
1370:Drivers/CMSIS/Include/core_cm4.h **** #define FPU_MVFR0_Divide_Pos               16U                                            /*!< MVFR
1371:Drivers/CMSIS/Include/core_cm4.h **** #define FPU_MVFR0_Divide_Msk               (0xFUL << FPU_MVFR0_Divide_Pos)                /*!< MVFR
1372:Drivers/CMSIS/Include/core_cm4.h **** 
1373:Drivers/CMSIS/Include/core_cm4.h **** #define FPU_MVFR0_FP_excep_trapping_Pos    12U                                            /*!< MVFR
1374:Drivers/CMSIS/Include/core_cm4.h **** #define FPU_MVFR0_FP_excep_trapping_Msk    (0xFUL << FPU_MVFR0_FP_excep_trapping_Pos)     /*!< MVFR
1375:Drivers/CMSIS/Include/core_cm4.h **** 
1376:Drivers/CMSIS/Include/core_cm4.h **** #define FPU_MVFR0_Double_precision_Pos      8U                                            /*!< MVFR
1377:Drivers/CMSIS/Include/core_cm4.h **** #define FPU_MVFR0_Double_precision_Msk     (0xFUL << FPU_MVFR0_Double_precision_Pos)      /*!< MVFR
1378:Drivers/CMSIS/Include/core_cm4.h **** 
1379:Drivers/CMSIS/Include/core_cm4.h **** #define FPU_MVFR0_Single_precision_Pos      4U                                            /*!< MVFR
1380:Drivers/CMSIS/Include/core_cm4.h **** #define FPU_MVFR0_Single_precision_Msk     (0xFUL << FPU_MVFR0_Single_precision_Pos)      /*!< MVFR
1381:Drivers/CMSIS/Include/core_cm4.h **** 
1382:Drivers/CMSIS/Include/core_cm4.h **** #define FPU_MVFR0_A_SIMD_registers_Pos      0U                                            /*!< MVFR
1383:Drivers/CMSIS/Include/core_cm4.h **** #define FPU_MVFR0_A_SIMD_registers_Msk     (0xFUL /*<< FPU_MVFR0_A_SIMD_registers_Pos*/)  /*!< MVFR
1384:Drivers/CMSIS/Include/core_cm4.h **** 
1385:Drivers/CMSIS/Include/core_cm4.h **** /* Media and FP Feature Register 1 Definitions */
1386:Drivers/CMSIS/Include/core_cm4.h **** #define FPU_MVFR1_FP_fused_MAC_Pos         28U                                            /*!< MVFR
1387:Drivers/CMSIS/Include/core_cm4.h **** #define FPU_MVFR1_FP_fused_MAC_Msk         (0xFUL << FPU_MVFR1_FP_fused_MAC_Pos)          /*!< MVFR
1388:Drivers/CMSIS/Include/core_cm4.h **** 
1389:Drivers/CMSIS/Include/core_cm4.h **** #define FPU_MVFR1_FP_HPFP_Pos              24U                                            /*!< MVFR
1390:Drivers/CMSIS/Include/core_cm4.h **** #define FPU_MVFR1_FP_HPFP_Msk              (0xFUL << FPU_MVFR1_FP_HPFP_Pos)               /*!< MVFR
1391:Drivers/CMSIS/Include/core_cm4.h **** 
1392:Drivers/CMSIS/Include/core_cm4.h **** #define FPU_MVFR1_D_NaN_mode_Pos            4U                                            /*!< MVFR
1393:Drivers/CMSIS/Include/core_cm4.h **** #define FPU_MVFR1_D_NaN_mode_Msk           (0xFUL << FPU_MVFR1_D_NaN_mode_Pos)            /*!< MVFR
1394:Drivers/CMSIS/Include/core_cm4.h **** 
1395:Drivers/CMSIS/Include/core_cm4.h **** #define FPU_MVFR1_FtZ_mode_Pos              0U                                            /*!< MVFR
1396:Drivers/CMSIS/Include/core_cm4.h **** #define FPU_MVFR1_FtZ_mode_Msk             (0xFUL /*<< FPU_MVFR1_FtZ_mode_Pos*/)          /*!< MVFR
1397:Drivers/CMSIS/Include/core_cm4.h **** 
1398:Drivers/CMSIS/Include/core_cm4.h **** /* Media and FP Feature Register 2 Definitions */
1399:Drivers/CMSIS/Include/core_cm4.h **** 
1400:Drivers/CMSIS/Include/core_cm4.h **** #define FPU_MVFR2_VFP_Misc_Pos              4U                                            /*!< MVFR
1401:Drivers/CMSIS/Include/core_cm4.h **** #define FPU_MVFR2_VFP_Misc_Msk             (0xFUL << FPU_MVFR2_VFP_Misc_Pos)              /*!< MVFR
1402:Drivers/CMSIS/Include/core_cm4.h **** 
1403:Drivers/CMSIS/Include/core_cm4.h **** /*@} end of group CMSIS_FPU */
1404:Drivers/CMSIS/Include/core_cm4.h **** 
1405:Drivers/CMSIS/Include/core_cm4.h **** 
1406:Drivers/CMSIS/Include/core_cm4.h **** /**
1407:Drivers/CMSIS/Include/core_cm4.h ****   \ingroup  CMSIS_core_register
1408:Drivers/CMSIS/Include/core_cm4.h ****   \defgroup CMSIS_CoreDebug       Core Debug Registers (CoreDebug)
1409:Drivers/CMSIS/Include/core_cm4.h ****   \brief    Type definitions for the Core Debug Registers
1410:Drivers/CMSIS/Include/core_cm4.h ****   @{
1411:Drivers/CMSIS/Include/core_cm4.h ****  */
1412:Drivers/CMSIS/Include/core_cm4.h **** 
1413:Drivers/CMSIS/Include/core_cm4.h **** /**
1414:Drivers/CMSIS/Include/core_cm4.h ****   \brief  Structure type to access the Core Debug Register (CoreDebug).
1415:Drivers/CMSIS/Include/core_cm4.h ****  */
1416:Drivers/CMSIS/Include/core_cm4.h **** typedef struct
1417:Drivers/CMSIS/Include/core_cm4.h **** {
1418:Drivers/CMSIS/Include/core_cm4.h ****   __IOM uint32_t DHCSR;                  /*!< Offset: 0x000 (R/W)  Debug Halting Control and Status
1419:Drivers/CMSIS/Include/core_cm4.h ****   __OM  uint32_t DCRSR;                  /*!< Offset: 0x004 ( /W)  Debug Core Register Selector Reg
1420:Drivers/CMSIS/Include/core_cm4.h ****   __IOM uint32_t DCRDR;                  /*!< Offset: 0x008 (R/W)  Debug Core Register Data Registe
ARM GAS  /tmp/ccvKl5wA.s 			page 32


1421:Drivers/CMSIS/Include/core_cm4.h ****   __IOM uint32_t DEMCR;                  /*!< Offset: 0x00C (R/W)  Debug Exception and Monitor Cont
1422:Drivers/CMSIS/Include/core_cm4.h **** } CoreDebug_Type;
1423:Drivers/CMSIS/Include/core_cm4.h **** 
1424:Drivers/CMSIS/Include/core_cm4.h **** /* Debug Halting Control and Status Register Definitions */
1425:Drivers/CMSIS/Include/core_cm4.h **** #define CoreDebug_DHCSR_DBGKEY_Pos         16U                                            /*!< Core
1426:Drivers/CMSIS/Include/core_cm4.h **** #define CoreDebug_DHCSR_DBGKEY_Msk         (0xFFFFUL << CoreDebug_DHCSR_DBGKEY_Pos)       /*!< Core
1427:Drivers/CMSIS/Include/core_cm4.h **** 
1428:Drivers/CMSIS/Include/core_cm4.h **** #define CoreDebug_DHCSR_S_RESET_ST_Pos     25U                                            /*!< Core
1429:Drivers/CMSIS/Include/core_cm4.h **** #define CoreDebug_DHCSR_S_RESET_ST_Msk     (1UL << CoreDebug_DHCSR_S_RESET_ST_Pos)        /*!< Core
1430:Drivers/CMSIS/Include/core_cm4.h **** 
1431:Drivers/CMSIS/Include/core_cm4.h **** #define CoreDebug_DHCSR_S_RETIRE_ST_Pos    24U                                            /*!< Core
1432:Drivers/CMSIS/Include/core_cm4.h **** #define CoreDebug_DHCSR_S_RETIRE_ST_Msk    (1UL << CoreDebug_DHCSR_S_RETIRE_ST_Pos)       /*!< Core
1433:Drivers/CMSIS/Include/core_cm4.h **** 
1434:Drivers/CMSIS/Include/core_cm4.h **** #define CoreDebug_DHCSR_S_LOCKUP_Pos       19U                                            /*!< Core
1435:Drivers/CMSIS/Include/core_cm4.h **** #define CoreDebug_DHCSR_S_LOCKUP_Msk       (1UL << CoreDebug_DHCSR_S_LOCKUP_Pos)          /*!< Core
1436:Drivers/CMSIS/Include/core_cm4.h **** 
1437:Drivers/CMSIS/Include/core_cm4.h **** #define CoreDebug_DHCSR_S_SLEEP_Pos        18U                                            /*!< Core
1438:Drivers/CMSIS/Include/core_cm4.h **** #define CoreDebug_DHCSR_S_SLEEP_Msk        (1UL << CoreDebug_DHCSR_S_SLEEP_Pos)           /*!< Core
1439:Drivers/CMSIS/Include/core_cm4.h **** 
1440:Drivers/CMSIS/Include/core_cm4.h **** #define CoreDebug_DHCSR_S_HALT_Pos         17U                                            /*!< Core
1441:Drivers/CMSIS/Include/core_cm4.h **** #define CoreDebug_DHCSR_S_HALT_Msk         (1UL << CoreDebug_DHCSR_S_HALT_Pos)            /*!< Core
1442:Drivers/CMSIS/Include/core_cm4.h **** 
1443:Drivers/CMSIS/Include/core_cm4.h **** #define CoreDebug_DHCSR_S_REGRDY_Pos       16U                                            /*!< Core
1444:Drivers/CMSIS/Include/core_cm4.h **** #define CoreDebug_DHCSR_S_REGRDY_Msk       (1UL << CoreDebug_DHCSR_S_REGRDY_Pos)          /*!< Core
1445:Drivers/CMSIS/Include/core_cm4.h **** 
1446:Drivers/CMSIS/Include/core_cm4.h **** #define CoreDebug_DHCSR_C_SNAPSTALL_Pos     5U                                            /*!< Core
1447:Drivers/CMSIS/Include/core_cm4.h **** #define CoreDebug_DHCSR_C_SNAPSTALL_Msk    (1UL << CoreDebug_DHCSR_C_SNAPSTALL_Pos)       /*!< Core
1448:Drivers/CMSIS/Include/core_cm4.h **** 
1449:Drivers/CMSIS/Include/core_cm4.h **** #define CoreDebug_DHCSR_C_MASKINTS_Pos      3U                                            /*!< Core
1450:Drivers/CMSIS/Include/core_cm4.h **** #define CoreDebug_DHCSR_C_MASKINTS_Msk     (1UL << CoreDebug_DHCSR_C_MASKINTS_Pos)        /*!< Core
1451:Drivers/CMSIS/Include/core_cm4.h **** 
1452:Drivers/CMSIS/Include/core_cm4.h **** #define CoreDebug_DHCSR_C_STEP_Pos          2U                                            /*!< Core
1453:Drivers/CMSIS/Include/core_cm4.h **** #define CoreDebug_DHCSR_C_STEP_Msk         (1UL << CoreDebug_DHCSR_C_STEP_Pos)            /*!< Core
1454:Drivers/CMSIS/Include/core_cm4.h **** 
1455:Drivers/CMSIS/Include/core_cm4.h **** #define CoreDebug_DHCSR_C_HALT_Pos          1U                                            /*!< Core
1456:Drivers/CMSIS/Include/core_cm4.h **** #define CoreDebug_DHCSR_C_HALT_Msk         (1UL << CoreDebug_DHCSR_C_HALT_Pos)            /*!< Core
1457:Drivers/CMSIS/Include/core_cm4.h **** 
1458:Drivers/CMSIS/Include/core_cm4.h **** #define CoreDebug_DHCSR_C_DEBUGEN_Pos       0U                                            /*!< Core
1459:Drivers/CMSIS/Include/core_cm4.h **** #define CoreDebug_DHCSR_C_DEBUGEN_Msk      (1UL /*<< CoreDebug_DHCSR_C_DEBUGEN_Pos*/)     /*!< Core
1460:Drivers/CMSIS/Include/core_cm4.h **** 
1461:Drivers/CMSIS/Include/core_cm4.h **** /* Debug Core Register Selector Register Definitions */
1462:Drivers/CMSIS/Include/core_cm4.h **** #define CoreDebug_DCRSR_REGWnR_Pos         16U                                            /*!< Core
1463:Drivers/CMSIS/Include/core_cm4.h **** #define CoreDebug_DCRSR_REGWnR_Msk         (1UL << CoreDebug_DCRSR_REGWnR_Pos)            /*!< Core
1464:Drivers/CMSIS/Include/core_cm4.h **** 
1465:Drivers/CMSIS/Include/core_cm4.h **** #define CoreDebug_DCRSR_REGSEL_Pos          0U                                            /*!< Core
1466:Drivers/CMSIS/Include/core_cm4.h **** #define CoreDebug_DCRSR_REGSEL_Msk         (0x1FUL /*<< CoreDebug_DCRSR_REGSEL_Pos*/)     /*!< Core
1467:Drivers/CMSIS/Include/core_cm4.h **** 
1468:Drivers/CMSIS/Include/core_cm4.h **** /* Debug Exception and Monitor Control Register Definitions */
1469:Drivers/CMSIS/Include/core_cm4.h **** #define CoreDebug_DEMCR_TRCENA_Pos         24U                                            /*!< Core
1470:Drivers/CMSIS/Include/core_cm4.h **** #define CoreDebug_DEMCR_TRCENA_Msk         (1UL << CoreDebug_DEMCR_TRCENA_Pos)            /*!< Core
1471:Drivers/CMSIS/Include/core_cm4.h **** 
1472:Drivers/CMSIS/Include/core_cm4.h **** #define CoreDebug_DEMCR_MON_REQ_Pos        19U                                            /*!< Core
1473:Drivers/CMSIS/Include/core_cm4.h **** #define CoreDebug_DEMCR_MON_REQ_Msk        (1UL << CoreDebug_DEMCR_MON_REQ_Pos)           /*!< Core
1474:Drivers/CMSIS/Include/core_cm4.h **** 
1475:Drivers/CMSIS/Include/core_cm4.h **** #define CoreDebug_DEMCR_MON_STEP_Pos       18U                                            /*!< Core
1476:Drivers/CMSIS/Include/core_cm4.h **** #define CoreDebug_DEMCR_MON_STEP_Msk       (1UL << CoreDebug_DEMCR_MON_STEP_Pos)          /*!< Core
1477:Drivers/CMSIS/Include/core_cm4.h **** 
ARM GAS  /tmp/ccvKl5wA.s 			page 33


1478:Drivers/CMSIS/Include/core_cm4.h **** #define CoreDebug_DEMCR_MON_PEND_Pos       17U                                            /*!< Core
1479:Drivers/CMSIS/Include/core_cm4.h **** #define CoreDebug_DEMCR_MON_PEND_Msk       (1UL << CoreDebug_DEMCR_MON_PEND_Pos)          /*!< Core
1480:Drivers/CMSIS/Include/core_cm4.h **** 
1481:Drivers/CMSIS/Include/core_cm4.h **** #define CoreDebug_DEMCR_MON_EN_Pos         16U                                            /*!< Core
1482:Drivers/CMSIS/Include/core_cm4.h **** #define CoreDebug_DEMCR_MON_EN_Msk         (1UL << CoreDebug_DEMCR_MON_EN_Pos)            /*!< Core
1483:Drivers/CMSIS/Include/core_cm4.h **** 
1484:Drivers/CMSIS/Include/core_cm4.h **** #define CoreDebug_DEMCR_VC_HARDERR_Pos     10U                                            /*!< Core
1485:Drivers/CMSIS/Include/core_cm4.h **** #define CoreDebug_DEMCR_VC_HARDERR_Msk     (1UL << CoreDebug_DEMCR_VC_HARDERR_Pos)        /*!< Core
1486:Drivers/CMSIS/Include/core_cm4.h **** 
1487:Drivers/CMSIS/Include/core_cm4.h **** #define CoreDebug_DEMCR_VC_INTERR_Pos       9U                                            /*!< Core
1488:Drivers/CMSIS/Include/core_cm4.h **** #define CoreDebug_DEMCR_VC_INTERR_Msk      (1UL << CoreDebug_DEMCR_VC_INTERR_Pos)         /*!< Core
1489:Drivers/CMSIS/Include/core_cm4.h **** 
1490:Drivers/CMSIS/Include/core_cm4.h **** #define CoreDebug_DEMCR_VC_BUSERR_Pos       8U                                            /*!< Core
1491:Drivers/CMSIS/Include/core_cm4.h **** #define CoreDebug_DEMCR_VC_BUSERR_Msk      (1UL << CoreDebug_DEMCR_VC_BUSERR_Pos)         /*!< Core
1492:Drivers/CMSIS/Include/core_cm4.h **** 
1493:Drivers/CMSIS/Include/core_cm4.h **** #define CoreDebug_DEMCR_VC_STATERR_Pos      7U                                            /*!< Core
1494:Drivers/CMSIS/Include/core_cm4.h **** #define CoreDebug_DEMCR_VC_STATERR_Msk     (1UL << CoreDebug_DEMCR_VC_STATERR_Pos)        /*!< Core
1495:Drivers/CMSIS/Include/core_cm4.h **** 
1496:Drivers/CMSIS/Include/core_cm4.h **** #define CoreDebug_DEMCR_VC_CHKERR_Pos       6U                                            /*!< Core
1497:Drivers/CMSIS/Include/core_cm4.h **** #define CoreDebug_DEMCR_VC_CHKERR_Msk      (1UL << CoreDebug_DEMCR_VC_CHKERR_Pos)         /*!< Core
1498:Drivers/CMSIS/Include/core_cm4.h **** 
1499:Drivers/CMSIS/Include/core_cm4.h **** #define CoreDebug_DEMCR_VC_NOCPERR_Pos      5U                                            /*!< Core
1500:Drivers/CMSIS/Include/core_cm4.h **** #define CoreDebug_DEMCR_VC_NOCPERR_Msk     (1UL << CoreDebug_DEMCR_VC_NOCPERR_Pos)        /*!< Core
1501:Drivers/CMSIS/Include/core_cm4.h **** 
1502:Drivers/CMSIS/Include/core_cm4.h **** #define CoreDebug_DEMCR_VC_MMERR_Pos        4U                                            /*!< Core
1503:Drivers/CMSIS/Include/core_cm4.h **** #define CoreDebug_DEMCR_VC_MMERR_Msk       (1UL << CoreDebug_DEMCR_VC_MMERR_Pos)          /*!< Core
1504:Drivers/CMSIS/Include/core_cm4.h **** 
1505:Drivers/CMSIS/Include/core_cm4.h **** #define CoreDebug_DEMCR_VC_CORERESET_Pos    0U                                            /*!< Core
1506:Drivers/CMSIS/Include/core_cm4.h **** #define CoreDebug_DEMCR_VC_CORERESET_Msk   (1UL /*<< CoreDebug_DEMCR_VC_CORERESET_Pos*/)  /*!< Core
1507:Drivers/CMSIS/Include/core_cm4.h **** 
1508:Drivers/CMSIS/Include/core_cm4.h **** /*@} end of group CMSIS_CoreDebug */
1509:Drivers/CMSIS/Include/core_cm4.h **** 
1510:Drivers/CMSIS/Include/core_cm4.h **** 
1511:Drivers/CMSIS/Include/core_cm4.h **** /**
1512:Drivers/CMSIS/Include/core_cm4.h ****   \ingroup    CMSIS_core_register
1513:Drivers/CMSIS/Include/core_cm4.h ****   \defgroup   CMSIS_core_bitfield     Core register bit field macros
1514:Drivers/CMSIS/Include/core_cm4.h ****   \brief      Macros for use with bit field definitions (xxx_Pos, xxx_Msk).
1515:Drivers/CMSIS/Include/core_cm4.h ****   @{
1516:Drivers/CMSIS/Include/core_cm4.h ****  */
1517:Drivers/CMSIS/Include/core_cm4.h **** 
1518:Drivers/CMSIS/Include/core_cm4.h **** /**
1519:Drivers/CMSIS/Include/core_cm4.h ****   \brief   Mask and shift a bit field value for use in a register bit range.
1520:Drivers/CMSIS/Include/core_cm4.h ****   \param[in] field  Name of the register bit field.
1521:Drivers/CMSIS/Include/core_cm4.h ****   \param[in] value  Value of the bit field. This parameter is interpreted as an uint32_t type.
1522:Drivers/CMSIS/Include/core_cm4.h ****   \return           Masked and shifted value.
1523:Drivers/CMSIS/Include/core_cm4.h **** */
1524:Drivers/CMSIS/Include/core_cm4.h **** #define _VAL2FLD(field, value)    (((uint32_t)(value) << field ## _Pos) & field ## _Msk)
1525:Drivers/CMSIS/Include/core_cm4.h **** 
1526:Drivers/CMSIS/Include/core_cm4.h **** /**
1527:Drivers/CMSIS/Include/core_cm4.h ****   \brief     Mask and shift a register value to extract a bit filed value.
1528:Drivers/CMSIS/Include/core_cm4.h ****   \param[in] field  Name of the register bit field.
1529:Drivers/CMSIS/Include/core_cm4.h ****   \param[in] value  Value of register. This parameter is interpreted as an uint32_t type.
1530:Drivers/CMSIS/Include/core_cm4.h ****   \return           Masked and shifted bit field value.
1531:Drivers/CMSIS/Include/core_cm4.h **** */
1532:Drivers/CMSIS/Include/core_cm4.h **** #define _FLD2VAL(field, value)    (((uint32_t)(value) & field ## _Msk) >> field ## _Pos)
1533:Drivers/CMSIS/Include/core_cm4.h **** 
1534:Drivers/CMSIS/Include/core_cm4.h **** /*@} end of group CMSIS_core_bitfield */
ARM GAS  /tmp/ccvKl5wA.s 			page 34


1535:Drivers/CMSIS/Include/core_cm4.h **** 
1536:Drivers/CMSIS/Include/core_cm4.h **** 
1537:Drivers/CMSIS/Include/core_cm4.h **** /**
1538:Drivers/CMSIS/Include/core_cm4.h ****   \ingroup    CMSIS_core_register
1539:Drivers/CMSIS/Include/core_cm4.h ****   \defgroup   CMSIS_core_base     Core Definitions
1540:Drivers/CMSIS/Include/core_cm4.h ****   \brief      Definitions for base addresses, unions, and structures.
1541:Drivers/CMSIS/Include/core_cm4.h ****   @{
1542:Drivers/CMSIS/Include/core_cm4.h ****  */
1543:Drivers/CMSIS/Include/core_cm4.h **** 
1544:Drivers/CMSIS/Include/core_cm4.h **** /* Memory mapping of Core Hardware */
1545:Drivers/CMSIS/Include/core_cm4.h **** #define SCS_BASE            (0xE000E000UL)                            /*!< System Control Space Bas
1546:Drivers/CMSIS/Include/core_cm4.h **** #define ITM_BASE            (0xE0000000UL)                            /*!< ITM Base Address */
1547:Drivers/CMSIS/Include/core_cm4.h **** #define DWT_BASE            (0xE0001000UL)                            /*!< DWT Base Address */
1548:Drivers/CMSIS/Include/core_cm4.h **** #define TPI_BASE            (0xE0040000UL)                            /*!< TPI Base Address */
1549:Drivers/CMSIS/Include/core_cm4.h **** #define CoreDebug_BASE      (0xE000EDF0UL)                            /*!< Core Debug Base Address 
1550:Drivers/CMSIS/Include/core_cm4.h **** #define SysTick_BASE        (SCS_BASE +  0x0010UL)                    /*!< SysTick Base Address */
1551:Drivers/CMSIS/Include/core_cm4.h **** #define NVIC_BASE           (SCS_BASE +  0x0100UL)                    /*!< NVIC Base Address */
1552:Drivers/CMSIS/Include/core_cm4.h **** #define SCB_BASE            (SCS_BASE +  0x0D00UL)                    /*!< System Control Block Bas
1553:Drivers/CMSIS/Include/core_cm4.h **** 
1554:Drivers/CMSIS/Include/core_cm4.h **** #define SCnSCB              ((SCnSCB_Type    *)     SCS_BASE      )   /*!< System control Register 
1555:Drivers/CMSIS/Include/core_cm4.h **** #define SCB                 ((SCB_Type       *)     SCB_BASE      )   /*!< SCB configuration struct
1556:Drivers/CMSIS/Include/core_cm4.h **** #define SysTick             ((SysTick_Type   *)     SysTick_BASE  )   /*!< SysTick configuration st
1557:Drivers/CMSIS/Include/core_cm4.h **** #define NVIC                ((NVIC_Type      *)     NVIC_BASE     )   /*!< NVIC configuration struc
1558:Drivers/CMSIS/Include/core_cm4.h **** #define ITM                 ((ITM_Type       *)     ITM_BASE      )   /*!< ITM configuration struct
1559:Drivers/CMSIS/Include/core_cm4.h **** #define DWT                 ((DWT_Type       *)     DWT_BASE      )   /*!< DWT configuration struct
1560:Drivers/CMSIS/Include/core_cm4.h **** #define TPI                 ((TPI_Type       *)     TPI_BASE      )   /*!< TPI configuration struct
1561:Drivers/CMSIS/Include/core_cm4.h **** #define CoreDebug           ((CoreDebug_Type *)     CoreDebug_BASE)   /*!< Core Debug configuration
1562:Drivers/CMSIS/Include/core_cm4.h **** 
1563:Drivers/CMSIS/Include/core_cm4.h **** #if defined (__MPU_PRESENT) && (__MPU_PRESENT == 1U)
1564:Drivers/CMSIS/Include/core_cm4.h ****   #define MPU_BASE          (SCS_BASE +  0x0D90UL)                    /*!< Memory Protection Unit *
1565:Drivers/CMSIS/Include/core_cm4.h ****   #define MPU               ((MPU_Type       *)     MPU_BASE      )   /*!< Memory Protection Unit *
1566:Drivers/CMSIS/Include/core_cm4.h **** #endif
1567:Drivers/CMSIS/Include/core_cm4.h **** 
1568:Drivers/CMSIS/Include/core_cm4.h **** #define FPU_BASE            (SCS_BASE +  0x0F30UL)                    /*!< Floating Point Unit */
1569:Drivers/CMSIS/Include/core_cm4.h **** #define FPU                 ((FPU_Type       *)     FPU_BASE      )   /*!< Floating Point Unit */
1570:Drivers/CMSIS/Include/core_cm4.h **** 
1571:Drivers/CMSIS/Include/core_cm4.h **** /*@} */
1572:Drivers/CMSIS/Include/core_cm4.h **** 
1573:Drivers/CMSIS/Include/core_cm4.h **** 
1574:Drivers/CMSIS/Include/core_cm4.h **** 
1575:Drivers/CMSIS/Include/core_cm4.h **** /*******************************************************************************
1576:Drivers/CMSIS/Include/core_cm4.h ****  *                Hardware Abstraction Layer
1577:Drivers/CMSIS/Include/core_cm4.h ****   Core Function Interface contains:
1578:Drivers/CMSIS/Include/core_cm4.h ****   - Core NVIC Functions
1579:Drivers/CMSIS/Include/core_cm4.h ****   - Core SysTick Functions
1580:Drivers/CMSIS/Include/core_cm4.h ****   - Core Debug Functions
1581:Drivers/CMSIS/Include/core_cm4.h ****   - Core Register Access Functions
1582:Drivers/CMSIS/Include/core_cm4.h ****  ******************************************************************************/
1583:Drivers/CMSIS/Include/core_cm4.h **** /**
1584:Drivers/CMSIS/Include/core_cm4.h ****   \defgroup CMSIS_Core_FunctionInterface Functions and Instructions Reference
1585:Drivers/CMSIS/Include/core_cm4.h **** */
1586:Drivers/CMSIS/Include/core_cm4.h **** 
1587:Drivers/CMSIS/Include/core_cm4.h **** 
1588:Drivers/CMSIS/Include/core_cm4.h **** 
1589:Drivers/CMSIS/Include/core_cm4.h **** /* ##########################   NVIC functions  #################################### */
1590:Drivers/CMSIS/Include/core_cm4.h **** /**
1591:Drivers/CMSIS/Include/core_cm4.h ****   \ingroup  CMSIS_Core_FunctionInterface
ARM GAS  /tmp/ccvKl5wA.s 			page 35


1592:Drivers/CMSIS/Include/core_cm4.h ****   \defgroup CMSIS_Core_NVICFunctions NVIC Functions
1593:Drivers/CMSIS/Include/core_cm4.h ****   \brief    Functions that manage interrupts and exceptions via the NVIC.
1594:Drivers/CMSIS/Include/core_cm4.h ****   @{
1595:Drivers/CMSIS/Include/core_cm4.h ****  */
1596:Drivers/CMSIS/Include/core_cm4.h **** 
1597:Drivers/CMSIS/Include/core_cm4.h **** #ifdef CMSIS_NVIC_VIRTUAL
1598:Drivers/CMSIS/Include/core_cm4.h ****   #ifndef CMSIS_NVIC_VIRTUAL_HEADER_FILE
1599:Drivers/CMSIS/Include/core_cm4.h ****     #define CMSIS_NVIC_VIRTUAL_HEADER_FILE "cmsis_nvic_virtual.h"
1600:Drivers/CMSIS/Include/core_cm4.h ****   #endif
1601:Drivers/CMSIS/Include/core_cm4.h ****   #include CMSIS_NVIC_VIRTUAL_HEADER_FILE
1602:Drivers/CMSIS/Include/core_cm4.h **** #else
1603:Drivers/CMSIS/Include/core_cm4.h ****   #define NVIC_SetPriorityGrouping    __NVIC_SetPriorityGrouping
1604:Drivers/CMSIS/Include/core_cm4.h ****   #define NVIC_GetPriorityGrouping    __NVIC_GetPriorityGrouping
1605:Drivers/CMSIS/Include/core_cm4.h ****   #define NVIC_EnableIRQ              __NVIC_EnableIRQ
1606:Drivers/CMSIS/Include/core_cm4.h ****   #define NVIC_GetEnableIRQ           __NVIC_GetEnableIRQ
1607:Drivers/CMSIS/Include/core_cm4.h ****   #define NVIC_DisableIRQ             __NVIC_DisableIRQ
1608:Drivers/CMSIS/Include/core_cm4.h ****   #define NVIC_GetPendingIRQ          __NVIC_GetPendingIRQ
1609:Drivers/CMSIS/Include/core_cm4.h ****   #define NVIC_SetPendingIRQ          __NVIC_SetPendingIRQ
1610:Drivers/CMSIS/Include/core_cm4.h ****   #define NVIC_ClearPendingIRQ        __NVIC_ClearPendingIRQ
1611:Drivers/CMSIS/Include/core_cm4.h ****   #define NVIC_GetActive              __NVIC_GetActive
1612:Drivers/CMSIS/Include/core_cm4.h ****   #define NVIC_SetPriority            __NVIC_SetPriority
1613:Drivers/CMSIS/Include/core_cm4.h ****   #define NVIC_GetPriority            __NVIC_GetPriority
1614:Drivers/CMSIS/Include/core_cm4.h ****   #define NVIC_SystemReset            __NVIC_SystemReset
1615:Drivers/CMSIS/Include/core_cm4.h **** #endif /* CMSIS_NVIC_VIRTUAL */
1616:Drivers/CMSIS/Include/core_cm4.h **** 
1617:Drivers/CMSIS/Include/core_cm4.h **** #ifdef CMSIS_VECTAB_VIRTUAL
1618:Drivers/CMSIS/Include/core_cm4.h ****   #ifndef CMSIS_VECTAB_VIRTUAL_HEADER_FILE
1619:Drivers/CMSIS/Include/core_cm4.h ****     #define CMSIS_VECTAB_VIRTUAL_HEADER_FILE "cmsis_vectab_virtual.h"
1620:Drivers/CMSIS/Include/core_cm4.h ****   #endif
1621:Drivers/CMSIS/Include/core_cm4.h ****   #include CMSIS_VECTAB_VIRTUAL_HEADER_FILE
1622:Drivers/CMSIS/Include/core_cm4.h **** #else
1623:Drivers/CMSIS/Include/core_cm4.h ****   #define NVIC_SetVector              __NVIC_SetVector
1624:Drivers/CMSIS/Include/core_cm4.h ****   #define NVIC_GetVector              __NVIC_GetVector
1625:Drivers/CMSIS/Include/core_cm4.h **** #endif  /* (CMSIS_VECTAB_VIRTUAL) */
1626:Drivers/CMSIS/Include/core_cm4.h **** 
1627:Drivers/CMSIS/Include/core_cm4.h **** #define NVIC_USER_IRQ_OFFSET          16
1628:Drivers/CMSIS/Include/core_cm4.h **** 
1629:Drivers/CMSIS/Include/core_cm4.h **** 
1630:Drivers/CMSIS/Include/core_cm4.h **** /* The following EXC_RETURN values are saved the LR on exception entry */
1631:Drivers/CMSIS/Include/core_cm4.h **** #define EXC_RETURN_HANDLER         (0xFFFFFFF1UL)     /* return to Handler mode, uses MSP after ret
1632:Drivers/CMSIS/Include/core_cm4.h **** #define EXC_RETURN_THREAD_MSP      (0xFFFFFFF9UL)     /* return to Thread mode, uses MSP after retu
1633:Drivers/CMSIS/Include/core_cm4.h **** #define EXC_RETURN_THREAD_PSP      (0xFFFFFFFDUL)     /* return to Thread mode, uses PSP after retu
1634:Drivers/CMSIS/Include/core_cm4.h **** #define EXC_RETURN_HANDLER_FPU     (0xFFFFFFE1UL)     /* return to Handler mode, uses MSP after ret
1635:Drivers/CMSIS/Include/core_cm4.h **** #define EXC_RETURN_THREAD_MSP_FPU  (0xFFFFFFE9UL)     /* return to Thread mode, uses MSP after retu
1636:Drivers/CMSIS/Include/core_cm4.h **** #define EXC_RETURN_THREAD_PSP_FPU  (0xFFFFFFEDUL)     /* return to Thread mode, uses PSP after retu
1637:Drivers/CMSIS/Include/core_cm4.h **** 
1638:Drivers/CMSIS/Include/core_cm4.h **** 
1639:Drivers/CMSIS/Include/core_cm4.h **** /**
1640:Drivers/CMSIS/Include/core_cm4.h ****   \brief   Set Priority Grouping
1641:Drivers/CMSIS/Include/core_cm4.h ****   \details Sets the priority grouping field using the required unlock sequence.
1642:Drivers/CMSIS/Include/core_cm4.h ****            The parameter PriorityGroup is assigned to the field SCB->AIRCR [10:8] PRIGROUP field.
1643:Drivers/CMSIS/Include/core_cm4.h ****            Only values from 0..7 are used.
1644:Drivers/CMSIS/Include/core_cm4.h ****            In case of a conflict between priority grouping and available
1645:Drivers/CMSIS/Include/core_cm4.h ****            priority bits (__NVIC_PRIO_BITS), the smallest possible priority group is set.
1646:Drivers/CMSIS/Include/core_cm4.h ****   \param [in]      PriorityGroup  Priority grouping field.
1647:Drivers/CMSIS/Include/core_cm4.h ****  */
1648:Drivers/CMSIS/Include/core_cm4.h **** __STATIC_INLINE void __NVIC_SetPriorityGrouping(uint32_t PriorityGroup)
ARM GAS  /tmp/ccvKl5wA.s 			page 36


1649:Drivers/CMSIS/Include/core_cm4.h **** {
1650:Drivers/CMSIS/Include/core_cm4.h ****   uint32_t reg_value;
1651:Drivers/CMSIS/Include/core_cm4.h ****   uint32_t PriorityGroupTmp = (PriorityGroup & (uint32_t)0x07UL);             /* only values 0..7 a
1652:Drivers/CMSIS/Include/core_cm4.h **** 
1653:Drivers/CMSIS/Include/core_cm4.h ****   reg_value  =  SCB->AIRCR;                                                   /* read old register 
1654:Drivers/CMSIS/Include/core_cm4.h ****   reg_value &= ~((uint32_t)(SCB_AIRCR_VECTKEY_Msk | SCB_AIRCR_PRIGROUP_Msk)); /* clear bits to chan
1655:Drivers/CMSIS/Include/core_cm4.h ****   reg_value  =  (reg_value                                   |
1656:Drivers/CMSIS/Include/core_cm4.h ****                 ((uint32_t)0x5FAUL << SCB_AIRCR_VECTKEY_Pos) |
1657:Drivers/CMSIS/Include/core_cm4.h ****                 (PriorityGroupTmp << SCB_AIRCR_PRIGROUP_Pos)  );              /* Insert write key a
1658:Drivers/CMSIS/Include/core_cm4.h ****   SCB->AIRCR =  reg_value;
1659:Drivers/CMSIS/Include/core_cm4.h **** }
1660:Drivers/CMSIS/Include/core_cm4.h **** 
1661:Drivers/CMSIS/Include/core_cm4.h **** 
1662:Drivers/CMSIS/Include/core_cm4.h **** /**
1663:Drivers/CMSIS/Include/core_cm4.h ****   \brief   Get Priority Grouping
1664:Drivers/CMSIS/Include/core_cm4.h ****   \details Reads the priority grouping field from the NVIC Interrupt Controller.
1665:Drivers/CMSIS/Include/core_cm4.h ****   \return                Priority grouping field (SCB->AIRCR [10:8] PRIGROUP field).
1666:Drivers/CMSIS/Include/core_cm4.h ****  */
1667:Drivers/CMSIS/Include/core_cm4.h **** __STATIC_INLINE uint32_t __NVIC_GetPriorityGrouping(void)
1668:Drivers/CMSIS/Include/core_cm4.h **** {
1669:Drivers/CMSIS/Include/core_cm4.h ****   return ((uint32_t)((SCB->AIRCR & SCB_AIRCR_PRIGROUP_Msk) >> SCB_AIRCR_PRIGROUP_Pos));
1670:Drivers/CMSIS/Include/core_cm4.h **** }
1671:Drivers/CMSIS/Include/core_cm4.h **** 
1672:Drivers/CMSIS/Include/core_cm4.h **** 
1673:Drivers/CMSIS/Include/core_cm4.h **** /**
1674:Drivers/CMSIS/Include/core_cm4.h ****   \brief   Enable Interrupt
1675:Drivers/CMSIS/Include/core_cm4.h ****   \details Enables a device specific interrupt in the NVIC interrupt controller.
1676:Drivers/CMSIS/Include/core_cm4.h ****   \param [in]      IRQn  Device specific interrupt number.
1677:Drivers/CMSIS/Include/core_cm4.h ****   \note    IRQn must not be negative.
1678:Drivers/CMSIS/Include/core_cm4.h ****  */
1679:Drivers/CMSIS/Include/core_cm4.h **** __STATIC_INLINE void __NVIC_EnableIRQ(IRQn_Type IRQn)
 248              		.loc 2 1679 22 view .LVU74
 249              	.LBB9:
1680:Drivers/CMSIS/Include/core_cm4.h **** {
1681:Drivers/CMSIS/Include/core_cm4.h ****   if ((int32_t)(IRQn) >= 0)
 250              		.loc 2 1681 3 view .LVU75
1682:Drivers/CMSIS/Include/core_cm4.h ****   {
1683:Drivers/CMSIS/Include/core_cm4.h ****     __COMPILER_BARRIER();
 251              		.loc 2 1683 5 view .LVU76
1684:Drivers/CMSIS/Include/core_cm4.h ****     NVIC->ISER[(((uint32_t)IRQn) >> 5UL)] = (uint32_t)(1UL << (((uint32_t)IRQn) & 0x1FUL));
 252              		.loc 2 1684 5 view .LVU77
 253              		.loc 2 1684 43 is_stmt 0 view .LVU78
 254 0026 044B     		ldr	r3, .L6+4
 255 0028 8022     		movs	r2, #128
 256 002a 1A60     		str	r2, [r3]
1685:Drivers/CMSIS/Include/core_cm4.h ****     __COMPILER_BARRIER();
 257              		.loc 2 1685 5 is_stmt 1 view .LVU79
 258              	.LVL9:
 259              		.loc 2 1685 5 is_stmt 0 view .LVU80
 260              	.LBE9:
 261              	.LBE8:
 104:Core/Src/gpio.c ****   NVIC_EnableIRQ(EXTI9_5_IRQn);
 262              		.loc 1 104 3 is_stmt 1 view .LVU81
 263              	.LBB10:
 264              	.LBI10:
1679:Drivers/CMSIS/Include/core_cm4.h **** {
 265              		.loc 2 1679 22 view .LVU82
ARM GAS  /tmp/ccvKl5wA.s 			page 37


 266              	.LBB11:
1681:Drivers/CMSIS/Include/core_cm4.h ****   {
 267              		.loc 2 1681 3 view .LVU83
1683:Drivers/CMSIS/Include/core_cm4.h ****     NVIC->ISER[(((uint32_t)IRQn) >> 5UL)] = (uint32_t)(1UL << (((uint32_t)IRQn) & 0x1FUL));
 268              		.loc 2 1683 5 view .LVU84
1684:Drivers/CMSIS/Include/core_cm4.h ****     __COMPILER_BARRIER();
 269              		.loc 2 1684 5 view .LVU85
1684:Drivers/CMSIS/Include/core_cm4.h ****     __COMPILER_BARRIER();
 270              		.loc 2 1684 43 is_stmt 0 view .LVU86
 271 002c 4FF40002 		mov	r2, #8388608
 272 0030 1A60     		str	r2, [r3]
 273              		.loc 2 1685 5 is_stmt 1 view .LVU87
 274              	.LVL10:
 275              		.loc 2 1685 5 is_stmt 0 view .LVU88
 276              	.LBE11:
 277              	.LBE10:
 105:Core/Src/gpio.c **** }
 278              		.loc 1 105 1 view .LVU89
 279 0032 7047     		bx	lr
 280              	.L7:
 281              		.align	2
 282              	.L6:
 283 0034 00000140 		.word	1073807360
 284 0038 00E100E0 		.word	-536813312
 285              		.cfi_endproc
 286              	.LFE289:
 288              		.text
 289              	.Letext0:
 290              		.file 3 "Drivers/CMSIS/Device/ST/STM32L4xx/Include/stm32l431xx.h"
 291              		.file 4 "/usr/lib/gcc/arm-none-eabi/13.2.1/include/stdint.h"
 292              		.file 5 "Drivers/STM32L4xx_HAL_Driver/Inc/stm32l4xx_hal_gpio.h"
ARM GAS  /tmp/ccvKl5wA.s 			page 38


DEFINED SYMBOLS
                            *ABS*:00000000 gpio.c
     /tmp/ccvKl5wA.s:21     .text.MX_GPIO_Init:00000000 $t
     /tmp/ccvKl5wA.s:27     .text.MX_GPIO_Init:00000000 MX_GPIO_Init
     /tmp/ccvKl5wA.s:198    .text.MX_GPIO_Init:000000c8 $d
     /tmp/ccvKl5wA.s:204    .text.button_interrupt_init:00000000 $t
     /tmp/ccvKl5wA.s:210    .text.button_interrupt_init:00000000 button_interrupt_init
     /tmp/ccvKl5wA.s:283    .text.button_interrupt_init:00000034 $d

UNDEFINED SYMBOLS
HAL_GPIO_WritePin
HAL_GPIO_Init
